所属支队,具备视频分析条件的点位,可能会存在的违法行为,是否可用,辖区编码,camera_id
二支队,G106京开高速广场K7+800西红门收费站入口出京1（可控）,大件运输车辆未办理《超限运输车辆通行证》，在公路上超过核定载质量行驶,是,,11011501071328440003
二支队,G106京开高速广场K7+800西红门收费站入口出京1（可控）,车辆已办理《超限运输车辆通行证》，是否按照指定的时间行驶,是,,11011501071328440003
二支队,G106京开高速广场K7+800西红门收费站入口出京1（可控）,大件运输车辆未办理《超限运输车辆通行证》，在公路上超过限高、限宽、限长标准行驶,是,,11011501071328440003
二支队,G106京开高速广场K7+800西红门收费站入口出京1（可控）,车辆已办理《超限运输车辆通行证》，是否按照指定的路线行驶,是,,11011501071328440003
二支队,G106京开高速广场K7+800西红门收费站入口出京1（可控）,车辆装载物触地拖行、掉落、遗洒或者飘散，造成公路路面损坏、污染,是,,11011501071328440003
二支队,G106京开高速广场K7+800西红门收费站入口出京1（可控）,货车不规范苫盖,是,,11011501071328440003
二支队,G106京开高速广场K7+800西红门收费站入口出京1（可控）,溜边等方式逃避超限检测,否,,11011501071328440003
二支队,G106京开高速广场K7+800西红门收费站出口进京2（可控）,大件运输车辆未办理《超限运输车辆通行证》，在公路上超过核定载质量行驶,是,,
二支队,G106京开高速广场K7+800西红门收费站出口进京2（可控）,车辆已办理《超限运输车辆通行证》，是否按照指定的时间行驶,是,,
二支队,G106京开高速广场K7+800西红门收费站出口进京2（可控）,大件运输车辆未办理《超限运输车辆通行证》，在公路上超过限高、限宽、限长标准行驶,是,,
二支队,G106京开高速广场K7+800西红门收费站出口进京2（可控）,车辆已办理《超限运输车辆通行证》，是否按照指定的路线行驶,是,,
二支队,G106京开高速广场K7+800西红门收费站出口进京2（可控）,车辆装载物触地拖行、掉落、遗洒或者飘散，造成公路路面损坏、污染,否,,
二支队,G106京开高速广场K7+800西红门收费站出口进京2（可控）,货车不规范苫盖,是,,
二支队,G106京开高速广场K7+800西红门收费站出口进京2（可控）,溜边等方式逃避超限检测,否,,
二支队,G4京港澳高速广场K9+900杜家坎收费站进京出口双向东2（可控）,大件运输车辆未办理《超限运输车辆通行证》，在公路上超过核定载质量行驶,是,,
二支队,G4京港澳高速广场K9+900杜家坎收费站进京出口双向东2（可控）,车辆已办理《超限运输车辆通行证》，是否按照指定的时间行驶,是,,
二支队,G4京港澳高速广场K9+900杜家坎收费站进京出口双向东2（可控）,大件运输车辆未办理《超限运输车辆通行证》，在公路上超过限高、限宽、限长标准行驶,是,,
二支队,G4京港澳高速广场K9+900杜家坎收费站进京出口双向东2（可控）,车辆已办理《超限运输车辆通行证》，是否按照指定的路线行驶,是,,
二支队,G4京港澳高速广场K9+900杜家坎收费站进京出口双向东2（可控）,车辆装载物触地拖行、掉落、遗洒或者飘散，造成公路路面损坏、污染,否,,
二支队,G4京港澳高速广场K9+900杜家坎收费站进京出口双向东2（可控）,货车不规范苫盖,是,,
二支队,G4京港澳高速广场K9+900杜家坎收费站进京出口双向东2（可控）,溜边等方式逃避超限检测,否,,
二支队,G4京港澳高速广场K9+800杜家坎收费站进京出口双向东（可控）,大件运输车辆未办理《超限运输车辆通行证》，在公路上超过核定载质量行驶,是,,11010601071328140033
二支队,G4京港澳高速广场K9+800杜家坎收费站进京出口双向东（可控）,车辆已办理《超限运输车辆通行证》，是否按照指定的时间行驶,是,,11010601071328140033
二支队,G4京港澳高速广场K9+800杜家坎收费站进京出口双向东（可控）,大件运输车辆未办理《超限运输车辆通行证》，在公路上超过限高、限宽、限长标准行驶,是,,11010601071328140033
二支队,G4京港澳高速广场K9+800杜家坎收费站进京出口双向东（可控）,车辆已办理《超限运输车辆通行证》，是否按照指定的路线行驶,是,,11010601071328140033
二支队,G4京港澳高速广场K9+800杜家坎收费站进京出口双向东（可控）,车辆装载物触地拖行、掉落、遗洒或者飘散，造成公路路面损坏、污染,是,,11010601071328140033
二支队,G4京港澳高速广场K9+800杜家坎收费站进京出口双向东（可控）,货车不规范苫盖,是,,11010601071328140033
二支队,G4京港澳高速广场K9+800杜家坎收费站进京出口双向东（可控）,溜边等方式逃避超限检测,否,,11010601071328140033
九支队-大兴执法队,G3京台高速广场K5+600青云店出京入口2上行南（可控）,溜边等方式逃避超限检测,否,110115,11011501071328050162
九支队-大兴执法队,X038庞安路K2+300京九铁路西,在公路用地范围内设置公路标志以外的其他标志,是,110115,11000000001312735597
九支队-大兴执法队,X038庞安路K2+300京九铁路西,货车不规范苫盖,是,110115,11000000001312735597
九支队-大兴执法队,X038庞安路K2+300京九铁路西,车辆装载物触地拖行、掉落、遗洒或者飘散，造成公路路面损坏、污染,是,110115,11000000001312735597
九支队-大兴执法队,S215京开辅路K9+780金星桥东北角,在公路范围内擅自移动井盖,否,110115,11000000001317168100
九支队-大兴执法队,S215京开辅路K9+780金星桥东北角,车辆装载物触地拖行、掉落、遗洒或者飘散，造成公路路面损坏、污染,是,110115,11000000001317168100
九支队-房山执法队,G5京昆高速广场K25+000夏村收费站入口双向（可控）,大件运输车辆未办理《超限运输车辆通行证》，在公路上超过核定载质量行驶,是,110111,11011101071328110008
九支队-房山执法队,G5京昆高速广场K25+000夏村收费站入口双向（可控）,大件运输车辆未办理《超限运输车辆通行证》，在公路上超过限高、限宽、限长标准行驶,是,110111,11011101071328110008
九支队-房山执法队,G5京昆高速广场K25+000夏村收费站入口双向（可控）,车辆装载物触地拖行、掉落、遗洒或者飘散，造成公路路面损坏、污染,是,110111,11011101071328110008
九支队-房山执法队,G5京昆高速广场K25+000夏村收费站出口双向（可控）,大件运输车辆未办理《超限运输车辆通行证》，在公路上超过核定载质量行驶,是,110111,11011101071328110007
九支队-房山执法队,G5京昆高速广场K25+000夏村收费站出口双向（可控）,大件运输车辆未办理《超限运输车辆通行证》，在公路上超过限高、限宽、限长标准行驶,是,110111,11011101071328110007
九支队-房山执法队,G5京昆高速广场K25+000夏村收费站出口双向（可控）,车辆装载物触地拖行、掉落、遗洒或者飘散，造成公路路面损坏、污染,否,110111,11011101071328110007
九支队-房山执法队,G4京港澳高速广场K9+800杜家坎收费站进京出口双向西（可控）,溜边等方式逃避超限检测,否,110111,
九支队-房山执法队,G4京港澳高速广场K9+900杜家坎收费站出京入口双向东1（可控）,溜边等方式逃避超限检测,否,110111,
九支队-门头沟执法队,"六环路大苑村收费站
G4501六环路广场K111+200大苑村双向出口广场反向（可控）",溜边等方式逃避超限检测,否,110109,
九支队-门头沟执法队,"六环路大苑村收费站
G4501六环路广场K111+200大苑村双向出口广场反向（可控）",大件运输车辆未办理《超限运输车辆通行证》，在公路上超过限高、限宽、限长标准行驶,是,110109,
九支队-门头沟执法队,G4501六环路广场K132+800广宁双向入口广场反向（可控）,溜边等方式逃避超限检测,是,110109,11010701071328230003
九支队-门头沟执法队,六环路石门营收费站（入口方向）,溜边等方式逃避超限检测,是,110109,
九支队-门头沟执法队,六环路石门营收费站（入口方向）,大件运输车辆未办理《超限运输车辆通行证》，在公路上超过限高、限宽、限长标准行驶,是,110109,
九支队-昌平执法队,S321顺沙路K19+350上行秦北路,在公路范围内擅自移动井盖,否,110114,
九支队-昌平执法队,S3801京礼高速K25+800,车辆装载物触地拖行、掉落、遗洒或者飘散，造成公路路面损坏、污染,是,110114,11011401071328090034
九支队-昌平执法队,G6辅路K25+850,车辆装载物触地拖行、掉落、遗洒或者飘散，造成公路路面损坏、污染,是,110114,11000000001317707010
九支队-昌平执法队,X305怀昌路K33+050上行南百路,车辆装载物触地拖行、掉落、遗洒或者飘散，造成公路路面损坏、污染,是,110114,11000000001311719098
九支队-延庆执法队,康草路K0+000,车辆装载物触地拖行、掉落、遗洒或者飘散，造成公路路面损坏、污染,否,110119,
九支队-延庆执法队,X040房柳路K2+880与永艾路交叉口南侧,车辆装载物触地拖行、掉落、遗洒或者飘散，造成公路路面损坏、污染,是,110119,11000000001315612925
九支队-延庆执法队,京青线K76+700,在公路用地范围内设置公路标志以外的其他标志,否,110119,
十支队-顺义执法队,G101京沈线K22+290上行火神营交调站,擅自占用、挖掘公路,是,110113,11000000001317480152
十支队-顺义执法队,G101京沈线K22+290上行火神营交调站,在公路用地范围内设置公路标志以外的其他标志,否,110113,11000000001317480152
十支队-顺义执法队,G101京沈线K22+290上行火神营交调站,车辆装载物触地拖行、掉落、遗洒或者飘散，造成公路路面损坏、污染,否,110113,11000000001317480152
十支队-顺义执法队,G101京沈线K22+290上行火神营交调站,货车不规范苫盖,是,110113,11000000001317480152
十支队-顺义执法队,G101京沈线K39+350下行富各庄,擅自占用、挖掘公路,是,110113,11000000001317193402
十支队-顺义执法队,G101京沈线K39+350下行富各庄,在公路用地范围内设置公路标志以外的其他标志,是,110113,11000000001317193402
十支队-顺义执法队,G101京沈线K39+350下行富各庄,车辆装载物触地拖行、掉落、遗洒或者飘散，造成公路路面损坏、污染,是,110113,11000000001317193402
十支队-顺义执法队,G101京沈线K39+350下行富各庄,货车不规范苫盖,是,110113,11000000001317193402
十支队-顺义执法队,S201通顺路K22+000上行燕京桥下,擅自占用、挖掘公路,是,110113,11000000001314706001
十支队-顺义执法队,S201通顺路K22+000上行燕京桥下,在公路用地范围内设置公路标志以外的其他标志,是,110113,11000000001314706001
十支队-顺义执法队,S201通顺路K22+000上行燕京桥下,车辆装载物触地拖行、掉落、遗洒或者飘散，造成公路路面损坏、污染,是,110113,11000000001314706001
十支队-顺义执法队,S201通顺路K22+000上行燕京桥下,货车不规范苫盖,是,110113,11000000001314706001
十支队-顺义执法队,S203顺密路K17+400下行木林道班,擅自占用、挖掘公路,是,110113,11000000001319399586
十支队-顺义执法队,S203顺密路K17+400下行木林道班,在公路用地范围内设置公路标志以外的其他标志,否,110113,11000000001319399586
十支队-顺义执法队,S203顺密路K17+400下行木林道班,车辆装载物触地拖行、掉落、遗洒或者飘散，造成公路路面损坏、污染,是,110113,11000000001319399586
十支队-顺义执法队,S203顺密路K17+400下行木林道班,货车不规范苫盖,是,110113,11000000001319399586
十支队-顺义执法队,S203顺密路K17+400下行木林道班,遮挡公路附属设施或者利用公路附属设施架设管道、悬挂物品，可能危及公路安全,是,110113,11000000001319399586
十支队-顺义执法队,S214壁富路K8+900上行机场专线,擅自占用、挖掘公路,是,110113,11000000001316185552
十支队-顺义执法队,S214壁富路K8+900上行机场专线,在公路用地范围内设置公路标志以外的其他标志,是,110113,11000000001316185552
十支队-顺义执法队,S214壁富路K8+900上行机场专线,车辆装载物触地拖行、掉落、遗洒或者飘散，造成公路路面损坏、污染,是,110113,11000000001316185552
十支队-顺义执法队,S214壁富路K8+900上行机场专线,货车不规范苫盖,是,110113,11000000001316185552
十支队-顺义执法队,S321顺沙路K15+100下行高白路口西,擅自占用、挖掘公路,是,110113,11000000001313053014
十支队-顺义执法队,S321顺沙路K15+100下行高白路口西,在公路用地范围内设置公路标志以外的其他标志,否,110113,11000000001313053014
十支队-顺义执法队,S321顺沙路K15+100下行高白路口西,车辆装载物触地拖行、掉落、遗洒或者飘散，造成公路路面损坏、污染,否,110113,11000000001313053014
十支队-顺义执法队,S321顺沙路K15+100下行高白路口西,大件运输车辆未办理《超限运输车辆通行证》，在公路上超过限高、限宽、限长标准行驶,是,110113,11000000001313053014
十支队-顺义执法队,S321顺沙路K15+100下行高白路口西,货车不规范苫盖,是,110113,11000000001313053014
十支队-顺义执法队,S332龙塘路K10+150下行苏庄闸桥西,擅自占用、挖掘公路,是,110113,11000000001313113338
十支队-顺义执法队,S332龙塘路K10+150下行苏庄闸桥西,在公路用地范围内设置公路标志以外的其他标志,是,110113,11000000001313113338
十支队-顺义执法队,S332龙塘路K10+150下行苏庄闸桥西,车辆装载物触地拖行、掉落、遗洒或者飘散，造成公路路面损坏、污染,是,110113,11000000001313113338
十支队-顺义执法队,S332龙塘路K10+150下行苏庄闸桥西,货车不规范苫盖,是,110113,11000000001313113338
十支队-顺义执法队,X021木燕辅线K3+700马庄检查站 (出京),擅自占用、挖掘公路,是,110113,11000000001314819953
十支队-顺义执法队,X021木燕辅线K3+700马庄检查站 (出京),在公路用地范围内设置公路标志以外的其他标志,是,110113,11000000001314819953
十支队-顺义执法队,X021木燕辅线K3+700马庄检查站 (出京),车辆装载物触地拖行、掉落、遗洒或者飘散，造成公路路面损坏、污染,是,110113,11000000001314819953
十支队-顺义执法队,X021木燕辅线K3+700马庄检查站 (出京),大件运输车辆未办理《超限运输车辆通行证》，在公路上超过限高、限宽、限长标准行驶,是,110113,11000000001314819953
十支队-顺义执法队,X021木燕辅线K3+700马庄检查站 (出京),货车不规范苫盖,是,110113,11000000001314819953
十支队-顺义执法队,X213木邵路K6+700上行龙尹路口西,擅自占用、挖掘公路,是,110113,11000000001319753987
十支队-顺义执法队,X213木邵路K6+700上行龙尹路口西,在公路用地范围内设置公路标志以外的其他标志,是,110113,11000000001319753987
十支队-顺义执法队,X213木邵路K6+700上行龙尹路口西,车辆装载物触地拖行、掉落、遗洒或者飘散，造成公路路面损坏、污染,是,110113,11000000001319753987
十支队-顺义执法队,X213木邵路K6+700上行龙尹路口西,货车不规范苫盖,是,110113,11000000001319753987
十支队-顺义执法队,X213木邵路K6+700上行龙尹路口西,遮挡公路附属设施或者利用公路附属设施架设管道、悬挂物品，可能危及公路安全,是,110113,11000000001319753987
十支队-怀柔执法队,S227杨雁路K2+300中影基地东,在公路用地范围内设置公路标志以外的其他标志,是,110116,11000000001311966810
十支队-密云执法队,G101京沈线K109+800松曹路路口                    ,大件运输车辆未办理《超限运输车辆通行证》，在公路上超过限高、限宽、限长标准行驶,是,110118,
十支队-密云执法队,G101京沈线K123+980古北口 进京,大件运输车辆未办理《超限运输车辆通行证》，在公路上超过限高、限宽、限长标准行驶,是,110118,
十支队-密云执法队,G234兴阳线K102+460黑龙潭,擅自占用、挖掘公路,是,110118,11000000001313023975
十支队-密云执法队,S204密三路K0+010汽车站路口,擅自占用、挖掘公路,是,110118,11000000001313731852
十支队-密云执法队,S203顺密路K32+175建材市场西口 密云方向,在公路用地范围内设置公路标志以外的其他标志,是,110118,11000000001313033622
十支队-密云执法队,X905新北路K0+577小唐庄站南下凹式立交桥,在公路范围内擅自移动井盖,否,110118,11000000001313164562
十支队-密云执法队,G101京沈线K59+100西统路路口,车辆装载物触地拖行、掉落、遗洒或者飘散，造成公路路面损坏、污染,是,110118,11000000001312652246
十支队-密云执法队,G101京沈线K69+500沙河铁桥路口,车辆装载物触地拖行、掉落、遗洒或者飘散，造成公路路面损坏、污染,否,110118,
十支队-密云执法队,G234兴阳线K59+023辛庄   ,车辆装载物触地拖行、掉落、遗洒或者飘散，造成公路路面损坏、污染,否,110118,
十支队-密云执法队,S311密兴路K0+005金山子路口,车辆装载物触地拖行、掉落、遗洒或者飘散，造成公路路面损坏、污染,是,110118,11000000001314844306
十支队-密云执法队,X202左堤路K21+010河南寨桥东侧,车辆装载物触地拖行、掉落、遗洒或者飘散，造成公路路面损坏、污染,是,110118,11000000001319174399
十支队-密云执法队,G234兴阳线K53+020松树峪南,溜边等方式逃避超限检测,否,110118,
十支队-密云执法队,S203顺密路K24+860荆园村,溜边等方式逃避超限检测,否,110118,
十支队-密云执法队,S204密三路K14+050石峨村西,溜边等方式逃避超限检测,否,110118,
十支队-密云执法队,S311密兴路K3+242海子村,溜边等方式逃避超限检测,否,110118,
十支队-密云执法队,X013西统路K3+000云蒙大桥北 西田各庄方向,溜边等方式逃避超限检测,否,110118,
十支队-密云执法队,X013西统路K3+290云蒙大桥北 京承高速方向,溜边等方式逃避超限检测,否,110118,
十支队-密云执法队,X022西邓路K1+938西庄户村 西康各庄路口方向,溜边等方式逃避超限检测,否,110118,
十支队-密云执法队,X023密兴旧路K12+600久远庄村东 沙岭梁方向,溜边等方式逃避超限检测,否,110118,
十支队-密云执法队,G45大广高速广场K113+200太师屯双向入口车头（可控）,溜边等方式逃避超限检测,否,110118,
十支队-密云执法队,G45大广高速广场K124+750司马台匝道进京入口车头（可控）,溜边等方式逃避超限检测,否,110118,
十支队-密云执法队,G45大广高速广场K68+780穆家峪双向入口车头（可控）,溜边等方式逃避超限检测,否,110118,
十支队-密云执法队,G45大广高速广场K73+300辛安庄双向入口车头（可控）,溜边等方式逃避超限检测,否,110118,
十支队-通州执法队,G509唐通线K220+560牛牧屯检查站西,车辆装载物触地拖行、掉落、遗洒或者飘散，造成公路路面损坏、污染,否,110112,
十支队-通州执法队,G103京滨线K44+460宋郎路路口,货车不规范苫盖,否,110112,11000000001315247550
十支队-通州执法队,G103京滨线K36+127唐通线路口,车辆装载物触地拖行、掉落、遗洒或者飘散，造成公路路面损坏、污染,是,110112,11000000001313383528
十支队-通州执法队,G103京滨线K23+550土桥地铁站,车辆装载物触地拖行、掉落、遗洒或者飘散，造成公路路面损坏、污染,否,110112,11000000001313775440
十支队-通州执法队,G103京滨线K24+680张采路口,擅自占用、挖掘公路,是,110112,11000000001312966376
十支队-通州执法队,G103京滨线K29+150通怀路口东,车辆装载物触地拖行、掉落、遗洒或者飘散，造成公路路面损坏、污染,是,110112,11000000001312142244
十支队-通州执法队,X011潞西路K4与九周路交叉口西,车辆装载物触地拖行、掉落、遗洒或者飘散，造成公路路面损坏、污染,是,110112,11000000001317645897
十支队-通州执法队,G103京通快速路K13+202双桥出口进京,车辆装载物触地拖行、掉落、遗洒或者飘散，造成公路路面损坏、污染,否,110112,
十支队-通州执法队,S46京通快速路K2+19天成桥进京,车辆装载物触地拖行、掉落、遗洒或者飘散，造成公路路面损坏、污染,是,110112,11011201071328040003
十支队-通州执法队,G102通燕路道路K26+300丁各庄上行（可控）,货车不规范苫盖,是,110112,
十支队-通州执法队,G102通燕路道路K24+410三惠东桥上行（可控）,车辆装载物触地拖行、掉落、遗洒或者飘散，造成公路路面损坏、污染,否,110112,
十支队-顺义执法队,S12机场高速K15+300天竺收费站进京入口内广场,大件运输车辆未办理《超限运输车辆通行证》，在公路上超过核定载质量行驶,否,110113,
十支队-顺义执法队,S12机场高速K15+300天竺收费站进京入口内广场,车辆已办理《超限运输车辆通行证》，是否按照指定的时间行驶,否,110113,
十支队-顺义执法队,S12机场高速K15+300天竺收费站进京入口内广场,大件运输车辆未办理《超限运输车辆通行证》，在公路上超过限高、限宽、限长标准行驶,是,110113,
十支队-顺义执法队,S12机场高速K15+300天竺收费站进京入口内广场,车辆已办理《超限运输车辆通行证》，是否按照指定的路线行驶,否,110113,
十支队-顺义执法队,S12机场高速K15+450天竺收费站出京出口外广场,大件运输车辆未办理《超限运输车辆通行证》，在公路上超过核定载质量行驶,否,110113,
十支队-顺义执法队,S12机场高速K15+450天竺收费站出京出口外广场,车辆已办理《超限运输车辆通行证》，是否按照指定的时间行驶,否,110113,
十支队-顺义执法队,S12机场高速K15+450天竺收费站出京出口外广场,大件运输车辆未办理《超限运输车辆通行证》，在公路上超过限高、限宽、限长标准行驶,是,110113,
十支队-顺义执法队,S12机场高速K15+450天竺收费站出京出口外广场,车辆已办理《超限运输车辆通行证》，是否按照指定的路线行驶,否,110113,
十支队-顺义执法队,S32京平高速广场K13+495吴各庄出京入口广场车头（可控）,大件运输车辆未办理《超限运输车辆通行证》，在公路上超过核定载质量行驶,否,110113,
十支队-顺义执法队,S32京平高速广场K13+495吴各庄出京入口广场车头（可控）,车辆已办理《超限运输车辆通行证》，是否按照指定的时间行驶,否,110113,
十支队-顺义执法队,S32京平高速广场K13+495吴各庄出京入口广场车头（可控）,大件运输车辆未办理《超限运输车辆通行证》，在公路上超过限高、限宽、限长标准行驶,否,110113,
十支队-顺义执法队,S32京平高速广场K13+495吴各庄出京入口广场车头（可控）,车辆已办理《超限运输车辆通行证》，是否按照指定的路线行驶,否,110113,
十支队-顺义执法队,S32京平高速广场K13+495吴各庄进京出口广场车头（可控）,大件运输车辆未办理《超限运输车辆通行证》，在公路上超过核定载质量行驶,否,110113,
十支队-顺义执法队,S32京平高速广场K13+495吴各庄进京出口广场车头（可控）,车辆已办理《超限运输车辆通行证》，是否按照指定的时间行驶,否,110113,
十支队-顺义执法队,S32京平高速广场K13+495吴各庄进京出口广场车头（可控）,大件运输车辆未办理《超限运输车辆通行证》，在公路上超过限高、限宽、限长标准行驶,否,110113,
十支队-顺义执法队,S32京平高速广场K13+495吴各庄进京出口广场车头（可控）,车辆已办理《超限运输车辆通行证》，是否按照指定的路线行驶,否,110113,
十支队-顺义执法队,S51机场第二高速广场K11+500岗山出口车头方向下行西南（可控）,大件运输车辆未办理《超限运输车辆通行证》，在公路上超过核定载质量行驶,否,110113,
十支队-顺义执法队,S51机场第二高速广场K11+500岗山出口车头方向下行西南（可控）,车辆已办理《超限运输车辆通行证》，是否按照指定的时间行驶,否,110113,
十支队-顺义执法队,S51机场第二高速广场K11+500岗山出口车头方向下行西南（可控）,大件运输车辆未办理《超限运输车辆通行证》，在公路上超过限高、限宽、限长标准行驶,是,110113,
十支队-顺义执法队,S51机场第二高速广场K11+500岗山出口车头方向下行西南（可控）,车辆已办理《超限运输车辆通行证》，是否按照指定的路线行驶,否,110113,
十支队-顺义执法队,S51机场第二高速广场K11+500岗山出口车尾方向上行东南（可控）,大件运输车辆未办理《超限运输车辆通行证》，在公路上超过核定载质量行驶,否,110113,
十支队-顺义执法队,S51机场第二高速广场K11+500岗山出口车尾方向上行东南（可控）,车辆已办理《超限运输车辆通行证》，是否按照指定的时间行驶,否,110113,
十支队-顺义执法队,S51机场第二高速广场K11+500岗山出口车尾方向上行东南（可控）,大件运输车辆未办理《超限运输车辆通行证》，在公路上超过限高、限宽、限长标准行驶,是,110113,
十支队-顺义执法队,S51机场第二高速广场K11+500岗山出口车尾方向上行东南（可控）,车辆已办理《超限运输车辆通行证》，是否按照指定的路线行驶,否,110113,
十支队-顺义执法队,S51机场第二高速广场K11+800岗山出口车头方向上行东北（可控）,大件运输车辆未办理《超限运输车辆通行证》，在公路上超过核定载质量行驶,否,110113,
十支队-顺义执法队,S51机场第二高速广场K11+800岗山出口车头方向上行东北（可控）,车辆已办理《超限运输车辆通行证》，是否按照指定的时间行驶,否,110113,
十支队-顺义执法队,S51机场第二高速广场K11+800岗山出口车头方向上行东北（可控）,大件运输车辆未办理《超限运输车辆通行证》，在公路上超过限高、限宽、限长标准行驶,是,110113,
十支队-顺义执法队,S51机场第二高速广场K11+800岗山出口车头方向上行东北（可控）,车辆已办理《超限运输车辆通行证》，是否按照指定的路线行驶,否,110113,
十支队-顺义执法队,S51机场第二高速广场K11+800岗山出口车尾方向下行西北（可控）,大件运输车辆未办理《超限运输车辆通行证》，在公路上超过核定载质量行驶,否,110113,
十支队-顺义执法队,S51机场第二高速广场K11+800岗山出口车尾方向下行西北（可控）,车辆已办理《超限运输车辆通行证》，是否按照指定的时间行驶,否,110113,
十支队-顺义执法队,S51机场第二高速广场K11+800岗山出口车尾方向下行西北（可控）,大件运输车辆未办理《超限运输车辆通行证》，在公路上超过限高、限宽、限长标准行驶,是,110113,
十支队-顺义执法队,S51机场第二高速广场K11+800岗山出口车尾方向下行西北（可控）,车辆已办理《超限运输车辆通行证》，是否按照指定的路线行驶,否,110113,
十支队-通州执法队,S207通清路K9+260通清路纪各庄桥南,大件运输车辆未办理《超限运输车辆通行证》，在公路上超过核定载质量行驶,是,110112,
十支队-通州执法队,X201任港路K4+326徐尹路口南,车辆已办理《超限运输车辆通行证》，是否按照指定的时间行驶,是,110112,11000000001315377362
十支队-通州执法队,S221孔兴路K10+837市界北 进京方向,大件运输车辆未办理《超限运输车辆通行证》，在公路上超过限高、限宽、限长标准行驶,是,110112,
十支队-通州执法队,G230通武线K1109+720通武线龙庄村东,车辆已办理《超限运输车辆通行证》，是否按照指定的路线行驶,是,110112,
十支队-通州执法队,X013京榆旧线K2+815结核泵站,在公路用地范围内设置公路标志以外的其他标志,是,110112,11000000001314788804
十支队-通州执法队,S229通怀路K5+380运河东大街路口东南侧03,在公路范围内擅自移动井盖,是,110112,11000000001318667757
十支队-通州执法队,G1京哈高速广场K14+500田家府D站广场出口车尾（可控）,溜边等方式逃避超限检测,是,110112,
十支队-密云执法队,S205密关路K11+925溪翁庄,遮挡公路附属设施或者利用公路附属设施架设管道、悬挂物品，可能危及公路安全,否,110118,11000000001316165898
十支队-密云执法队,X202左堤路K15+200潮河新桥,遮挡公路附属设施或者利用公路附属设施架设管道、悬挂物品，可能危及公路安全,是,110118,11000000001314991452
十支队-密云执法队,X202左堤路K21+010河南寨桥东侧,遮挡公路附属设施或者利用公路附属设施架设管道、悬挂物品，可能危及公路安全,是,110118,11000000001319174399
十支队-密云执法队,X202左堤路K31+700单平路路北 顺义方向,遮挡公路附属设施或者利用公路附属设施架设管道、悬挂物品，可能危及公路安全,是,110118,11000000001319149035
九支队-门头沟执法队,S209石担路K9+900龙泉雾村,擅自占用、挖掘公路,是,110109,11000000001314375767
九支队-门头沟执法队,S209石担路K9+900龙泉雾村,在公路用地范围内设置公路标志以外的其他标志,是,110109,11000000001314375767
九支队-门头沟执法队,S209石担路K9+900龙泉雾村,遮挡公路附属设施或者利用公路附属设施架设管道、悬挂物品，可能危及公路安全,是,110109,11000000001314375767
九支队-门头沟执法队,S209石担路K9+900龙泉雾村,车辆装载物触地拖行、掉落、遗洒或者飘散，造成公路路面损坏、污染,是,110109,11000000001314375767
九支队-门头沟执法队,872638石担路1061灯杆,擅自占用、挖掘公路,否,110109,
九支队-门头沟执法队,872638石担路1061灯杆,在公路用地范围内设置公路标志以外的其他标志,否,110109,
九支队-门头沟执法队,872638石担路1061灯杆,遮挡公路附属设施或者利用公路附属设施架设管道、悬挂物品，可能危及公路安全,否,110109,
九支队-门头沟执法队,872638石担路1061灯杆,车辆装载物触地拖行、掉落、遗洒或者飘散，造成公路路面损坏、污染,否,110109,
九支队-门头沟执法队,492108三家店中街车站向北,擅自占用、挖掘公路,否,110109,
九支队-门头沟执法队,492108三家店中街车站向北,在公路用地范围内设置公路标志以外的其他标志,否,110109,
九支队-门头沟执法队,492108三家店中街车站向北,遮挡公路附属设施或者利用公路附属设施架设管道、悬挂物品，可能危及公路安全,否,110109,
九支队-门头沟执法队,492108三家店中街车站向北,车辆装载物触地拖行、掉落、遗洒或者飘散，造成公路路面损坏、污染,否,110109,
九支队-门头沟执法队,G108京昆线K22+250小园立交桥,擅自占用、挖掘公路,是,110109,11000000001312814604
九支队-门头沟执法队,G108京昆线K22+250小园立交桥,在公路用地范围内设置公路标志以外的其他标志,是,110109,11000000001312814604
九支队-门头沟执法队,G108京昆线K22+250小园立交桥,遮挡公路附属设施或者利用公路附属设施架设管道、悬挂物品，可能危及公路安全,是,110109,11000000001312814604
九支队-门头沟执法队,G108京昆线K22+250小园立交桥,车辆装载物触地拖行、掉落、遗洒或者飘散，造成公路路面损坏、污染,是,110109,11000000001312814604
九支队-门头沟执法队,G108京昆线K30+170鲁家滩二桥,擅自占用、挖掘公路,是,110109,11000000001315973478
九支队-门头沟执法队,G108京昆线K30+170鲁家滩二桥,在公路用地范围内设置公路标志以外的其他标志,是,110109,11000000001315973478
九支队-门头沟执法队,G108京昆线K30+170鲁家滩二桥,遮挡公路附属设施或者利用公路附属设施架设管道、悬挂物品，可能危及公路安全,是,110109,11000000001315973478
九支队-门头沟执法队,G108京昆线K30+170鲁家滩二桥,车辆装载物触地拖行、掉落、遗洒或者飘散，造成公路路面损坏、污染,是,110109,11000000001315973478
九支队-门头沟执法队,G109京拉线K110+770张马路口,擅自占用、挖掘公路,是,110109,11000000001318701885
九支队-门头沟执法队,G109京拉线K110+770张马路口,在公路用地范围内设置公路标志以外的其他标志,是,110109,11000000001318701885
九支队-门头沟执法队,G109京拉线K110+770张马路口,遮挡公路附属设施或者利用公路附属设施架设管道、悬挂物品，可能危及公路安全,是,110109,11000000001318701885
九支队-门头沟执法队,G109京拉线K110+770张马路口,车辆装载物触地拖行、掉落、遗洒或者飘散，造成公路路面损坏、污染,是,110109,11000000001318701885
九支队-门头沟执法队,G109京拉线K35+930担礼隧道,擅自占用、挖掘公路,是,110109,11000000001315959615
九支队-门头沟执法队,G109京拉线K35+930担礼隧道,在公路用地范围内设置公路标志以外的其他标志,是,110109,11000000001315959615
九支队-门头沟执法队,G109京拉线K35+930担礼隧道,遮挡公路附属设施或者利用公路附属设施架设管道、悬挂物品，可能危及公路安全,是,110109,11000000001315959615
九支队-门头沟执法队,G109京拉线K35+930担礼隧道,车辆装载物触地拖行、掉落、遗洒或者飘散，造成公路路面损坏、污染,是,110109,11000000001315959615
九支队-门头沟执法队,G109京拉线K66+000芹峪口,擅自占用、挖掘公路,否,110109,
九支队-门头沟执法队,G109京拉线K66+000芹峪口,在公路用地范围内设置公路标志以外的其他标志,否,110109,
九支队-门头沟执法队,G109京拉线K66+000芹峪口,遮挡公路附属设施或者利用公路附属设施架设管道、悬挂物品，可能危及公路安全,否,110109,
九支队-门头沟执法队,G109京拉线K66+000芹峪口,车辆装载物触地拖行、掉落、遗洒或者飘散，造成公路路面损坏、污染,否,110109,
九支队-门头沟执法队,G109京拉线K87+600新高铺,擅自占用、挖掘公路,是,110109,11000000001315378966
九支队-门头沟执法队,G109京拉线K87+600新高铺,在公路用地范围内设置公路标志以外的其他标志,是,110109,11000000001315378966
九支队-门头沟执法队,G109京拉线K87+600新高铺,遮挡公路附属设施或者利用公路附属设施架设管道、悬挂物品，可能危及公路安全,是,110109,11000000001315378966
九支队-门头沟执法队,G109京拉线K87+600新高铺,车辆装载物触地拖行、掉落、遗洒或者飘散，造成公路路面损坏、污染,是,110109,11000000001315378966
九支队-门头沟执法队,G234兴阳线K342+890鲁家滩环岛,擅自占用、挖掘公路,是,110109,11000000001315432555
九支队-门头沟执法队,G234兴阳线K342+890鲁家滩环岛,在公路用地范围内设置公路标志以外的其他标志,否,110109,11000000001315432555
九支队-门头沟执法队,G234兴阳线K342+890鲁家滩环岛,遮挡公路附属设施或者利用公路附属设施架设管道、悬挂物品，可能危及公路安全,是,110109,11000000001315432555
九支队-门头沟执法队,G234兴阳线K342+890鲁家滩环岛,车辆装载物触地拖行、掉落、遗洒或者飘散，造成公路路面损坏、污染,是,110109,11000000001315432555
九支队-门头沟执法队,S210三温路K1+550与X906交叉口,擅自占用、挖掘公路,是,110109,11000000001315023163
九支队-门头沟执法队,S210三温路K1+550与X906交叉口,在公路用地范围内设置公路标志以外的其他标志,是,110109,11000000001315023163
九支队-门头沟执法队,S210三温路K1+550与X906交叉口,遮挡公路附属设施或者利用公路附属设施架设管道、悬挂物品，可能危及公路安全,是,110109,11000000001315023163
九支队-门头沟执法队,S210三温路K1+550与X906交叉口,车辆装载物触地拖行、掉落、遗洒或者飘散，造成公路路面损坏、污染,是,110109,11000000001315023163
九支队-门头沟执法队,X015杨东路K0+850东杨坨村,擅自占用、挖掘公路,否,110109,11000000001313208456
九支队-门头沟执法队,X015杨东路K0+850东杨坨村,在公路用地范围内设置公路标志以外的其他标志,否,110109,11000000001313208456
九支队-门头沟执法队,X015杨东路K0+850东杨坨村,遮挡公路附属设施或者利用公路附属设施架设管道、悬挂物品，可能危及公路安全,否,110109,11000000001313208456
九支队-门头沟执法队,X015杨东路K0+850东杨坨村,车辆装载物触地拖行、掉落、遗洒或者飘散，造成公路路面损坏、污染,否,110109,11000000001313208456
九支队-门头沟执法队,雁翅入口广场-车尾方向,擅自占用、挖掘公路,否,110109,
九支队-门头沟执法队,雁翅入口广场-车尾方向,在公路用地范围内设置公路标志以外的其他标志,否,110109,
九支队-门头沟执法队,雁翅入口广场-车尾方向,遮挡公路附属设施或者利用公路附属设施架设管道、悬挂物品，可能危及公路安全,否,110109,
九支队-门头沟执法队,雁翅入口广场-车尾方向,车辆装载物触地拖行、掉落、遗洒或者飘散，造成公路路面损坏、污染,否,110109,
九支队-门头沟执法队,雁翅入口广场-车头方向,擅自占用、挖掘公路,否,110109,
九支队-门头沟执法队,雁翅入口广场-车头方向,在公路用地范围内设置公路标志以外的其他标志,否,110109,
九支队-门头沟执法队,雁翅入口广场-车头方向,遮挡公路附属设施或者利用公路附属设施架设管道、悬挂物品，可能危及公路安全,否,110109,
九支队-门头沟执法队,雁翅入口广场-车头方向,车辆装载物触地拖行、掉落、遗洒或者飘散，造成公路路面损坏、污染,否,110109,
九支队-门头沟执法队,斋堂入口广场-车尾方向,擅自占用、挖掘公路,否,110109,
九支队-门头沟执法队,斋堂入口广场-车尾方向,在公路用地范围内设置公路标志以外的其他标志,否,110109,
九支队-门头沟执法队,斋堂入口广场-车尾方向,遮挡公路附属设施或者利用公路附属设施架设管道、悬挂物品，可能危及公路安全,否,110109,
九支队-门头沟执法队,斋堂入口广场-车尾方向,车辆装载物触地拖行、掉落、遗洒或者飘散，造成公路路面损坏、污染,否,110109,
九支队-门头沟执法队,斋堂入口广场-车头方向,擅自占用、挖掘公路,否,110109,
九支队-门头沟执法队,斋堂入口广场-车头方向,在公路用地范围内设置公路标志以外的其他标志,否,110109,
九支队-门头沟执法队,斋堂入口广场-车头方向,遮挡公路附属设施或者利用公路附属设施架设管道、悬挂物品，可能危及公路安全,否,110109,
九支队-门头沟执法队,斋堂入口广场-车头方向,车辆装载物触地拖行、掉落、遗洒或者飘散，造成公路路面损坏、污染,否,110109,
九支队-门头沟执法队,G4501六环路广场K139+700军庄双向入口广场反向（可控）,擅自占用、挖掘公路,否,110109,11010901071328230007
九支队-门头沟执法队,G4501六环路广场K139+700军庄双向入口广场反向（可控）,在公路用地范围内设置公路标志以外的其他标志,否,110109,11010901071328230007
九支队-门头沟执法队,G4501六环路广场K139+700军庄双向入口广场反向（可控）,遮挡公路附属设施或者利用公路附属设施架设管道、悬挂物品，可能危及公路安全,否,110109,11010901071328230007
九支队-门头沟执法队,G4501六环路广场K139+700军庄双向入口广场反向（可控）,车辆装载物触地拖行、掉落、遗洒或者飘散，造成公路路面损坏、污染,否,110109,11010901071328230007
九支队-门头沟执法队,G4501六环路广场K111+200大苑村双向出口广场反向（可控）,擅自占用、挖掘公路,是,110109,11011101071328230001
九支队-门头沟执法队,G4501六环路广场K111+200大苑村双向出口广场反向（可控）,在公路用地范围内设置公路标志以外的其他标志,否,110109,11011101071328230001
九支队-门头沟执法队,G4501六环路广场K111+200大苑村双向出口广场反向（可控）,遮挡公路附属设施或者利用公路附属设施架设管道、悬挂物品，可能危及公路安全,否,110109,11011101071328230001
九支队-门头沟执法队,G4501六环路广场K111+200大苑村双向出口广场反向（可控）,车辆装载物触地拖行、掉落、遗洒或者飘散，造成公路路面损坏、污染,是,110109,11011101071328230001
九支队-门头沟执法队,G4501六环路广场K132+800广宁双向入口广场反向（可控）,擅自占用、挖掘公路,是,110109,11010701071328230003
九支队-门头沟执法队,G4501六环路广场K132+800广宁双向入口广场反向（可控）,在公路用地范围内设置公路标志以外的其他标志,否,110109,11010701071328230003
九支队-门头沟执法队,G4501六环路广场K132+800广宁双向入口广场反向（可控）,遮挡公路附属设施或者利用公路附属设施架设管道、悬挂物品，可能危及公路安全,否,110109,11010701071328230003
九支队-门头沟执法队,G4501六环路广场K132+800广宁双向入口广场反向（可控）,车辆装载物触地拖行、掉落、遗洒或者飘散，造成公路路面损坏、污染,否,110109,11010701071328230003
九支队-门头沟执法队,G4501六环路道路K126+710石门营收费站南外环（可控）,擅自占用、挖掘公路,是,110109,11010901071328230010
九支队-门头沟执法队,G4501六环路道路K126+710石门营收费站南外环（可控）,在公路用地范围内设置公路标志以外的其他标志,是,110109,11010901071328230010
九支队-门头沟执法队,G4501六环路道路K126+710石门营收费站南外环（可控）,遮挡公路附属设施或者利用公路附属设施架设管道、悬挂物品，可能危及公路安全,是,110109,11010901071328230010
九支队-门头沟执法队,G4501六环路道路K126+710石门营收费站南外环（可控）,货车不规范苫盖,是,110109,11010901071328230010
九支队-门头沟执法队,G4501六环路道路K126+710石门营收费站南外环（可控）,车辆装载物触地拖行、掉落、遗洒或者飘散，造成公路路面损坏、污染,是,110109,11010901071328230010
九支队-门头沟执法队,G4501六环路广场K132+800广宁双向入口广场正向（可控）,擅自占用、挖掘公路,是,110109,11010701071328230004
九支队-门头沟执法队,G4501六环路广场K132+800广宁双向入口广场正向（可控）,在公路用地范围内设置公路标志以外的其他标志,否,110109,11010701071328230004
九支队-门头沟执法队,G4501六环路广场K132+800广宁双向入口广场正向（可控）,遮挡公路附属设施或者利用公路附属设施架设管道、悬挂物品，可能危及公路安全,是,110109,11010701071328230004
九支队-门头沟执法队,G4501六环路广场K132+800广宁双向入口广场正向（可控）,货车不规范苫盖,是,110109,11010701071328230004
九支队-门头沟执法队,G4501六环路广场K132+800广宁双向入口广场正向（可控）,车辆装载物触地拖行、掉落、遗洒或者飘散，造成公路路面损坏、污染,是,110109,11010701071328230004
九支队-延庆执法队,G110京青线K98+350下营村西,擅自占用、挖掘公路,是,110119,11000000001315829866
九支队-延庆执法队,G110京青线K98+350下营村西,在公路用地范围内设置公路标志以外的其他标志,是,110119,11000000001315829866
九支队-延庆执法队,G110京青线K98+350下营村西,遮挡公路附属设施或者利用公路附属设施架设管道、悬挂物品，可能危及公路安全,是,110119,11000000001315829866
九支队-延庆执法队,G110京青线K98+350下营村西,货车不规范苫盖,是,110119,11000000001315829866
九支队-延庆执法队,G110京青线K98+350下营村西,车辆装载物触地拖行、掉落、遗洒或者飘散，造成公路路面损坏、污染,是,110119,11000000001315829866
九支队-延庆执法队,G110京青线K99+090下营,擅自占用、挖掘公路,是,110119,11000000001314634205
九支队-延庆执法队,G110京青线K99+090下营,在公路用地范围内设置公路标志以外的其他标志,是,110119,11000000001314634205
九支队-延庆执法队,G110京青线K99+090下营,遮挡公路附属设施或者利用公路附属设施架设管道、悬挂物品，可能危及公路安全,是,110119,11000000001314634205
九支队-延庆执法队,G110京青线K99+090下营,货车不规范苫盖,是,110119,11000000001314634205
九支队-延庆执法队,G110京青线K99+090下营,车辆装载物触地拖行、掉落、遗洒或者飘散，造成公路路面损坏、污染,是,110119,11000000001314634205
九支队-延庆执法队,S323旧小路K11+260龙聚山庄,擅自占用、挖掘公路,是,110119,11000000001319399579
九支队-延庆执法队,S323旧小路K11+260龙聚山庄,在公路用地范围内设置公路标志以外的其他标志,是,110119,11000000001319399579
九支队-延庆执法队,S323旧小路K11+260龙聚山庄,遮挡公路附属设施或者利用公路附属设施架设管道、悬挂物品，可能危及公路安全,是,110119,11000000001319399579
九支队-延庆执法队,S323旧小路K11+260龙聚山庄,货车不规范苫盖,是,110119,11000000001319399579
九支队-延庆执法队,S323旧小路K11+260龙聚山庄,车辆装载物触地拖行、掉落、遗洒或者飘散，造成公路路面损坏、污染,是,110119,11000000001319399579
九支队-延庆执法队,S212昌赤路K50+400永宁服务站,擅自占用、挖掘公路,是,110119,11000000001318180501
九支队-延庆执法队,S212昌赤路K50+400永宁服务站,在公路用地范围内设置公路标志以外的其他标志,否,110119,11000000001318180501
九支队-延庆执法队,S212昌赤路K50+400永宁服务站,遮挡公路附属设施或者利用公路附属设施架设管道、悬挂物品，可能危及公路安全,否,110119,11000000001318180501
九支队-延庆执法队,S212昌赤路K50+400永宁服务站,货车不规范苫盖,是,110119,11000000001318180501
九支队-延庆执法队,S212昌赤路K50+400永宁服务站,车辆装载物触地拖行、掉落、遗洒或者飘散，造成公路路面损坏、污染,否,110119,11000000001318180501
九支队-延庆执法队,G234兴阳线K225+245妫河大桥南桥下,擅自占用、挖掘公路,是,110119,11000000001314955861
九支队-延庆执法队,G234兴阳线K225+245妫河大桥南桥下,在公路用地范围内设置公路标志以外的其他标志,是,110119,11000000001314955861
九支队-延庆执法队,G234兴阳线K225+245妫河大桥南桥下,遮挡公路附属设施或者利用公路附属设施架设管道、悬挂物品，可能危及公路安全,是,110119,11000000001314955861
九支队-延庆执法队,G234兴阳线K225+245妫河大桥南桥下,货车不规范苫盖,是,110119,11000000001314955861
九支队-延庆执法队,G234兴阳线K225+245妫河大桥南桥下,车辆装载物触地拖行、掉落、遗洒或者飘散，造成公路路面损坏、污染,是,110119,11000000001314955861
九支队-延庆执法队,S212昌赤路K32+000大庄科,擅自占用、挖掘公路,是,110119,11000000001313408721
九支队-延庆执法队,S212昌赤路K32+000大庄科,在公路用地范围内设置公路标志以外的其他标志,否,110119,11000000001313408721
九支队-延庆执法队,S212昌赤路K32+000大庄科,遮挡公路附属设施或者利用公路附属设施架设管道、悬挂物品，可能危及公路安全,否,110119,11000000001313408721
九支队-延庆执法队,S212昌赤路K32+000大庄科,货车不规范苫盖,是,110119,11000000001313408721
九支队-延庆执法队,S212昌赤路K32+000大庄科,车辆装载物触地拖行、掉落、遗洒或者飘散，造成公路路面损坏、污染,是,110119,11000000001313408721
九支队-延庆执法队,G110京青线K52+390黄土嘴桥,擅自占用、挖掘公路,是,110119,11000000001311823396
九支队-延庆执法队,G110京青线K52+390黄土嘴桥,在公路用地范围内设置公路标志以外的其他标志,是,110119,11000000001311823396
九支队-延庆执法队,G110京青线K52+390黄土嘴桥,遮挡公路附属设施或者利用公路附属设施架设管道、悬挂物品，可能危及公路安全,是,110119,11000000001311823396
九支队-延庆执法队,G110京青线K52+390黄土嘴桥,货车不规范苫盖,是,110119,11000000001311823396
九支队-延庆执法队,G110京青线K52+390黄土嘴桥,车辆装载物触地拖行、掉落、遗洒或者飘散，造成公路路面损坏、污染,是,110119,11000000001311823396
九支队-延庆执法队,G110京青线K52+900山京沟,擅自占用、挖掘公路,是,110119,11000000001313670338
九支队-延庆执法队,G110京青线K52+900山京沟,在公路用地范围内设置公路标志以外的其他标志,是,110119,11000000001313670338
九支队-延庆执法队,G110京青线K52+900山京沟,遮挡公路附属设施或者利用公路附属设施架设管道、悬挂物品，可能危及公路安全,是,110119,11000000001313670338
九支队-延庆执法队,G110京青线K52+900山京沟,货车不规范苫盖,是,110119,11000000001313670338
九支队-延庆执法队,G110京青线K52+900山京沟,车辆装载物触地拖行、掉落、遗洒或者飘散，造成公路路面损坏、污染,是,110119,11000000001313670338
九支队-延庆执法队,G234兴阳线K231+660兴阳线铁路桥,擅自占用、挖掘公路,是,110119,11000000001316880846
九支队-延庆执法队,G234兴阳线K231+660兴阳线铁路桥,在公路用地范围内设置公路标志以外的其他标志,是,110119,11000000001316880846
九支队-延庆执法队,G234兴阳线K231+660兴阳线铁路桥,遮挡公路附属设施或者利用公路附属设施架设管道、悬挂物品，可能危及公路安全,是,110119,11000000001316880846
九支队-延庆执法队,G234兴阳线K231+660兴阳线铁路桥,货车不规范苫盖,是,110119,11000000001316880846
九支队-延庆执法队,G234兴阳线K231+660兴阳线铁路桥,车辆装载物触地拖行、掉落、遗洒或者飘散，造成公路路面损坏、污染,是,110119,11000000001316880846
九支队-延庆执法队,S217康张路K10+860张山营桥,擅自占用、挖掘公路,是,110119,11000000001315146877
九支队-延庆执法队,S217康张路K10+860张山营桥,在公路用地范围内设置公路标志以外的其他标志,是,110119,11000000001315146877
九支队-延庆执法队,S217康张路K10+860张山营桥,遮挡公路附属设施或者利用公路附属设施架设管道、悬挂物品，可能危及公路安全,是,110119,11000000001315146877
九支队-延庆执法队,S217康张路K10+860张山营桥,货车不规范苫盖,是,110119,11000000001315146877
九支队-延庆执法队,S217康张路K10+860张山营桥,车辆装载物触地拖行、掉落、遗洒或者飘散，造成公路路面损坏、污染,是,110119,11000000001315146877
九支队-延庆执法队,S235八峪路K6+210大柏老,擅自占用、挖掘公路,是,110119,11000000001318088317
九支队-延庆执法队,S235八峪路K6+210大柏老,在公路用地范围内设置公路标志以外的其他标志,否,110119,11000000001318088317
九支队-延庆执法队,S235八峪路K6+210大柏老,遮挡公路附属设施或者利用公路附属设施架设管道、悬挂物品，可能危及公路安全,否,110119,11000000001318088317
九支队-延庆执法队,S235八峪路K6+210大柏老,车辆装载物触地拖行、掉落、遗洒或者飘散，造成公路路面损坏、污染,否,110119,11000000001318088317
九支队-延庆执法队,S213安四路K80+780海字口,擅自占用、挖掘公路,是,110119,11000000001314427730
九支队-延庆执法队,S213安四路K80+780海字口,在公路用地范围内设置公路标志以外的其他标志,是,110119,11000000001314427730
九支队-延庆执法队,S213安四路K80+780海字口,遮挡公路附属设施或者利用公路附属设施架设管道、悬挂物品，可能危及公路安全,是,110119,11000000001314427730
九支队-延庆执法队,S213安四路K80+780海字口,货车不规范苫盖,是,110119,11000000001314427730
九支队-延庆执法队,S213安四路K80+780海字口,车辆装载物触地拖行、掉落、遗洒或者飘散，造成公路路面损坏、污染,是,110119,11000000001314427730
九支队-延庆执法队,S309滦赤路K137+000河西桥北下,擅自占用、挖掘公路,否,110119,
九支队-延庆执法队,S309滦赤路K137+000河西桥北下,在公路用地范围内设置公路标志以外的其他标志,否,110119,
九支队-延庆执法队,S309滦赤路K137+000河西桥北下,遮挡公路附属设施或者利用公路附属设施架设管道、悬挂物品，可能危及公路安全,否,110119,
九支队-延庆执法队,S309滦赤路K137+000河西桥北下,货车不规范苫盖,否,110119,
九支队-延庆执法队,S309滦赤路K137+000河西桥北下,车辆装载物触地拖行、掉落、遗洒或者飘散，造成公路路面损坏、污染,否,110119,
九支队-延庆执法队,S232妫川路K17+150米家堡桥,擅自占用、挖掘公路,是,110119,11000000001313515334
九支队-延庆执法队,S232妫川路K17+150米家堡桥,在公路用地范围内设置公路标志以外的其他标志,是,110119,11000000001313515334
九支队-延庆执法队,S232妫川路K17+150米家堡桥,遮挡公路附属设施或者利用公路附属设施架设管道、悬挂物品，可能危及公路安全,是,110119,11000000001313515334
九支队-延庆执法队,S232妫川路K17+150米家堡桥,货车不规范苫盖,是,110119,11000000001313515334
九支队-延庆执法队,S232妫川路K17+150米家堡桥,车辆装载物触地拖行、掉落、遗洒或者飘散，造成公路路面损坏、污染,是,110119,11000000001313515334
九支队-延庆执法队,X017康草路K0+150铁路桥,擅自占用、挖掘公路,是,110119,11000000001315918584
九支队-延庆执法队,X017康草路K0+150铁路桥,在公路用地范围内设置公路标志以外的其他标志,是,110119,11000000001315918584
九支队-延庆执法队,X017康草路K0+150铁路桥,遮挡公路附属设施或者利用公路附属设施架设管道、悬挂物品，可能危及公路安全,是,110119,11000000001315918584
九支队-延庆执法队,X017康草路K0+150铁路桥,货车不规范苫盖,是,110119,11000000001315918584
九支队-延庆执法队,X017康草路K0+150铁路桥,车辆装载物触地拖行、掉落、遗洒或者飘散，造成公路路面损坏、污染,是,110119,11000000001315918584
九支队-延庆执法队,X031东岔路K0+630东曹营,擅自占用、挖掘公路,是,110119,11000000001313307753
九支队-延庆执法队,X031东岔路K0+630东曹营,在公路用地范围内设置公路标志以外的其他标志,是,110119,11000000001313307753
九支队-延庆执法队,X031东岔路K0+630东曹营,遮挡公路附属设施或者利用公路附属设施架设管道、悬挂物品，可能危及公路安全,是,110119,11000000001313307753
九支队-延庆执法队,X031东岔路K0+630东曹营,货车不规范苫盖,是,110119,11000000001313307753
九支队-延庆执法队,X031东岔路K0+630东曹营,车辆装载物触地拖行、掉落、遗洒或者飘散，造成公路路面损坏、污染,是,110119,11000000001313307753
九支队-延庆执法队,S216G6辅路K57+400八达岭消防队,擅自占用、挖掘公路,是,110119,11000000001314235556
九支队-延庆执法队,S216G6辅路K57+400八达岭消防队,在公路用地范围内设置公路标志以外的其他标志,是,110119,11000000001314235556
九支队-延庆执法队,S216G6辅路K57+400八达岭消防队,遮挡公路附属设施或者利用公路附属设施架设管道、悬挂物品，可能危及公路安全,是,110119,11000000001314235556
九支队-延庆执法队,S216G6辅路K57+400八达岭消防队,货车不规范苫盖,是,110119,11000000001314235556
九支队-延庆执法队,S216G6辅路K57+400八达岭消防队,车辆装载物触地拖行、掉落、遗洒或者飘散，造成公路路面损坏、污染,是,110119,11000000001314235556
九支队-延庆执法队,S216G6辅路K58+230红叶岭停车场,擅自占用、挖掘公路,是,110119,11000000001319719872
九支队-延庆执法队,S216G6辅路K58+230红叶岭停车场,在公路用地范围内设置公路标志以外的其他标志,是,110119,11000000001319719872
九支队-延庆执法队,S216G6辅路K58+230红叶岭停车场,遮挡公路附属设施或者利用公路附属设施架设管道、悬挂物品，可能危及公路安全,否,110119,11000000001319719872
九支队-延庆执法队,S216G6辅路K58+230红叶岭停车场,货车不规范苫盖,是,110119,11000000001319719872
九支队-延庆执法队,S216G6辅路K58+230红叶岭停车场,车辆装载物触地拖行、掉落、遗洒或者飘散，造成公路路面损坏、污染,是,110119,11000000001319719872
九支队-延庆执法队,S216G6辅路K67+920营城子立交桥,擅自占用、挖掘公路,否,110119,11000000001317041960
九支队-延庆执法队,S216G6辅路K67+920营城子立交桥,在公路用地范围内设置公路标志以外的其他标志,是,110119,11000000001317041960
九支队-延庆执法队,S216G6辅路K67+920营城子立交桥,遮挡公路附属设施或者利用公路附属设施架设管道、悬挂物品，可能危及公路安全,是,110119,11000000001317041960
九支队-延庆执法队,S216G6辅路K67+920营城子立交桥,货车不规范苫盖,是,110119,11000000001317041960
九支队-延庆执法队,S216G6辅路K67+920营城子立交桥,车辆装载物触地拖行、掉落、遗洒或者飘散，造成公路路面损坏、污染,是,110119,11000000001317041960
九支队-延庆执法队,G234兴阳线K237+100过水路面北侧,擅自占用、挖掘公路,是,110119,11000000001314907633
九支队-延庆执法队,G234兴阳线K237+100过水路面北侧,在公路用地范围内设置公路标志以外的其他标志,是,110119,11000000001314907633
九支队-延庆执法队,G234兴阳线K237+100过水路面北侧,遮挡公路附属设施或者利用公路附属设施架设管道、悬挂物品，可能危及公路安全,是,110119,11000000001314907633
九支队-延庆执法队,G234兴阳线K237+100过水路面北侧,货车不规范苫盖,是,110119,11000000001314907633
九支队-延庆执法队,G234兴阳线K237+100过水路面北侧,车辆装载物触地拖行、掉落、遗洒或者飘散，造成公路路面损坏、污染,是,110119,11000000001314907633
九支队-昌平执法队,G4501六环路匝道K180+500马坊出口外环,擅自占用、挖掘公路,是,110114,11011401071328230058
九支队-昌平执法队,G4501六环路匝道K180+500马坊出口外环,在公路用地范围内设置公路标志以外的其他标志,是,110114,11011401071328230058
九支队-昌平执法队,G4501六环路匝道K180+500马坊出口外环,遮挡公路附属设施或者利用公路附属设施架设管道、悬挂物品，可能危及公路安全,是,110114,11011401071328230058
九支队-昌平执法队,G4501六环路匝道K180+500马坊出口外环,货车不规范苫盖,是,110114,11011401071328230058
九支队-昌平执法队,G4501六环路匝道K180+500马坊出口外环,车辆装载物触地拖行、掉落、遗洒或者飘散，造成公路路面损坏、污染,是,110114,11011401071328230058
九支队-昌平执法队,G4501六环路广场K150+200北清入口广场东,擅自占用、挖掘公路,是,110114,11010801071328230025
九支队-昌平执法队,G4501六环路广场K150+200北清入口广场东,在公路用地范围内设置公路标志以外的其他标志,是,110114,11010801071328230025
九支队-昌平执法队,G4501六环路广场K150+200北清入口广场东,遮挡公路附属设施或者利用公路附属设施架设管道、悬挂物品，可能危及公路安全,是,110114,11010801071328230025
九支队-昌平执法队,G4501六环路广场K150+200北清入口广场东,货车不规范苫盖,是,110114,11010801071328230025
九支队-昌平执法队,G4501六环路广场K150+200北清入口广场东,车辆装载物触地拖行、掉落、遗洒或者飘散，造成公路路面损坏、污染,是,110114,11010801071328230025
九支队-昌平执法队,G4501六环路道路K164+200楼自庄桥东内环,擅自占用、挖掘公路,是,110114,11011401071328230034
九支队-昌平执法队,G4501六环路道路K164+200楼自庄桥东内环,在公路用地范围内设置公路标志以外的其他标志,是,110114,11011401071328230034
九支队-昌平执法队,G4501六环路道路K164+200楼自庄桥东内环,遮挡公路附属设施或者利用公路附属设施架设管道、悬挂物品，可能危及公路安全,是,110114,11011401071328230034
九支队-昌平执法队,G4501六环路道路K164+200楼自庄桥东内环,货车不规范苫盖,是,110114,11011401071328230034
九支队-昌平执法队,G4501六环路道路K164+200楼自庄桥东内环,车辆装载物触地拖行、掉落、遗洒或者飘散，造成公路路面损坏、污染,是,110114,11011401071328230034
九支队-昌平执法队,G7京新高速道路K15+820京新沙阳北出京,擅自占用、挖掘公路,是,110114,11011401071328030087
九支队-昌平执法队,G7京新高速道路K15+820京新沙阳北出京,在公路用地范围内设置公路标志以外的其他标志,是,110114,11011401071328030087
九支队-昌平执法队,G7京新高速道路K15+820京新沙阳北出京,遮挡公路附属设施或者利用公路附属设施架设管道、悬挂物品，可能危及公路安全,是,110114,11011401071328030087
九支队-昌平执法队,G7京新高速道路K15+820京新沙阳北出京,货车不规范苫盖,是,110114,11011401071328030087
九支队-昌平执法队,G7京新高速道路K15+820京新沙阳北出京,车辆装载物触地拖行、掉落、遗洒或者飘散，造成公路路面损坏、污染,是,110114,11011401071328030087
九支队-昌平执法队,G7京新高速道路K19+650六环路南出京,擅自占用、挖掘公路,是,110114,11011401071328030095
九支队-昌平执法队,G7京新高速道路K19+650六环路南出京,在公路用地范围内设置公路标志以外的其他标志,是,110114,11011401071328030095
九支队-昌平执法队,G7京新高速道路K19+650六环路南出京,遮挡公路附属设施或者利用公路附属设施架设管道、悬挂物品，可能危及公路安全,是,110114,11011401071328030095
九支队-昌平执法队,G7京新高速道路K19+650六环路南出京,货车不规范苫盖,是,110114,11011401071328030095
九支队-昌平执法队,G7京新高速道路K19+650六环路南出京,车辆装载物触地拖行、掉落、遗洒或者飘散，造成公路路面损坏、污染,是,110114,11011401071328030095
九支队-昌平执法队,G7京新高速道路K14+610京新沙河主站进京,擅自占用、挖掘公路,是,110114,11011401071328030086
九支队-昌平执法队,G7京新高速道路K14+610京新沙河主站进京,在公路用地范围内设置公路标志以外的其他标志,是,110114,11011401071328030086
九支队-昌平执法队,G7京新高速道路K14+610京新沙河主站进京,遮挡公路附属设施或者利用公路附属设施架设管道、悬挂物品，可能危及公路安全,是,110114,11011401071328030086
九支队-昌平执法队,G7京新高速道路K14+610京新沙河主站进京,货车不规范苫盖,是,110114,11011401071328030086
九支队-昌平执法队,G7京新高速道路K14+610京新沙河主站进京,车辆装载物触地拖行、掉落、遗洒或者飘散，造成公路路面损坏、污染,是,110114,11011401071328030086
九支队-昌平执法队,G6京藏高速广场K22+670小汤山出京入口,擅自占用、挖掘公路,是,110114,11011401071328170101
九支队-昌平执法队,G6京藏高速广场K22+670小汤山出京入口,在公路用地范围内设置公路标志以外的其他标志,是,110114,11011401071328170101
九支队-昌平执法队,G6京藏高速广场K22+670小汤山出京入口,遮挡公路附属设施或者利用公路附属设施架设管道、悬挂物品，可能危及公路安全,是,110114,11011401071328170101
九支队-昌平执法队,G6京藏高速广场K22+670小汤山出京入口,货车不规范苫盖,是,110114,11011401071328170101
九支队-昌平执法队,G6京藏高速广场K22+670小汤山出京入口,车辆装载物触地拖行、掉落、遗洒或者飘散，造成公路路面损坏、污染,是,110114,11011401071328170101
九支队-昌平执法队,S3801京礼高速K13+810出京,擅自占用、挖掘公路,是,110114,11011401071328090019
九支队-昌平执法队,S3801京礼高速K13+810出京,在公路用地范围内设置公路标志以外的其他标志,是,110114,11011401071328090019
九支队-昌平执法队,S3801京礼高速K13+810出京,遮挡公路附属设施或者利用公路附属设施架设管道、悬挂物品，可能危及公路安全,是,110114,11011401071328090019
九支队-昌平执法队,S3801京礼高速K13+810出京,货车不规范苫盖,是,110114,11011401071328090019
九支队-昌平执法队,S3801京礼高速K13+810出京,车辆装载物触地拖行、掉落、遗洒或者飘散，造成公路路面损坏、污染,是,110114,11011401071328090019
九支队-昌平执法队,S3801京礼高速K8+970进京,擅自占用、挖掘公路,是,110114,11011401071328090011
九支队-昌平执法队,S3801京礼高速K8+970进京,在公路用地范围内设置公路标志以外的其他标志,是,110114,11011401071328090011
九支队-昌平执法队,S3801京礼高速K8+970进京,遮挡公路附属设施或者利用公路附属设施架设管道、悬挂物品，可能危及公路安全,是,110114,11011401071328090011
九支队-昌平执法队,S3801京礼高速K8+970进京,车辆装载物触地拖行、掉落、遗洒或者飘散，造成公路路面损坏、污染,否,110114,11011401071328090011
九支队-昌平执法队,G110京青线K41+750下行德胜口桥,擅自占用、挖掘公路,是,110114,11000000001316766372
九支队-昌平执法队,G110京青线K41+750下行德胜口桥,在公路用地范围内设置公路标志以外的其他标志,是,110114,11000000001316766372
九支队-昌平执法队,G110京青线K41+750下行德胜口桥,遮挡公路附属设施或者利用公路附属设施架设管道、悬挂物品，可能危及公路安全,是,110114,11000000001316766372
九支队-昌平执法队,G110京青线K41+750下行德胜口桥,货车不规范苫盖,是,110114,11000000001316766372
九支队-昌平执法队,G110京青线K41+750下行德胜口桥,车辆装载物触地拖行、掉落、遗洒或者飘散，造成公路路面损坏、污染,是,110114,11000000001316766372
九支队-昌平执法队,S212昌赤路K3+950上行胡庄,擅自占用、挖掘公路,否,110114,
九支队-昌平执法队,S212昌赤路K3+950上行胡庄,在公路用地范围内设置公路标志以外的其他标志,否,110114,
九支队-昌平执法队,S212昌赤路K3+950上行胡庄,遮挡公路附属设施或者利用公路附属设施架设管道、悬挂物品，可能危及公路安全,否,110114,
九支队-昌平执法队,S212昌赤路K3+950上行胡庄,货车不规范苫盖,是,110114,
九支队-昌平执法队,S212昌赤路K3+950上行胡庄,车辆装载物触地拖行、掉落、遗洒或者飘散，造成公路路面损坏、污染,否,110114,
九支队-昌平执法队,S213安四路K15+500下行天通苑北,擅自占用、挖掘公路,否,110114,
九支队-昌平执法队,S213安四路K15+500下行天通苑北,在公路用地范围内设置公路标志以外的其他标志,否,110114,
九支队-昌平执法队,S213安四路K15+500下行天通苑北,遮挡公路附属设施或者利用公路附属设施架设管道、悬挂物品，可能危及公路安全,否,110114,
九支队-昌平执法队,S213安四路K15+500下行天通苑北,货车不规范苫盖,否,110114,
九支队-昌平执法队,S213安四路K15+500下行天通苑北,车辆装载物触地拖行、掉落、遗洒或者飘散，造成公路路面损坏、污染,否,110114,
九支队-昌平执法队,S216G6辅路K22+650下行沙阳路,擅自占用、挖掘公路,是,110114,11000000001319804874
九支队-昌平执法队,S216G6辅路K22+650下行沙阳路,在公路用地范围内设置公路标志以外的其他标志,是,110114,11000000001319804874
九支队-昌平执法队,S216G6辅路K22+650下行沙阳路,遮挡公路附属设施或者利用公路附属设施架设管道、悬挂物品，可能危及公路安全,是,110114,11000000001319804874
九支队-昌平执法队,S216G6辅路K22+650下行沙阳路,货车不规范苫盖,是,110114,11000000001319804874
九支队-昌平执法队,S216G6辅路K22+650下行沙阳路,车辆装载物触地拖行、掉落、遗洒或者飘散，造成公路路面损坏、污染,是,110114,11000000001319804874
九支队-昌平执法队,S219南雁路K0+000上行西大桥西,擅自占用、挖掘公路,是,110114,11000000001319850899
九支队-昌平执法队,S219南雁路K0+000上行西大桥西,在公路用地范围内设置公路标志以外的其他标志,否,110114,11000000001319850899
九支队-昌平执法队,S219南雁路K0+000上行西大桥西,遮挡公路附属设施或者利用公路附属设施架设管道、悬挂物品，可能危及公路安全,是,110114,11000000001319850899
九支队-昌平执法队,S219南雁路K0+000上行西大桥西,货车不规范苫盖,是,110114,11000000001319850899
九支队-昌平执法队,S219南雁路K0+000上行西大桥西,车辆装载物触地拖行、掉落、遗洒或者飘散，造成公路路面损坏、污染,是,110114,11000000001319850899
九支队-昌平执法队,S321顺沙路K23+250上行大柳树环岛,擅自占用、挖掘公路,是,110114,11000000001319325196
九支队-昌平执法队,S321顺沙路K23+250上行大柳树环岛,在公路用地范围内设置公路标志以外的其他标志,是,110114,11000000001319325196
九支队-昌平执法队,S321顺沙路K23+250上行大柳树环岛,遮挡公路附属设施或者利用公路附属设施架设管道、悬挂物品，可能危及公路安全,是,110114,11000000001319325196
九支队-昌平执法队,S321顺沙路K23+250上行大柳树环岛,货车不规范苫盖,是,110114,11000000001319325196
九支队-昌平执法队,S321顺沙路K23+250上行大柳树环岛,车辆装载物触地拖行、掉落、遗洒或者飘散，造成公路路面损坏、污染,是,110114,11000000001319325196
九支队-昌平执法队,S324沙阳路K0+150上行铁路桥,擅自占用、挖掘公路,是,110114,11000000001316925337
九支队-昌平执法队,S324沙阳路K0+150上行铁路桥,在公路用地范围内设置公路标志以外的其他标志,是,110114,11000000001316925337
九支队-昌平执法队,S324沙阳路K0+150上行铁路桥,遮挡公路附属设施或者利用公路附属设施架设管道、悬挂物品，可能危及公路安全,是,110114,11000000001316925337
九支队-昌平执法队,S324沙阳路K0+150上行铁路桥,货车不规范苫盖,是,110114,11000000001316925337
九支队-昌平执法队,S324沙阳路K0+150上行铁路桥,车辆装载物触地拖行、掉落、遗洒或者飘散，造成公路路面损坏、污染,是,110114,11000000001316925337
九支队-昌平执法队,S330昌金路K5+100下行安四路,擅自占用、挖掘公路,是,110114,11000000001312663858
九支队-昌平执法队,S330昌金路K5+100下行安四路,在公路用地范围内设置公路标志以外的其他标志,是,110114,11000000001312663858
九支队-昌平执法队,S330昌金路K5+100下行安四路,遮挡公路附属设施或者利用公路附属设施架设管道、悬挂物品，可能危及公路安全,否,110114,11000000001312663858
九支队-昌平执法队,S330昌金路K5+100下行安四路,货车不规范苫盖,是,110114,11000000001312663858
九支队-昌平执法队,S330昌金路K5+100下行安四路,车辆装载物触地拖行、掉落、遗洒或者飘散，造成公路路面损坏、污染,是,110114,11000000001312663858
九支队-昌平执法队,S337北清路K25+900下行立汤路,擅自占用、挖掘公路,是,110114,11000000001312588152
九支队-昌平执法队,S337北清路K25+900下行立汤路,在公路用地范围内设置公路标志以外的其他标志,是,110114,11000000001312588152
九支队-昌平执法队,S337北清路K25+900下行立汤路,遮挡公路附属设施或者利用公路附属设施架设管道、悬挂物品，可能危及公路安全,是,110114,11000000001312588152
九支队-昌平执法队,S337北清路K25+900下行立汤路,货车不规范苫盖,是,110114,11000000001312588152
九支队-昌平执法队,S337北清路K25+900下行立汤路,车辆装载物触地拖行、掉落、遗洒或者飘散，造成公路路面损坏、污染,是,110114,11000000001312588152
九支队-昌平执法队,X033昌崔路K15+950上行安四路,擅自占用、挖掘公路,是,110114,11000000001317376509
九支队-昌平执法队,X033昌崔路K15+950上行安四路,在公路用地范围内设置公路标志以外的其他标志,是,110114,11000000001317376509
九支队-昌平执法队,X033昌崔路K15+950上行安四路,遮挡公路附属设施或者利用公路附属设施架设管道、悬挂物品，可能危及公路安全,是,110114,11000000001317376509
九支队-昌平执法队,X033昌崔路K15+950上行安四路,货车不规范苫盖,是,110114,11000000001317376509
九支队-昌平执法队,X033昌崔路K15+950上行安四路,车辆装载物触地拖行、掉落、遗洒或者飘散，造成公路路面损坏、污染,是,110114,11000000001317376509
九支队-昌平执法队,X305怀昌路K26+390上行昌金路,擅自占用、挖掘公路,否,110114,
九支队-昌平执法队,X305怀昌路K26+390上行昌金路,在公路用地范围内设置公路标志以外的其他标志,否,110114,
九支队-昌平执法队,X305怀昌路K26+390上行昌金路,遮挡公路附属设施或者利用公路附属设施架设管道、悬挂物品，可能危及公路安全,否,110114,
九支队-昌平执法队,X305怀昌路K26+390上行昌金路,货车不规范苫盖,是,110114,
九支队-昌平执法队,X305怀昌路K26+390上行昌金路,车辆装载物触地拖行、掉落、遗洒或者飘散，造成公路路面损坏、污染,否,110114,
九支队-大兴执法队,G104京岚线K18+200京岚线与兴亦路交叉口,擅自占用、挖掘公路,是,110115,11000000001314317407
九支队-大兴执法队,G104京岚线K18+200京岚线与兴亦路交叉口,在公路用地范围内设置公路标志以外的其他标志,是,110115,11000000001314317407
九支队-大兴执法队,G104京岚线K18+200京岚线与兴亦路交叉口,遮挡公路附属设施或者利用公路附属设施架设管道、悬挂物品，可能危及公路安全,是,110115,11000000001314317407
九支队-大兴执法队,G104京岚线K18+200京岚线与兴亦路交叉口,货车不规范苫盖,是,110115,11000000001314317407
九支队-大兴执法队,G104京岚线K18+200京岚线与兴亦路交叉口,车辆装载物触地拖行、掉落、遗洒或者飘散，造成公路路面损坏、污染,是,110115,11000000001314317407
九支队-大兴执法队,G104京岚线K33+700马朱路口,擅自占用、挖掘公路,是,110115,11000000001313703362
九支队-大兴执法队,G104京岚线K33+700马朱路口,在公路用地范围内设置公路标志以外的其他标志,是,110115,11000000001313703362
九支队-大兴执法队,G104京岚线K33+700马朱路口,遮挡公路附属设施或者利用公路附属设施架设管道、悬挂物品，可能危及公路安全,是,110115,11000000001313703362
九支队-大兴执法队,G104京岚线K33+700马朱路口,货车不规范苫盖,是,110115,11000000001313703362
九支队-大兴执法队,G104京岚线K33+700马朱路口,车辆装载物触地拖行、掉落、遗洒或者飘散，造成公路路面损坏、污染,是,110115,11000000001313703362
九支队-大兴执法队,G105京澳线K35+500上行京澳线与黄徐路桥北,擅自占用、挖掘公路,否,110115,11000000001318199767
九支队-大兴执法队,G105京澳线K35+500上行京澳线与黄徐路桥北,在公路用地范围内设置公路标志以外的其他标志,否,110115,11000000001318199767
九支队-大兴执法队,G105京澳线K35+500上行京澳线与黄徐路桥北,遮挡公路附属设施或者利用公路附属设施架设管道、悬挂物品，可能危及公路安全,否,110115,11000000001318199767
九支队-大兴执法队,G105京澳线K35+500上行京澳线与黄徐路桥北,车辆装载物触地拖行、掉落、遗洒或者飘散，造成公路路面损坏、污染,否,110115,11000000001318199767
九支队-大兴执法队,G105京澳线K35+500上行京澳线与黄徐路桥北,擅自占用、挖掘公路,是,110115,11000000001318199767
九支队-大兴执法队,G105京澳线K35+500上行京澳线与黄徐路桥北,在公路用地范围内设置公路标志以外的其他标志,是,110115,11000000001318199767
九支队-大兴执法队,G105京澳线K35+500上行京澳线与黄徐路桥北,遮挡公路附属设施或者利用公路附属设施架设管道、悬挂物品，可能危及公路安全,是,110115,11000000001318199767
九支队-大兴执法队,G105京澳线K35+500上行京澳线与黄徐路桥北,货车不规范苫盖,是,110115,11000000001318199767
九支队-大兴执法队,G105京澳线K35+500上行京澳线与黄徐路桥北,车辆装载物触地拖行、掉落、遗洒或者飘散，造成公路路面损坏、污染,是,110115,11000000001318199767
九支队-大兴执法队,G230通武线K1149+200通武线与南中轴交叉路口,擅自占用、挖掘公路,是,110115,11000000001314074100
九支队-大兴执法队,G230通武线K1149+200通武线与南中轴交叉路口,在公路用地范围内设置公路标志以外的其他标志,是,110115,11000000001314074100
九支队-大兴执法队,G230通武线K1149+200通武线与南中轴交叉路口,遮挡公路附属设施或者利用公路附属设施架设管道、悬挂物品，可能危及公路安全,是,110115,11000000001314074100
九支队-大兴执法队,G230通武线K1149+200通武线与南中轴交叉路口,货车不规范苫盖,是,110115,11000000001314074100
九支队-大兴执法队,G230通武线K1149+200通武线与南中轴交叉路口,车辆装载物触地拖行、掉落、遗洒或者飘散，造成公路路面损坏、污染,是,110115,11000000001314074100
九支队-大兴执法队,G5京昆高速广场K25+000夏村收费站出口双向（可控）,擅自占用、挖掘公路,是,110115,11011101071328110007
九支队-大兴执法队,G5京昆高速广场K25+000夏村收费站出口双向（可控）,在公路用地范围内设置公路标志以外的其他标志,否,110115,11011101071328110007
九支队-大兴执法队,G5京昆高速广场K25+000夏村收费站出口双向（可控）,遮挡公路附属设施或者利用公路附属设施架设管道、悬挂物品，可能危及公路安全,否,110115,11011101071328110007
九支队-大兴执法队,G5京昆高速广场K25+000夏村收费站出口双向（可控）,货车不规范苫盖,是,110115,11011101071328110007
九支队-大兴执法队,G5京昆高速广场K25+000夏村收费站出口双向（可控）,车辆装载物触地拖行、掉落、遗洒或者飘散，造成公路路面损坏、污染,是,110115,11011101071328110007
九支队-大兴执法队,S215京开东辅路K6+600西红门桥东侧,擅自占用、挖掘公路,是,110115,11000000001315288646
九支队-大兴执法队,S215京开东辅路K6+600西红门桥东侧,在公路用地范围内设置公路标志以外的其他标志,是,110115,11000000001315288646
九支队-大兴执法队,S215京开东辅路K6+600西红门桥东侧,遮挡公路附属设施或者利用公路附属设施架设管道、悬挂物品，可能危及公路安全,否,110115,11000000001315288646
九支队-大兴执法队,S215京开东辅路K6+600西红门桥东侧,货车不规范苫盖,是,110115,11000000001315288646
九支队-大兴执法队,S215京开东辅路K6+600西红门桥东侧,车辆装载物触地拖行、掉落、遗洒或者飘散，造成公路路面损坏、污染,是,110115,11000000001315288646
九支队-大兴执法队,S226马朱路K5+000青采路口北,擅自占用、挖掘公路,是,110115,11000000001318987086
九支队-大兴执法队,S226马朱路K5+000青采路口北,在公路用地范围内设置公路标志以外的其他标志,是,110115,11000000001318987086
九支队-大兴执法队,S226马朱路K5+000青采路口北,遮挡公路附属设施或者利用公路附属设施架设管道、悬挂物品，可能危及公路安全,是,110115,11000000001318987086
九支队-大兴执法队,S226马朱路K5+000青采路口北,货车不规范苫盖,是,110115,11000000001318987086
九支队-大兴执法队,S226马朱路K5+000青采路口北,车辆装载物触地拖行、掉落、遗洒或者飘散，造成公路路面损坏、污染,是,110115,11000000001318987086
九支队-大兴执法队,X048德贤辅路K5+200五环北,擅自占用、挖掘公路,否,110115,
九支队-大兴执法队,X048德贤辅路K5+200五环北,在公路用地范围内设置公路标志以外的其他标志,否,110115,
九支队-大兴执法队,X048德贤辅路K5+200五环北,遮挡公路附属设施或者利用公路附属设施架设管道、悬挂物品，可能危及公路安全,否,110115,
九支队-大兴执法队,X048德贤辅路K5+200五环北,车辆装载物触地拖行、掉落、遗洒或者飘散，造成公路路面损坏、污染,否,110115,
九支队-大兴执法队,G106京开高速道路K28+170薛营入口收费站北200米出京（可控）,擅自占用、挖掘公路,是,110115,11011501071328440096
九支队-大兴执法队,G106京开高速道路K28+170薛营入口收费站北200米出京（可控）,在公路用地范围内设置公路标志以外的其他标志,是,110115,11011501071328440096
九支队-大兴执法队,G106京开高速道路K28+170薛营入口收费站北200米出京（可控）,遮挡公路附属设施或者利用公路附属设施架设管道、悬挂物品，可能危及公路安全,是,110115,11011501071328440096
九支队-大兴执法队,G106京开高速道路K28+170薛营入口收费站北200米出京（可控）,货车不规范苫盖,是,110115,11011501071328440096
九支队-大兴执法队,G106京开高速道路K28+170薛营入口收费站北200米出京（可控）,车辆装载物触地拖行、掉落、遗洒或者飘散，造成公路路面损坏、污染,是,110115,11011501071328440096
九支队-大兴执法队,G106京开高速广场K24+200三融入口出京1（可控）,擅自占用、挖掘公路,是,110115,11011501071328440035
九支队-大兴执法队,G106京开高速广场K24+200三融入口出京1（可控）,在公路用地范围内设置公路标志以外的其他标志,否,110115,11011501071328440035
九支队-大兴执法队,G106京开高速广场K24+200三融入口出京1（可控）,遮挡公路附属设施或者利用公路附属设施架设管道、悬挂物品，可能危及公路安全,否,110115,11011501071328440035
九支队-大兴执法队,G106京开高速广场K24+200三融入口出京1（可控）,货车不规范苫盖,是,110115,11011501071328440035
九支队-大兴执法队,G106京开高速广场K24+200三融入口出京1（可控）,车辆装载物触地拖行、掉落、遗洒或者飘散，造成公路路面损坏、污染,是,110115,11011501071328440035
九支队-大兴执法队,G3京台高速广场K5+600青云店出京入口2上行南（可控）,擅自占用、挖掘公路,否,110115,11011501071328050162
九支队-大兴执法队,G3京台高速广场K5+600青云店出京入口2上行南（可控）,在公路用地范围内设置公路标志以外的其他标志,否,110115,11011501071328050162
九支队-大兴执法队,G3京台高速广场K5+600青云店出京入口2上行南（可控）,遮挡公路附属设施或者利用公路附属设施架设管道、悬挂物品，可能危及公路安全,否,110115,11011501071328050162
九支队-大兴执法队,G3京台高速广场K5+600青云店出京入口2上行南（可控）,车辆装载物触地拖行、掉落、遗洒或者飘散，造成公路路面损坏、污染,否,110115,11011501071328050162
九支队-大兴执法队,S3300大兴机场北线K15+395下行内环新机场互通西,擅自占用、挖掘公路,是,110115,11011501071328220019
九支队-大兴执法队,S3300大兴机场北线K15+395下行内环新机场互通西,在公路用地范围内设置公路标志以外的其他标志,是,110115,11011501071328220019
九支队-大兴执法队,S3300大兴机场北线K15+395下行内环新机场互通西,遮挡公路附属设施或者利用公路附属设施架设管道、悬挂物品，可能危及公路安全,是,110115,11011501071328220019
九支队-大兴执法队,S3300大兴机场北线K15+395下行内环新机场互通西,货车不规范苫盖,是,110115,11011501071328220019
九支队-大兴执法队,S3300大兴机场北线K15+395下行内环新机场互通西,车辆装载物触地拖行、掉落、遗洒或者飘散，造成公路路面损坏、污染,是,110115,11011501071328220019
九支队-大兴执法队,S3300大兴机场北线K6+610下行,擅自占用、挖掘公路,是,110115,11011501071328220065
九支队-大兴执法队,S3300大兴机场北线K6+610下行,在公路用地范围内设置公路标志以外的其他标志,是,110115,11011501071328220065
九支队-大兴执法队,S3300大兴机场北线K6+610下行,遮挡公路附属设施或者利用公路附属设施架设管道、悬挂物品，可能危及公路安全,是,110115,11011501071328220065
九支队-大兴执法队,S3300大兴机场北线K6+610下行,货车不规范苫盖,是,110115,11011501071328220065
九支队-大兴执法队,S3300大兴机场北线K6+610下行,车辆装载物触地拖行、掉落、遗洒或者飘散，造成公路路面损坏、污染,是,110115,11011501071328220065
九支队-大兴执法队,G4501南六环道路K74+550南大红门2.5公里外环(可控),擅自占用、挖掘公路,是,110115,11011501071328230008
九支队-大兴执法队,G4501南六环道路K74+550南大红门2.5公里外环(可控),在公路用地范围内设置公路标志以外的其他标志,是,110115,11011501071328230008
九支队-大兴执法队,G4501南六环道路K74+550南大红门2.5公里外环(可控),遮挡公路附属设施或者利用公路附属设施架设管道、悬挂物品，可能危及公路安全,是,110115,11011501071328230008
九支队-大兴执法队,G4501南六环道路K74+550南大红门2.5公里外环(可控),货车不规范苫盖,是,110115,11011501071328230008
九支队-大兴执法队,G4501南六环道路K74+550南大红门2.5公里外环(可控),车辆装载物触地拖行、掉落、遗洒或者飘散，造成公路路面损坏、污染,是,110115,11011501071328230008
九支队-大兴执法队,G4501南六环广场K85+500念坛收费站入口内环(可控),擅自占用、挖掘公路,是,110115,11011501071328230056
九支队-大兴执法队,G4501南六环广场K85+500念坛收费站入口内环(可控),在公路用地范围内设置公路标志以外的其他标志,否,110115,11011501071328230056
九支队-大兴执法队,G4501南六环广场K85+500念坛收费站入口内环(可控),遮挡公路附属设施或者利用公路附属设施架设管道、悬挂物品，可能危及公路安全,否,110115,11011501071328230056
九支队-大兴执法队,G4501南六环广场K85+500念坛收费站入口内环(可控),车辆装载物触地拖行、掉落、遗洒或者飘散，造成公路路面损坏、污染,是,110115,11011501071328230056
九支队-大兴执法队,G45大广高速广场K1349+950求贤入口进京2（可控）,擅自占用、挖掘公路,是,110115,11011501071328160265
九支队-大兴执法队,G45大广高速广场K1349+950求贤入口进京2（可控）,在公路用地范围内设置公路标志以外的其他标志,是,110115,11011501071328160265
九支队-大兴执法队,G45大广高速广场K1349+950求贤入口进京2（可控）,遮挡公路附属设施或者利用公路附属设施架设管道、悬挂物品，可能危及公路安全,是,110115,11011501071328160265
九支队-大兴执法队,G45大广高速广场K1349+950求贤入口进京2（可控）,货车不规范苫盖,是,110115,11011501071328160265
九支队-大兴执法队,G45大广高速广场K1349+950求贤入口进京2（可控）,车辆装载物触地拖行、掉落、遗洒或者飘散，造成公路路面损坏、污染,是,110115,11011501071328160265
九支队-大兴执法队,S3501大兴机场高速K15+247进京-中心路01,擅自占用、挖掘公路,是,110115,11011501071328210050
九支队-大兴执法队,S3501大兴机场高速K15+247进京-中心路01,在公路用地范围内设置公路标志以外的其他标志,是,110115,11011501071328210050
九支队-大兴执法队,S3501大兴机场高速K15+247进京-中心路01,遮挡公路附属设施或者利用公路附属设施架设管道、悬挂物品，可能危及公路安全,否,110115,11011501071328210050
九支队-大兴执法队,S3501大兴机场高速K15+247进京-中心路01,车辆装载物触地拖行、掉落、遗洒或者飘散，造成公路路面损坏、污染,是,110115,11011501071328210050
九支队-大兴执法队,S3501大兴机场高速K3+450大兴新城收费站入广场3,擅自占用、挖掘公路,否,110115,
九支队-大兴执法队,S3501大兴机场高速K3+450大兴新城收费站入广场3,在公路用地范围内设置公路标志以外的其他标志,否,110115,
九支队-大兴执法队,S3501大兴机场高速K3+450大兴新城收费站入广场3,遮挡公路附属设施或者利用公路附属设施架设管道、悬挂物品，可能危及公路安全,否,110115,
九支队-大兴执法队,S3501大兴机场高速K3+450大兴新城收费站入广场3,货车不规范苫盖,否,110115,
九支队-大兴执法队,S3501大兴机场高速K3+450大兴新城收费站入广场3,车辆装载物触地拖行、掉落、遗洒或者飘散，造成公路路面损坏、污染,否,110115,
九支队-房山执法队,G107京港线K41+600京广线铁路,擅自占用、挖掘公路,是,110111,11000000001315030570
九支队-房山执法队,G107京港线K41+600京广线铁路,在公路用地范围内设置公路标志以外的其他标志,是,110111,11000000001315030570
九支队-房山执法队,G107京港线K41+600京广线铁路,遮挡公路附属设施或者利用公路附属设施架设管道、悬挂物品，可能危及公路安全,是,110111,11000000001315030570
九支队-房山执法队,G107京港线K41+600京广线铁路,货车不规范苫盖,是,110111,11000000001315030570
九支队-房山执法队,G107京港线K41+600京广线铁路,车辆装载物触地拖行、掉落、遗洒或者飘散，造成公路路面损坏、污染,是,110111,11000000001315030570
九支队-房山执法队,G107京港线K53+400琉璃河大桥,擅自占用、挖掘公路,是,110111,11000000001311125069
九支队-房山执法队,G107京港线K53+400琉璃河大桥,在公路用地范围内设置公路标志以外的其他标志,是,110111,11000000001311125069
九支队-房山执法队,G107京港线K53+400琉璃河大桥,遮挡公路附属设施或者利用公路附属设施架设管道、悬挂物品，可能危及公路安全,是,110111,11000000001311125069
九支队-房山执法队,G107京港线K53+400琉璃河大桥,货车不规范苫盖,是,110111,11000000001311125069
九支队-房山执法队,G107京港线K53+400琉璃河大桥,车辆装载物触地拖行、掉落、遗洒或者飘散，造成公路路面损坏、污染,是,110111,11000000001311125069
九支队-房山执法队,G107京港线K55+200琉璃河检查站（出京）,擅自占用、挖掘公路,是,110111,11000000001311523919
九支队-房山执法队,G107京港线K55+200琉璃河检查站（出京）,在公路用地范围内设置公路标志以外的其他标志,是,110111,11000000001311523919
九支队-房山执法队,G107京港线K55+200琉璃河检查站（出京）,遮挡公路附属设施或者利用公路附属设施架设管道、悬挂物品，可能危及公路安全,是,110111,11000000001311523919
九支队-房山执法队,G107京港线K55+200琉璃河检查站（出京）,货车不规范苫盖,是,110111,11000000001311523919
九支队-房山执法队,G107京港线K55+200琉璃河检查站（出京）,车辆装载物触地拖行、掉落、遗洒或者飘散，造成公路路面损坏、污染,是,110111,11000000001311523919
九支队-房山执法队,G107京港线K55+200琉璃河检查站（进京）,擅自占用、挖掘公路,是,110111,11000000001314007362
九支队-房山执法队,G107京港线K55+200琉璃河检查站（进京）,在公路用地范围内设置公路标志以外的其他标志,是,110111,11000000001314007362
九支队-房山执法队,G107京港线K55+200琉璃河检查站（进京）,遮挡公路附属设施或者利用公路附属设施架设管道、悬挂物品，可能危及公路安全,是,110111,11000000001314007362
九支队-房山执法队,G107京港线K55+200琉璃河检查站（进京）,货车不规范苫盖,是,110111,11000000001314007362
九支队-房山执法队,G107京港线K55+200琉璃河检查站（进京）,车辆装载物触地拖行、掉落、遗洒或者飘散，造成公路路面损坏、污染,是,110111,11000000001314007362
九支队-房山执法队,G108京昆线K48+000东庄子桥,擅自占用、挖掘公路,是,110111,11000000001313872319
九支队-房山执法队,G108京昆线K48+000东庄子桥,在公路用地范围内设置公路标志以外的其他标志,是,110111,11000000001313872319
九支队-房山执法队,G108京昆线K48+000东庄子桥,遮挡公路附属设施或者利用公路附属设施架设管道、悬挂物品，可能危及公路安全,是,110111,11000000001313872319
九支队-房山执法队,G108京昆线K48+000东庄子桥,货车不规范苫盖,是,110111,11000000001313872319
九支队-房山执法队,G108京昆线K48+000东庄子桥,车辆装载物触地拖行、掉落、遗洒或者飘散，造成公路路面损坏、污染,是,110111,11000000001313872319
九支队-房山执法队,G230通武线K1178+700下穿京广高铁桥北,擅自占用、挖掘公路,是,110111,11000000001317455018
九支队-房山执法队,G230通武线K1178+700下穿京广高铁桥北,在公路用地范围内设置公路标志以外的其他标志,是,110111,11000000001317455018
九支队-房山执法队,G230通武线K1178+700下穿京广高铁桥北,遮挡公路附属设施或者利用公路附属设施架设管道、悬挂物品，可能危及公路安全,是,110111,11000000001317455018
九支队-房山执法队,G230通武线K1178+700下穿京广高铁桥北,车辆装载物触地拖行、掉落、遗洒或者飘散，造成公路路面损坏、污染,是,110111,11000000001317455018
九支队-房山执法队,G230通武线K1180+100常舍村（出京）,擅自占用、挖掘公路,是,110111,11000000001316769609
九支队-房山执法队,G230通武线K1180+100常舍村（出京）,在公路用地范围内设置公路标志以外的其他标志,是,110111,11000000001316769609
九支队-房山执法队,G230通武线K1180+100常舍村（出京）,遮挡公路附属设施或者利用公路附属设施架设管道、悬挂物品，可能危及公路安全,是,110111,11000000001316769609
九支队-房山执法队,G230通武线K1180+100常舍村（出京）,货车不规范苫盖,是,110111,11000000001316769609
九支队-房山执法队,G230通武线K1180+100常舍村（出京）,车辆装载物触地拖行、掉落、遗洒或者飘散，造成公路路面损坏、污染,是,110111,11000000001316769609
九支队-房山执法队,G230通武线K1180+100常舍村（进京）,擅自占用、挖掘公路,是,110111,11000000001311020418
九支队-房山执法队,G230通武线K1180+100常舍村（进京）,在公路用地范围内设置公路标志以外的其他标志,是,110111,11000000001311020418
九支队-房山执法队,G230通武线K1180+100常舍村（进京）,遮挡公路附属设施或者利用公路附属设施架设管道、悬挂物品，可能危及公路安全,是,110111,11000000001311020418
九支队-房山执法队,G230通武线K1180+100常舍村（进京）,货车不规范苫盖,是,110111,11000000001311020418
九支队-房山执法队,G230通武线K1180+100常舍村（进京）,车辆装载物触地拖行、掉落、遗洒或者飘散，造成公路路面损坏、污染,是,110111,11000000001311020418
九支队-房山执法队,G230通武线K1180+134通武线与琉陶路交叉口南,擅自占用、挖掘公路,是,110111,11000000001319087302
九支队-房山执法队,G230通武线K1180+134通武线与琉陶路交叉口南,在公路用地范围内设置公路标志以外的其他标志,是,110111,11000000001319087302
九支队-房山执法队,G230通武线K1180+134通武线与琉陶路交叉口南,遮挡公路附属设施或者利用公路附属设施架设管道、悬挂物品，可能危及公路安全,是,110111,11000000001319087302
九支队-房山执法队,G230通武线K1180+134通武线与琉陶路交叉口南,货车不规范苫盖,是,110111,11000000001319087302
九支队-房山执法队,G230通武线K1180+134通武线与琉陶路交叉口南,车辆装载物触地拖行、掉落、遗洒或者飘散，造成公路路面损坏、污染,是,110111,11000000001319087302
九支队-房山执法队,G234兴阳线K402+010兴阳线坟庄村非限全景,擅自占用、挖掘公路,是,110111,11000000001319309175
九支队-房山执法队,G234兴阳线K402+010兴阳线坟庄村非限全景,在公路用地范围内设置公路标志以外的其他标志,是,110111,11000000001319309175
九支队-房山执法队,G234兴阳线K402+010兴阳线坟庄村非限全景,遮挡公路附属设施或者利用公路附属设施架设管道、悬挂物品，可能危及公路安全,是,110111,11000000001319309175
九支队-房山执法队,G234兴阳线K402+010兴阳线坟庄村非限全景,车辆装载物触地拖行、掉落、遗洒或者飘散，造成公路路面损坏、污染,是,110111,11000000001319309175
九支队-房山执法队,G234兴阳线K386+350周支铁路,擅自占用、挖掘公路,是,110111,11000000001317589880
九支队-房山执法队,G234兴阳线K386+350周支铁路,在公路用地范围内设置公路标志以外的其他标志,是,110111,11000000001317589880
九支队-房山执法队,G234兴阳线K386+350周支铁路,遮挡公路附属设施或者利用公路附属设施架设管道、悬挂物品，可能危及公路安全,是,110111,11000000001317589880
九支队-房山执法队,G234兴阳线K386+350周支铁路,货车不规范苫盖,是,110111,11000000001317589880
九支队-房山执法队,G234兴阳线K386+350周支铁路,车辆装载物触地拖行、掉落、遗洒或者飘散，造成公路路面损坏、污染,是,110111,11000000001317589880
九支队-房山执法队,S313岳琉路K11+650水泥厂泵站,擅自占用、挖掘公路,是,110111,11000000001312470790
九支队-房山执法队,S313岳琉路K11+650水泥厂泵站,在公路用地范围内设置公路标志以外的其他标志,是,110111,11000000001312470790
九支队-房山执法队,S313岳琉路K11+650水泥厂泵站,遮挡公路附属设施或者利用公路附属设施架设管道、悬挂物品，可能危及公路安全,是,110111,11000000001312470790
九支队-房山执法队,S313岳琉路K11+650水泥厂泵站,车辆装载物触地拖行、掉落、遗洒或者飘散，造成公路路面损坏、污染,是,110111,11000000001312470790
九支队-房山执法队,S313岳琉路K9+100李庄泵站,擅自占用、挖掘公路,是,110111,11000000001315544554
九支队-房山执法队,S313岳琉路K9+100李庄泵站,在公路用地范围内设置公路标志以外的其他标志,是,110111,11000000001315544554
九支队-房山执法队,S313岳琉路K9+100李庄泵站,遮挡公路附属设施或者利用公路附属设施架设管道、悬挂物品，可能危及公路安全,是,110111,11000000001315544554
九支队-房山执法队,S313岳琉路K9+100李庄泵站,货车不规范苫盖,是,110111,11000000001315544554
九支队-房山执法队,S313岳琉路K9+100李庄泵站,车辆装载物触地拖行、掉落、遗洒或者飘散，造成公路路面损坏、污染,是,110111,11000000001315544554
九支队-房山执法队,S315兴良路K9+900非现全景,擅自占用、挖掘公路,否,110111,
九支队-房山执法队,S315兴良路K9+900非现全景,在公路用地范围内设置公路标志以外的其他标志,否,110111,
九支队-房山执法队,S315兴良路K9+900非现全景,遮挡公路附属设施或者利用公路附属设施架设管道、悬挂物品，可能危及公路安全,否,110111,
九支队-房山执法队,S315兴良路K9+900非现全景,车辆装载物触地拖行、掉落、遗洒或者飘散，造成公路路面损坏、污染,否,110111,
九支队-房山执法队,S320G108复线K15+889长操隧道03 进京方向,擅自占用、挖掘公路,是,110111,11000000001313048334
九支队-房山执法队,S320G108复线K15+889长操隧道03 进京方向,在公路用地范围内设置公路标志以外的其他标志,是,110111,11000000001313048334
九支队-房山执法队,S320G108复线K15+889长操隧道03 进京方向,遮挡公路附属设施或者利用公路附属设施架设管道、悬挂物品，可能危及公路安全,是,110111,11000000001313048334
九支队-房山执法队,S320G108复线K15+889长操隧道03 进京方向,货车不规范苫盖,是,110111,11000000001313048334
九支队-房山执法队,S320G108复线K15+889长操隧道03 进京方向,车辆装载物触地拖行、掉落、遗洒或者飘散，造成公路路面损坏、污染,是,110111,11000000001313048334
九支队-房山执法队,S326大件路K9+710丁家洼桥东,擅自占用、挖掘公路,是,110111,11000000001312446525
九支队-房山执法队,S326大件路K9+710丁家洼桥东,在公路用地范围内设置公路标志以外的其他标志,否,110111,11000000001312446525
九支队-房山执法队,S326大件路K9+710丁家洼桥东,遮挡公路附属设施或者利用公路附属设施架设管道、悬挂物品，可能危及公路安全,是,110111,11000000001312446525
九支队-房山执法队,S326大件路K9+710丁家洼桥东,车辆装载物触地拖行、掉落、遗洒或者飘散，造成公路路面损坏、污染,是,110111,11000000001312446525
九支队-房山执法队,G4501南六环广场K94+200长阳收费站入口内环(可控),擅自占用、挖掘公路,是,110111,11011101071328230051
九支队-房山执法队,G4501南六环广场K94+200长阳收费站入口内环(可控),在公路用地范围内设置公路标志以外的其他标志,是,110111,11011101071328230051
九支队-房山执法队,G4501南六环广场K94+200长阳收费站入口内环(可控),遮挡公路附属设施或者利用公路附属设施架设管道、悬挂物品，可能危及公路安全,是,110111,11011101071328230051
九支队-房山执法队,G4501南六环广场K94+200长阳收费站入口内环(可控),货车不规范苫盖,是,110111,11011101071328230051
九支队-房山执法队,G4501南六环广场K94+200长阳收费站入口内环(可控),车辆装载物触地拖行、掉落、遗洒或者飘散，造成公路路面损坏、污染,是,110111,11011101071328230051
九支队-房山执法队,G4京港澳高速广场K18+900京良收费站双向入口双向北2（可控）,擅自占用、挖掘公路,否,110111,
九支队-房山执法队,G4京港澳高速广场K18+900京良收费站双向入口双向北2（可控）,在公路用地范围内设置公路标志以外的其他标志,否,110111,
九支队-房山执法队,G4京港澳高速广场K18+900京良收费站双向入口双向北2（可控）,遮挡公路附属设施或者利用公路附属设施架设管道、悬挂物品，可能危及公路安全,否,110111,
九支队-房山执法队,G4京港澳高速广场K18+900京良收费站双向入口双向北2（可控）,车辆装载物触地拖行、掉落、遗洒或者飘散，造成公路路面损坏、污染,否,110111,
九支队-房山执法队,G5京昆高速广场K25+000夏村收费站入口双向（可控）,擅自占用、挖掘公路,是,110111,11011101071328110008
九支队-房山执法队,G5京昆高速广场K25+000夏村收费站入口双向（可控）,在公路用地范围内设置公路标志以外的其他标志,否,110111,11011101071328110008
九支队-房山执法队,G5京昆高速广场K25+000夏村收费站入口双向（可控）,遮挡公路附属设施或者利用公路附属设施架设管道、悬挂物品，可能危及公路安全,否,110111,11011101071328110008
九支队-房山执法队,G5京昆高速广场K25+000夏村收费站入口双向（可控）,车辆装载物触地拖行、掉落、遗洒或者飘散，造成公路路面损坏、污染,是,110111,11011101071328110008
九支队-房山执法队,G5京昆高速广场K25+000夏村收费站入口双向（可控）,货车不规范苫盖,是,110111,11011101071328110008
九支队-房山执法队,S3601京雄高速全景（4+1）K14+870出京,擅自占用、挖掘公路,否,110111,
九支队-房山执法队,S3601京雄高速全景（4+1）K14+870出京,在公路用地范围内设置公路标志以外的其他标志,否,110111,
九支队-房山执法队,S3601京雄高速全景（4+1）K14+870出京,遮挡公路附属设施或者利用公路附属设施架设管道、悬挂物品，可能危及公路安全,否,110111,
九支队-房山执法队,S3601京雄高速全景（4+1）K14+870出京,车辆装载物触地拖行、掉落、遗洒或者飘散，造成公路路面损坏、污染,否,110111,
九支队-大兴执法队,G3京台高速广场K5+600青云店出京入口2上行南（可控）,在公路上及公路用地范围内堆放物品,是,110115,11011501071328050162
九支队-大兴执法队,G3京台高速广场K5+600青云店出京入口2上行南（可控）,在公路上及公路用地范围内摆摊设点,是,110115,11011501071328050162
九支队-大兴执法队,G3京台高速广场K5+600青云店出京入口2上行南（可控）,在公路范围内擅自移动井盖,否,110115,11011501071328050162
九支队-大兴执法队,G3京台高速广场K5+600青云店出京入口2上行南（可控）,擅自占用、挖掘公路,是,110115,11011501071328050162
九支队-大兴执法队,G3京台高速广场K5+600青云店出京入口2上行南（可控）,在公路用地范围内设置公路标志以外的其他标志,否,110115,11011501071328050162
九支队-大兴执法队,G3京台高速广场K5+600青云店出京入口2上行南（可控）,遮挡公路附属设施或者利用公路附属设施架设管道、悬挂物品，可能危及公路安全,否,110115,11011501071328050162
九支队-大兴执法队,G3京台高速广场K5+600青云店出京入口2上行南（可控）,车辆装载物触地拖行、掉落、遗洒或者飘散，造成公路路面损坏、污染,是,110115,11011501071328050162
九支队-大兴执法队,G3京台高速广场K5+600青云店进京出口2下行北（可控）,在公路上及公路用地范围内堆放物品,是,110115,11011501071328050165
九支队-大兴执法队,G3京台高速广场K5+600青云店进京出口2下行北（可控）,在公路上及公路用地范围内摆摊设点,是,110115,11011501071328050165
九支队-大兴执法队,G3京台高速广场K5+600青云店进京出口2下行北（可控）,在公路范围内擅自移动井盖,否,110115,11011501071328050165
九支队-大兴执法队,G3京台高速广场K5+600青云店进京出口2下行北（可控）,擅自占用、挖掘公路,是,110115,11011501071328050165
九支队-大兴执法队,G3京台高速广场K5+600青云店进京出口2下行北（可控）,在公路用地范围内设置公路标志以外的其他标志,否,110115,11011501071328050165
九支队-大兴执法队,G3京台高速广场K5+600青云店进京出口2下行北（可控）,遮挡公路附属设施或者利用公路附属设施架设管道、悬挂物品，可能危及公路安全,是,110115,11011501071328050165
九支队-大兴执法队,G3京台高速广场K5+600青云店进京出口2下行北（可控）,车辆装载物触地拖行、掉落、遗洒或者飘散，造成公路路面损坏、污染,是,110115,11011501071328050165
九支队-大兴执法队,G3京台高速广场K5+800青云店出京入口上行北（可控）,在公路上及公路用地范围内堆放物品,否,110115,11011501071328050163
九支队-大兴执法队,G3京台高速广场K5+800青云店出京入口上行北（可控）,在公路上及公路用地范围内摆摊设点,否,110115,11011501071328050163
九支队-大兴执法队,G3京台高速广场K5+800青云店出京入口上行北（可控）,在公路范围内擅自移动井盖,否,110115,11011501071328050163
九支队-大兴执法队,G3京台高速广场K5+800青云店出京入口上行北（可控）,擅自占用、挖掘公路,否,110115,11011501071328050163
九支队-大兴执法队,G3京台高速广场K5+800青云店出京入口上行北（可控）,在公路用地范围内设置公路标志以外的其他标志,否,110115,11011501071328050163
九支队-大兴执法队,G3京台高速广场K5+800青云店出京入口上行北（可控）,遮挡公路附属设施或者利用公路附属设施架设管道、悬挂物品，可能危及公路安全,否,110115,11011501071328050163
九支队-大兴执法队,G3京台高速广场K5+800青云店出京入口上行北（可控）,车辆装载物触地拖行、掉落、遗洒或者飘散，造成公路路面损坏、污染,否,110115,11011501071328050163
九支队-大兴执法队,大兴机场礼贤服务区,在公路上及公路用地范围内堆放物品,否,110115,
九支队-大兴执法队,大兴机场礼贤服务区,在公路上及公路用地范围内摆摊设点,否,110115,
九支队-大兴执法队,大兴机场礼贤服务区,在公路范围内擅自移动井盖,否,110115,
九支队-大兴执法队,大兴机场礼贤服务区,擅自占用、挖掘公路,否,110115,
九支队-大兴执法队,大兴机场礼贤服务区,在公路用地范围内设置公路标志以外的其他标志,否,110115,
九支队-大兴执法队,大兴机场礼贤服务区,遮挡公路附属设施或者利用公路附属设施架设管道、悬挂物品，可能危及公路安全,否,110115,
九支队-大兴执法队,大兴机场礼贤服务区,车辆装载物触地拖行、掉落、遗洒或者飘散，造成公路路面损坏、污染,否,110115,
九支队-延庆执法队,S3801京礼高速道路K53+320进京-阪泉服务区进京侧西南口 （可控）,在公路上及公路用地范围内堆放物品,否,110119,
九支队-延庆执法队,S3801京礼高速道路K53+320进京-阪泉服务区进京侧西南口 （可控）,在公路上及公路用地范围内摆摊设点,否,110119,
九支队-延庆执法队,S3801京礼高速道路K53+320进京-阪泉服务区进京侧西南口 （可控）,在公路范围内擅自移动井盖,否,110119,
九支队-延庆执法队,S3801京礼高速道路K53+320进京-阪泉服务区进京侧西南口 （可控）,擅自占用、挖掘公路,否,110119,
九支队-延庆执法队,S3801京礼高速道路K53+320进京-阪泉服务区进京侧西南口 （可控）,在公路用地范围内设置公路标志以外的其他标志,否,110119,
九支队-延庆执法队,S3801京礼高速道路K53+320进京-阪泉服务区进京侧西南口 （可控）,遮挡公路附属设施或者利用公路附属设施架设管道、悬挂物品，可能危及公路安全,否,110119,
九支队-延庆执法队,S3801京礼高速道路K53+320进京-阪泉服务区进京侧西南口 （可控）,车辆装载物触地拖行、掉落、遗洒或者飘散，造成公路路面损坏、污染,否,110119,
九支队-延庆执法队,S3801京礼高速道路K53+900阪泉服务区出京（可控）,在公路上及公路用地范围内堆放物品,是,110119,11011901071328090635
九支队-延庆执法队,S3801京礼高速道路K53+900阪泉服务区出京（可控）,在公路上及公路用地范围内摆摊设点,是,110119,11011901071328090635
九支队-延庆执法队,S3801京礼高速道路K53+900阪泉服务区出京（可控）,在公路范围内擅自移动井盖,否,110119,11011901071328090635
九支队-延庆执法队,S3801京礼高速道路K53+900阪泉服务区出京（可控）,擅自占用、挖掘公路,是,110119,11011901071328090635
九支队-延庆执法队,S3801京礼高速道路K53+900阪泉服务区出京（可控）,在公路用地范围内设置公路标志以外的其他标志,是,110119,11011901071328090635
九支队-延庆执法队,S3801京礼高速道路K53+900阪泉服务区出京（可控）,遮挡公路附属设施或者利用公路附属设施架设管道、悬挂物品，可能危及公路安全,是,110119,11011901071328090635
九支队-延庆执法队,S3801京礼高速道路K53+900阪泉服务区出京（可控）,车辆装载物触地拖行、掉落、遗洒或者飘散，造成公路路面损坏、污染,是,110119,11011901071328090635
九支队-延庆执法队,S3801京礼高速道路K53+800进京-阪泉服务区进京侧西口 （可控）,在公路上及公路用地范围内堆放物品,否,110119,
九支队-延庆执法队,S3801京礼高速道路K53+800进京-阪泉服务区进京侧西口 （可控）,在公路上及公路用地范围内摆摊设点,否,110119,
九支队-延庆执法队,S3801京礼高速道路K53+800进京-阪泉服务区进京侧西口 （可控）,在公路范围内擅自移动井盖,否,110119,
九支队-延庆执法队,S3801京礼高速道路K53+800进京-阪泉服务区进京侧西口 （可控）,擅自占用、挖掘公路,否,110119,
九支队-延庆执法队,S3801京礼高速道路K53+800进京-阪泉服务区进京侧西口 （可控）,在公路用地范围内设置公路标志以外的其他标志,否,110119,
九支队-延庆执法队,S3801京礼高速道路K53+800进京-阪泉服务区进京侧西口 （可控）,遮挡公路附属设施或者利用公路附属设施架设管道、悬挂物品，可能危及公路安全,否,110119,
九支队-延庆执法队,S3801京礼高速道路K53+800进京-阪泉服务区进京侧西口 （可控）,车辆装载物触地拖行、掉落、遗洒或者飘散，造成公路路面损坏、污染,是,110119,
九支队-昌平执法队,G6京藏高速道路K27+000百葛服务区进京,在公路上及公路用地范围内堆放物品,否,110114,
九支队-昌平执法队,G6京藏高速道路K27+000百葛服务区进京,在公路上及公路用地范围内摆摊设点,否,110114,
九支队-昌平执法队,G6京藏高速道路K27+000百葛服务区进京,在公路范围内擅自移动井盖,否,110114,
九支队-昌平执法队,G6京藏高速道路K27+000百葛服务区进京,擅自占用、挖掘公路,否,110114,
九支队-昌平执法队,G6京藏高速道路K27+000百葛服务区进京,在公路用地范围内设置公路标志以外的其他标志,否,110114,
九支队-昌平执法队,G6京藏高速道路K27+000百葛服务区进京,遮挡公路附属设施或者利用公路附属设施架设管道、悬挂物品，可能危及公路安全,否,110114,
九支队-昌平执法队,G6京藏高速道路K27+000百葛服务区进京,车辆装载物触地拖行、掉落、遗洒或者飘散，造成公路路面损坏、污染,否,110114,
九支队-昌平执法队,S3801京礼高速K7+359上店服务区南区进京03,在公路上及公路用地范围内堆放物品,否,110114,
九支队-昌平执法队,S3801京礼高速K7+359上店服务区南区进京03,在公路上及公路用地范围内摆摊设点,否,110114,
九支队-昌平执法队,S3801京礼高速K7+359上店服务区南区进京03,在公路范围内擅自移动井盖,否,110114,
九支队-昌平执法队,S3801京礼高速K7+359上店服务区南区进京03,擅自占用、挖掘公路,否,110114,
九支队-昌平执法队,S3801京礼高速K7+359上店服务区南区进京03,在公路用地范围内设置公路标志以外的其他标志,否,110114,
九支队-昌平执法队,S3801京礼高速K7+359上店服务区南区进京03,遮挡公路附属设施或者利用公路附属设施架设管道、悬挂物品，可能危及公路安全,否,110114,
九支队-昌平执法队,S3801京礼高速K7+359上店服务区南区进京03,车辆装载物触地拖行、掉落、遗洒或者飘散，造成公路路面损坏、污染,否,110114,
九支队-昌平执法队,S3801京礼高速K7+359上店服务区南区进京04,在公路上及公路用地范围内堆放物品,否,110114,
九支队-昌平执法队,S3801京礼高速K7+359上店服务区南区进京04,在公路上及公路用地范围内摆摊设点,否,110114,
九支队-昌平执法队,S3801京礼高速K7+359上店服务区南区进京04,在公路范围内擅自移动井盖,否,110114,
九支队-昌平执法队,S3801京礼高速K7+359上店服务区南区进京04,擅自占用、挖掘公路,否,110114,
九支队-昌平执法队,S3801京礼高速K7+359上店服务区南区进京04,在公路用地范围内设置公路标志以外的其他标志,否,110114,
九支队-昌平执法队,S3801京礼高速K7+359上店服务区南区进京04,遮挡公路附属设施或者利用公路附属设施架设管道、悬挂物品，可能危及公路安全,否,110114,
九支队-昌平执法队,S3801京礼高速K7+359上店服务区南区进京04,车辆装载物触地拖行、掉落、遗洒或者飘散，造成公路路面损坏、污染,否,110114,
九支队-房山执法队,G4京港澳高速道路K35+000窦店站区附近出京下行南（可控）,在公路上及公路用地范围内堆放物品,是,110111,11011101071328140030
九支队-房山执法队,G4京港澳高速道路K35+000窦店站区附近出京下行南（可控）,在公路上及公路用地范围内摆摊设点,是,110111,11011101071328140030
九支队-房山执法队,G4京港澳高速道路K35+000窦店站区附近出京下行南（可控）,在公路范围内擅自移动井盖,否,110111,11011101071328140030
九支队-房山执法队,G4京港澳高速道路K35+000窦店站区附近出京下行南（可控）,擅自占用、挖掘公路,是,110111,11011101071328140030
九支队-房山执法队,G4京港澳高速道路K35+000窦店站区附近出京下行南（可控）,在公路用地范围内设置公路标志以外的其他标志,是,110111,11011101071328140030
九支队-房山执法队,G4京港澳高速道路K35+000窦店站区附近出京下行南（可控）,遮挡公路附属设施或者利用公路附属设施架设管道、悬挂物品，可能危及公路安全,是,110111,11011101071328140030
九支队-房山执法队,G4京港澳高速道路K35+000窦店站区附近出京下行南（可控）,车辆装载物触地拖行、掉落、遗洒或者飘散，造成公路路面损坏、污染,否,110111,11011101071328140030
九支队-房山执法队,G5京昆高速道路K36+780服务区1出京（可控）,在公路上及公路用地范围内堆放物品,是,110111,
九支队-房山执法队,G5京昆高速道路K36+780服务区1出京（可控）,在公路上及公路用地范围内摆摊设点,是,110111,
九支队-房山执法队,G5京昆高速道路K36+780服务区1出京（可控）,在公路范围内擅自移动井盖,否,110111,
九支队-房山执法队,G5京昆高速道路K36+780服务区1出京（可控）,擅自占用、挖掘公路,是,110111,
九支队-房山执法队,G5京昆高速道路K36+780服务区1出京（可控）,在公路用地范围内设置公路标志以外的其他标志,是,110111,
九支队-房山执法队,G5京昆高速道路K36+780服务区1出京（可控）,遮挡公路附属设施或者利用公路附属设施架设管道、悬挂物品，可能危及公路安全,是,110111,
九支队-房山执法队,G5京昆高速道路K36+780服务区1出京（可控）,车辆装载物触地拖行、掉落、遗洒或者飘散，造成公路路面损坏、污染,是,110111,
九支队-房山执法队,G5京昆高速道路K36+950服务区2进京（可控）,在公路上及公路用地范围内堆放物品,否,110111,11011101071328110056
九支队-房山执法队,G5京昆高速道路K36+950服务区2进京（可控）,在公路上及公路用地范围内摆摊设点,否,110111,11011101071328110056
九支队-房山执法队,G5京昆高速道路K36+950服务区2进京（可控）,在公路范围内擅自移动井盖,否,110111,11011101071328110056
九支队-房山执法队,G5京昆高速道路K36+950服务区2进京（可控）,擅自占用、挖掘公路,否,110111,11011101071328110056
九支队-房山执法队,G5京昆高速道路K36+950服务区2进京（可控）,在公路用地范围内设置公路标志以外的其他标志,否,110111,11011101071328110056
九支队-房山执法队,G5京昆高速道路K36+950服务区2进京（可控）,遮挡公路附属设施或者利用公路附属设施架设管道、悬挂物品，可能危及公路安全,否,110111,11011101071328110056
九支队-房山执法队,G5京昆高速道路K36+950服务区2进京（可控）,车辆装载物触地拖行、掉落、遗洒或者飘散，造成公路路面损坏、污染,是,110111,11011101071328110056
九支队-房山执法队,S3601京雄高速全景（4+1）K14+870出京,在公路上及公路用地范围内堆放物品,否,110111,
九支队-房山执法队,S3601京雄高速全景（4+1）K14+870出京,在公路上及公路用地范围内摆摊设点,否,110111,
九支队-房山执法队,S3601京雄高速全景（4+1）K14+870出京,在公路范围内擅自移动井盖,否,110111,
九支队-房山执法队,S3601京雄高速全景（4+1）K14+870出京,擅自占用、挖掘公路,否,110111,
九支队-房山执法队,S3601京雄高速全景（4+1）K14+870出京,在公路用地范围内设置公路标志以外的其他标志,否,110111,
九支队-房山执法队,S3601京雄高速全景（4+1）K14+870出京,遮挡公路附属设施或者利用公路附属设施架设管道、悬挂物品，可能危及公路安全,否,110111,
九支队-房山执法队,S3601京雄高速全景（4+1）K14+870出京,车辆装载物触地拖行、掉落、遗洒或者飘散，造成公路路面损坏、污染,否,110111,
九支队-房山执法队,S3601京雄高速遥控K14+700进京,在公路上及公路用地范围内堆放物品,否,110111,
九支队-房山执法队,S3601京雄高速遥控K14+700进京,在公路上及公路用地范围内摆摊设点,否,110111,
九支队-房山执法队,S3601京雄高速遥控K14+700进京,在公路范围内擅自移动井盖,否,110111,
九支队-房山执法队,S3601京雄高速遥控K14+700进京,擅自占用、挖掘公路,否,110111,
九支队-房山执法队,S3601京雄高速遥控K14+700进京,在公路用地范围内设置公路标志以外的其他标志,否,110111,
九支队-房山执法队,S3601京雄高速遥控K14+700进京,遮挡公路附属设施或者利用公路附属设施架设管道、悬挂物品，可能危及公路安全,否,110111,
九支队-房山执法队,S3601京雄高速遥控K14+700进京,车辆装载物触地拖行、掉落、遗洒或者飘散，造成公路路面损坏、污染,否,110111,
九支队-房山执法队,G107京港线K25+500黄良线铁路,在公路上及公路用地范围内堆放物品,是,110111,11000000001315274648
九支队-房山执法队,G107京港线K25+500黄良线铁路,在公路上及公路用地范围内摆摊设点,是,110111,11000000001315274648
九支队-房山执法队,G107京港线K25+500黄良线铁路,在公路范围内擅自移动井盖,否,110111,11000000001315274648
九支队-房山执法队,G107京港线K25+500黄良线铁路,擅自占用、挖掘公路,是,110111,11000000001315274648
九支队-房山执法队,G107京港线K25+500黄良线铁路,在公路用地范围内设置公路标志以外的其他标志,是,110111,11000000001315274648
九支队-房山执法队,G107京港线K25+500黄良线铁路,遮挡公路附属设施或者利用公路附属设施架设管道、悬挂物品，可能危及公路安全,是,110111,11000000001315274648
九支队-房山执法队,G107京港线K25+500黄良线铁路,车辆装载物触地拖行、掉落、遗洒或者飘散，造成公路路面损坏、污染,否,110111,11000000001315274648
九支队-房山执法队,G107京港线K47+300京港澳高速,在公路上及公路用地范围内堆放物品,否,110111,
九支队-房山执法队,G107京港线K47+300京港澳高速,在公路上及公路用地范围内摆摊设点,否,110111,
九支队-房山执法队,G107京港线K47+300京港澳高速,在公路范围内擅自移动井盖,否,110111,
九支队-房山执法队,G107京港线K47+300京港澳高速,擅自占用、挖掘公路,否,110111,
九支队-房山执法队,G107京港线K47+300京港澳高速,在公路用地范围内设置公路标志以外的其他标志,否,110111,
九支队-房山执法队,G107京港线K47+300京港澳高速,遮挡公路附属设施或者利用公路附属设施架设管道、悬挂物品，可能危及公路安全,否,110111,
九支队-房山执法队,G107京港线K47+300京港澳高速,车辆装载物触地拖行、掉落、遗洒或者飘散，造成公路路面损坏、污染,否,110111,
九支队-房山执法队,G234兴阳线K359+730积水点,在公路上及公路用地范围内堆放物品,是,110111,11000000001316494428
九支队-房山执法队,G234兴阳线K359+730积水点,在公路上及公路用地范围内摆摊设点,是,110111,11000000001316494428
九支队-房山执法队,G234兴阳线K359+730积水点,在公路范围内擅自移动井盖,否,110111,11000000001316494428
九支队-房山执法队,G234兴阳线K359+730积水点,擅自占用、挖掘公路,是,110111,11000000001316494428
九支队-房山执法队,G234兴阳线K359+730积水点,在公路用地范围内设置公路标志以外的其他标志,是,110111,11000000001316494428
九支队-房山执法队,G234兴阳线K359+730积水点,遮挡公路附属设施或者利用公路附属设施架设管道、悬挂物品，可能危及公路安全,是,110111,11000000001316494428
九支队-房山执法队,G234兴阳线K359+730积水点,车辆装载物触地拖行、掉落、遗洒或者飘散，造成公路路面损坏、污染,是,110111,11000000001316494428
九支队-房山执法队,G234兴阳线K386+350周支铁路,在公路上及公路用地范围内堆放物品,是,110111,11000000001317589880
九支队-房山执法队,G234兴阳线K386+350周支铁路,在公路上及公路用地范围内摆摊设点,是,110111,11000000001317589880
九支队-房山执法队,G234兴阳线K386+350周支铁路,在公路范围内擅自移动井盖,否,110111,11000000001317589880
九支队-房山执法队,G234兴阳线K386+350周支铁路,擅自占用、挖掘公路,是,110111,11000000001317589880
九支队-房山执法队,G234兴阳线K386+350周支铁路,在公路用地范围内设置公路标志以外的其他标志,是,110111,11000000001317589880
九支队-房山执法队,G234兴阳线K386+350周支铁路,遮挡公路附属设施或者利用公路附属设施架设管道、悬挂物品，可能危及公路安全,是,110111,11000000001317589880
九支队-房山执法队,G234兴阳线K386+350周支铁路,车辆装载物触地拖行、掉落、遗洒或者飘散，造成公路路面损坏、污染,是,110111,11000000001317589880
九支队-房山执法队,S313岳琉路K11+650水泥厂泵站,在公路上及公路用地范围内堆放物品,是,110111,11000000001312470790
九支队-房山执法队,S313岳琉路K11+650水泥厂泵站,在公路上及公路用地范围内摆摊设点,是,110111,11000000001312470790
九支队-房山执法队,S313岳琉路K11+650水泥厂泵站,在公路范围内擅自移动井盖,否,110111,11000000001312470790
九支队-房山执法队,S313岳琉路K11+650水泥厂泵站,擅自占用、挖掘公路,是,110111,11000000001312470790
九支队-房山执法队,S313岳琉路K11+650水泥厂泵站,在公路用地范围内设置公路标志以外的其他标志,是,110111,11000000001312470790
九支队-房山执法队,S313岳琉路K11+650水泥厂泵站,遮挡公路附属设施或者利用公路附属设施架设管道、悬挂物品，可能危及公路安全,是,110111,11000000001312470790
九支队-房山执法队,S313岳琉路K11+650水泥厂泵站,车辆装载物触地拖行、掉落、遗洒或者飘散，造成公路路面损坏、污染,是,110111,11000000001312470790
九支队-房山执法队,S313岳琉路K9+100李庄泵站,在公路上及公路用地范围内堆放物品,是,110111,11000000001315544554
九支队-房山执法队,S313岳琉路K9+100李庄泵站,在公路上及公路用地范围内摆摊设点,是,110111,11000000001315544554
九支队-房山执法队,S313岳琉路K9+100李庄泵站,在公路范围内擅自移动井盖,否,110111,11000000001315544554
九支队-房山执法队,S313岳琉路K9+100李庄泵站,擅自占用、挖掘公路,是,110111,11000000001315544554
九支队-房山执法队,S313岳琉路K9+100李庄泵站,在公路用地范围内设置公路标志以外的其他标志,是,110111,11000000001315544554
九支队-房山执法队,S313岳琉路K9+100李庄泵站,遮挡公路附属设施或者利用公路附属设施架设管道、悬挂物品，可能危及公路安全,是,110111,11000000001315544554
九支队-房山执法队,S313岳琉路K9+100李庄泵站,车辆装载物触地拖行、掉落、遗洒或者飘散，造成公路路面损坏、污染,否,110111,11000000001315544554
九支队-房山执法队,S316兴良路K17+800京广铁路,在公路上及公路用地范围内堆放物品,是,110111,11000000001315578322
九支队-房山执法队,S316兴良路K17+800京广铁路,在公路上及公路用地范围内摆摊设点,是,110111,11000000001315578322
九支队-房山执法队,S316兴良路K17+800京广铁路,在公路范围内擅自移动井盖,否,110111,11000000001315578322
九支队-房山执法队,S316兴良路K17+800京广铁路,擅自占用、挖掘公路,是,110111,11000000001315578322
九支队-房山执法队,S316兴良路K17+800京广铁路,在公路用地范围内设置公路标志以外的其他标志,是,110111,11000000001315578322
九支队-房山执法队,S316兴良路K17+800京广铁路,遮挡公路附属设施或者利用公路附属设施架设管道、悬挂物品，可能危及公路安全,是,110111,11000000001315578322
九支队-房山执法队,S316兴良路K17+800京广铁路,车辆装载物触地拖行、掉落、遗洒或者飘散，造成公路路面损坏、污染,是,110111,11000000001315578322
九支队-房山执法队,S317京周路K37+200(01),在公路上及公路用地范围内堆放物品,是,110111,
九支队-房山执法队,S317京周路K37+200(01),在公路上及公路用地范围内摆摊设点,是,110111,
九支队-房山执法队,S317京周路K37+200(01),在公路范围内擅自移动井盖,否,110111,
九支队-房山执法队,S317京周路K37+200(01),擅自占用、挖掘公路,是,110111,
九支队-房山执法队,S317京周路K37+200(01),在公路用地范围内设置公路标志以外的其他标志,是,110111,
九支队-房山执法队,S317京周路K37+200(01),遮挡公路附属设施或者利用公路附属设施架设管道、悬挂物品，可能危及公路安全,是,110111,
九支队-房山执法队,S317京周路K37+200(01),车辆装载物触地拖行、掉落、遗洒或者飘散，造成公路路面损坏、污染,是,110111,
九支队-房山执法队,S317京周路K37+200(02),在公路上及公路用地范围内堆放物品,否,110111,
九支队-房山执法队,S317京周路K37+200(02),在公路上及公路用地范围内摆摊设点,否,110111,
九支队-房山执法队,S317京周路K37+200(02),在公路范围内擅自移动井盖,否,110111,
九支队-房山执法队,S317京周路K37+200(02),擅自占用、挖掘公路,否,110111,
九支队-房山执法队,S317京周路K37+200(02),在公路用地范围内设置公路标志以外的其他标志,否,110111,
九支队-房山执法队,S317京周路K37+200(02),遮挡公路附属设施或者利用公路附属设施架设管道、悬挂物品，可能危及公路安全,否,110111,
九支队-房山执法队,S317京周路K37+200(02),车辆装载物触地拖行、掉落、遗洒或者飘散，造成公路路面损坏、污染,否,110111,
九支队-房山执法队,S317京周路K36+200(01),在公路上及公路用地范围内堆放物品,否,110111,
九支队-房山执法队,S317京周路K36+200(01),在公路上及公路用地范围内摆摊设点,否,110111,
九支队-房山执法队,S317京周路K36+200(01),在公路范围内擅自移动井盖,否,110111,
九支队-房山执法队,S317京周路K36+200(01),擅自占用、挖掘公路,否,110111,
九支队-房山执法队,S317京周路K36+200(01),在公路用地范围内设置公路标志以外的其他标志,否,110111,
九支队-房山执法队,S317京周路K36+200(01),遮挡公路附属设施或者利用公路附属设施架设管道、悬挂物品，可能危及公路安全,否,110111,
九支队-房山执法队,S317京周路K36+200(01),车辆装载物触地拖行、掉落、遗洒或者飘散，造成公路路面损坏、污染,否,110111,
九支队-房山执法队,S317京周路K36+200(02),在公路上及公路用地范围内堆放物品,否,110111,
九支队-房山执法队,S317京周路K36+200(02),在公路上及公路用地范围内摆摊设点,否,110111,
九支队-房山执法队,S317京周路K36+200(02),在公路范围内擅自移动井盖,否,110111,
九支队-房山执法队,S317京周路K36+200(02),擅自占用、挖掘公路,否,110111,
九支队-房山执法队,S317京周路K36+200(02),在公路用地范围内设置公路标志以外的其他标志,否,110111,
九支队-房山执法队,S317京周路K36+200(02),遮挡公路附属设施或者利用公路附属设施架设管道、悬挂物品，可能危及公路安全,否,110111,
九支队-房山执法队,S317京周路K36+200(02),车辆装载物触地拖行、掉落、遗洒或者飘散，造成公路路面损坏、污染,否,110111,
九支队-门头沟执法队,S209石担路K0+000石门营,在公路上及公路用地范围内堆放物品,是,110109,11000000001312100585
九支队-门头沟执法队,S209石担路K0+000石门营,在公路上及公路用地范围内摆摊设点,是,110109,11000000001312100585
九支队-门头沟执法队,S209石担路K0+000石门营,在公路范围内擅自移动井盖,否,110109,11000000001312100585
九支队-门头沟执法队,S209石担路K0+000石门营,擅自占用、挖掘公路,是,110109,11000000001312100585
九支队-门头沟执法队,S209石担路K0+000石门营,在公路用地范围内设置公路标志以外的其他标志,是,110109,11000000001312100585
九支队-门头沟执法队,S209石担路K0+000石门营,遮挡公路附属设施或者利用公路附属设施架设管道、悬挂物品，可能危及公路安全,是,110109,11000000001312100585
九支队-门头沟执法队,S209石担路K0+000石门营,车辆装载物触地拖行、掉落、遗洒或者飘散，造成公路路面损坏、污染,否,110109,11000000001312100585
九支队-门头沟执法队,S209石担路K3+000葡萄嘴南,在公路上及公路用地范围内堆放物品,是,110109,11000000001317757452
九支队-门头沟执法队,S209石担路K3+000葡萄嘴南,在公路上及公路用地范围内摆摊设点,是,110109,11000000001317757452
九支队-门头沟执法队,S209石担路K3+000葡萄嘴南,在公路范围内擅自移动井盖,否,110109,11000000001317757452
九支队-门头沟执法队,S209石担路K3+000葡萄嘴南,擅自占用、挖掘公路,是,110109,11000000001317757452
九支队-门头沟执法队,S209石担路K3+000葡萄嘴南,在公路用地范围内设置公路标志以外的其他标志,是,110109,11000000001317757452
九支队-门头沟执法队,S209石担路K3+000葡萄嘴南,遮挡公路附属设施或者利用公路附属设施架设管道、悬挂物品，可能危及公路安全,是,110109,11000000001317757452
九支队-门头沟执法队,S209石担路K3+000葡萄嘴南,车辆装载物触地拖行、掉落、遗洒或者飘散，造成公路路面损坏、污染,否,110109,11000000001317757452
九支队-门头沟执法队,S209石担路K3+100葡萄嘴,在公路上及公路用地范围内堆放物品,是,110109,
九支队-门头沟执法队,S209石担路K3+100葡萄嘴,在公路上及公路用地范围内摆摊设点,是,110109,
九支队-门头沟执法队,S209石担路K3+100葡萄嘴,在公路范围内擅自移动井盖,否,110109,
九支队-门头沟执法队,S209石担路K3+100葡萄嘴,擅自占用、挖掘公路,是,110109,
九支队-门头沟执法队,S209石担路K3+100葡萄嘴,在公路用地范围内设置公路标志以外的其他标志,是,110109,
九支队-门头沟执法队,S209石担路K3+100葡萄嘴,遮挡公路附属设施或者利用公路附属设施架设管道、悬挂物品，可能危及公路安全,是,110109,
九支队-门头沟执法队,S209石担路K3+100葡萄嘴,车辆装载物触地拖行、掉落、遗洒或者飘散，造成公路路面损坏、污染,否,110109,
九支队-门头沟执法队,S209石担路K6+800城子铁道桥南,在公路上及公路用地范围内堆放物品,是,110109,
九支队-门头沟执法队,S209石担路K6+800城子铁道桥南,在公路上及公路用地范围内摆摊设点,是,110109,
九支队-门头沟执法队,S209石担路K6+800城子铁道桥南,在公路范围内擅自移动井盖,否,110109,
九支队-门头沟执法队,S209石担路K6+800城子铁道桥南,擅自占用、挖掘公路,是,110109,
九支队-门头沟执法队,S209石担路K6+800城子铁道桥南,在公路用地范围内设置公路标志以外的其他标志,是,110109,
九支队-门头沟执法队,S209石担路K6+800城子铁道桥南,遮挡公路附属设施或者利用公路附属设施架设管道、悬挂物品，可能危及公路安全,是,110109,
九支队-门头沟执法队,S209石担路K6+800城子铁道桥南,车辆装载物触地拖行、掉落、遗洒或者飘散，造成公路路面损坏、污染,否,110109,
九支队-门头沟执法队,S209石担路K7+200城子铁道桥北,在公路上及公路用地范围内堆放物品,否,110109,11000000001312946366
九支队-门头沟执法队,S209石担路K7+200城子铁道桥北,在公路上及公路用地范围内摆摊设点,否,110109,11000000001312946366
九支队-门头沟执法队,S209石担路K7+200城子铁道桥北,在公路范围内擅自移动井盖,否,110109,11000000001312946366
九支队-门头沟执法队,S209石担路K7+200城子铁道桥北,擅自占用、挖掘公路,否,110109,11000000001312946366
九支队-门头沟执法队,S209石担路K7+200城子铁道桥北,在公路用地范围内设置公路标志以外的其他标志,否,110109,11000000001312946366
九支队-门头沟执法队,S209石担路K7+200城子铁道桥北,遮挡公路附属设施或者利用公路附属设施架设管道、悬挂物品，可能危及公路安全,否,110109,11000000001312946366
九支队-门头沟执法队,S209石担路K7+200城子铁道桥北,车辆装载物触地拖行、掉落、遗洒或者飘散，造成公路路面损坏、污染,否,110109,11000000001312946366
九支队-门头沟执法队,S209石担路K9+900龙泉雾村,在公路上及公路用地范围内堆放物品,是,110109,11000000001314375767
九支队-门头沟执法队,S209石担路K9+900龙泉雾村,在公路上及公路用地范围内摆摊设点,是,110109,11000000001314375767
九支队-门头沟执法队,S209石担路K9+900龙泉雾村,在公路范围内擅自移动井盖,否,110109,11000000001314375767
九支队-门头沟执法队,S209石担路K9+900龙泉雾村,擅自占用、挖掘公路,是,110109,11000000001314375767
九支队-门头沟执法队,S209石担路K9+900龙泉雾村,在公路用地范围内设置公路标志以外的其他标志,是,110109,11000000001314375767
九支队-门头沟执法队,S209石担路K9+900龙泉雾村,遮挡公路附属设施或者利用公路附属设施架设管道、悬挂物品，可能危及公路安全,是,110109,11000000001314375767
九支队-门头沟执法队,S209石担路K9+900龙泉雾村,车辆装载物触地拖行、掉落、遗洒或者飘散，造成公路路面损坏、污染,是,110109,11000000001314375767
九支队-门头沟执法队,X906石担路联络线K0+350水闸桥,在公路上及公路用地范围内堆放物品,是,110109,11000000001312901721
九支队-门头沟执法队,X906石担路联络线K0+350水闸桥,在公路上及公路用地范围内摆摊设点,是,110109,11000000001312901721
九支队-门头沟执法队,X906石担路联络线K0+350水闸桥,在公路范围内擅自移动井盖,否,110109,11000000001312901721
九支队-门头沟执法队,X906石担路联络线K0+350水闸桥,擅自占用、挖掘公路,是,110109,11000000001312901721
九支队-门头沟执法队,X906石担路联络线K0+350水闸桥,在公路用地范围内设置公路标志以外的其他标志,是,110109,11000000001312901721
九支队-门头沟执法队,X906石担路联络线K0+350水闸桥,遮挡公路附属设施或者利用公路附属设施架设管道、悬挂物品，可能危及公路安全,是,110109,11000000001312901721
九支队-门头沟执法队,X906石担路联络线K0+350水闸桥,车辆装载物触地拖行、掉落、遗洒或者飘散，造成公路路面损坏、污染,是,110109,11000000001312901721
九支队-门头沟执法队,037054 石担路1141灯杆,在公路上及公路用地范围内堆放物品,否,110109,
九支队-门头沟执法队,037054 石担路1141灯杆,在公路上及公路用地范围内摆摊设点,否,110109,
九支队-门头沟执法队,037054 石担路1141灯杆,在公路范围内擅自移动井盖,否,110109,
九支队-门头沟执法队,037054 石担路1141灯杆,擅自占用、挖掘公路,否,110109,
九支队-门头沟执法队,037054 石担路1141灯杆,在公路用地范围内设置公路标志以外的其他标志,否,110109,
九支队-门头沟执法队,037054 石担路1141灯杆,遮挡公路附属设施或者利用公路附属设施架设管道、悬挂物品，可能危及公路安全,否,110109,
九支队-门头沟执法队,037054 石担路1141灯杆,车辆装载物触地拖行、掉落、遗洒或者飘散，造成公路路面损坏、污染,否,110109,
九支队-门头沟执法队,877043 石担路1061灯杆,在公路上及公路用地范围内堆放物品,否,110109,
九支队-门头沟执法队,877043 石担路1061灯杆,在公路上及公路用地范围内摆摊设点,否,110109,
九支队-门头沟执法队,877043 石担路1061灯杆,在公路范围内擅自移动井盖,否,110109,
九支队-门头沟执法队,877043 石担路1061灯杆,擅自占用、挖掘公路,否,110109,
九支队-门头沟执法队,877043 石担路1061灯杆,在公路用地范围内设置公路标志以外的其他标志,否,110109,
九支队-门头沟执法队,877043 石担路1061灯杆,遮挡公路附属设施或者利用公路附属设施架设管道、悬挂物品，可能危及公路安全,否,110109,
九支队-门头沟执法队,877043 石担路1061灯杆,车辆装载物触地拖行、掉落、遗洒或者飘散，造成公路路面损坏、污染,否,110109,
九支队-门头沟执法队,792073 石担路1057灯杆,在公路上及公路用地范围内堆放物品,否,110109,
九支队-门头沟执法队,792073 石担路1057灯杆,在公路上及公路用地范围内摆摊设点,否,110109,
九支队-门头沟执法队,792073 石担路1057灯杆,在公路范围内擅自移动井盖,否,110109,
九支队-门头沟执法队,792073 石担路1057灯杆,擅自占用、挖掘公路,否,110109,
九支队-门头沟执法队,792073 石担路1057灯杆,在公路用地范围内设置公路标志以外的其他标志,否,110109,
九支队-门头沟执法队,792073 石担路1057灯杆,遮挡公路附属设施或者利用公路附属设施架设管道、悬挂物品，可能危及公路安全,否,110109,
九支队-门头沟执法队,792073 石担路1057灯杆,车辆装载物触地拖行、掉落、遗洒或者飘散，造成公路路面损坏、污染,否,110109,
九支队-门头沟执法队,872631 石担路1051灯杆向南,在公路上及公路用地范围内堆放物品,否,110109,
九支队-门头沟执法队,872631 石担路1051灯杆向南,在公路上及公路用地范围内摆摊设点,否,110109,
九支队-门头沟执法队,872631 石担路1051灯杆向南,在公路范围内擅自移动井盖,否,110109,
九支队-门头沟执法队,872631 石担路1051灯杆向南,擅自占用、挖掘公路,否,110109,
九支队-门头沟执法队,872631 石担路1051灯杆向南,在公路用地范围内设置公路标志以外的其他标志,否,110109,
九支队-门头沟执法队,872631 石担路1051灯杆向南,遮挡公路附属设施或者利用公路附属设施架设管道、悬挂物品，可能危及公路安全,否,110109,
九支队-门头沟执法队,872631 石担路1051灯杆向南,车辆装载物触地拖行、掉落、遗洒或者飘散，造成公路路面损坏、污染,否,110109,
九支队-门头沟执法队,792071 石担路1054灯杆向北,在公路上及公路用地范围内堆放物品,否,110109,
九支队-门头沟执法队,792071 石担路1054灯杆向北,在公路上及公路用地范围内摆摊设点,否,110109,
九支队-门头沟执法队,792071 石担路1054灯杆向北,在公路范围内擅自移动井盖,否,110109,
九支队-门头沟执法队,792071 石担路1054灯杆向北,擅自占用、挖掘公路,否,110109,
九支队-门头沟执法队,792071 石担路1054灯杆向北,在公路用地范围内设置公路标志以外的其他标志,否,110109,
九支队-门头沟执法队,792071 石担路1054灯杆向北,遮挡公路附属设施或者利用公路附属设施架设管道、悬挂物品，可能危及公路安全,否,110109,
九支队-门头沟执法队,792071 石担路1054灯杆向北,车辆装载物触地拖行、掉落、遗洒或者飘散，造成公路路面损坏、污染,否,110109,
九支队-门头沟执法队,G4501六环路匝道K126+500石门营入口内环（可控）,在公路上及公路用地范围内堆放物品,是,110109,11010901071328230025
九支队-门头沟执法队,G4501六环路匝道K126+500石门营入口内环（可控）,在公路上及公路用地范围内摆摊设点,是,110109,11010901071328230025
九支队-门头沟执法队,G4501六环路匝道K126+500石门营入口内环（可控）,在公路范围内擅自移动井盖,否,110109,11010901071328230025
九支队-门头沟执法队,G4501六环路匝道K126+500石门营入口内环（可控）,擅自占用、挖掘公路,是,110109,11010901071328230025
九支队-门头沟执法队,G4501六环路匝道K126+500石门营入口内环（可控）,在公路用地范围内设置公路标志以外的其他标志,是,110109,11010901071328230025
九支队-门头沟执法队,G4501六环路匝道K126+500石门营入口内环（可控）,遮挡公路附属设施或者利用公路附属设施架设管道、悬挂物品，可能危及公路安全,是,110109,11010901071328230025
九支队-门头沟执法队,G4501六环路匝道K126+500石门营入口内环（可控）,车辆装载物触地拖行、掉落、遗洒或者飘散，造成公路路面损坏、污染,是,110109,11010901071328230025
九支队-门头沟执法队,G4501六环路匝道K126+500石门营出口外环（可控）,在公路上及公路用地范围内堆放物品,是,110109,11010901071328230024
九支队-门头沟执法队,G4501六环路匝道K126+500石门营出口外环（可控）,在公路上及公路用地范围内摆摊设点,是,110109,11010901071328230024
九支队-门头沟执法队,G4501六环路匝道K126+500石门营出口外环（可控）,在公路范围内擅自移动井盖,否,110109,11010901071328230024
九支队-门头沟执法队,G4501六环路匝道K126+500石门营出口外环（可控）,擅自占用、挖掘公路,是,110109,11010901071328230024
九支队-门头沟执法队,G4501六环路匝道K126+500石门营出口外环（可控）,在公路用地范围内设置公路标志以外的其他标志,是,110109,11010901071328230024
九支队-门头沟执法队,G4501六环路匝道K126+500石门营出口外环（可控）,遮挡公路附属设施或者利用公路附属设施架设管道、悬挂物品，可能危及公路安全,是,110109,11010901071328230024
九支队-门头沟执法队,G4501六环路匝道K126+500石门营出口外环（可控）,车辆装载物触地拖行、掉落、遗洒或者飘散，造成公路路面损坏、污染,是,110109,11010901071328230024
九支队-门头沟执法队,G4501六环路匝道K132+800广宁入口外环（可控）,在公路上及公路用地范围内堆放物品,是,110109,
九支队-门头沟执法队,G4501六环路匝道K132+800广宁入口外环（可控）,在公路上及公路用地范围内摆摊设点,是,110109,
九支队-门头沟执法队,G4501六环路匝道K132+800广宁入口外环（可控）,在公路范围内擅自移动井盖,否,110109,
九支队-门头沟执法队,G4501六环路匝道K132+800广宁入口外环（可控）,擅自占用、挖掘公路,是,110109,
九支队-门头沟执法队,G4501六环路匝道K132+800广宁入口外环（可控）,在公路用地范围内设置公路标志以外的其他标志,是,110109,
九支队-门头沟执法队,G4501六环路匝道K132+800广宁入口外环（可控）,遮挡公路附属设施或者利用公路附属设施架设管道、悬挂物品，可能危及公路安全,是,110109,
九支队-门头沟执法队,G4501六环路匝道K132+800广宁入口外环（可控）,车辆装载物触地拖行、掉落、遗洒或者飘散，造成公路路面损坏、污染,是,110109,
九支队-门头沟执法队,G4501六环路匝道K132+800广宁出口内环（可控）,在公路上及公路用地范围内堆放物品,是,110109,11010701071328230016
九支队-门头沟执法队,G4501六环路匝道K132+800广宁出口内环（可控）,在公路上及公路用地范围内摆摊设点,是,110109,11010701071328230016
九支队-门头沟执法队,G4501六环路匝道K132+800广宁出口内环（可控）,在公路范围内擅自移动井盖,否,110109,11010701071328230016
九支队-门头沟执法队,G4501六环路匝道K132+800广宁出口内环（可控）,擅自占用、挖掘公路,是,110109,11010701071328230016
九支队-门头沟执法队,G4501六环路匝道K132+800广宁出口内环（可控）,在公路用地范围内设置公路标志以外的其他标志,是,110109,11010701071328230016
九支队-门头沟执法队,G4501六环路匝道K132+800广宁出口内环（可控）,遮挡公路附属设施或者利用公路附属设施架设管道、悬挂物品，可能危及公路安全,是,110109,11010701071328230016
九支队-门头沟执法队,G4501六环路匝道K132+800广宁出口内环（可控）,车辆装载物触地拖行、掉落、遗洒或者飘散，造成公路路面损坏、污染,是,110109,11010701071328230016
九支队-门头沟执法队,G4501六环路匝道K139+700军庄入口内、外环（可控）,在公路上及公路用地范围内堆放物品,是,110109,11010901071328230029
九支队-门头沟执法队,G4501六环路匝道K139+700军庄入口内、外环（可控）,在公路上及公路用地范围内摆摊设点,是,110109,11010901071328230029
九支队-门头沟执法队,G4501六环路匝道K139+700军庄入口内、外环（可控）,在公路范围内擅自移动井盖,否,110109,11010901071328230029
九支队-门头沟执法队,G4501六环路匝道K139+700军庄入口内、外环（可控）,擅自占用、挖掘公路,是,110109,11010901071328230029
九支队-门头沟执法队,G4501六环路匝道K139+700军庄入口内、外环（可控）,在公路用地范围内设置公路标志以外的其他标志,是,110109,11010901071328230029
九支队-门头沟执法队,G4501六环路匝道K139+700军庄入口内、外环（可控）,遮挡公路附属设施或者利用公路附属设施架设管道、悬挂物品，可能危及公路安全,是,110109,11010901071328230029
九支队-门头沟执法队,G4501六环路匝道K139+700军庄入口内、外环（可控）,车辆装载物触地拖行、掉落、遗洒或者飘散，造成公路路面损坏、污染,是,110109,11010901071328230029
九支队-门头沟执法队,G4501六环路匝道K139+700军庄入口内环（可控）,在公路上及公路用地范围内堆放物品,是,110109,11010901071328230028
九支队-门头沟执法队,G4501六环路匝道K139+700军庄入口内环（可控）,在公路上及公路用地范围内摆摊设点,是,110109,11010901071328230028
九支队-门头沟执法队,G4501六环路匝道K139+700军庄入口内环（可控）,在公路范围内擅自移动井盖,否,110109,11010901071328230028
九支队-门头沟执法队,G4501六环路匝道K139+700军庄入口内环（可控）,擅自占用、挖掘公路,是,110109,11010901071328230028
九支队-门头沟执法队,G4501六环路匝道K139+700军庄入口内环（可控）,在公路用地范围内设置公路标志以外的其他标志,是,110109,11010901071328230028
九支队-门头沟执法队,G4501六环路匝道K139+700军庄入口内环（可控）,遮挡公路附属设施或者利用公路附属设施架设管道、悬挂物品，可能危及公路安全,是,110109,11010901071328230028
九支队-门头沟执法队,G4501六环路匝道K139+700军庄入口内环（可控）,车辆装载物触地拖行、掉落、遗洒或者飘散，造成公路路面损坏、污染,是,110109,11010901071328230028
九支队-门头沟执法队,G4501六环路广场K126+500广宁双向出口反向（可控）,在公路上及公路用地范围内堆放物品,是,110109,
九支队-门头沟执法队,G4501六环路广场K126+500广宁双向出口反向（可控）,在公路上及公路用地范围内摆摊设点,是,110109,
九支队-门头沟执法队,G4501六环路广场K126+500广宁双向出口反向（可控）,在公路范围内擅自移动井盖,否,110109,
九支队-门头沟执法队,G4501六环路广场K126+500广宁双向出口反向（可控）,擅自占用、挖掘公路,是,110109,
九支队-门头沟执法队,G4501六环路广场K126+500广宁双向出口反向（可控）,在公路用地范围内设置公路标志以外的其他标志,是,110109,
九支队-门头沟执法队,G4501六环路广场K126+500广宁双向出口反向（可控）,遮挡公路附属设施或者利用公路附属设施架设管道、悬挂物品，可能危及公路安全,是,110109,
九支队-门头沟执法队,G4501六环路广场K126+500广宁双向出口反向（可控）,车辆装载物触地拖行、掉落、遗洒或者飘散，造成公路路面损坏、污染,否,110109,
九支队-门头沟执法队,G4501六环路广场K126+500石门营双向入口广场反向（可控）,在公路上及公路用地范围内堆放物品,否,110109,
九支队-门头沟执法队,G4501六环路广场K126+500石门营双向入口广场反向（可控）,在公路上及公路用地范围内摆摊设点,否,110109,
九支队-门头沟执法队,G4501六环路广场K126+500石门营双向入口广场反向（可控）,在公路范围内擅自移动井盖,否,110109,
九支队-门头沟执法队,G4501六环路广场K126+500石门营双向入口广场反向（可控）,擅自占用、挖掘公路,否,110109,
九支队-门头沟执法队,G4501六环路广场K126+500石门营双向入口广场反向（可控）,在公路用地范围内设置公路标志以外的其他标志,否,110109,
九支队-门头沟执法队,G4501六环路广场K126+500石门营双向入口广场反向（可控）,遮挡公路附属设施或者利用公路附属设施架设管道、悬挂物品，可能危及公路安全,否,110109,
九支队-门头沟执法队,G4501六环路广场K126+500石门营双向入口广场反向（可控）,车辆装载物触地拖行、掉落、遗洒或者飘散，造成公路路面损坏、污染,否,110109,
九支队-门头沟执法队,G4501六环路广场K126+500石门营双向出口广场正向（可控）,在公路上及公路用地范围内堆放物品,是,110109,
九支队-门头沟执法队,G4501六环路广场K126+500石门营双向出口广场正向（可控）,在公路上及公路用地范围内摆摊设点,是,110109,
九支队-门头沟执法队,G4501六环路广场K126+500石门营双向出口广场正向（可控）,在公路范围内擅自移动井盖,否,110109,
九支队-门头沟执法队,G4501六环路广场K126+500石门营双向出口广场正向（可控）,擅自占用、挖掘公路,是,110109,
九支队-门头沟执法队,G4501六环路广场K126+500石门营双向出口广场正向（可控）,在公路用地范围内设置公路标志以外的其他标志,否,110109,
九支队-门头沟执法队,G4501六环路广场K126+500石门营双向出口广场正向（可控）,遮挡公路附属设施或者利用公路附属设施架设管道、悬挂物品，可能危及公路安全,是,110109,
九支队-门头沟执法队,G4501六环路广场K126+500石门营双向出口广场正向（可控）,车辆装载物触地拖行、掉落、遗洒或者飘散，造成公路路面损坏、污染,是,110109,
九支队-门头沟执法队,G4501六环路广场K132+800广宁双向入口广场反向（可控）,在公路上及公路用地范围内堆放物品,是,110109,11010701071328230003
九支队-门头沟执法队,G4501六环路广场K132+800广宁双向入口广场反向（可控）,在公路上及公路用地范围内摆摊设点,是,110109,11010701071328230003
九支队-门头沟执法队,G4501六环路广场K132+800广宁双向入口广场反向（可控）,在公路范围内擅自移动井盖,否,110109,11010701071328230003
九支队-门头沟执法队,G4501六环路广场K132+800广宁双向入口广场反向（可控）,擅自占用、挖掘公路,是,110109,11010701071328230003
九支队-门头沟执法队,G4501六环路广场K132+800广宁双向入口广场反向（可控）,在公路用地范围内设置公路标志以外的其他标志,是,110109,11010701071328230003
九支队-门头沟执法队,G4501六环路广场K132+800广宁双向入口广场反向（可控）,遮挡公路附属设施或者利用公路附属设施架设管道、悬挂物品，可能危及公路安全,是,110109,11010701071328230003
九支队-门头沟执法队,G4501六环路广场K132+800广宁双向入口广场反向（可控）,车辆装载物触地拖行、掉落、遗洒或者飘散，造成公路路面损坏、污染,否,110109,11010701071328230003
九支队-门头沟执法队,G4501六环路广场K132+800广宁双向出口广场正向（可控）,在公路上及公路用地范围内堆放物品,否,110109,
九支队-门头沟执法队,G4501六环路广场K132+800广宁双向出口广场正向（可控）,在公路上及公路用地范围内摆摊设点,否,110109,
九支队-门头沟执法队,G4501六环路广场K132+800广宁双向出口广场正向（可控）,在公路范围内擅自移动井盖,否,110109,
九支队-门头沟执法队,G4501六环路广场K132+800广宁双向出口广场正向（可控）,擅自占用、挖掘公路,否,110109,
九支队-门头沟执法队,G4501六环路广场K132+800广宁双向出口广场正向（可控）,在公路用地范围内设置公路标志以外的其他标志,否,110109,
九支队-门头沟执法队,G4501六环路广场K132+800广宁双向出口广场正向（可控）,遮挡公路附属设施或者利用公路附属设施架设管道、悬挂物品，可能危及公路安全,否,110109,
九支队-门头沟执法队,G4501六环路广场K132+800广宁双向出口广场正向（可控）,车辆装载物触地拖行、掉落、遗洒或者飘散，造成公路路面损坏、污染,是,110109,
九支队-门头沟执法队,G4501六环路广场K139+700军庄双向入口广场反向（可控）,在公路上及公路用地范围内堆放物品,否,110109,11010901071328230007
九支队-门头沟执法队,G4501六环路广场K139+700军庄双向入口广场反向（可控）,在公路上及公路用地范围内摆摊设点,否,110109,11010901071328230007
九支队-门头沟执法队,G4501六环路广场K139+700军庄双向入口广场反向（可控）,在公路范围内擅自移动井盖,否,110109,11010901071328230007
九支队-门头沟执法队,G4501六环路广场K139+700军庄双向入口广场反向（可控）,擅自占用、挖掘公路,否,110109,11010901071328230007
九支队-门头沟执法队,G4501六环路广场K139+700军庄双向入口广场反向（可控）,在公路用地范围内设置公路标志以外的其他标志,否,110109,11010901071328230007
九支队-门头沟执法队,G4501六环路广场K139+700军庄双向入口广场反向（可控）,遮挡公路附属设施或者利用公路附属设施架设管道、悬挂物品，可能危及公路安全,否,110109,11010901071328230007
九支队-门头沟执法队,G4501六环路广场K139+700军庄双向入口广场反向（可控）,车辆装载物触地拖行、掉落、遗洒或者飘散，造成公路路面损坏、污染,否,110109,11010901071328230007
九支队-门头沟执法队,G4501六环路广场K139+700军庄双向出口广场正向（可控）,在公路上及公路用地范围内堆放物品,否,110109,
九支队-门头沟执法队,G4501六环路广场K139+700军庄双向出口广场正向（可控）,在公路上及公路用地范围内摆摊设点,否,110109,
九支队-门头沟执法队,G4501六环路广场K139+700军庄双向出口广场正向（可控）,在公路范围内擅自移动井盖,否,110109,
九支队-门头沟执法队,G4501六环路广场K139+700军庄双向出口广场正向（可控）,擅自占用、挖掘公路,否,110109,
九支队-门头沟执法队,G4501六环路广场K139+700军庄双向出口广场正向（可控）,在公路用地范围内设置公路标志以外的其他标志,否,110109,
九支队-门头沟执法队,G4501六环路广场K139+700军庄双向出口广场正向（可控）,遮挡公路附属设施或者利用公路附属设施架设管道、悬挂物品，可能危及公路安全,否,110109,
九支队-门头沟执法队,G4501六环路广场K139+700军庄双向出口广场正向（可控）,车辆装载物触地拖行、掉落、遗洒或者飘散，造成公路路面损坏、污染,是,110109,
九支队-门头沟执法队,G4501六环路桥下K130+180四道外环（可控）,在公路上及公路用地范围内堆放物品,否,110109,
九支队-门头沟执法队,G4501六环路桥下K130+180四道外环（可控）,在公路上及公路用地范围内摆摊设点,否,110109,
九支队-门头沟执法队,G4501六环路桥下K130+180四道外环（可控）,在公路范围内擅自移动井盖,否,110109,
九支队-门头沟执法队,G4501六环路桥下K130+180四道外环（可控）,擅自占用、挖掘公路,否,110109,
九支队-门头沟执法队,G4501六环路桥下K130+180四道外环（可控）,在公路用地范围内设置公路标志以外的其他标志,否,110109,
九支队-门头沟执法队,G4501六环路桥下K130+180四道外环（可控）,遮挡公路附属设施或者利用公路附属设施架设管道、悬挂物品，可能危及公路安全,否,110109,
九支队-门头沟执法队,G4501六环路桥下K130+180四道外环（可控）,车辆装载物触地拖行、掉落、遗洒或者飘散，造成公路路面损坏、污染,否,110109,
九支队-门头沟执法队,G4501六环路桥下K132+610双峪内环（可控）,在公路上及公路用地范围内堆放物品,是,110109,11010901071328230030
九支队-门头沟执法队,G4501六环路桥下K132+610双峪内环（可控）,在公路上及公路用地范围内摆摊设点,是,110109,11010901071328230030
九支队-门头沟执法队,G4501六环路桥下K132+610双峪内环（可控）,在公路范围内擅自移动井盖,否,110109,11010901071328230030
九支队-门头沟执法队,G4501六环路桥下K132+610双峪内环（可控）,擅自占用、挖掘公路,是,110109,11010901071328230030
九支队-门头沟执法队,G4501六环路桥下K132+610双峪内环（可控）,在公路用地范围内设置公路标志以外的其他标志,是,110109,11010901071328230030
九支队-门头沟执法队,G4501六环路桥下K132+610双峪内环（可控）,遮挡公路附属设施或者利用公路附属设施架设管道、悬挂物品，可能危及公路安全,是,110109,11010901071328230030
九支队-门头沟执法队,G4501六环路桥下K132+610双峪内环（可控）,车辆装载物触地拖行、掉落、遗洒或者飘散，造成公路路面损坏、污染,否,110109,11010901071328230030
九支队-门头沟执法队,G4501六环路桥下K132+970双峪外环（可控）,在公路上及公路用地范围内堆放物品,否,110109,
九支队-门头沟执法队,G4501六环路桥下K132+970双峪外环（可控）,在公路上及公路用地范围内摆摊设点,否,110109,
九支队-门头沟执法队,G4501六环路桥下K132+970双峪外环（可控）,在公路范围内擅自移动井盖,否,110109,
九支队-门头沟执法队,G4501六环路桥下K132+970双峪外环（可控）,擅自占用、挖掘公路,否,110109,
九支队-门头沟执法队,G4501六环路桥下K132+970双峪外环（可控）,在公路用地范围内设置公路标志以外的其他标志,否,110109,
九支队-门头沟执法队,G4501六环路桥下K132+970双峪外环（可控）,遮挡公路附属设施或者利用公路附属设施架设管道、悬挂物品，可能危及公路安全,否,110109,
九支队-门头沟执法队,G4501六环路桥下K132+970双峪外环（可控）,车辆装载物触地拖行、掉落、遗洒或者飘散，造成公路路面损坏、污染,否,110109,
九支队-门头沟执法队,G4501六环路桥下K134+525三家店大桥外环（可控）,在公路上及公路用地范围内堆放物品,否,110109,
九支队-门头沟执法队,G4501六环路桥下K134+525三家店大桥外环（可控）,在公路上及公路用地范围内摆摊设点,否,110109,
九支队-门头沟执法队,G4501六环路桥下K134+525三家店大桥外环（可控）,在公路范围内擅自移动井盖,否,110109,
九支队-门头沟执法队,G4501六环路桥下K134+525三家店大桥外环（可控）,擅自占用、挖掘公路,否,110109,
九支队-门头沟执法队,G4501六环路桥下K134+525三家店大桥外环（可控）,在公路用地范围内设置公路标志以外的其他标志,否,110109,
九支队-门头沟执法队,G4501六环路桥下K134+525三家店大桥外环（可控）,遮挡公路附属设施或者利用公路附属设施架设管道、悬挂物品，可能危及公路安全,否,110109,
九支队-门头沟执法队,G4501六环路桥下K134+525三家店大桥外环（可控）,车辆装载物触地拖行、掉落、遗洒或者飘散，造成公路路面损坏、污染,否,110109,
九支队-门头沟执法队,G4501六环路桥下K136+780三家店大桥内环（可控）,在公路上及公路用地范围内堆放物品,是,110109,11010901071328230035
九支队-门头沟执法队,G4501六环路桥下K136+780三家店大桥内环（可控）,在公路上及公路用地范围内摆摊设点,是,110109,11010901071328230035
九支队-门头沟执法队,G4501六环路桥下K136+780三家店大桥内环（可控）,在公路范围内擅自移动井盖,否,110109,11010901071328230035
九支队-门头沟执法队,G4501六环路桥下K136+780三家店大桥内环（可控）,擅自占用、挖掘公路,是,110109,11010901071328230035
九支队-门头沟执法队,G4501六环路桥下K136+780三家店大桥内环（可控）,在公路用地范围内设置公路标志以外的其他标志,是,110109,11010901071328230035
九支队-门头沟执法队,G4501六环路桥下K136+780三家店大桥内环（可控）,遮挡公路附属设施或者利用公路附属设施架设管道、悬挂物品，可能危及公路安全,是,110109,11010901071328230035
九支队-门头沟执法队,G4501六环路桥下K136+780三家店大桥内环（可控）,车辆装载物触地拖行、掉落、遗洒或者飘散，造成公路路面损坏、污染,否,110109,11010901071328230035
九支队-门头沟执法队,G4501六环路道路K126+710石门营收费站南外环（可控）,在公路上及公路用地范围内堆放物品,否,110109,11010901071328230010
九支队-门头沟执法队,G4501六环路道路K126+710石门营收费站南外环（可控）,在公路上及公路用地范围内摆摊设点,否,110109,11010901071328230010
九支队-门头沟执法队,G4501六环路道路K126+710石门营收费站南外环（可控）,在公路范围内擅自移动井盖,否,110109,11010901071328230010
九支队-门头沟执法队,G4501六环路道路K126+710石门营收费站南外环（可控）,擅自占用、挖掘公路,否,110109,11010901071328230010
九支队-门头沟执法队,G4501六环路道路K126+710石门营收费站南外环（可控）,在公路用地范围内设置公路标志以外的其他标志,否,110109,11010901071328230010
九支队-门头沟执法队,G4501六环路道路K126+710石门营收费站南外环（可控）,遮挡公路附属设施或者利用公路附属设施架设管道、悬挂物品，可能危及公路安全,否,110109,11010901071328230010
九支队-门头沟执法队,G4501六环路道路K126+710石门营收费站南外环（可控）,车辆装载物触地拖行、掉落、遗洒或者飘散，造成公路路面损坏、污染,否,110109,11010901071328230010
九支队-门头沟执法队,G4501六环路道路K127+500白庄子桥北1外环（可控）,在公路上及公路用地范围内堆放物品,否,110109,
九支队-门头沟执法队,G4501六环路道路K127+500白庄子桥北1外环（可控）,在公路上及公路用地范围内摆摊设点,否,110109,
九支队-门头沟执法队,G4501六环路道路K127+500白庄子桥北1外环（可控）,在公路范围内擅自移动井盖,否,110109,
九支队-门头沟执法队,G4501六环路道路K127+500白庄子桥北1外环（可控）,擅自占用、挖掘公路,否,110109,
九支队-门头沟执法队,G4501六环路道路K127+500白庄子桥北1外环（可控）,在公路用地范围内设置公路标志以外的其他标志,否,110109,
九支队-门头沟执法队,G4501六环路道路K127+500白庄子桥北1外环（可控）,遮挡公路附属设施或者利用公路附属设施架设管道、悬挂物品，可能危及公路安全,否,110109,
九支队-门头沟执法队,G4501六环路道路K127+500白庄子桥北1外环（可控）,车辆装载物触地拖行、掉落、遗洒或者飘散，造成公路路面损坏、污染,否,110109,
九支队-门头沟执法队,G4501六环路道路K128+550白庄子北桥南2内环（可控）,在公路上及公路用地范围内堆放物品,是,110109,11010601071328230040
九支队-门头沟执法队,G4501六环路道路K128+550白庄子北桥南2内环（可控）,在公路上及公路用地范围内摆摊设点,是,110109,11010601071328230040
九支队-门头沟执法队,G4501六环路道路K128+550白庄子北桥南2内环（可控）,在公路范围内擅自移动井盖,否,110109,11010601071328230040
九支队-门头沟执法队,G4501六环路道路K128+550白庄子北桥南2内环（可控）,擅自占用、挖掘公路,是,110109,11010601071328230040
九支队-门头沟执法队,G4501六环路道路K128+550白庄子北桥南2内环（可控）,在公路用地范围内设置公路标志以外的其他标志,是,110109,11010601071328230040
九支队-门头沟执法队,G4501六环路道路K128+550白庄子北桥南2内环（可控）,遮挡公路附属设施或者利用公路附属设施架设管道、悬挂物品，可能危及公路安全,是,110109,11010601071328230040
九支队-门头沟执法队,G4501六环路道路K128+550白庄子北桥南2内环（可控）,车辆装载物触地拖行、掉落、遗洒或者飘散，造成公路路面损坏、污染,是,110109,11010601071328230040
九支队-门头沟执法队,G4501六环路道路K132+280广宁互通北内环（可控）,在公路上及公路用地范围内堆放物品,是,110109,
九支队-门头沟执法队,G4501六环路道路K132+280广宁互通北内环（可控）,在公路上及公路用地范围内摆摊设点,是,110109,
九支队-门头沟执法队,G4501六环路道路K132+280广宁互通北内环（可控）,在公路范围内擅自移动井盖,否,110109,
九支队-门头沟执法队,G4501六环路道路K132+280广宁互通北内环（可控）,擅自占用、挖掘公路,是,110109,
九支队-门头沟执法队,G4501六环路道路K132+280广宁互通北内环（可控）,在公路用地范围内设置公路标志以外的其他标志,是,110109,
九支队-门头沟执法队,G4501六环路道路K132+280广宁互通北内环（可控）,遮挡公路附属设施或者利用公路附属设施架设管道、悬挂物品，可能危及公路安全,是,110109,
九支队-门头沟执法队,G4501六环路道路K132+280广宁互通北内环（可控）,车辆装载物触地拖行、掉落、遗洒或者飘散，造成公路路面损坏、污染,是,110109,
九支队-门头沟执法队,G4501六环路道路K133+400三家店大桥南外环（可控）,在公路上及公路用地范围内堆放物品,是,110109,
九支队-门头沟执法队,G4501六环路道路K133+400三家店大桥南外环（可控）,在公路上及公路用地范围内摆摊设点,是,110109,
九支队-门头沟执法队,G4501六环路道路K133+400三家店大桥南外环（可控）,在公路范围内擅自移动井盖,否,110109,
九支队-门头沟执法队,G4501六环路道路K133+400三家店大桥南外环（可控）,擅自占用、挖掘公路,是,110109,
九支队-门头沟执法队,G4501六环路道路K133+400三家店大桥南外环（可控）,在公路用地范围内设置公路标志以外的其他标志,是,110109,
九支队-门头沟执法队,G4501六环路道路K133+400三家店大桥南外环（可控）,遮挡公路附属设施或者利用公路附属设施架设管道、悬挂物品，可能危及公路安全,是,110109,
九支队-门头沟执法队,G4501六环路道路K133+400三家店大桥南外环（可控）,车辆装载物触地拖行、掉落、遗洒或者飘散，造成公路路面损坏、污染,否,110109,
九支队-门头沟执法队,G4501六环路道路K134+525三家店大桥外环（可控）,在公路上及公路用地范围内堆放物品,是,110109,11010901071328230011
九支队-门头沟执法队,G4501六环路道路K134+525三家店大桥外环（可控）,在公路上及公路用地范围内摆摊设点,是,110109,11010901071328230011
九支队-门头沟执法队,G4501六环路道路K134+525三家店大桥外环（可控）,在公路范围内擅自移动井盖,否,110109,11010901071328230011
九支队-门头沟执法队,G4501六环路道路K134+525三家店大桥外环（可控）,擅自占用、挖掘公路,是,110109,11010901071328230011
九支队-门头沟执法队,G4501六环路道路K134+525三家店大桥外环（可控）,在公路用地范围内设置公路标志以外的其他标志,是,110109,11010901071328230011
九支队-门头沟执法队,G4501六环路道路K134+525三家店大桥外环（可控）,遮挡公路附属设施或者利用公路附属设施架设管道、悬挂物品，可能危及公路安全,是,110109,11010901071328230011
九支队-门头沟执法队,G4501六环路道路K134+525三家店大桥外环（可控）,车辆装载物触地拖行、掉落、遗洒或者飘散，造成公路路面损坏、污染,否,110109,11010901071328230011
九支队-门头沟执法队,G4501六环路道路K138+685军庄互通南外环（可控）,在公路上及公路用地范围内堆放物品,是,110109,11010801071328230005
九支队-门头沟执法队,G4501六环路道路K138+685军庄互通南外环（可控）,在公路上及公路用地范围内摆摊设点,是,110109,11010801071328230005
九支队-门头沟执法队,G4501六环路道路K138+685军庄互通南外环（可控）,在公路范围内擅自移动井盖,否,110109,11010801071328230005
九支队-门头沟执法队,G4501六环路道路K138+685军庄互通南外环（可控）,擅自占用、挖掘公路,是,110109,11010801071328230005
九支队-门头沟执法队,G4501六环路道路K138+685军庄互通南外环（可控）,在公路用地范围内设置公路标志以外的其他标志,是,110109,11010801071328230005
九支队-门头沟执法队,G4501六环路道路K138+685军庄互通南外环（可控）,遮挡公路附属设施或者利用公路附属设施架设管道、悬挂物品，可能危及公路安全,是,110109,11010801071328230005
九支队-门头沟执法队,G4501六环路道路K138+685军庄互通南外环（可控）,车辆装载物触地拖行、掉落、遗洒或者飘散，造成公路路面损坏、污染,是,110109,11010801071328230005
九支队-门头沟执法队,G4501六环路道路K139+700军庄收费站入口外环（可控）,在公路上及公路用地范围内堆放物品,是,110109,11010801071328230008
九支队-门头沟执法队,G4501六环路道路K139+700军庄收费站入口外环（可控）,在公路上及公路用地范围内摆摊设点,是,110109,11010801071328230008
九支队-门头沟执法队,G4501六环路道路K139+700军庄收费站入口外环（可控）,在公路范围内擅自移动井盖,否,110109,11010801071328230008
九支队-门头沟执法队,G4501六环路道路K139+700军庄收费站入口外环（可控）,擅自占用、挖掘公路,是,110109,11010801071328230008
九支队-门头沟执法队,G4501六环路道路K139+700军庄收费站入口外环（可控）,在公路用地范围内设置公路标志以外的其他标志,是,110109,11010801071328230008
九支队-门头沟执法队,G4501六环路道路K139+700军庄收费站入口外环（可控）,遮挡公路附属设施或者利用公路附属设施架设管道、悬挂物品，可能危及公路安全,是,110109,11010801071328230008
九支队-门头沟执法队,G4501六环路道路K139+700军庄收费站入口外环（可控）,车辆装载物触地拖行、掉落、遗洒或者飘散，造成公路路面损坏、污染,否,110109,11010801071328230008
九支队-门头沟执法队,G4501六环路道路K139+700军庄收费站内环（可控）,在公路上及公路用地范围内堆放物品,是,110109,11010801071328230006
九支队-门头沟执法队,G4501六环路道路K139+700军庄收费站内环（可控）,在公路上及公路用地范围内摆摊设点,是,110109,11010801071328230006
九支队-门头沟执法队,G4501六环路道路K139+700军庄收费站内环（可控）,在公路范围内擅自移动井盖,否,110109,11010801071328230006
九支队-门头沟执法队,G4501六环路道路K139+700军庄收费站内环（可控）,擅自占用、挖掘公路,是,110109,11010801071328230006
九支队-门头沟执法队,G4501六环路道路K139+700军庄收费站内环（可控）,在公路用地范围内设置公路标志以外的其他标志,是,110109,11010801071328230006
九支队-门头沟执法队,G4501六环路道路K139+700军庄收费站内环（可控）,遮挡公路附属设施或者利用公路附属设施架设管道、悬挂物品，可能危及公路安全,是,110109,11010801071328230006
九支队-门头沟执法队,G4501六环路道路K139+700军庄收费站内环（可控）,车辆装载物触地拖行、掉落、遗洒或者飘散，造成公路路面损坏、污染,是,110109,11010801071328230006
九支队-门头沟执法队,G4501六环路道路K139+700军庄收费站外环（可控）,在公路上及公路用地范围内堆放物品,是,110109,11010801071328230007
九支队-门头沟执法队,G4501六环路道路K139+700军庄收费站外环（可控）,在公路上及公路用地范围内摆摊设点,是,110109,11010801071328230007
九支队-门头沟执法队,G4501六环路道路K139+700军庄收费站外环（可控）,在公路范围内擅自移动井盖,否,110109,11010801071328230007
九支队-门头沟执法队,G4501六环路道路K139+700军庄收费站外环（可控）,擅自占用、挖掘公路,是,110109,11010801071328230007
九支队-门头沟执法队,G4501六环路道路K139+700军庄收费站外环（可控）,在公路用地范围内设置公路标志以外的其他标志,是,110109,11010801071328230007
九支队-门头沟执法队,G4501六环路道路K139+700军庄收费站外环（可控）,遮挡公路附属设施或者利用公路附属设施架设管道、悬挂物品，可能危及公路安全,是,110109,11010801071328230007
九支队-门头沟执法队,G4501六环路道路K139+700军庄收费站外环（可控）,车辆装载物触地拖行、掉落、遗洒或者飘散，造成公路路面损坏、污染,是,110109,11010801071328230007
十支队-顺义执法队,S201通顺路K22+000上行燕京桥下,在公路上及公路用地范围内堆放物品,是,110113,11000000001314706001
十支队-顺义执法队,S201通顺路K22+000上行燕京桥下,在公路上及公路用地范围内摆摊设点,是,110113,11000000001314706001
十支队-顺义执法队,S201通顺路K22+000上行燕京桥下,在公路范围内擅自移动井盖,否,110113,11000000001314706001
十支队-顺义执法队,S201通顺路K22+000上行燕京桥下,擅自占用、挖掘公路,是,110113,11000000001314706001
十支队-顺义执法队,S201通顺路K22+000上行燕京桥下,在公路用地范围内设置公路标志以外的其他标志,是,110113,11000000001314706001
十支队-顺义执法队,S201通顺路K22+000上行燕京桥下,遮挡公路附属设施或者利用公路附属设施架设管道、悬挂物品，可能危及公路安全,是,110113,11000000001314706001
十支队-顺义执法队,S201通顺路K22+000上行燕京桥下,车辆装载物触地拖行、掉落、遗洒或者飘散，造成公路路面损坏、污染,是,110113,11000000001314706001
十支队-顺义执法队,S330昌金路K25+220上行京承铁路桥东,在公路上及公路用地范围内堆放物品,是,110113,11000000001319111345
十支队-顺义执法队,S330昌金路K25+220上行京承铁路桥东,在公路上及公路用地范围内摆摊设点,是,110113,11000000001319111345
十支队-顺义执法队,S330昌金路K25+220上行京承铁路桥东,在公路范围内擅自移动井盖,否,110113,11000000001319111345
十支队-顺义执法队,S330昌金路K25+220上行京承铁路桥东,擅自占用、挖掘公路,是,110113,11000000001319111345
十支队-顺义执法队,S330昌金路K25+220上行京承铁路桥东,在公路用地范围内设置公路标志以外的其他标志,是,110113,11000000001319111345
十支队-顺义执法队,S330昌金路K25+220上行京承铁路桥东,遮挡公路附属设施或者利用公路附属设施架设管道、悬挂物品，可能危及公路安全,是,110113,11000000001319111345
十支队-顺义执法队,S330昌金路K25+220上行京承铁路桥东,车辆装载物触地拖行、掉落、遗洒或者飘散，造成公路路面损坏、污染,是,110113,11000000001319111345
十支队-顺义执法队,S330昌金路K28+650上行牛栏山引水桥西,在公路上及公路用地范围内堆放物品,是,110113,11000000001316998289
十支队-顺义执法队,S330昌金路K28+650上行牛栏山引水桥西,在公路上及公路用地范围内摆摊设点,是,110113,11000000001316998289
十支队-顺义执法队,S330昌金路K28+650上行牛栏山引水桥西,在公路范围内擅自移动井盖,否,110113,11000000001316998289
十支队-顺义执法队,S330昌金路K28+650上行牛栏山引水桥西,擅自占用、挖掘公路,是,110113,11000000001316998289
十支队-顺义执法队,S330昌金路K28+650上行牛栏山引水桥西,在公路用地范围内设置公路标志以外的其他标志,是,110113,11000000001316998289
十支队-顺义执法队,S330昌金路K28+650上行牛栏山引水桥西,遮挡公路附属设施或者利用公路附属设施架设管道、悬挂物品，可能危及公路安全,是,110113,11000000001316998289
十支队-顺义执法队,S330昌金路K28+650上行牛栏山引水桥西,车辆装载物触地拖行、掉落、遗洒或者飘散，造成公路路面损坏、污染,是,110113,11000000001316998289
十支队-顺义执法队,S332龙塘路K2+250下行京承铁路桥,在公路上及公路用地范围内堆放物品,是,110113,11000000001319061904
十支队-顺义执法队,S332龙塘路K2+250下行京承铁路桥,在公路上及公路用地范围内摆摊设点,是,110113,11000000001319061904
十支队-顺义执法队,S332龙塘路K2+250下行京承铁路桥,在公路范围内擅自移动井盖,否,110113,11000000001319061904
十支队-顺义执法队,S332龙塘路K2+250下行京承铁路桥,擅自占用、挖掘公路,是,110113,11000000001319061904
十支队-顺义执法队,S332龙塘路K2+250下行京承铁路桥,在公路用地范围内设置公路标志以外的其他标志,是,110113,11000000001319061904
十支队-顺义执法队,S332龙塘路K2+250下行京承铁路桥,遮挡公路附属设施或者利用公路附属设施架设管道、悬挂物品，可能危及公路安全,是,110113,11000000001319061904
十支队-顺义执法队,S332龙塘路K2+250下行京承铁路桥,车辆装载物触地拖行、掉落、遗洒或者飘散，造成公路路面损坏、污染,是,110113,11000000001319061904
十支队-顺义执法队,S335白马路K16+050上行京承铁路桥西,在公路上及公路用地范围内堆放物品,是,110113,11000000001314943982
十支队-顺义执法队,S335白马路K16+050上行京承铁路桥西,在公路上及公路用地范围内摆摊设点,是,110113,11000000001314943982
十支队-顺义执法队,S335白马路K16+050上行京承铁路桥西,在公路范围内擅自移动井盖,否,110113,11000000001314943982
十支队-顺义执法队,S335白马路K16+050上行京承铁路桥西,擅自占用、挖掘公路,是,110113,11000000001314943982
十支队-顺义执法队,S335白马路K16+050上行京承铁路桥西,在公路用地范围内设置公路标志以外的其他标志,是,110113,11000000001314943982
十支队-顺义执法队,S335白马路K16+050上行京承铁路桥西,遮挡公路附属设施或者利用公路附属设施架设管道、悬挂物品，可能危及公路安全,是,110113,11000000001314943982
十支队-顺义执法队,S335白马路K16+050上行京承铁路桥西,车辆装载物触地拖行、掉落、遗洒或者飘散，造成公路路面损坏、污染,是,110113,11000000001314943982
十支队-顺义执法队,S335白马路K40+760上行大秦铁路桥,在公路上及公路用地范围内堆放物品,是,110113,11000000001313254359
十支队-顺义执法队,S335白马路K40+760上行大秦铁路桥,在公路上及公路用地范围内摆摊设点,是,110113,11000000001313254359
十支队-顺义执法队,S335白马路K40+760上行大秦铁路桥,在公路范围内擅自移动井盖,否,110113,11000000001313254359
十支队-顺义执法队,S335白马路K40+760上行大秦铁路桥,擅自占用、挖掘公路,是,110113,11000000001313254359
十支队-顺义执法队,S335白马路K40+760上行大秦铁路桥,在公路用地范围内设置公路标志以外的其他标志,是,110113,11000000001313254359
十支队-顺义执法队,S335白马路K40+760上行大秦铁路桥,遮挡公路附属设施或者利用公路附属设施架设管道、悬挂物品，可能危及公路安全,是,110113,11000000001313254359
十支队-顺义执法队,S335白马路K40+760上行大秦铁路桥,车辆装载物触地拖行、掉落、遗洒或者飘散，造成公路路面损坏、污染,是,110113,11000000001313254359
十支队-顺义执法队,X001七大路K6+400上行大秦铁路桥,在公路上及公路用地范围内堆放物品,是,110113,11000000001319735496
十支队-顺义执法队,X001七大路K6+400上行大秦铁路桥,在公路上及公路用地范围内摆摊设点,是,110113,11000000001319735496
十支队-顺义执法队,X001七大路K6+400上行大秦铁路桥,在公路范围内擅自移动井盖,否,110113,11000000001319735496
十支队-顺义执法队,X001七大路K6+400上行大秦铁路桥,擅自占用、挖掘公路,是,110113,11000000001319735496
十支队-顺义执法队,X001七大路K6+400上行大秦铁路桥,在公路用地范围内设置公路标志以外的其他标志,是,110113,11000000001319735496
十支队-顺义执法队,X001七大路K6+400上行大秦铁路桥,遮挡公路附属设施或者利用公路附属设施架设管道、悬挂物品，可能危及公路安全,是,110113,11000000001319735496
十支队-顺义执法队,X001七大路K6+400上行大秦铁路桥,车辆装载物触地拖行、掉落、遗洒或者飘散，造成公路路面损坏、污染,是,110113,11000000001319735496
十支队-顺义执法队,X003龙尹路K4+400上行大秦铁路桥,在公路上及公路用地范围内堆放物品,是,110113,11000000001315881548
十支队-顺义执法队,X003龙尹路K4+400上行大秦铁路桥,在公路上及公路用地范围内摆摊设点,是,110113,11000000001315881548
十支队-顺义执法队,X003龙尹路K4+400上行大秦铁路桥,在公路范围内擅自移动井盖,否,110113,11000000001315881548
十支队-顺义执法队,X003龙尹路K4+400上行大秦铁路桥,擅自占用、挖掘公路,是,110113,11000000001315881548
十支队-顺义执法队,X003龙尹路K4+400上行大秦铁路桥,在公路用地范围内设置公路标志以外的其他标志,是,110113,11000000001315881548
十支队-顺义执法队,X003龙尹路K4+400上行大秦铁路桥,遮挡公路附属设施或者利用公路附属设施架设管道、悬挂物品，可能危及公路安全,是,110113,11000000001315881548
十支队-顺义执法队,X003龙尹路K4+400上行大秦铁路桥,车辆装载物触地拖行、掉落、遗洒或者飘散，造成公路路面损坏、污染,是,110113,11000000001315881548
十支队-顺义执法队,X017北木路西侧路K9+200上行京承铁路桥,在公路上及公路用地范围内堆放物品,是,110113,11000000001316448543
十支队-顺义执法队,X017北木路西侧路K9+200上行京承铁路桥,在公路上及公路用地范围内摆摊设点,是,110113,11000000001316448543
十支队-顺义执法队,X017北木路西侧路K9+200上行京承铁路桥,在公路范围内擅自移动井盖,否,110113,11000000001316448543
十支队-顺义执法队,X017北木路西侧路K9+200上行京承铁路桥,擅自占用、挖掘公路,是,110113,11000000001316448543
十支队-顺义执法队,X017北木路西侧路K9+200上行京承铁路桥,在公路用地范围内设置公路标志以外的其他标志,是,110113,11000000001316448543
十支队-顺义执法队,X017北木路西侧路K9+200上行京承铁路桥,遮挡公路附属设施或者利用公路附属设施架设管道、悬挂物品，可能危及公路安全,是,110113,11000000001316448543
十支队-顺义执法队,X017北木路西侧路K9+200上行京承铁路桥,车辆装载物触地拖行、掉落、遗洒或者飘散，造成公路路面损坏、污染,是,110113,11000000001316448543
十支队-顺义执法队,X031外环路K16+454上行京承铁路桥西,在公路上及公路用地范围内堆放物品,是,110113,11000000001319420133
十支队-顺义执法队,X031外环路K16+454上行京承铁路桥西,在公路上及公路用地范围内摆摊设点,是,110113,11000000001319420133
十支队-顺义执法队,X031外环路K16+454上行京承铁路桥西,在公路范围内擅自移动井盖,否,110113,11000000001319420133
十支队-顺义执法队,X031外环路K16+454上行京承铁路桥西,擅自占用、挖掘公路,是,110113,11000000001319420133
十支队-顺义执法队,X031外环路K16+454上行京承铁路桥西,在公路用地范围内设置公路标志以外的其他标志,是,110113,11000000001319420133
十支队-顺义执法队,X031外环路K16+454上行京承铁路桥西,遮挡公路附属设施或者利用公路附属设施架设管道、悬挂物品，可能危及公路安全,是,110113,11000000001319420133
十支队-顺义执法队,X031外环路K16+454上行京承铁路桥西,车辆装载物触地拖行、掉落、遗洒或者飘散，造成公路路面损坏、污染,是,110113,11000000001319420133
十支队-怀柔执法队,G111京漠线K69+500峪道河桥南,在公路上及公路用地范围内堆放物品,是,110116,11000000001312794240
十支队-怀柔执法队,G111京漠线K69+500峪道河桥南,在公路上及公路用地范围内摆摊设点,是,110116,11000000001312794240
十支队-怀柔执法队,G111京漠线K69+500峪道河桥南,在公路范围内擅自移动井盖,否,110116,11000000001312794240
十支队-怀柔执法队,G111京漠线K69+500峪道河桥南,擅自占用、挖掘公路,是,110116,11000000001312794240
十支队-怀柔执法队,G111京漠线K69+500峪道河桥南,在公路用地范围内设置公路标志以外的其他标志,是,110116,11000000001312794240
十支队-怀柔执法队,G111京漠线K69+500峪道河桥南,遮挡公路附属设施或者利用公路附属设施架设管道、悬挂物品，可能危及公路安全,是,110116,11000000001312794240
十支队-怀柔执法队,G111京漠线K69+500峪道河桥南,车辆装载物触地拖行、掉落、遗洒或者飘散，造成公路路面损坏、污染,是,110116,11000000001312794240
十支队-怀柔执法队,G111京漠线K107+270古石隧道进京方向,在公路上及公路用地范围内堆放物品,是,110116,11000000001316487631
十支队-怀柔执法队,G111京漠线K107+270古石隧道进京方向,在公路上及公路用地范围内摆摊设点,是,110116,11000000001316487631
十支队-怀柔执法队,G111京漠线K107+270古石隧道进京方向,在公路范围内擅自移动井盖,否,110116,11000000001316487631
十支队-怀柔执法队,G111京漠线K107+270古石隧道进京方向,擅自占用、挖掘公路,是,110116,11000000001316487631
十支队-怀柔执法队,G111京漠线K107+270古石隧道进京方向,在公路用地范围内设置公路标志以外的其他标志,是,110116,11000000001316487631
十支队-怀柔执法队,G111京漠线K107+270古石隧道进京方向,遮挡公路附属设施或者利用公路附属设施架设管道、悬挂物品，可能危及公路安全,是,110116,11000000001316487631
十支队-怀柔执法队,G111京漠线K107+270古石隧道进京方向,车辆装载物触地拖行、掉落、遗洒或者飘散，造成公路路面损坏、污染,是,110116,11000000001316487631
十支队-怀柔执法队,G111京漠线K143+240头道穴隧道出京入口上行,在公路上及公路用地范围内堆放物品,是,110116,11000000001315664304
十支队-怀柔执法队,G111京漠线K143+240头道穴隧道出京入口上行,在公路上及公路用地范围内摆摊设点,是,110116,11000000001315664304
十支队-怀柔执法队,G111京漠线K143+240头道穴隧道出京入口上行,在公路范围内擅自移动井盖,否,110116,11000000001315664304
十支队-怀柔执法队,G111京漠线K143+240头道穴隧道出京入口上行,擅自占用、挖掘公路,是,110116,11000000001315664304
十支队-怀柔执法队,G111京漠线K143+240头道穴隧道出京入口上行,在公路用地范围内设置公路标志以外的其他标志,是,110116,11000000001315664304
十支队-怀柔执法队,G111京漠线K143+240头道穴隧道出京入口上行,遮挡公路附属设施或者利用公路附属设施架设管道、悬挂物品，可能危及公路安全,是,110116,11000000001315664304
十支队-怀柔执法队,G111京漠线K143+240头道穴隧道出京入口上行,车辆装载物触地拖行、掉落、遗洒或者飘散，造成公路路面损坏、污染,是,110116,11000000001315664304
十支队-怀柔执法队,G111京漠线K143+545头道穴隧道出京1上行,在公路上及公路用地范围内堆放物品,是,110116,11000000001311590446
十支队-怀柔执法队,G111京漠线K143+545头道穴隧道出京1上行,在公路上及公路用地范围内摆摊设点,是,110116,11000000001311590446
十支队-怀柔执法队,G111京漠线K143+545头道穴隧道出京1上行,在公路范围内擅自移动井盖,否,110116,11000000001311590446
十支队-怀柔执法队,G111京漠线K143+545头道穴隧道出京1上行,擅自占用、挖掘公路,是,110116,11000000001311590446
十支队-怀柔执法队,G111京漠线K143+545头道穴隧道出京1上行,在公路用地范围内设置公路标志以外的其他标志,是,110116,11000000001311590446
十支队-怀柔执法队,G111京漠线K143+545头道穴隧道出京1上行,遮挡公路附属设施或者利用公路附属设施架设管道、悬挂物品，可能危及公路安全,是,110116,11000000001311590446
十支队-怀柔执法队,G111京漠线K143+545头道穴隧道出京1上行,车辆装载物触地拖行、掉落、遗洒或者飘散，造成公路路面损坏、污染,是,110116,11000000001311590446
十支队-怀柔执法队,G111京漠线K143+655头道穴隧道进京3上行,在公路上及公路用地范围内堆放物品,是,110116,11000000001312119512
十支队-怀柔执法队,G111京漠线K143+655头道穴隧道进京3上行,在公路上及公路用地范围内摆摊设点,是,110116,11000000001312119512
十支队-怀柔执法队,G111京漠线K143+655头道穴隧道进京3上行,在公路范围内擅自移动井盖,否,110116,11000000001312119512
十支队-怀柔执法队,G111京漠线K143+655头道穴隧道进京3上行,擅自占用、挖掘公路,是,110116,11000000001312119512
十支队-怀柔执法队,G111京漠线K143+655头道穴隧道进京3上行,在公路用地范围内设置公路标志以外的其他标志,是,110116,11000000001312119512
十支队-怀柔执法队,G111京漠线K143+655头道穴隧道进京3上行,遮挡公路附属设施或者利用公路附属设施架设管道、悬挂物品，可能危及公路安全,是,110116,11000000001312119512
十支队-怀柔执法队,G111京漠线K143+655头道穴隧道进京3上行,车辆装载物触地拖行、掉落、遗洒或者飘散，造成公路路面损坏、污染,是,110116,11000000001312119512
十支队-怀柔执法队,G111京漠线K143+675头道穴隧道出京2上行,在公路上及公路用地范围内堆放物品,是,110116,11000000001318183268
十支队-怀柔执法队,G111京漠线K143+675头道穴隧道出京2上行,在公路上及公路用地范围内摆摊设点,是,110116,11000000001318183268
十支队-怀柔执法队,G111京漠线K143+675头道穴隧道出京2上行,在公路范围内擅自移动井盖,否,110116,11000000001318183268
十支队-怀柔执法队,G111京漠线K143+675头道穴隧道出京2上行,擅自占用、挖掘公路,是,110116,11000000001318183268
十支队-怀柔执法队,G111京漠线K143+675头道穴隧道出京2上行,在公路用地范围内设置公路标志以外的其他标志,是,110116,11000000001318183268
十支队-怀柔执法队,G111京漠线K143+675头道穴隧道出京2上行,遮挡公路附属设施或者利用公路附属设施架设管道、悬挂物品，可能危及公路安全,是,110116,11000000001318183268
十支队-怀柔执法队,G111京漠线K143+675头道穴隧道出京2上行,车辆装载物触地拖行、掉落、遗洒或者飘散，造成公路路面损坏、污染,是,110116,11000000001318183268
十支队-怀柔执法队,G111京漠线K143+795头道穴隧道进京2上行,在公路上及公路用地范围内堆放物品,是,110116,11000000001316383819
十支队-怀柔执法队,G111京漠线K143+795头道穴隧道进京2上行,在公路上及公路用地范围内摆摊设点,是,110116,11000000001316383819
十支队-怀柔执法队,G111京漠线K143+795头道穴隧道进京2上行,在公路范围内擅自移动井盖,否,110116,11000000001316383819
十支队-怀柔执法队,G111京漠线K143+795头道穴隧道进京2上行,擅自占用、挖掘公路,是,110116,11000000001316383819
十支队-怀柔执法队,G111京漠线K143+795头道穴隧道进京2上行,在公路用地范围内设置公路标志以外的其他标志,是,110116,11000000001316383819
十支队-怀柔执法队,G111京漠线K143+795头道穴隧道进京2上行,遮挡公路附属设施或者利用公路附属设施架设管道、悬挂物品，可能危及公路安全,是,110116,11000000001316383819
十支队-怀柔执法队,G111京漠线K143+795头道穴隧道进京2上行,车辆装载物触地拖行、掉落、遗洒或者飘散，造成公路路面损坏、污染,是,110116,11000000001316383819
十支队-怀柔执法队,G111京漠线K143+840头道穴隧道出京3上行,在公路上及公路用地范围内堆放物品,是,110116,11000000001314370625
十支队-怀柔执法队,G111京漠线K143+840头道穴隧道出京3上行,在公路上及公路用地范围内摆摊设点,是,110116,11000000001314370625
十支队-怀柔执法队,G111京漠线K143+840头道穴隧道出京3上行,在公路范围内擅自移动井盖,否,110116,11000000001314370625
十支队-怀柔执法队,G111京漠线K143+840头道穴隧道出京3上行,擅自占用、挖掘公路,是,110116,11000000001314370625
十支队-怀柔执法队,G111京漠线K143+840头道穴隧道出京3上行,在公路用地范围内设置公路标志以外的其他标志,是,110116,11000000001314370625
十支队-怀柔执法队,G111京漠线K143+840头道穴隧道出京3上行,遮挡公路附属设施或者利用公路附属设施架设管道、悬挂物品，可能危及公路安全,是,110116,11000000001314370625
十支队-怀柔执法队,G111京漠线K143+840头道穴隧道出京3上行,车辆装载物触地拖行、掉落、遗洒或者飘散，造成公路路面损坏、污染,是,110116,11000000001314370625
十支队-怀柔执法队,G111京漠线K143+940头道穴隧道进京1上行,在公路上及公路用地范围内堆放物品,是,110116,
十支队-怀柔执法队,G111京漠线K143+940头道穴隧道进京1上行,在公路上及公路用地范围内摆摊设点,是,110116,
十支队-怀柔执法队,G111京漠线K143+940头道穴隧道进京1上行,在公路范围内擅自移动井盖,否,110116,
十支队-怀柔执法队,G111京漠线K143+940头道穴隧道进京1上行,擅自占用、挖掘公路,是,110116,
十支队-怀柔执法队,G111京漠线K143+940头道穴隧道进京1上行,在公路用地范围内设置公路标志以外的其他标志,是,110116,
十支队-怀柔执法队,G111京漠线K143+940头道穴隧道进京1上行,遮挡公路附属设施或者利用公路附属设施架设管道、悬挂物品，可能危及公路安全,是,110116,
十支队-怀柔执法队,G111京漠线K143+940头道穴隧道进京1上行,车辆装载物触地拖行、掉落、遗洒或者飘散，造成公路路面损坏、污染,是,110116,
十支队-怀柔执法队,G111京漠线K143+980头道穴隧道出京4上行,在公路上及公路用地范围内堆放物品,是,110116,11000000001313943627
十支队-怀柔执法队,G111京漠线K143+980头道穴隧道出京4上行,在公路上及公路用地范围内摆摊设点,是,110116,11000000001313943627
十支队-怀柔执法队,G111京漠线K143+980头道穴隧道出京4上行,在公路范围内擅自移动井盖,否,110116,11000000001313943627
十支队-怀柔执法队,G111京漠线K143+980头道穴隧道出京4上行,擅自占用、挖掘公路,是,110116,11000000001313943627
十支队-怀柔执法队,G111京漠线K143+980头道穴隧道出京4上行,在公路用地范围内设置公路标志以外的其他标志,是,110116,11000000001313943627
十支队-怀柔执法队,G111京漠线K143+980头道穴隧道出京4上行,遮挡公路附属设施或者利用公路附属设施架设管道、悬挂物品，可能危及公路安全,是,110116,11000000001313943627
十支队-怀柔执法队,G111京漠线K143+980头道穴隧道出京4上行,车辆装载物触地拖行、掉落、遗洒或者飘散，造成公路路面损坏、污染,是,110116,11000000001313943627
十支队-怀柔执法队,G111京漠线K153+675怀丰隧道出京1上行,在公路上及公路用地范围内堆放物品,是,110116,11000000001315978696
十支队-怀柔执法队,G111京漠线K153+675怀丰隧道出京1上行,在公路上及公路用地范围内摆摊设点,是,110116,11000000001315978696
十支队-怀柔执法队,G111京漠线K153+675怀丰隧道出京1上行,在公路范围内擅自移动井盖,否,110116,11000000001315978696
十支队-怀柔执法队,G111京漠线K153+675怀丰隧道出京1上行,擅自占用、挖掘公路,是,110116,11000000001315978696
十支队-怀柔执法队,G111京漠线K153+675怀丰隧道出京1上行,在公路用地范围内设置公路标志以外的其他标志,是,110116,11000000001315978696
十支队-怀柔执法队,G111京漠线K153+675怀丰隧道出京1上行,遮挡公路附属设施或者利用公路附属设施架设管道、悬挂物品，可能危及公路安全,是,110116,11000000001315978696
十支队-怀柔执法队,G111京漠线K153+675怀丰隧道出京1上行,车辆装载物触地拖行、掉落、遗洒或者飘散，造成公路路面损坏、污染,是,110116,11000000001315978696
十支队-怀柔执法队,G111京漠线K153+775怀丰隧道进京11下行,在公路上及公路用地范围内堆放物品,是,110116,11000000001313844682
十支队-怀柔执法队,G111京漠线K153+775怀丰隧道进京11下行,在公路上及公路用地范围内摆摊设点,是,110116,11000000001313844682
十支队-怀柔执法队,G111京漠线K153+775怀丰隧道进京11下行,在公路范围内擅自移动井盖,否,110116,11000000001313844682
十支队-怀柔执法队,G111京漠线K153+775怀丰隧道进京11下行,擅自占用、挖掘公路,是,110116,11000000001313844682
十支队-怀柔执法队,G111京漠线K153+775怀丰隧道进京11下行,在公路用地范围内设置公路标志以外的其他标志,是,110116,11000000001313844682
十支队-怀柔执法队,G111京漠线K153+775怀丰隧道进京11下行,遮挡公路附属设施或者利用公路附属设施架设管道、悬挂物品，可能危及公路安全,是,110116,11000000001313844682
十支队-怀柔执法队,G111京漠线K153+775怀丰隧道进京11下行,车辆装载物触地拖行、掉落、遗洒或者飘散，造成公路路面损坏、污染,是,110116,11000000001313844682
十支队-怀柔执法队,G111京漠线K153+815怀丰隧道出京2上行,在公路上及公路用地范围内堆放物品,是,110116,11000000001317851594
十支队-怀柔执法队,G111京漠线K153+815怀丰隧道出京2上行,在公路上及公路用地范围内摆摊设点,是,110116,11000000001317851594
十支队-怀柔执法队,G111京漠线K153+815怀丰隧道出京2上行,在公路范围内擅自移动井盖,否,110116,11000000001317851594
十支队-怀柔执法队,G111京漠线K153+815怀丰隧道出京2上行,擅自占用、挖掘公路,是,110116,11000000001317851594
十支队-怀柔执法队,G111京漠线K153+815怀丰隧道出京2上行,在公路用地范围内设置公路标志以外的其他标志,是,110116,11000000001317851594
十支队-怀柔执法队,G111京漠线K153+815怀丰隧道出京2上行,遮挡公路附属设施或者利用公路附属设施架设管道、悬挂物品，可能危及公路安全,是,110116,11000000001317851594
十支队-怀柔执法队,G111京漠线K153+815怀丰隧道出京2上行,车辆装载物触地拖行、掉落、遗洒或者飘散，造成公路路面损坏、污染,是,110116,11000000001317851594
十支队-怀柔执法队,G111京漠线K153+893怀丰隧道进京10下行,在公路上及公路用地范围内堆放物品,是,110116,11000000001319216820
十支队-怀柔执法队,G111京漠线K153+893怀丰隧道进京10下行,在公路上及公路用地范围内摆摊设点,是,110116,11000000001319216820
十支队-怀柔执法队,G111京漠线K153+893怀丰隧道进京10下行,在公路范围内擅自移动井盖,否,110116,11000000001319216820
十支队-怀柔执法队,G111京漠线K153+893怀丰隧道进京10下行,擅自占用、挖掘公路,是,110116,11000000001319216820
十支队-怀柔执法队,G111京漠线K153+893怀丰隧道进京10下行,在公路用地范围内设置公路标志以外的其他标志,是,110116,11000000001319216820
十支队-怀柔执法队,G111京漠线K153+893怀丰隧道进京10下行,遮挡公路附属设施或者利用公路附属设施架设管道、悬挂物品，可能危及公路安全,是,110116,11000000001319216820
十支队-怀柔执法队,G111京漠线K153+893怀丰隧道进京10下行,车辆装载物触地拖行、掉落、遗洒或者飘散，造成公路路面损坏、污染,是,110116,11000000001319216820
十支队-怀柔执法队,G111京漠线K153+927怀丰隧道出京3上行,在公路上及公路用地范围内堆放物品,是,110116,11000000001314767302
十支队-怀柔执法队,G111京漠线K153+927怀丰隧道出京3上行,在公路上及公路用地范围内摆摊设点,是,110116,11000000001314767302
十支队-怀柔执法队,G111京漠线K153+927怀丰隧道出京3上行,在公路范围内擅自移动井盖,否,110116,11000000001314767302
十支队-怀柔执法队,G111京漠线K153+927怀丰隧道出京3上行,擅自占用、挖掘公路,是,110116,11000000001314767302
十支队-怀柔执法队,G111京漠线K153+927怀丰隧道出京3上行,在公路用地范围内设置公路标志以外的其他标志,是,110116,11000000001314767302
十支队-怀柔执法队,G111京漠线K153+927怀丰隧道出京3上行,遮挡公路附属设施或者利用公路附属设施架设管道、悬挂物品，可能危及公路安全,是,110116,11000000001314767302
十支队-怀柔执法队,G111京漠线K153+927怀丰隧道出京3上行,车辆装载物触地拖行、掉落、遗洒或者飘散，造成公路路面损坏、污染,是,110116,11000000001314767302
十支队-怀柔执法队,G111京漠线K154+005怀丰隧道进京9下行,在公路上及公路用地范围内堆放物品,是,110116,11000000001316899594
十支队-怀柔执法队,G111京漠线K154+005怀丰隧道进京9下行,在公路上及公路用地范围内摆摊设点,是,110116,11000000001316899594
十支队-怀柔执法队,G111京漠线K154+005怀丰隧道进京9下行,在公路范围内擅自移动井盖,否,110116,11000000001316899594
十支队-怀柔执法队,G111京漠线K154+005怀丰隧道进京9下行,擅自占用、挖掘公路,是,110116,11000000001316899594
十支队-怀柔执法队,G111京漠线K154+005怀丰隧道进京9下行,在公路用地范围内设置公路标志以外的其他标志,是,110116,11000000001316899594
十支队-怀柔执法队,G111京漠线K154+005怀丰隧道进京9下行,遮挡公路附属设施或者利用公路附属设施架设管道、悬挂物品，可能危及公路安全,是,110116,11000000001316899594
十支队-怀柔执法队,G111京漠线K154+005怀丰隧道进京9下行,车辆装载物触地拖行、掉落、遗洒或者飘散，造成公路路面损坏、污染,是,110116,11000000001316899594
十支队-怀柔执法队,G111京漠线K154+040怀丰隧道出京4上行,在公路上及公路用地范围内堆放物品,是,110116,11000000001313686989
十支队-怀柔执法队,G111京漠线K154+040怀丰隧道出京4上行,在公路上及公路用地范围内摆摊设点,是,110116,11000000001313686989
十支队-怀柔执法队,G111京漠线K154+040怀丰隧道出京4上行,在公路范围内擅自移动井盖,否,110116,11000000001313686989
十支队-怀柔执法队,G111京漠线K154+040怀丰隧道出京4上行,擅自占用、挖掘公路,是,110116,11000000001313686989
十支队-怀柔执法队,G111京漠线K154+040怀丰隧道出京4上行,在公路用地范围内设置公路标志以外的其他标志,是,110116,11000000001313686989
十支队-怀柔执法队,G111京漠线K154+040怀丰隧道出京4上行,遮挡公路附属设施或者利用公路附属设施架设管道、悬挂物品，可能危及公路安全,是,110116,11000000001313686989
十支队-怀柔执法队,G111京漠线K154+040怀丰隧道出京4上行,车辆装载物触地拖行、掉落、遗洒或者飘散，造成公路路面损坏、污染,是,110116,11000000001313686989
十支队-怀柔执法队,G111京漠线K154+235怀丰隧道进京7下行,在公路上及公路用地范围内堆放物品,是,110116,11000000001312652186
十支队-怀柔执法队,G111京漠线K154+235怀丰隧道进京7下行,在公路上及公路用地范围内摆摊设点,是,110116,11000000001312652186
十支队-怀柔执法队,G111京漠线K154+235怀丰隧道进京7下行,在公路范围内擅自移动井盖,否,110116,11000000001312652186
十支队-怀柔执法队,G111京漠线K154+235怀丰隧道进京7下行,擅自占用、挖掘公路,是,110116,11000000001312652186
十支队-怀柔执法队,G111京漠线K154+235怀丰隧道进京7下行,在公路用地范围内设置公路标志以外的其他标志,是,110116,11000000001312652186
十支队-怀柔执法队,G111京漠线K154+235怀丰隧道进京7下行,遮挡公路附属设施或者利用公路附属设施架设管道、悬挂物品，可能危及公路安全,是,110116,11000000001312652186
十支队-怀柔执法队,G111京漠线K154+235怀丰隧道进京7下行,车辆装载物触地拖行、掉落、遗洒或者飘散，造成公路路面损坏、污染,是,110116,11000000001312652186
十支队-怀柔执法队,G111京漠线K154+295怀丰隧道出京6上行,在公路上及公路用地范围内堆放物品,是,110116,11000000001318255026
十支队-怀柔执法队,G111京漠线K154+295怀丰隧道出京6上行,在公路上及公路用地范围内摆摊设点,是,110116,11000000001318255026
十支队-怀柔执法队,G111京漠线K154+295怀丰隧道出京6上行,在公路范围内擅自移动井盖,否,110116,11000000001318255026
十支队-怀柔执法队,G111京漠线K154+295怀丰隧道出京6上行,擅自占用、挖掘公路,是,110116,11000000001318255026
十支队-怀柔执法队,G111京漠线K154+295怀丰隧道出京6上行,在公路用地范围内设置公路标志以外的其他标志,是,110116,11000000001318255026
十支队-怀柔执法队,G111京漠线K154+295怀丰隧道出京6上行,遮挡公路附属设施或者利用公路附属设施架设管道、悬挂物品，可能危及公路安全,是,110116,11000000001318255026
十支队-怀柔执法队,G111京漠线K154+295怀丰隧道出京6上行,车辆装载物触地拖行、掉落、遗洒或者飘散，造成公路路面损坏、污染,是,110116,11000000001318255026
十支队-怀柔执法队,G111京漠线K154+370怀丰隧道进京6下行,在公路上及公路用地范围内堆放物品,是,110116,11000000001315276016
十支队-怀柔执法队,G111京漠线K154+370怀丰隧道进京6下行,在公路上及公路用地范围内摆摊设点,是,110116,11000000001315276016
十支队-怀柔执法队,G111京漠线K154+370怀丰隧道进京6下行,在公路范围内擅自移动井盖,否,110116,11000000001315276016
十支队-怀柔执法队,G111京漠线K154+370怀丰隧道进京6下行,擅自占用、挖掘公路,是,110116,11000000001315276016
十支队-怀柔执法队,G111京漠线K154+370怀丰隧道进京6下行,在公路用地范围内设置公路标志以外的其他标志,是,110116,11000000001315276016
十支队-怀柔执法队,G111京漠线K154+370怀丰隧道进京6下行,遮挡公路附属设施或者利用公路附属设施架设管道、悬挂物品，可能危及公路安全,是,110116,11000000001315276016
十支队-怀柔执法队,G111京漠线K154+370怀丰隧道进京6下行,车辆装载物触地拖行、掉落、遗洒或者飘散，造成公路路面损坏、污染,是,110116,11000000001315276016
十支队-怀柔执法队,G111京漠线K154+420怀丰隧道出京7上行,在公路上及公路用地范围内堆放物品,是,110116,11000000001315360121
十支队-怀柔执法队,G111京漠线K154+420怀丰隧道出京7上行,在公路上及公路用地范围内摆摊设点,是,110116,11000000001315360121
十支队-怀柔执法队,G111京漠线K154+420怀丰隧道出京7上行,在公路范围内擅自移动井盖,否,110116,11000000001315360121
十支队-怀柔执法队,G111京漠线K154+420怀丰隧道出京7上行,擅自占用、挖掘公路,是,110116,11000000001315360121
十支队-怀柔执法队,G111京漠线K154+420怀丰隧道出京7上行,在公路用地范围内设置公路标志以外的其他标志,是,110116,11000000001315360121
十支队-怀柔执法队,G111京漠线K154+420怀丰隧道出京7上行,遮挡公路附属设施或者利用公路附属设施架设管道、悬挂物品，可能危及公路安全,是,110116,11000000001315360121
十支队-怀柔执法队,G111京漠线K154+420怀丰隧道出京7上行,车辆装载物触地拖行、掉落、遗洒或者飘散，造成公路路面损坏、污染,是,110116,11000000001315360121
十支队-怀柔执法队,G111京漠线K154+495怀丰隧道进京5下行,在公路上及公路用地范围内堆放物品,是,110116,11000000001319439208
十支队-怀柔执法队,G111京漠线K154+495怀丰隧道进京5下行,在公路上及公路用地范围内摆摊设点,是,110116,11000000001319439208
十支队-怀柔执法队,G111京漠线K154+495怀丰隧道进京5下行,在公路范围内擅自移动井盖,否,110116,11000000001319439208
十支队-怀柔执法队,G111京漠线K154+495怀丰隧道进京5下行,擅自占用、挖掘公路,是,110116,11000000001319439208
十支队-怀柔执法队,G111京漠线K154+495怀丰隧道进京5下行,在公路用地范围内设置公路标志以外的其他标志,是,110116,11000000001319439208
十支队-怀柔执法队,G111京漠线K154+495怀丰隧道进京5下行,遮挡公路附属设施或者利用公路附属设施架设管道、悬挂物品，可能危及公路安全,是,110116,11000000001319439208
十支队-怀柔执法队,G111京漠线K154+495怀丰隧道进京5下行,车辆装载物触地拖行、掉落、遗洒或者飘散，造成公路路面损坏、污染,是,110116,11000000001319439208
十支队-怀柔执法队,G111京漠线K154+540怀丰隧道出京8上行,在公路上及公路用地范围内堆放物品,是,110116,11000000001319707276
十支队-怀柔执法队,G111京漠线K154+540怀丰隧道出京8上行,在公路上及公路用地范围内摆摊设点,是,110116,11000000001319707276
十支队-怀柔执法队,G111京漠线K154+540怀丰隧道出京8上行,在公路范围内擅自移动井盖,否,110116,11000000001319707276
十支队-怀柔执法队,G111京漠线K154+540怀丰隧道出京8上行,擅自占用、挖掘公路,是,110116,11000000001319707276
十支队-怀柔执法队,G111京漠线K154+540怀丰隧道出京8上行,在公路用地范围内设置公路标志以外的其他标志,是,110116,11000000001319707276
十支队-怀柔执法队,G111京漠线K154+540怀丰隧道出京8上行,遮挡公路附属设施或者利用公路附属设施架设管道、悬挂物品，可能危及公路安全,是,110116,11000000001319707276
十支队-怀柔执法队,G111京漠线K154+540怀丰隧道出京8上行,车辆装载物触地拖行、掉落、遗洒或者飘散，造成公路路面损坏、污染,是,110116,11000000001319707276
十支队-怀柔执法队,G111京漠线K154+545怀丰隧道出京停车带上行,在公路上及公路用地范围内堆放物品,是,110116,11000000001316460992
十支队-怀柔执法队,G111京漠线K154+545怀丰隧道出京停车带上行,在公路上及公路用地范围内摆摊设点,是,110116,11000000001316460992
十支队-怀柔执法队,G111京漠线K154+545怀丰隧道出京停车带上行,在公路范围内擅自移动井盖,否,110116,11000000001316460992
十支队-怀柔执法队,G111京漠线K154+545怀丰隧道出京停车带上行,擅自占用、挖掘公路,是,110116,11000000001316460992
十支队-怀柔执法队,G111京漠线K154+545怀丰隧道出京停车带上行,在公路用地范围内设置公路标志以外的其他标志,是,110116,11000000001316460992
十支队-怀柔执法队,G111京漠线K154+545怀丰隧道出京停车带上行,遮挡公路附属设施或者利用公路附属设施架设管道、悬挂物品，可能危及公路安全,是,110116,11000000001316460992
十支队-怀柔执法队,G111京漠线K154+545怀丰隧道出京停车带上行,车辆装载物触地拖行、掉落、遗洒或者飘散，造成公路路面损坏、污染,是,110116,11000000001316460992
十支队-怀柔执法队,G111京漠线K154+625怀丰隧道进京4下行,在公路上及公路用地范围内堆放物品,是,110116,11000000001317033280
十支队-怀柔执法队,G111京漠线K154+625怀丰隧道进京4下行,在公路上及公路用地范围内摆摊设点,是,110116,11000000001317033280
十支队-怀柔执法队,G111京漠线K154+625怀丰隧道进京4下行,在公路范围内擅自移动井盖,否,110116,11000000001317033280
十支队-怀柔执法队,G111京漠线K154+625怀丰隧道进京4下行,擅自占用、挖掘公路,是,110116,11000000001317033280
十支队-怀柔执法队,G111京漠线K154+625怀丰隧道进京4下行,在公路用地范围内设置公路标志以外的其他标志,是,110116,11000000001317033280
十支队-怀柔执法队,G111京漠线K154+625怀丰隧道进京4下行,遮挡公路附属设施或者利用公路附属设施架设管道、悬挂物品，可能危及公路安全,是,110116,11000000001317033280
十支队-怀柔执法队,G111京漠线K154+625怀丰隧道进京4下行,车辆装载物触地拖行、掉落、遗洒或者飘散，造成公路路面损坏、污染,是,110116,11000000001317033280
十支队-怀柔执法队,G111京漠线K154+660怀丰隧道出京9上行,在公路上及公路用地范围内堆放物品,是,110116,11000000001314884292
十支队-怀柔执法队,G111京漠线K154+660怀丰隧道出京9上行,在公路上及公路用地范围内摆摊设点,是,110116,11000000001314884292
十支队-怀柔执法队,G111京漠线K154+660怀丰隧道出京9上行,在公路范围内擅自移动井盖,否,110116,11000000001314884292
十支队-怀柔执法队,G111京漠线K154+660怀丰隧道出京9上行,擅自占用、挖掘公路,是,110116,11000000001314884292
十支队-怀柔执法队,G111京漠线K154+660怀丰隧道出京9上行,在公路用地范围内设置公路标志以外的其他标志,是,110116,11000000001314884292
十支队-怀柔执法队,G111京漠线K154+660怀丰隧道出京9上行,遮挡公路附属设施或者利用公路附属设施架设管道、悬挂物品，可能危及公路安全,是,110116,11000000001314884292
十支队-怀柔执法队,G111京漠线K154+660怀丰隧道出京9上行,车辆装载物触地拖行、掉落、遗洒或者飘散，造成公路路面损坏、污染,是,110116,11000000001314884292
十支队-怀柔执法队,G111京漠线K154+774怀丰隧道进京3下行,在公路上及公路用地范围内堆放物品,是,110116,11000000001313078876
十支队-怀柔执法队,G111京漠线K154+774怀丰隧道进京3下行,在公路上及公路用地范围内摆摊设点,是,110116,11000000001313078876
十支队-怀柔执法队,G111京漠线K154+774怀丰隧道进京3下行,在公路范围内擅自移动井盖,否,110116,11000000001313078876
十支队-怀柔执法队,G111京漠线K154+774怀丰隧道进京3下行,擅自占用、挖掘公路,是,110116,11000000001313078876
十支队-怀柔执法队,G111京漠线K154+774怀丰隧道进京3下行,在公路用地范围内设置公路标志以外的其他标志,是,110116,11000000001313078876
十支队-怀柔执法队,G111京漠线K154+774怀丰隧道进京3下行,遮挡公路附属设施或者利用公路附属设施架设管道、悬挂物品，可能危及公路安全,是,110116,11000000001313078876
十支队-怀柔执法队,G111京漠线K154+774怀丰隧道进京3下行,车辆装载物触地拖行、掉落、遗洒或者飘散，造成公路路面损坏、污染,是,110116,11000000001313078876
十支队-怀柔执法队,G111京漠线K154+905怀丰隧道出京11上行,在公路上及公路用地范围内堆放物品,是,110116,11000000001315169111
十支队-怀柔执法队,G111京漠线K154+905怀丰隧道出京11上行,在公路上及公路用地范围内摆摊设点,是,110116,11000000001315169111
十支队-怀柔执法队,G111京漠线K154+905怀丰隧道出京11上行,在公路范围内擅自移动井盖,否,110116,11000000001315169111
十支队-怀柔执法队,G111京漠线K154+905怀丰隧道出京11上行,擅自占用、挖掘公路,是,110116,11000000001315169111
十支队-怀柔执法队,G111京漠线K154+905怀丰隧道出京11上行,在公路用地范围内设置公路标志以外的其他标志,是,110116,11000000001315169111
十支队-怀柔执法队,G111京漠线K154+905怀丰隧道出京11上行,遮挡公路附属设施或者利用公路附属设施架设管道、悬挂物品，可能危及公路安全,是,110116,11000000001315169111
十支队-怀柔执法队,G111京漠线K154+905怀丰隧道出京11上行,车辆装载物触地拖行、掉落、遗洒或者飘散，造成公路路面损坏、污染,是,110116,11000000001315169111
十支队-怀柔执法队,G111京漠线K154+975怀丰隧道进京1下行,在公路上及公路用地范围内堆放物品,是,110116,11000000001314744791
十支队-怀柔执法队,G111京漠线K154+975怀丰隧道进京1下行,在公路上及公路用地范围内摆摊设点,是,110116,11000000001314744791
十支队-怀柔执法队,G111京漠线K154+975怀丰隧道进京1下行,在公路范围内擅自移动井盖,否,110116,11000000001314744791
十支队-怀柔执法队,G111京漠线K154+975怀丰隧道进京1下行,擅自占用、挖掘公路,是,110116,11000000001314744791
十支队-怀柔执法队,G111京漠线K154+975怀丰隧道进京1下行,在公路用地范围内设置公路标志以外的其他标志,是,110116,11000000001314744791
十支队-怀柔执法队,G111京漠线K154+975怀丰隧道进京1下行,遮挡公路附属设施或者利用公路附属设施架设管道、悬挂物品，可能危及公路安全,是,110116,11000000001314744791
十支队-怀柔执法队,G111京漠线K154+975怀丰隧道进京1下行,车辆装载物触地拖行、掉落、遗洒或者飘散，造成公路路面损坏、污染,是,110116,11000000001314744791
十支队-怀柔执法队,G111京漠线K67+606河防口隧道进京04,在公路上及公路用地范围内堆放物品,是,110116,11000000001319628110
十支队-怀柔执法队,G111京漠线K67+606河防口隧道进京04,在公路上及公路用地范围内摆摊设点,是,110116,11000000001319628110
十支队-怀柔执法队,G111京漠线K67+606河防口隧道进京04,在公路范围内擅自移动井盖,否,110116,11000000001319628110
十支队-怀柔执法队,G111京漠线K67+606河防口隧道进京04,擅自占用、挖掘公路,是,110116,11000000001319628110
十支队-怀柔执法队,G111京漠线K67+606河防口隧道进京04,在公路用地范围内设置公路标志以外的其他标志,是,110116,11000000001319628110
十支队-怀柔执法队,G111京漠线K67+606河防口隧道进京04,遮挡公路附属设施或者利用公路附属设施架设管道、悬挂物品，可能危及公路安全,是,110116,11000000001319628110
十支队-怀柔执法队,G111京漠线K67+606河防口隧道进京04,车辆装载物触地拖行、掉落、遗洒或者飘散，造成公路路面损坏、污染,是,110116,11000000001319628110
十支队-怀柔执法队,G111京漠线K67+700河防口隧道出京01,在公路上及公路用地范围内堆放物品,是,110116,11000000001317350488
十支队-怀柔执法队,G111京漠线K67+700河防口隧道出京01,在公路上及公路用地范围内摆摊设点,是,110116,11000000001317350488
十支队-怀柔执法队,G111京漠线K67+700河防口隧道出京01,在公路范围内擅自移动井盖,否,110116,11000000001317350488
十支队-怀柔执法队,G111京漠线K67+700河防口隧道出京01,擅自占用、挖掘公路,是,110116,11000000001317350488
十支队-怀柔执法队,G111京漠线K67+700河防口隧道出京01,在公路用地范围内设置公路标志以外的其他标志,是,110116,11000000001317350488
十支队-怀柔执法队,G111京漠线K67+700河防口隧道出京01,遮挡公路附属设施或者利用公路附属设施架设管道、悬挂物品，可能危及公路安全,是,110116,11000000001317350488
十支队-怀柔执法队,G111京漠线K67+700河防口隧道出京01,车辆装载物触地拖行、掉落、遗洒或者飘散，造成公路路面损坏、污染,是,110116,11000000001317350488
十支队-怀柔执法队,G111京漠线K68+056河防口隧道进京01,在公路上及公路用地范围内堆放物品,是,110116,11000000001318114050
十支队-怀柔执法队,G111京漠线K68+056河防口隧道进京01,在公路上及公路用地范围内摆摊设点,是,110116,11000000001318114050
十支队-怀柔执法队,G111京漠线K68+056河防口隧道进京01,在公路范围内擅自移动井盖,否,110116,11000000001318114050
十支队-怀柔执法队,G111京漠线K68+056河防口隧道进京01,擅自占用、挖掘公路,是,110116,11000000001318114050
十支队-怀柔执法队,G111京漠线K68+056河防口隧道进京01,在公路用地范围内设置公路标志以外的其他标志,是,110116,11000000001318114050
十支队-怀柔执法队,G111京漠线K68+056河防口隧道进京01,遮挡公路附属设施或者利用公路附属设施架设管道、悬挂物品，可能危及公路安全,是,110116,11000000001318114050
十支队-怀柔执法队,G111京漠线K68+056河防口隧道进京01,车辆装载物触地拖行、掉落、遗洒或者飘散，造成公路路面损坏、污染,是,110116,11000000001318114050
十支队-怀柔执法队,G111京漠线K68+076河防口隧道下行-进口,在公路上及公路用地范围内堆放物品,是,110116,
十支队-怀柔执法队,G111京漠线K68+076河防口隧道下行-进口,在公路上及公路用地范围内摆摊设点,是,110116,
十支队-怀柔执法队,G111京漠线K68+076河防口隧道下行-进口,在公路范围内擅自移动井盖,否,110116,
十支队-怀柔执法队,G111京漠线K68+076河防口隧道下行-进口,擅自占用、挖掘公路,是,110116,
十支队-怀柔执法队,G111京漠线K68+076河防口隧道下行-进口,在公路用地范围内设置公路标志以外的其他标志,是,110116,
十支队-怀柔执法队,G111京漠线K68+076河防口隧道下行-进口,遮挡公路附属设施或者利用公路附属设施架设管道、悬挂物品，可能危及公路安全,是,110116,
十支队-怀柔执法队,G111京漠线K68+076河防口隧道下行-进口,车辆装载物触地拖行、掉落、遗洒或者飘散，造成公路路面损坏、污染,是,110116,
十支队-怀柔执法队,G111京漠线K68+150河防口隧道出京04,在公路上及公路用地范围内堆放物品,是,110116,11000000001316126726
十支队-怀柔执法队,G111京漠线K68+150河防口隧道出京04,在公路上及公路用地范围内摆摊设点,是,110116,11000000001316126726
十支队-怀柔执法队,G111京漠线K68+150河防口隧道出京04,在公路范围内擅自移动井盖,否,110116,11000000001316126726
十支队-怀柔执法队,G111京漠线K68+150河防口隧道出京04,擅自占用、挖掘公路,是,110116,11000000001316126726
十支队-怀柔执法队,G111京漠线K68+150河防口隧道出京04,在公路用地范围内设置公路标志以外的其他标志,是,110116,11000000001316126726
十支队-怀柔执法队,G111京漠线K68+150河防口隧道出京04,遮挡公路附属设施或者利用公路附属设施架设管道、悬挂物品，可能危及公路安全,是,110116,11000000001316126726
十支队-怀柔执法队,G111京漠线K68+150河防口隧道出京04,车辆装载物触地拖行、掉落、遗洒或者飘散，造成公路路面损坏、污染,是,110116,11000000001316126726
十支队-怀柔执法队,G111京漠线K68+283河防口隧道上行-出口,在公路上及公路用地范围内堆放物品,是,110116,
十支队-怀柔执法队,G111京漠线K68+283河防口隧道上行-出口,在公路上及公路用地范围内摆摊设点,是,110116,
十支队-怀柔执法队,G111京漠线K68+283河防口隧道上行-出口,在公路范围内擅自移动井盖,否,110116,
十支队-怀柔执法队,G111京漠线K68+283河防口隧道上行-出口,擅自占用、挖掘公路,是,110116,
十支队-怀柔执法队,G111京漠线K68+283河防口隧道上行-出口,在公路用地范围内设置公路标志以外的其他标志,是,110116,
十支队-怀柔执法队,G111京漠线K68+283河防口隧道上行-出口,遮挡公路附属设施或者利用公路附属设施架设管道、悬挂物品，可能危及公路安全,是,110116,
十支队-怀柔执法队,G111京漠线K68+283河防口隧道上行-出口,车辆装载物触地拖行、掉落、遗洒或者飘散，造成公路路面损坏、污染,是,110116,
十支队-怀柔执法队,G111京漠线K68河防口隧道出京03,在公路上及公路用地范围内堆放物品,是,110116,11000000001315968791
十支队-怀柔执法队,G111京漠线K68河防口隧道出京03,在公路上及公路用地范围内摆摊设点,是,110116,11000000001315968791
十支队-怀柔执法队,G111京漠线K68河防口隧道出京03,在公路范围内擅自移动井盖,否,110116,11000000001315968791
十支队-怀柔执法队,G111京漠线K68河防口隧道出京03,擅自占用、挖掘公路,是,110116,11000000001315968791
十支队-怀柔执法队,G111京漠线K68河防口隧道出京03,在公路用地范围内设置公路标志以外的其他标志,是,110116,11000000001315968791
十支队-怀柔执法队,G111京漠线K68河防口隧道出京03,遮挡公路附属设施或者利用公路附属设施架设管道、悬挂物品，可能危及公路安全,是,110116,11000000001315968791
十支队-怀柔执法队,G111京漠线K68河防口隧道出京03,车辆装载物触地拖行、掉落、遗洒或者飘散，造成公路路面损坏、污染,是,110116,11000000001315968791
十支队-怀柔执法队,G111京漠线K76+474分水岭进京25,在公路上及公路用地范围内堆放物品,是,110116,11000000001311917763
十支队-怀柔执法队,G111京漠线K76+474分水岭进京25,在公路上及公路用地范围内摆摊设点,是,110116,11000000001311917763
十支队-怀柔执法队,G111京漠线K76+474分水岭进京25,在公路范围内擅自移动井盖,否,110116,11000000001311917763
十支队-怀柔执法队,G111京漠线K76+474分水岭进京25,擅自占用、挖掘公路,是,110116,11000000001311917763
十支队-怀柔执法队,G111京漠线K76+474分水岭进京25,在公路用地范围内设置公路标志以外的其他标志,是,110116,11000000001311917763
十支队-怀柔执法队,G111京漠线K76+474分水岭进京25,遮挡公路附属设施或者利用公路附属设施架设管道、悬挂物品，可能危及公路安全,是,110116,11000000001311917763
十支队-怀柔执法队,G111京漠线K76+474分水岭进京25,车辆装载物触地拖行、掉落、遗洒或者飘散，造成公路路面损坏、污染,是,110116,11000000001311917763
十支队-怀柔执法队,G111京漠线K76+617分水岭进京24,在公路上及公路用地范围内堆放物品,是,110116,11000000001312095982
十支队-怀柔执法队,G111京漠线K76+617分水岭进京24,在公路上及公路用地范围内摆摊设点,是,110116,11000000001312095982
十支队-怀柔执法队,G111京漠线K76+617分水岭进京24,在公路范围内擅自移动井盖,否,110116,11000000001312095982
十支队-怀柔执法队,G111京漠线K76+617分水岭进京24,擅自占用、挖掘公路,是,110116,11000000001312095982
十支队-怀柔执法队,G111京漠线K76+617分水岭进京24,在公路用地范围内设置公路标志以外的其他标志,是,110116,11000000001312095982
十支队-怀柔执法队,G111京漠线K76+617分水岭进京24,遮挡公路附属设施或者利用公路附属设施架设管道、悬挂物品，可能危及公路安全,是,110116,11000000001312095982
十支队-怀柔执法队,G111京漠线K76+617分水岭进京24,车辆装载物触地拖行、掉落、遗洒或者飘散，造成公路路面损坏、污染,是,110116,11000000001312095982
十支队-怀柔执法队,G111京漠线K76+654分水岭出京1,在公路上及公路用地范围内堆放物品,是,110116,11000000001317429773
十支队-怀柔执法队,G111京漠线K76+654分水岭出京1,在公路上及公路用地范围内摆摊设点,是,110116,11000000001317429773
十支队-怀柔执法队,G111京漠线K76+654分水岭出京1,在公路范围内擅自移动井盖,否,110116,11000000001317429773
十支队-怀柔执法队,G111京漠线K76+654分水岭出京1,擅自占用、挖掘公路,是,110116,11000000001317429773
十支队-怀柔执法队,G111京漠线K76+654分水岭出京1,在公路用地范围内设置公路标志以外的其他标志,是,110116,11000000001317429773
十支队-怀柔执法队,G111京漠线K76+654分水岭出京1,遮挡公路附属设施或者利用公路附属设施架设管道、悬挂物品，可能危及公路安全,是,110116,11000000001317429773
十支队-怀柔执法队,G111京漠线K76+654分水岭出京1,车辆装载物触地拖行、掉落、遗洒或者飘散，造成公路路面损坏、污染,是,110116,11000000001317429773
十支队-怀柔执法队,G111京漠线K76+936分水岭进京22,在公路上及公路用地范围内堆放物品,是,110116,11000000001315581147
十支队-怀柔执法队,G111京漠线K76+936分水岭进京22,在公路上及公路用地范围内摆摊设点,是,110116,11000000001315581147
十支队-怀柔执法队,G111京漠线K76+936分水岭进京22,在公路范围内擅自移动井盖,否,110116,11000000001315581147
十支队-怀柔执法队,G111京漠线K76+936分水岭进京22,擅自占用、挖掘公路,是,110116,11000000001315581147
十支队-怀柔执法队,G111京漠线K76+936分水岭进京22,在公路用地范围内设置公路标志以外的其他标志,是,110116,11000000001315581147
十支队-怀柔执法队,G111京漠线K76+936分水岭进京22,遮挡公路附属设施或者利用公路附属设施架设管道、悬挂物品，可能危及公路安全,是,110116,11000000001315581147
十支队-怀柔执法队,G111京漠线K76+936分水岭进京22,车辆装载物触地拖行、掉落、遗洒或者飘散，造成公路路面损坏、污染,是,110116,11000000001315581147
十支队-怀柔执法队,G111京漠线K76+940分水岭出京3,在公路上及公路用地范围内堆放物品,是,110116,11000000001314225729
十支队-怀柔执法队,G111京漠线K76+940分水岭出京3,在公路上及公路用地范围内摆摊设点,是,110116,11000000001314225729
十支队-怀柔执法队,G111京漠线K76+940分水岭出京3,在公路范围内擅自移动井盖,否,110116,11000000001314225729
十支队-怀柔执法队,G111京漠线K76+940分水岭出京3,擅自占用、挖掘公路,是,110116,11000000001314225729
十支队-怀柔执法队,G111京漠线K76+940分水岭出京3,在公路用地范围内设置公路标志以外的其他标志,是,110116,11000000001314225729
十支队-怀柔执法队,G111京漠线K76+940分水岭出京3,遮挡公路附属设施或者利用公路附属设施架设管道、悬挂物品，可能危及公路安全,是,110116,11000000001314225729
十支队-怀柔执法队,G111京漠线K76+940分水岭出京3,车辆装载物触地拖行、掉落、遗洒或者飘散，造成公路路面损坏、污染,是,110116,11000000001314225729
十支队-怀柔执法队,G111京漠线K77+016分水岭进京停4,在公路上及公路用地范围内堆放物品,是,110116,11000000001319438003
十支队-怀柔执法队,G111京漠线K77+016分水岭进京停4,在公路上及公路用地范围内摆摊设点,是,110116,11000000001319438003
十支队-怀柔执法队,G111京漠线K77+016分水岭进京停4,在公路范围内擅自移动井盖,否,110116,11000000001319438003
十支队-怀柔执法队,G111京漠线K77+016分水岭进京停4,擅自占用、挖掘公路,是,110116,11000000001319438003
十支队-怀柔执法队,G111京漠线K77+016分水岭进京停4,在公路用地范围内设置公路标志以外的其他标志,是,110116,11000000001319438003
十支队-怀柔执法队,G111京漠线K77+016分水岭进京停4,遮挡公路附属设施或者利用公路附属设施架设管道、悬挂物品，可能危及公路安全,是,110116,11000000001319438003
十支队-怀柔执法队,G111京漠线K77+016分水岭进京停4,车辆装载物触地拖行、掉落、遗洒或者飘散，造成公路路面损坏、污染,是,110116,11000000001319438003
十支队-怀柔执法队,G111京漠线K77+054分水岭进京21,在公路上及公路用地范围内堆放物品,是,110116,11000000001319219114
十支队-怀柔执法队,G111京漠线K77+054分水岭进京21,在公路上及公路用地范围内摆摊设点,是,110116,11000000001319219114
十支队-怀柔执法队,G111京漠线K77+054分水岭进京21,在公路范围内擅自移动井盖,否,110116,11000000001319219114
十支队-怀柔执法队,G111京漠线K77+054分水岭进京21,擅自占用、挖掘公路,是,110116,11000000001319219114
十支队-怀柔执法队,G111京漠线K77+054分水岭进京21,在公路用地范围内设置公路标志以外的其他标志,是,110116,11000000001319219114
十支队-怀柔执法队,G111京漠线K77+054分水岭进京21,遮挡公路附属设施或者利用公路附属设施架设管道、悬挂物品，可能危及公路安全,是,110116,11000000001319219114
十支队-怀柔执法队,G111京漠线K77+054分水岭进京21,车辆装载物触地拖行、掉落、遗洒或者飘散，造成公路路面损坏、污染,是,110116,11000000001319219114
十支队-怀柔执法队,G111京漠线K77+069分水岭出京4,在公路上及公路用地范围内堆放物品,是,110116,11000000001312659270
十支队-怀柔执法队,G111京漠线K77+069分水岭出京4,在公路上及公路用地范围内摆摊设点,是,110116,11000000001312659270
十支队-怀柔执法队,G111京漠线K77+069分水岭出京4,在公路范围内擅自移动井盖,否,110116,11000000001312659270
十支队-怀柔执法队,G111京漠线K77+069分水岭出京4,擅自占用、挖掘公路,是,110116,11000000001312659270
十支队-怀柔执法队,G111京漠线K77+069分水岭出京4,在公路用地范围内设置公路标志以外的其他标志,是,110116,11000000001312659270
十支队-怀柔执法队,G111京漠线K77+069分水岭出京4,遮挡公路附属设施或者利用公路附属设施架设管道、悬挂物品，可能危及公路安全,是,110116,11000000001312659270
十支队-怀柔执法队,G111京漠线K77+069分水岭出京4,车辆装载物触地拖行、掉落、遗洒或者飘散，造成公路路面损坏、污染,是,110116,11000000001312659270
十支队-怀柔执法队,G111京漠线K77+075分水岭出京停1,在公路上及公路用地范围内堆放物品,是,110116,11000000001312100002
十支队-怀柔执法队,G111京漠线K77+075分水岭出京停1,在公路上及公路用地范围内摆摊设点,是,110116,11000000001312100002
十支队-怀柔执法队,G111京漠线K77+075分水岭出京停1,在公路范围内擅自移动井盖,否,110116,11000000001312100002
十支队-怀柔执法队,G111京漠线K77+075分水岭出京停1,擅自占用、挖掘公路,是,110116,11000000001312100002
十支队-怀柔执法队,G111京漠线K77+075分水岭出京停1,在公路用地范围内设置公路标志以外的其他标志,是,110116,11000000001312100002
十支队-怀柔执法队,G111京漠线K77+075分水岭出京停1,遮挡公路附属设施或者利用公路附属设施架设管道、悬挂物品，可能危及公路安全,是,110116,11000000001312100002
十支队-怀柔执法队,G111京漠线K77+075分水岭出京停1,车辆装载物触地拖行、掉落、遗洒或者飘散，造成公路路面损坏、污染,是,110116,11000000001312100002
十支队-怀柔执法队,G111京漠线K77+078分水岭进京20,在公路上及公路用地范围内堆放物品,是,110116,11000000001314078899
十支队-怀柔执法队,G111京漠线K77+078分水岭进京20,在公路上及公路用地范围内摆摊设点,是,110116,11000000001314078899
十支队-怀柔执法队,G111京漠线K77+078分水岭进京20,在公路范围内擅自移动井盖,否,110116,11000000001314078899
十支队-怀柔执法队,G111京漠线K77+078分水岭进京20,擅自占用、挖掘公路,是,110116,11000000001314078899
十支队-怀柔执法队,G111京漠线K77+078分水岭进京20,在公路用地范围内设置公路标志以外的其他标志,是,110116,11000000001314078899
十支队-怀柔执法队,G111京漠线K77+078分水岭进京20,遮挡公路附属设施或者利用公路附属设施架设管道、悬挂物品，可能危及公路安全,是,110116,11000000001314078899
十支队-怀柔执法队,G111京漠线K77+078分水岭进京20,车辆装载物触地拖行、掉落、遗洒或者飘散，造成公路路面损坏、污染,是,110116,11000000001314078899
十支队-怀柔执法队,G111京漠线K77+155分水岭进京19,在公路上及公路用地范围内堆放物品,是,110116,11000000001312892083
十支队-怀柔执法队,G111京漠线K77+155分水岭进京19,在公路上及公路用地范围内摆摊设点,是,110116,11000000001312892083
十支队-怀柔执法队,G111京漠线K77+155分水岭进京19,在公路范围内擅自移动井盖,否,110116,11000000001312892083
十支队-怀柔执法队,G111京漠线K77+155分水岭进京19,擅自占用、挖掘公路,是,110116,11000000001312892083
十支队-怀柔执法队,G111京漠线K77+155分水岭进京19,在公路用地范围内设置公路标志以外的其他标志,是,110116,11000000001312892083
十支队-怀柔执法队,G111京漠线K77+155分水岭进京19,遮挡公路附属设施或者利用公路附属设施架设管道、悬挂物品，可能危及公路安全,是,110116,11000000001312892083
十支队-怀柔执法队,G111京漠线K77+155分水岭进京19,车辆装载物触地拖行、掉落、遗洒或者飘散，造成公路路面损坏、污染,是,110116,11000000001312892083
十支队-怀柔执法队,G111京漠线K77+170分水岭出京5,在公路上及公路用地范围内堆放物品,是,110116,11000000001314425851
十支队-怀柔执法队,G111京漠线K77+170分水岭出京5,在公路上及公路用地范围内摆摊设点,是,110116,11000000001314425851
十支队-怀柔执法队,G111京漠线K77+170分水岭出京5,在公路范围内擅自移动井盖,否,110116,11000000001314425851
十支队-怀柔执法队,G111京漠线K77+170分水岭出京5,擅自占用、挖掘公路,是,110116,11000000001314425851
十支队-怀柔执法队,G111京漠线K77+170分水岭出京5,在公路用地范围内设置公路标志以外的其他标志,是,110116,11000000001314425851
十支队-怀柔执法队,G111京漠线K77+170分水岭出京5,遮挡公路附属设施或者利用公路附属设施架设管道、悬挂物品，可能危及公路安全,是,110116,11000000001314425851
十支队-怀柔执法队,G111京漠线K77+170分水岭出京5,车辆装载物触地拖行、掉落、遗洒或者飘散，造成公路路面损坏、污染,是,110116,11000000001314425851
十支队-怀柔执法队,G111京漠线K77+220分水岭出京6,在公路上及公路用地范围内堆放物品,是,110116,11000000001319067178
十支队-怀柔执法队,G111京漠线K77+220分水岭出京6,在公路上及公路用地范围内摆摊设点,是,110116,11000000001319067178
十支队-怀柔执法队,G111京漠线K77+220分水岭出京6,在公路范围内擅自移动井盖,否,110116,11000000001319067178
十支队-怀柔执法队,G111京漠线K77+220分水岭出京6,擅自占用、挖掘公路,是,110116,11000000001319067178
十支队-怀柔执法队,G111京漠线K77+220分水岭出京6,在公路用地范围内设置公路标志以外的其他标志,是,110116,11000000001319067178
十支队-怀柔执法队,G111京漠线K77+220分水岭出京6,遮挡公路附属设施或者利用公路附属设施架设管道、悬挂物品，可能危及公路安全,是,110116,11000000001319067178
十支队-怀柔执法队,G111京漠线K77+220分水岭出京6,车辆装载物触地拖行、掉落、遗洒或者飘散，造成公路路面损坏、污染,是,110116,11000000001319067178
十支队-怀柔执法队,G111京漠线K77+235分水岭进京18,在公路上及公路用地范围内堆放物品,是,110116,11000000001314754370
十支队-怀柔执法队,G111京漠线K77+235分水岭进京18,在公路上及公路用地范围内摆摊设点,是,110116,11000000001314754370
十支队-怀柔执法队,G111京漠线K77+235分水岭进京18,在公路范围内擅自移动井盖,否,110116,11000000001314754370
十支队-怀柔执法队,G111京漠线K77+235分水岭进京18,擅自占用、挖掘公路,是,110116,11000000001314754370
十支队-怀柔执法队,G111京漠线K77+235分水岭进京18,在公路用地范围内设置公路标志以外的其他标志,是,110116,11000000001314754370
十支队-怀柔执法队,G111京漠线K77+235分水岭进京18,遮挡公路附属设施或者利用公路附属设施架设管道、悬挂物品，可能危及公路安全,是,110116,11000000001314754370
十支队-怀柔执法队,G111京漠线K77+235分水岭进京18,车辆装载物触地拖行、掉落、遗洒或者飘散，造成公路路面损坏、污染,是,110116,11000000001314754370
十支队-怀柔执法队,G111京漠线K77+371分水岭出京7,在公路上及公路用地范围内堆放物品,是,110116,11000000001317223068
十支队-怀柔执法队,G111京漠线K77+371分水岭出京7,在公路上及公路用地范围内摆摊设点,是,110116,11000000001317223068
十支队-怀柔执法队,G111京漠线K77+371分水岭出京7,在公路范围内擅自移动井盖,否,110116,11000000001317223068
十支队-怀柔执法队,G111京漠线K77+371分水岭出京7,擅自占用、挖掘公路,是,110116,11000000001317223068
十支队-怀柔执法队,G111京漠线K77+371分水岭出京7,在公路用地范围内设置公路标志以外的其他标志,是,110116,11000000001317223068
十支队-怀柔执法队,G111京漠线K77+371分水岭出京7,遮挡公路附属设施或者利用公路附属设施架设管道、悬挂物品，可能危及公路安全,是,110116,11000000001317223068
十支队-怀柔执法队,G111京漠线K77+371分水岭出京7,车辆装载物触地拖行、掉落、遗洒或者飘散，造成公路路面损坏、污染,是,110116,11000000001317223068
十支队-怀柔执法队,G111京漠线K77+424分水岭进京17,在公路上及公路用地范围内堆放物品,是,110116,11000000001311388120
十支队-怀柔执法队,G111京漠线K77+424分水岭进京17,在公路上及公路用地范围内摆摊设点,是,110116,11000000001311388120
十支队-怀柔执法队,G111京漠线K77+424分水岭进京17,在公路范围内擅自移动井盖,否,110116,11000000001311388120
十支队-怀柔执法队,G111京漠线K77+424分水岭进京17,擅自占用、挖掘公路,是,110116,11000000001311388120
十支队-怀柔执法队,G111京漠线K77+424分水岭进京17,在公路用地范围内设置公路标志以外的其他标志,是,110116,11000000001311388120
十支队-怀柔执法队,G111京漠线K77+424分水岭进京17,遮挡公路附属设施或者利用公路附属设施架设管道、悬挂物品，可能危及公路安全,是,110116,11000000001311388120
十支队-怀柔执法队,G111京漠线K77+424分水岭进京17,车辆装载物触地拖行、掉落、遗洒或者飘散，造成公路路面损坏、污染,是,110116,11000000001311388120
十支队-怀柔执法队,G111京漠线K77+440分水岭出京8,在公路上及公路用地范围内堆放物品,是,110116,11000000001318828226
十支队-怀柔执法队,G111京漠线K77+440分水岭出京8,在公路上及公路用地范围内摆摊设点,是,110116,11000000001318828226
十支队-怀柔执法队,G111京漠线K77+440分水岭出京8,在公路范围内擅自移动井盖,否,110116,11000000001318828226
十支队-怀柔执法队,G111京漠线K77+440分水岭出京8,擅自占用、挖掘公路,是,110116,11000000001318828226
十支队-怀柔执法队,G111京漠线K77+440分水岭出京8,在公路用地范围内设置公路标志以外的其他标志,是,110116,11000000001318828226
十支队-怀柔执法队,G111京漠线K77+440分水岭出京8,遮挡公路附属设施或者利用公路附属设施架设管道、悬挂物品，可能危及公路安全,是,110116,11000000001318828226
十支队-怀柔执法队,G111京漠线K77+440分水岭出京8,车辆装载物触地拖行、掉落、遗洒或者飘散，造成公路路面损坏、污染,是,110116,11000000001318828226
十支队-怀柔执法队,G111京漠线K77+522分水岭出京9,在公路上及公路用地范围内堆放物品,是,110116,11000000001317936393
十支队-怀柔执法队,G111京漠线K77+522分水岭出京9,在公路上及公路用地范围内摆摊设点,是,110116,11000000001317936393
十支队-怀柔执法队,G111京漠线K77+522分水岭出京9,在公路范围内擅自移动井盖,否,110116,11000000001317936393
十支队-怀柔执法队,G111京漠线K77+522分水岭出京9,擅自占用、挖掘公路,是,110116,11000000001317936393
十支队-怀柔执法队,G111京漠线K77+522分水岭出京9,在公路用地范围内设置公路标志以外的其他标志,是,110116,11000000001317936393
十支队-怀柔执法队,G111京漠线K77+522分水岭出京9,遮挡公路附属设施或者利用公路附属设施架设管道、悬挂物品，可能危及公路安全,是,110116,11000000001317936393
十支队-怀柔执法队,G111京漠线K77+522分水岭出京9,车辆装载物触地拖行、掉落、遗洒或者飘散，造成公路路面损坏、污染,是,110116,11000000001317936393
十支队-怀柔执法队,G111京漠线K77+562分水岭进京16,在公路上及公路用地范围内堆放物品,是,110116,11000000001317842202
十支队-怀柔执法队,G111京漠线K77+562分水岭进京16,在公路上及公路用地范围内摆摊设点,是,110116,11000000001317842202
十支队-怀柔执法队,G111京漠线K77+562分水岭进京16,在公路范围内擅自移动井盖,否,110116,11000000001317842202
十支队-怀柔执法队,G111京漠线K77+562分水岭进京16,擅自占用、挖掘公路,是,110116,11000000001317842202
十支队-怀柔执法队,G111京漠线K77+562分水岭进京16,在公路用地范围内设置公路标志以外的其他标志,是,110116,11000000001317842202
十支队-怀柔执法队,G111京漠线K77+562分水岭进京16,遮挡公路附属设施或者利用公路附属设施架设管道、悬挂物品，可能危及公路安全,是,110116,11000000001317842202
十支队-怀柔执法队,G111京漠线K77+562分水岭进京16,车辆装载物触地拖行、掉落、遗洒或者飘散，造成公路路面损坏、污染,是,110116,11000000001317842202
十支队-怀柔执法队,G111京漠线K77+672分水岭出京10,在公路上及公路用地范围内堆放物品,是,110116,11000000001311105564
十支队-怀柔执法队,G111京漠线K77+672分水岭出京10,在公路上及公路用地范围内摆摊设点,是,110116,11000000001311105564
十支队-怀柔执法队,G111京漠线K77+672分水岭出京10,在公路范围内擅自移动井盖,否,110116,11000000001311105564
十支队-怀柔执法队,G111京漠线K77+672分水岭出京10,擅自占用、挖掘公路,是,110116,11000000001311105564
十支队-怀柔执法队,G111京漠线K77+672分水岭出京10,在公路用地范围内设置公路标志以外的其他标志,是,110116,11000000001311105564
十支队-怀柔执法队,G111京漠线K77+672分水岭出京10,遮挡公路附属设施或者利用公路附属设施架设管道、悬挂物品，可能危及公路安全,是,110116,11000000001311105564
十支队-怀柔执法队,G111京漠线K77+672分水岭出京10,车辆装载物触地拖行、掉落、遗洒或者飘散，造成公路路面损坏、污染,是,110116,11000000001311105564
十支队-怀柔执法队,G111京漠线K77+686分水岭进京15,在公路上及公路用地范围内堆放物品,是,110116,11000000001312856366
十支队-怀柔执法队,G111京漠线K77+686分水岭进京15,在公路上及公路用地范围内摆摊设点,是,110116,11000000001312856366
十支队-怀柔执法队,G111京漠线K77+686分水岭进京15,在公路范围内擅自移动井盖,否,110116,11000000001312856366
十支队-怀柔执法队,G111京漠线K77+686分水岭进京15,擅自占用、挖掘公路,是,110116,11000000001312856366
十支队-怀柔执法队,G111京漠线K77+686分水岭进京15,在公路用地范围内设置公路标志以外的其他标志,是,110116,11000000001312856366
十支队-怀柔执法队,G111京漠线K77+686分水岭进京15,遮挡公路附属设施或者利用公路附属设施架设管道、悬挂物品，可能危及公路安全,是,110116,11000000001312856366
十支队-怀柔执法队,G111京漠线K77+686分水岭进京15,车辆装载物触地拖行、掉落、遗洒或者飘散，造成公路路面损坏、污染,是,110116,11000000001312856366
十支队-怀柔执法队,G111京漠线K77+696分水岭进京车3,在公路上及公路用地范围内堆放物品,是,110116,11000000001313975730
十支队-怀柔执法队,G111京漠线K77+696分水岭进京车3,在公路上及公路用地范围内摆摊设点,是,110116,11000000001313975730
十支队-怀柔执法队,G111京漠线K77+696分水岭进京车3,在公路范围内擅自移动井盖,否,110116,11000000001313975730
十支队-怀柔执法队,G111京漠线K77+696分水岭进京车3,擅自占用、挖掘公路,是,110116,11000000001313975730
十支队-怀柔执法队,G111京漠线K77+696分水岭进京车3,在公路用地范围内设置公路标志以外的其他标志,是,110116,11000000001313975730
十支队-怀柔执法队,G111京漠线K77+696分水岭进京车3,遮挡公路附属设施或者利用公路附属设施架设管道、悬挂物品，可能危及公路安全,是,110116,11000000001313975730
十支队-怀柔执法队,G111京漠线K77+696分水岭进京车3,车辆装载物触地拖行、掉落、遗洒或者飘散，造成公路路面损坏、污染,是,110116,11000000001313975730
十支队-怀柔执法队,G111京漠线K77+775分水岭进京停3,在公路上及公路用地范围内堆放物品,是,110116,11000000001316253960
十支队-怀柔执法队,G111京漠线K77+775分水岭进京停3,在公路上及公路用地范围内摆摊设点,是,110116,11000000001316253960
十支队-怀柔执法队,G111京漠线K77+775分水岭进京停3,在公路范围内擅自移动井盖,否,110116,11000000001316253960
十支队-怀柔执法队,G111京漠线K77+775分水岭进京停3,擅自占用、挖掘公路,是,110116,11000000001316253960
十支队-怀柔执法队,G111京漠线K77+775分水岭进京停3,在公路用地范围内设置公路标志以外的其他标志,是,110116,11000000001316253960
十支队-怀柔执法队,G111京漠线K77+775分水岭进京停3,遮挡公路附属设施或者利用公路附属设施架设管道、悬挂物品，可能危及公路安全,是,110116,11000000001316253960
十支队-怀柔执法队,G111京漠线K77+775分水岭进京停3,车辆装载物触地拖行、掉落、遗洒或者飘散，造成公路路面损坏、污染,是,110116,11000000001316253960
十支队-怀柔执法队,G111京漠线K77+819分水岭出京11,在公路上及公路用地范围内堆放物品,是,110116,11000000001312065770
十支队-怀柔执法队,G111京漠线K77+819分水岭出京11,在公路上及公路用地范围内摆摊设点,是,110116,11000000001312065770
十支队-怀柔执法队,G111京漠线K77+819分水岭出京11,在公路范围内擅自移动井盖,否,110116,11000000001312065770
十支队-怀柔执法队,G111京漠线K77+819分水岭出京11,擅自占用、挖掘公路,是,110116,11000000001312065770
十支队-怀柔执法队,G111京漠线K77+819分水岭出京11,在公路用地范围内设置公路标志以外的其他标志,是,110116,11000000001312065770
十支队-怀柔执法队,G111京漠线K77+819分水岭出京11,遮挡公路附属设施或者利用公路附属设施架设管道、悬挂物品，可能危及公路安全,是,110116,11000000001312065770
十支队-怀柔执法队,G111京漠线K77+819分水岭出京11,车辆装载物触地拖行、掉落、遗洒或者飘散，造成公路路面损坏、污染,是,110116,11000000001312065770
十支队-怀柔执法队,G111京漠线K77+822分水岭出京停2,在公路上及公路用地范围内堆放物品,是,110116,11000000001317655430
十支队-怀柔执法队,G111京漠线K77+822分水岭出京停2,在公路上及公路用地范围内摆摊设点,是,110116,11000000001317655430
十支队-怀柔执法队,G111京漠线K77+822分水岭出京停2,在公路范围内擅自移动井盖,否,110116,11000000001317655430
十支队-怀柔执法队,G111京漠线K77+822分水岭出京停2,擅自占用、挖掘公路,是,110116,11000000001317655430
十支队-怀柔执法队,G111京漠线K77+822分水岭出京停2,在公路用地范围内设置公路标志以外的其他标志,是,110116,11000000001317655430
十支队-怀柔执法队,G111京漠线K77+822分水岭出京停2,遮挡公路附属设施或者利用公路附属设施架设管道、悬挂物品，可能危及公路安全,是,110116,11000000001317655430
十支队-怀柔执法队,G111京漠线K77+822分水岭出京停2,车辆装载物触地拖行、掉落、遗洒或者飘散，造成公路路面损坏、污染,是,110116,11000000001317655430
十支队-怀柔执法队,G111京漠线K77+836分水岭进京14,在公路上及公路用地范围内堆放物品,是,110116,11000000001315827053
十支队-怀柔执法队,G111京漠线K77+836分水岭进京14,在公路上及公路用地范围内摆摊设点,是,110116,11000000001315827053
十支队-怀柔执法队,G111京漠线K77+836分水岭进京14,在公路范围内擅自移动井盖,否,110116,11000000001315827053
十支队-怀柔执法队,G111京漠线K77+836分水岭进京14,擅自占用、挖掘公路,是,110116,11000000001315827053
十支队-怀柔执法队,G111京漠线K77+836分水岭进京14,在公路用地范围内设置公路标志以外的其他标志,是,110116,11000000001315827053
十支队-怀柔执法队,G111京漠线K77+836分水岭进京14,遮挡公路附属设施或者利用公路附属设施架设管道、悬挂物品，可能危及公路安全,是,110116,11000000001315827053
十支队-怀柔执法队,G111京漠线K77+836分水岭进京14,车辆装载物触地拖行、掉落、遗洒或者飘散，造成公路路面损坏、污染,是,110116,11000000001315827053
十支队-怀柔执法队,G111京漠线K77+927分水岭出京12,在公路上及公路用地范围内堆放物品,是,110116,11000000001311782729
十支队-怀柔执法队,G111京漠线K77+927分水岭出京12,在公路上及公路用地范围内摆摊设点,是,110116,11000000001311782729
十支队-怀柔执法队,G111京漠线K77+927分水岭出京12,在公路范围内擅自移动井盖,否,110116,11000000001311782729
十支队-怀柔执法队,G111京漠线K77+927分水岭出京12,擅自占用、挖掘公路,是,110116,11000000001311782729
十支队-怀柔执法队,G111京漠线K77+927分水岭出京12,在公路用地范围内设置公路标志以外的其他标志,是,110116,11000000001311782729
十支队-怀柔执法队,G111京漠线K77+927分水岭出京12,遮挡公路附属设施或者利用公路附属设施架设管道、悬挂物品，可能危及公路安全,是,110116,11000000001311782729
十支队-怀柔执法队,G111京漠线K77+927分水岭出京12,车辆装载物触地拖行、掉落、遗洒或者飘散，造成公路路面损坏、污染,是,110116,11000000001311782729
十支队-怀柔执法队,G111京漠线K77+986分水岭进京13,在公路上及公路用地范围内堆放物品,是,110116,11000000001318383478
十支队-怀柔执法队,G111京漠线K77+986分水岭进京13,在公路上及公路用地范围内摆摊设点,是,110116,11000000001318383478
十支队-怀柔执法队,G111京漠线K77+986分水岭进京13,在公路范围内擅自移动井盖,否,110116,11000000001318383478
十支队-怀柔执法队,G111京漠线K77+986分水岭进京13,擅自占用、挖掘公路,是,110116,11000000001318383478
十支队-怀柔执法队,G111京漠线K77+986分水岭进京13,在公路用地范围内设置公路标志以外的其他标志,是,110116,11000000001318383478
十支队-怀柔执法队,G111京漠线K77+986分水岭进京13,遮挡公路附属设施或者利用公路附属设施架设管道、悬挂物品，可能危及公路安全,是,110116,11000000001318383478
十支队-怀柔执法队,G111京漠线K77+986分水岭进京13,车辆装载物触地拖行、掉落、遗洒或者飘散，造成公路路面损坏、污染,是,110116,11000000001318383478
十支队-怀柔执法队,G111京漠线K78+126分水岭出京13,在公路上及公路用地范围内堆放物品,是,110116,11000000001313934719
十支队-怀柔执法队,G111京漠线K78+126分水岭出京13,在公路上及公路用地范围内摆摊设点,是,110116,11000000001313934719
十支队-怀柔执法队,G111京漠线K78+126分水岭出京13,在公路范围内擅自移动井盖,否,110116,11000000001313934719
十支队-怀柔执法队,G111京漠线K78+126分水岭出京13,擅自占用、挖掘公路,是,110116,11000000001313934719
十支队-怀柔执法队,G111京漠线K78+126分水岭出京13,在公路用地范围内设置公路标志以外的其他标志,是,110116,11000000001313934719
十支队-怀柔执法队,G111京漠线K78+126分水岭出京13,遮挡公路附属设施或者利用公路附属设施架设管道、悬挂物品，可能危及公路安全,是,110116,11000000001313934719
十支队-怀柔执法队,G111京漠线K78+126分水岭出京13,车辆装载物触地拖行、掉落、遗洒或者飘散，造成公路路面损坏、污染,是,110116,11000000001313934719
十支队-怀柔执法队,G111京漠线K78+142分水岭进京12,在公路上及公路用地范围内堆放物品,是,110116,11000000001311059264
十支队-怀柔执法队,G111京漠线K78+142分水岭进京12,在公路上及公路用地范围内摆摊设点,是,110116,11000000001311059264
十支队-怀柔执法队,G111京漠线K78+142分水岭进京12,在公路范围内擅自移动井盖,否,110116,11000000001311059264
十支队-怀柔执法队,G111京漠线K78+142分水岭进京12,擅自占用、挖掘公路,是,110116,11000000001311059264
十支队-怀柔执法队,G111京漠线K78+142分水岭进京12,在公路用地范围内设置公路标志以外的其他标志,是,110116,11000000001311059264
十支队-怀柔执法队,G111京漠线K78+142分水岭进京12,遮挡公路附属设施或者利用公路附属设施架设管道、悬挂物品，可能危及公路安全,是,110116,11000000001311059264
十支队-怀柔执法队,G111京漠线K78+142分水岭进京12,车辆装载物触地拖行、掉落、遗洒或者飘散，造成公路路面损坏、污染,是,110116,11000000001311059264
十支队-怀柔执法队,G111京漠线K78+271分水岭出京14,在公路上及公路用地范围内堆放物品,是,110116,11000000001315313700
十支队-怀柔执法队,G111京漠线K78+271分水岭出京14,在公路上及公路用地范围内摆摊设点,是,110116,11000000001315313700
十支队-怀柔执法队,G111京漠线K78+271分水岭出京14,在公路范围内擅自移动井盖,否,110116,11000000001315313700
十支队-怀柔执法队,G111京漠线K78+271分水岭出京14,擅自占用、挖掘公路,是,110116,11000000001315313700
十支队-怀柔执法队,G111京漠线K78+271分水岭出京14,在公路用地范围内设置公路标志以外的其他标志,是,110116,11000000001315313700
十支队-怀柔执法队,G111京漠线K78+271分水岭出京14,遮挡公路附属设施或者利用公路附属设施架设管道、悬挂物品，可能危及公路安全,是,110116,11000000001315313700
十支队-怀柔执法队,G111京漠线K78+271分水岭出京14,车辆装载物触地拖行、掉落、遗洒或者飘散，造成公路路面损坏、污染,是,110116,11000000001315313700
十支队-怀柔执法队,G111京漠线K78+291分水岭进京11,在公路上及公路用地范围内堆放物品,是,110116,11000000001314920453
十支队-怀柔执法队,G111京漠线K78+291分水岭进京11,在公路上及公路用地范围内摆摊设点,是,110116,11000000001314920453
十支队-怀柔执法队,G111京漠线K78+291分水岭进京11,在公路范围内擅自移动井盖,否,110116,11000000001314920453
十支队-怀柔执法队,G111京漠线K78+291分水岭进京11,擅自占用、挖掘公路,是,110116,11000000001314920453
十支队-怀柔执法队,G111京漠线K78+291分水岭进京11,在公路用地范围内设置公路标志以外的其他标志,是,110116,11000000001314920453
十支队-怀柔执法队,G111京漠线K78+291分水岭进京11,遮挡公路附属设施或者利用公路附属设施架设管道、悬挂物品，可能危及公路安全,是,110116,11000000001314920453
十支队-怀柔执法队,G111京漠线K78+291分水岭进京11,车辆装载物触地拖行、掉落、遗洒或者飘散，造成公路路面损坏、污染,是,110116,11000000001314920453
十支队-怀柔执法队,G111京漠线K78+413分水岭进京10,在公路上及公路用地范围内堆放物品,是,110116,11000000001319494877
十支队-怀柔执法队,G111京漠线K78+413分水岭进京10,在公路上及公路用地范围内摆摊设点,是,110116,11000000001319494877
十支队-怀柔执法队,G111京漠线K78+413分水岭进京10,在公路范围内擅自移动井盖,否,110116,11000000001319494877
十支队-怀柔执法队,G111京漠线K78+413分水岭进京10,擅自占用、挖掘公路,是,110116,11000000001319494877
十支队-怀柔执法队,G111京漠线K78+413分水岭进京10,在公路用地范围内设置公路标志以外的其他标志,是,110116,11000000001319494877
十支队-怀柔执法队,G111京漠线K78+413分水岭进京10,遮挡公路附属设施或者利用公路附属设施架设管道、悬挂物品，可能危及公路安全,是,110116,11000000001319494877
十支队-怀柔执法队,G111京漠线K78+413分水岭进京10,车辆装载物触地拖行、掉落、遗洒或者飘散，造成公路路面损坏、污染,是,110116,11000000001319494877
十支队-怀柔执法队,G111京漠线K78+423分水岭出京15,在公路上及公路用地范围内堆放物品,是,110116,11000000001319077488
十支队-怀柔执法队,G111京漠线K78+423分水岭出京15,在公路上及公路用地范围内摆摊设点,是,110116,11000000001319077488
十支队-怀柔执法队,G111京漠线K78+423分水岭出京15,在公路范围内擅自移动井盖,否,110116,11000000001319077488
十支队-怀柔执法队,G111京漠线K78+423分水岭出京15,擅自占用、挖掘公路,是,110116,11000000001319077488
十支队-怀柔执法队,G111京漠线K78+423分水岭出京15,在公路用地范围内设置公路标志以外的其他标志,是,110116,11000000001319077488
十支队-怀柔执法队,G111京漠线K78+423分水岭出京15,遮挡公路附属设施或者利用公路附属设施架设管道、悬挂物品，可能危及公路安全,是,110116,11000000001319077488
十支队-怀柔执法队,G111京漠线K78+423分水岭出京15,车辆装载物触地拖行、掉落、遗洒或者飘散，造成公路路面损坏、污染,是,110116,11000000001319077488
十支队-怀柔执法队,G111京漠线K78+535分水岭进京停2,在公路上及公路用地范围内堆放物品,是,110116,11000000001318168325
十支队-怀柔执法队,G111京漠线K78+535分水岭进京停2,在公路上及公路用地范围内摆摊设点,是,110116,11000000001318168325
十支队-怀柔执法队,G111京漠线K78+535分水岭进京停2,在公路范围内擅自移动井盖,否,110116,11000000001318168325
十支队-怀柔执法队,G111京漠线K78+535分水岭进京停2,擅自占用、挖掘公路,是,110116,11000000001318168325
十支队-怀柔执法队,G111京漠线K78+535分水岭进京停2,在公路用地范围内设置公路标志以外的其他标志,是,110116,11000000001318168325
十支队-怀柔执法队,G111京漠线K78+535分水岭进京停2,遮挡公路附属设施或者利用公路附属设施架设管道、悬挂物品，可能危及公路安全,是,110116,11000000001318168325
十支队-怀柔执法队,G111京漠线K78+535分水岭进京停2,车辆装载物触地拖行、掉落、遗洒或者飘散，造成公路路面损坏、污染,是,110116,11000000001318168325
十支队-怀柔执法队,G111京漠线K78+594分水岭进京9,在公路上及公路用地范围内堆放物品,是,110116,11000000001318284855
十支队-怀柔执法队,G111京漠线K78+594分水岭进京9,在公路上及公路用地范围内摆摊设点,是,110116,11000000001318284855
十支队-怀柔执法队,G111京漠线K78+594分水岭进京9,在公路范围内擅自移动井盖,否,110116,11000000001318284855
十支队-怀柔执法队,G111京漠线K78+594分水岭进京9,擅自占用、挖掘公路,是,110116,11000000001318284855
十支队-怀柔执法队,G111京漠线K78+594分水岭进京9,在公路用地范围内设置公路标志以外的其他标志,是,110116,11000000001318284855
十支队-怀柔执法队,G111京漠线K78+594分水岭进京9,遮挡公路附属设施或者利用公路附属设施架设管道、悬挂物品，可能危及公路安全,是,110116,11000000001318284855
十支队-怀柔执法队,G111京漠线K78+594分水岭进京9,车辆装载物触地拖行、掉落、遗洒或者飘散，造成公路路面损坏、污染,是,110116,11000000001318284855
十支队-怀柔执法队,G111京漠线K78+654分水岭出京16,在公路上及公路用地范围内堆放物品,是,110116,11000000001314659965
十支队-怀柔执法队,G111京漠线K78+654分水岭出京16,在公路上及公路用地范围内摆摊设点,是,110116,11000000001314659965
十支队-怀柔执法队,G111京漠线K78+654分水岭出京16,在公路范围内擅自移动井盖,否,110116,11000000001314659965
十支队-怀柔执法队,G111京漠线K78+654分水岭出京16,擅自占用、挖掘公路,是,110116,11000000001314659965
十支队-怀柔执法队,G111京漠线K78+654分水岭出京16,在公路用地范围内设置公路标志以外的其他标志,是,110116,11000000001314659965
十支队-怀柔执法队,G111京漠线K78+654分水岭出京16,遮挡公路附属设施或者利用公路附属设施架设管道、悬挂物品，可能危及公路安全,是,110116,11000000001314659965
十支队-怀柔执法队,G111京漠线K78+654分水岭出京16,车辆装载物触地拖行、掉落、遗洒或者飘散，造成公路路面损坏、污染,是,110116,11000000001314659965
十支队-怀柔执法队,G111京漠线K78+655分水岭出京停3,在公路上及公路用地范围内堆放物品,是,110116,11000000001318161721
十支队-怀柔执法队,G111京漠线K78+655分水岭出京停3,在公路上及公路用地范围内摆摊设点,是,110116,11000000001318161721
十支队-怀柔执法队,G111京漠线K78+655分水岭出京停3,在公路范围内擅自移动井盖,否,110116,11000000001318161721
十支队-怀柔执法队,G111京漠线K78+655分水岭出京停3,擅自占用、挖掘公路,是,110116,11000000001318161721
十支队-怀柔执法队,G111京漠线K78+655分水岭出京停3,在公路用地范围内设置公路标志以外的其他标志,是,110116,11000000001318161721
十支队-怀柔执法队,G111京漠线K78+655分水岭出京停3,遮挡公路附属设施或者利用公路附属设施架设管道、悬挂物品，可能危及公路安全,是,110116,11000000001318161721
十支队-怀柔执法队,G111京漠线K78+655分水岭出京停3,车辆装载物触地拖行、掉落、遗洒或者飘散，造成公路路面损坏、污染,是,110116,11000000001318161721
十支队-怀柔执法队,G111京漠线K78+742分水岭出京17,在公路上及公路用地范围内堆放物品,是,110116,11000000001318561604
十支队-怀柔执法队,G111京漠线K78+742分水岭出京17,在公路上及公路用地范围内摆摊设点,是,110116,11000000001318561604
十支队-怀柔执法队,G111京漠线K78+742分水岭出京17,在公路范围内擅自移动井盖,否,110116,11000000001318561604
十支队-怀柔执法队,G111京漠线K78+742分水岭出京17,擅自占用、挖掘公路,是,110116,11000000001318561604
十支队-怀柔执法队,G111京漠线K78+742分水岭出京17,在公路用地范围内设置公路标志以外的其他标志,是,110116,11000000001318561604
十支队-怀柔执法队,G111京漠线K78+742分水岭出京17,遮挡公路附属设施或者利用公路附属设施架设管道、悬挂物品，可能危及公路安全,是,110116,11000000001318561604
十支队-怀柔执法队,G111京漠线K78+742分水岭出京17,车辆装载物触地拖行、掉落、遗洒或者飘散，造成公路路面损坏、污染,是,110116,11000000001318561604
十支队-怀柔执法队,G111京漠线K78+747分水岭进京8,在公路上及公路用地范围内堆放物品,是,110116,11000000001312550340
十支队-怀柔执法队,G111京漠线K78+747分水岭进京8,在公路上及公路用地范围内摆摊设点,是,110116,11000000001312550340
十支队-怀柔执法队,G111京漠线K78+747分水岭进京8,在公路范围内擅自移动井盖,否,110116,11000000001312550340
十支队-怀柔执法队,G111京漠线K78+747分水岭进京8,擅自占用、挖掘公路,是,110116,11000000001312550340
十支队-怀柔执法队,G111京漠线K78+747分水岭进京8,在公路用地范围内设置公路标志以外的其他标志,是,110116,11000000001312550340
十支队-怀柔执法队,G111京漠线K78+747分水岭进京8,遮挡公路附属设施或者利用公路附属设施架设管道、悬挂物品，可能危及公路安全,是,110116,11000000001312550340
十支队-怀柔执法队,G111京漠线K78+747分水岭进京8,车辆装载物触地拖行、掉落、遗洒或者飘散，造成公路路面损坏、污染,是,110116,11000000001312550340
十支队-怀柔执法队,G111京漠线K78+876分水岭出京18,在公路上及公路用地范围内堆放物品,是,110116,11000000001315416657
十支队-怀柔执法队,G111京漠线K78+876分水岭出京18,在公路上及公路用地范围内摆摊设点,是,110116,11000000001315416657
十支队-怀柔执法队,G111京漠线K78+876分水岭出京18,在公路范围内擅自移动井盖,否,110116,11000000001315416657
十支队-怀柔执法队,G111京漠线K78+876分水岭出京18,擅自占用、挖掘公路,是,110116,11000000001315416657
十支队-怀柔执法队,G111京漠线K78+876分水岭出京18,在公路用地范围内设置公路标志以外的其他标志,是,110116,11000000001315416657
十支队-怀柔执法队,G111京漠线K78+876分水岭出京18,遮挡公路附属设施或者利用公路附属设施架设管道、悬挂物品，可能危及公路安全,是,110116,11000000001315416657
十支队-怀柔执法队,G111京漠线K78+876分水岭出京18,车辆装载物触地拖行、掉落、遗洒或者飘散，造成公路路面损坏、污染,是,110116,11000000001315416657
十支队-怀柔执法队,G111京漠线K78+898分水岭进京7,在公路上及公路用地范围内堆放物品,是,110116,11000000001311716398
十支队-怀柔执法队,G111京漠线K78+898分水岭进京7,在公路上及公路用地范围内摆摊设点,是,110116,11000000001311716398
十支队-怀柔执法队,G111京漠线K78+898分水岭进京7,在公路范围内擅自移动井盖,否,110116,11000000001311716398
十支队-怀柔执法队,G111京漠线K78+898分水岭进京7,擅自占用、挖掘公路,是,110116,11000000001311716398
十支队-怀柔执法队,G111京漠线K78+898分水岭进京7,在公路用地范围内设置公路标志以外的其他标志,是,110116,11000000001311716398
十支队-怀柔执法队,G111京漠线K78+898分水岭进京7,遮挡公路附属设施或者利用公路附属设施架设管道、悬挂物品，可能危及公路安全,是,110116,11000000001311716398
十支队-怀柔执法队,G111京漠线K78+898分水岭进京7,车辆装载物触地拖行、掉落、遗洒或者飘散，造成公路路面损坏、污染,是,110116,11000000001311716398
十支队-怀柔执法队,G111京漠线K79+076分水岭出京19,在公路上及公路用地范围内堆放物品,是,110116,11000000001311894883
十支队-怀柔执法队,G111京漠线K79+076分水岭出京19,在公路上及公路用地范围内摆摊设点,是,110116,11000000001311894883
十支队-怀柔执法队,G111京漠线K79+076分水岭出京19,在公路范围内擅自移动井盖,否,110116,11000000001311894883
十支队-怀柔执法队,G111京漠线K79+076分水岭出京19,擅自占用、挖掘公路,是,110116,11000000001311894883
十支队-怀柔执法队,G111京漠线K79+076分水岭出京19,在公路用地范围内设置公路标志以外的其他标志,是,110116,11000000001311894883
十支队-怀柔执法队,G111京漠线K79+076分水岭出京19,遮挡公路附属设施或者利用公路附属设施架设管道、悬挂物品，可能危及公路安全,是,110116,11000000001311894883
十支队-怀柔执法队,G111京漠线K79+076分水岭出京19,车辆装载物触地拖行、掉落、遗洒或者飘散，造成公路路面损坏、污染,是,110116,11000000001311894883
十支队-怀柔执法队,G111京漠线K79+081分水岭进京6,在公路上及公路用地范围内堆放物品,是,110116,11000000001317961366
十支队-怀柔执法队,G111京漠线K79+081分水岭进京6,在公路上及公路用地范围内摆摊设点,是,110116,11000000001317961366
十支队-怀柔执法队,G111京漠线K79+081分水岭进京6,在公路范围内擅自移动井盖,否,110116,11000000001317961366
十支队-怀柔执法队,G111京漠线K79+081分水岭进京6,擅自占用、挖掘公路,是,110116,11000000001317961366
十支队-怀柔执法队,G111京漠线K79+081分水岭进京6,在公路用地范围内设置公路标志以外的其他标志,是,110116,11000000001317961366
十支队-怀柔执法队,G111京漠线K79+081分水岭进京6,遮挡公路附属设施或者利用公路附属设施架设管道、悬挂物品，可能危及公路安全,是,110116,11000000001317961366
十支队-怀柔执法队,G111京漠线K79+081分水岭进京6,车辆装载物触地拖行、掉落、遗洒或者飘散，造成公路路面损坏、污染,是,110116,11000000001317961366
十支队-怀柔执法队,G111京漠线K79+177分水岭出京20,在公路上及公路用地范围内堆放物品,是,110116,11000000001319605223
十支队-怀柔执法队,G111京漠线K79+177分水岭出京20,在公路上及公路用地范围内摆摊设点,是,110116,11000000001319605223
十支队-怀柔执法队,G111京漠线K79+177分水岭出京20,在公路范围内擅自移动井盖,否,110116,11000000001319605223
十支队-怀柔执法队,G111京漠线K79+177分水岭出京20,擅自占用、挖掘公路,是,110116,11000000001319605223
十支队-怀柔执法队,G111京漠线K79+177分水岭出京20,在公路用地范围内设置公路标志以外的其他标志,是,110116,11000000001319605223
十支队-怀柔执法队,G111京漠线K79+177分水岭出京20,遮挡公路附属设施或者利用公路附属设施架设管道、悬挂物品，可能危及公路安全,是,110116,11000000001319605223
十支队-怀柔执法队,G111京漠线K79+177分水岭出京20,车辆装载物触地拖行、掉落、遗洒或者飘散，造成公路路面损坏、污染,是,110116,11000000001319605223
十支队-怀柔执法队,G111京漠线K79+199分水岭进京5,在公路上及公路用地范围内堆放物品,是,110116,11000000001317026064
十支队-怀柔执法队,G111京漠线K79+199分水岭进京5,在公路上及公路用地范围内摆摊设点,是,110116,11000000001317026064
十支队-怀柔执法队,G111京漠线K79+199分水岭进京5,在公路范围内擅自移动井盖,否,110116,11000000001317026064
十支队-怀柔执法队,G111京漠线K79+199分水岭进京5,擅自占用、挖掘公路,是,110116,11000000001317026064
十支队-怀柔执法队,G111京漠线K79+199分水岭进京5,在公路用地范围内设置公路标志以外的其他标志,是,110116,11000000001317026064
十支队-怀柔执法队,G111京漠线K79+199分水岭进京5,遮挡公路附属设施或者利用公路附属设施架设管道、悬挂物品，可能危及公路安全,是,110116,11000000001317026064
十支队-怀柔执法队,G111京漠线K79+199分水岭进京5,车辆装载物触地拖行、掉落、遗洒或者飘散，造成公路路面损坏、污染,是,110116,11000000001317026064
十支队-怀柔执法队,G111京漠线K79+288分水岭进京停1,在公路上及公路用地范围内堆放物品,是,110116,11000000001313047610
十支队-怀柔执法队,G111京漠线K79+288分水岭进京停1,在公路上及公路用地范围内摆摊设点,是,110116,11000000001313047610
十支队-怀柔执法队,G111京漠线K79+288分水岭进京停1,在公路范围内擅自移动井盖,否,110116,11000000001313047610
十支队-怀柔执法队,G111京漠线K79+288分水岭进京停1,擅自占用、挖掘公路,是,110116,11000000001313047610
十支队-怀柔执法队,G111京漠线K79+288分水岭进京停1,在公路用地范围内设置公路标志以外的其他标志,是,110116,11000000001313047610
十支队-怀柔执法队,G111京漠线K79+288分水岭进京停1,遮挡公路附属设施或者利用公路附属设施架设管道、悬挂物品，可能危及公路安全,是,110116,11000000001313047610
十支队-怀柔执法队,G111京漠线K79+288分水岭进京停1,车辆装载物触地拖行、掉落、遗洒或者飘散，造成公路路面损坏、污染,是,110116,11000000001313047610
十支队-怀柔执法队,G111京漠线K79+330分水岭出京21,在公路上及公路用地范围内堆放物品,是,110116,11000000001315560520
十支队-怀柔执法队,G111京漠线K79+330分水岭出京21,在公路上及公路用地范围内摆摊设点,是,110116,11000000001315560520
十支队-怀柔执法队,G111京漠线K79+330分水岭出京21,在公路范围内擅自移动井盖,否,110116,11000000001315560520
十支队-怀柔执法队,G111京漠线K79+330分水岭出京21,擅自占用、挖掘公路,是,110116,11000000001315560520
十支队-怀柔执法队,G111京漠线K79+330分水岭出京21,在公路用地范围内设置公路标志以外的其他标志,是,110116,11000000001315560520
十支队-怀柔执法队,G111京漠线K79+330分水岭出京21,遮挡公路附属设施或者利用公路附属设施架设管道、悬挂物品，可能危及公路安全,是,110116,11000000001315560520
十支队-怀柔执法队,G111京漠线K79+330分水岭出京21,车辆装载物触地拖行、掉落、遗洒或者飘散，造成公路路面损坏、污染,是,110116,11000000001315560520
十支队-怀柔执法队,G111京漠线K79+338分水岭出京停4,在公路上及公路用地范围内堆放物品,是,110116,11000000001312368694
十支队-怀柔执法队,G111京漠线K79+338分水岭出京停4,在公路上及公路用地范围内摆摊设点,是,110116,11000000001312368694
十支队-怀柔执法队,G111京漠线K79+338分水岭出京停4,在公路范围内擅自移动井盖,否,110116,11000000001312368694
十支队-怀柔执法队,G111京漠线K79+338分水岭出京停4,擅自占用、挖掘公路,是,110116,11000000001312368694
十支队-怀柔执法队,G111京漠线K79+338分水岭出京停4,在公路用地范围内设置公路标志以外的其他标志,是,110116,11000000001312368694
十支队-怀柔执法队,G111京漠线K79+338分水岭出京停4,遮挡公路附属设施或者利用公路附属设施架设管道、悬挂物品，可能危及公路安全,是,110116,11000000001312368694
十支队-怀柔执法队,G111京漠线K79+338分水岭出京停4,车辆装载物触地拖行、掉落、遗洒或者飘散，造成公路路面损坏、污染,是,110116,11000000001312368694
十支队-怀柔执法队,G111京漠线K79+352分水岭进京4,在公路上及公路用地范围内堆放物品,是,110116,11000000001312519728
十支队-怀柔执法队,G111京漠线K79+352分水岭进京4,在公路上及公路用地范围内摆摊设点,是,110116,11000000001312519728
十支队-怀柔执法队,G111京漠线K79+352分水岭进京4,在公路范围内擅自移动井盖,否,110116,11000000001312519728
十支队-怀柔执法队,G111京漠线K79+352分水岭进京4,擅自占用、挖掘公路,是,110116,11000000001312519728
十支队-怀柔执法队,G111京漠线K79+352分水岭进京4,在公路用地范围内设置公路标志以外的其他标志,是,110116,11000000001312519728
十支队-怀柔执法队,G111京漠线K79+352分水岭进京4,遮挡公路附属设施或者利用公路附属设施架设管道、悬挂物品，可能危及公路安全,是,110116,11000000001312519728
十支队-怀柔执法队,G111京漠线K79+352分水岭进京4,车辆装载物触地拖行、掉落、遗洒或者飘散，造成公路路面损坏、污染,是,110116,11000000001312519728
十支队-怀柔执法队,G111京漠线K79+478分水岭出京22,在公路上及公路用地范围内堆放物品,是,110116,11000000001313602432
十支队-怀柔执法队,G111京漠线K79+478分水岭出京22,在公路上及公路用地范围内摆摊设点,是,110116,11000000001313602432
十支队-怀柔执法队,G111京漠线K79+478分水岭出京22,在公路范围内擅自移动井盖,否,110116,11000000001313602432
十支队-怀柔执法队,G111京漠线K79+478分水岭出京22,擅自占用、挖掘公路,是,110116,11000000001313602432
十支队-怀柔执法队,G111京漠线K79+478分水岭出京22,在公路用地范围内设置公路标志以外的其他标志,是,110116,11000000001313602432
十支队-怀柔执法队,G111京漠线K79+478分水岭出京22,遮挡公路附属设施或者利用公路附属设施架设管道、悬挂物品，可能危及公路安全,是,110116,11000000001313602432
十支队-怀柔执法队,G111京漠线K79+478分水岭出京22,车辆装载物触地拖行、掉落、遗洒或者飘散，造成公路路面损坏、污染,是,110116,11000000001313602432
十支队-怀柔执法队,G111京漠线K79+504分水岭进京3,在公路上及公路用地范围内堆放物品,是,110116,11000000001312269724
十支队-怀柔执法队,G111京漠线K79+504分水岭进京3,在公路上及公路用地范围内摆摊设点,是,110116,11000000001312269724
十支队-怀柔执法队,G111京漠线K79+504分水岭进京3,在公路范围内擅自移动井盖,否,110116,11000000001312269724
十支队-怀柔执法队,G111京漠线K79+504分水岭进京3,擅自占用、挖掘公路,是,110116,11000000001312269724
十支队-怀柔执法队,G111京漠线K79+504分水岭进京3,在公路用地范围内设置公路标志以外的其他标志,是,110116,11000000001312269724
十支队-怀柔执法队,G111京漠线K79+504分水岭进京3,遮挡公路附属设施或者利用公路附属设施架设管道、悬挂物品，可能危及公路安全,是,110116,11000000001312269724
十支队-怀柔执法队,G111京漠线K79+504分水岭进京3,车辆装载物触地拖行、掉落、遗洒或者飘散，造成公路路面损坏、污染,是,110116,11000000001312269724
十支队-怀柔执法队,G111京漠线K79+631分水岭出京23,在公路上及公路用地范围内堆放物品,是,110116,11000000001315982987
十支队-怀柔执法队,G111京漠线K79+631分水岭出京23,在公路上及公路用地范围内摆摊设点,是,110116,11000000001315982987
十支队-怀柔执法队,G111京漠线K79+631分水岭出京23,在公路范围内擅自移动井盖,否,110116,11000000001315982987
十支队-怀柔执法队,G111京漠线K79+631分水岭出京23,擅自占用、挖掘公路,是,110116,11000000001315982987
十支队-怀柔执法队,G111京漠线K79+631分水岭出京23,在公路用地范围内设置公路标志以外的其他标志,是,110116,11000000001315982987
十支队-怀柔执法队,G111京漠线K79+631分水岭出京23,遮挡公路附属设施或者利用公路附属设施架设管道、悬挂物品，可能危及公路安全,是,110116,11000000001315982987
十支队-怀柔执法队,G111京漠线K79+631分水岭出京23,车辆装载物触地拖行、掉落、遗洒或者飘散，造成公路路面损坏、污染,是,110116,11000000001315982987
十支队-怀柔执法队,G111京漠线K79+651分水岭进京2,在公路上及公路用地范围内堆放物品,是,110116,11000000001313778388
十支队-怀柔执法队,G111京漠线K79+651分水岭进京2,在公路上及公路用地范围内摆摊设点,是,110116,11000000001313778388
十支队-怀柔执法队,G111京漠线K79+651分水岭进京2,在公路范围内擅自移动井盖,否,110116,11000000001313778388
十支队-怀柔执法队,G111京漠线K79+651分水岭进京2,擅自占用、挖掘公路,是,110116,11000000001313778388
十支队-怀柔执法队,G111京漠线K79+651分水岭进京2,在公路用地范围内设置公路标志以外的其他标志,是,110116,11000000001313778388
十支队-怀柔执法队,G111京漠线K79+651分水岭进京2,遮挡公路附属设施或者利用公路附属设施架设管道、悬挂物品，可能危及公路安全,是,110116,11000000001313778388
十支队-怀柔执法队,G111京漠线K79+651分水岭进京2,车辆装载物触地拖行、掉落、遗洒或者飘散，造成公路路面损坏、污染,是,110116,11000000001313778388
十支队-怀柔执法队,G111京漠线K79+804分水岭进京1,在公路上及公路用地范围内堆放物品,是,110116,11000000001314163214
十支队-怀柔执法队,G111京漠线K79+804分水岭进京1,在公路上及公路用地范围内摆摊设点,是,110116,11000000001314163214
十支队-怀柔执法队,G111京漠线K79+804分水岭进京1,在公路范围内擅自移动井盖,否,110116,11000000001314163214
十支队-怀柔执法队,G111京漠线K79+804分水岭进京1,擅自占用、挖掘公路,是,110116,11000000001314163214
十支队-怀柔执法队,G111京漠线K79+804分水岭进京1,在公路用地范围内设置公路标志以外的其他标志,是,110116,11000000001314163214
十支队-怀柔执法队,G111京漠线K79+804分水岭进京1,遮挡公路附属设施或者利用公路附属设施架设管道、悬挂物品，可能危及公路安全,是,110116,11000000001314163214
十支队-怀柔执法队,G111京漠线K79+804分水岭进京1,车辆装载物触地拖行、掉落、遗洒或者飘散，造成公路路面损坏、污染,是,110116,11000000001314163214
十支队-怀柔执法队,G111京漠线K79+898分水岭出京25,在公路上及公路用地范围内堆放物品,是,110116,11000000001314941190
十支队-怀柔执法队,G111京漠线K79+898分水岭出京25,在公路上及公路用地范围内摆摊设点,是,110116,11000000001314941190
十支队-怀柔执法队,G111京漠线K79+898分水岭出京25,在公路范围内擅自移动井盖,否,110116,11000000001314941190
十支队-怀柔执法队,G111京漠线K79+898分水岭出京25,擅自占用、挖掘公路,是,110116,11000000001314941190
十支队-怀柔执法队,G111京漠线K79+898分水岭出京25,在公路用地范围内设置公路标志以外的其他标志,是,110116,11000000001314941190
十支队-怀柔执法队,G111京漠线K79+898分水岭出京25,遮挡公路附属设施或者利用公路附属设施架设管道、悬挂物品，可能危及公路安全,是,110116,11000000001314941190
十支队-怀柔执法队,G111京漠线K79+898分水岭出京25,车辆装载物触地拖行、掉落、遗洒或者飘散，造成公路路面损坏、污染,是,110116,11000000001314941190
十支队-怀柔执法队,S308怀长路K16+756西四渡河隧道进口,在公路上及公路用地范围内堆放物品,是,110116,11000000001311458883
十支队-怀柔执法队,S308怀长路K16+756西四渡河隧道进口,在公路上及公路用地范围内摆摊设点,是,110116,11000000001311458883
十支队-怀柔执法队,S308怀长路K16+756西四渡河隧道进口,在公路范围内擅自移动井盖,否,110116,11000000001311458883
十支队-怀柔执法队,S308怀长路K16+756西四渡河隧道进口,擅自占用、挖掘公路,是,110116,11000000001311458883
十支队-怀柔执法队,S308怀长路K16+756西四渡河隧道进口,在公路用地范围内设置公路标志以外的其他标志,是,110116,11000000001311458883
十支队-怀柔执法队,S308怀长路K16+756西四渡河隧道进口,遮挡公路附属设施或者利用公路附属设施架设管道、悬挂物品，可能危及公路安全,是,110116,11000000001311458883
十支队-怀柔执法队,S308怀长路K16+756西四渡河隧道进口,车辆装载物触地拖行、掉落、遗洒或者飘散，造成公路路面损坏、污染,是,110116,11000000001311458883
十支队-怀柔执法队,S308怀长路K17+309西四渡河隧道出口,在公路上及公路用地范围内堆放物品,是,110116,11000000001312049244
十支队-怀柔执法队,S308怀长路K17+309西四渡河隧道出口,在公路上及公路用地范围内摆摊设点,是,110116,11000000001312049244
十支队-怀柔执法队,S308怀长路K17+309西四渡河隧道出口,在公路范围内擅自移动井盖,否,110116,11000000001312049244
十支队-怀柔执法队,S308怀长路K17+309西四渡河隧道出口,擅自占用、挖掘公路,是,110116,11000000001312049244
十支队-怀柔执法队,S308怀长路K17+309西四渡河隧道出口,在公路用地范围内设置公路标志以外的其他标志,是,110116,11000000001312049244
十支队-怀柔执法队,S308怀长路K17+309西四渡河隧道出口,遮挡公路附属设施或者利用公路附属设施架设管道、悬挂物品，可能危及公路安全,是,110116,11000000001312049244
十支队-怀柔执法队,S308怀长路K17+309西四渡河隧道出口,车辆装载物触地拖行、掉落、遗洒或者飘散，造成公路路面损坏、污染,是,110116,11000000001312049244
十支队-密云执法队,新北路K0+577,在公路上及公路用地范围内堆放物品,是,110118,11000000001313164562
十支队-密云执法队,新北路K0+577,在公路上及公路用地范围内摆摊设点,是,110118,11000000001313164562
十支队-密云执法队,新北路K0+577,在公路范围内擅自移动井盖,否,110118,11000000001313164562
十支队-密云执法队,新北路K0+577,擅自占用、挖掘公路,是,110118,11000000001313164562
十支队-密云执法队,新北路K0+577,在公路用地范围内设置公路标志以外的其他标志,是,110118,11000000001313164562
十支队-密云执法队,新北路K0+577,遮挡公路附属设施或者利用公路附属设施架设管道、悬挂物品，可能危及公路安全,是,110118,11000000001313164562
十支队-密云执法队,新北路K0+577,车辆装载物触地拖行、掉落、遗洒或者飘散，造成公路路面损坏、污染,是,110118,11000000001313164562
十支队-密云执法队,新西路K0+570,在公路上及公路用地范围内堆放物品,是,110118,11000000001311835051
十支队-密云执法队,新西路K0+570,在公路上及公路用地范围内摆摊设点,是,110118,11000000001311835051
十支队-密云执法队,新西路K0+570,在公路范围内擅自移动井盖,否,110118,11000000001311835051
十支队-密云执法队,新西路K0+570,擅自占用、挖掘公路,是,110118,11000000001311835051
十支队-密云执法队,新西路K0+570,在公路用地范围内设置公路标志以外的其他标志,是,110118,11000000001311835051
十支队-密云执法队,新西路K0+570,遮挡公路附属设施或者利用公路附属设施架设管道、悬挂物品，可能危及公路安全,是,110118,11000000001311835051
十支队-密云执法队,新西路K0+570,车辆装载物触地拖行、掉落、遗洒或者飘散，造成公路路面损坏、污染,是,110118,11000000001311835051
十支队-密云执法队,黄下路K14+850,在公路上及公路用地范围内堆放物品,是,110118,11000000001319378013
十支队-密云执法队,黄下路K14+850,在公路上及公路用地范围内摆摊设点,是,110118,11000000001319378013
十支队-密云执法队,黄下路K14+850,在公路范围内擅自移动井盖,否,110118,11000000001319378013
十支队-密云执法队,黄下路K14+850,擅自占用、挖掘公路,是,110118,11000000001319378013
十支队-密云执法队,黄下路K14+850,在公路用地范围内设置公路标志以外的其他标志,是,110118,11000000001319378013
十支队-密云执法队,黄下路K14+850,遮挡公路附属设施或者利用公路附属设施架设管道、悬挂物品，可能危及公路安全,是,110118,11000000001319378013
十支队-密云执法队,黄下路K14+850,车辆装载物触地拖行、掉落、遗洒或者飘散，造成公路路面损坏、污染,是,110118,11000000001319378013
十支队-平谷执法队,X040华西路K4+100隧道,在公路上及公路用地范围内堆放物品,是,110117,11000000001319352022
十支队-平谷执法队,X040华西路K4+100隧道,在公路上及公路用地范围内摆摊设点,是,110117,11000000001319352022
十支队-平谷执法队,X040华西路K4+100隧道,在公路范围内擅自移动井盖,否,110117,11000000001319352022
十支队-平谷执法队,X040华西路K4+100隧道,擅自占用、挖掘公路,是,110117,11000000001319352022
十支队-平谷执法队,X040华西路K4+100隧道,在公路用地范围内设置公路标志以外的其他标志,是,110117,11000000001319352022
十支队-平谷执法队,X040华西路K4+100隧道,遮挡公路附属设施或者利用公路附属设施架设管道、悬挂物品，可能危及公路安全,是,110117,11000000001319352022
十支队-平谷执法队,X040华西路K4+100隧道,车辆装载物触地拖行、掉落、遗洒或者飘散，造成公路路面损坏、污染,是,110117,11000000001319352022
十支队-平谷执法队,X002胡关路K17+600黄土梁,在公路上及公路用地范围内堆放物品,是,110117,11000000001315780339
十支队-平谷执法队,X002胡关路K17+600黄土梁,在公路上及公路用地范围内摆摊设点,是,110117,11000000001315780339
十支队-平谷执法队,X002胡关路K17+600黄土梁,在公路范围内擅自移动井盖,否,110117,11000000001315780339
十支队-平谷执法队,X002胡关路K17+600黄土梁,擅自占用、挖掘公路,是,110117,11000000001315780339
十支队-平谷执法队,X002胡关路K17+600黄土梁,在公路用地范围内设置公路标志以外的其他标志,是,110117,11000000001315780339
十支队-平谷执法队,X002胡关路K17+600黄土梁,遮挡公路附属设施或者利用公路附属设施架设管道、悬挂物品，可能危及公路安全,是,110117,11000000001315780339
十支队-平谷执法队,X002胡关路K17+600黄土梁,车辆装载物触地拖行、掉落、遗洒或者飘散，造成公路路面损坏、污染,是,110117,11000000001315780339
十支队-顺义执法队,S330昌金路K41+950上行大秦铁路桥,在公路上及公路用地范围内堆放物品,否,110113,11000000001314158795
十支队-顺义执法队,S330昌金路K41+950上行大秦铁路桥,在公路上及公路用地范围内摆摊设点,否,110113,11000000001314158795
十支队-顺义执法队,S330昌金路K41+950上行大秦铁路桥,在公路范围内擅自移动井盖,否,110113,11000000001314158795
十支队-顺义执法队,S330昌金路K41+950上行大秦铁路桥,擅自占用、挖掘公路,否,110113,11000000001314158795
十支队-顺义执法队,S330昌金路K41+950上行大秦铁路桥,在公路用地范围内设置公路标志以外的其他标志,否,110113,11000000001314158795
十支队-顺义执法队,S330昌金路K41+950上行大秦铁路桥,遮挡公路附属设施或者利用公路附属设施架设管道、悬挂物品，可能危及公路安全,否,110113,11000000001314158795
十支队-顺义执法队,S330昌金路K41+950上行大秦铁路桥,车辆装载物触地拖行、掉落、遗洒或者飘散，造成公路路面损坏、污染,是,110113,11000000001314158795
十支队-怀柔执法队,S308怀长路K16+950西四渡河隧道1,在公路上及公路用地范围内堆放物品,否,110116,11000000001319332340
十支队-怀柔执法队,S308怀长路K16+950西四渡河隧道1,在公路上及公路用地范围内摆摊设点,否,110116,11000000001319332340
十支队-怀柔执法队,S308怀长路K16+950西四渡河隧道1,在公路范围内擅自移动井盖,否,110116,11000000001319332340
十支队-怀柔执法队,S308怀长路K16+950西四渡河隧道1,擅自占用、挖掘公路,否,110116,11000000001319332340
十支队-怀柔执法队,S308怀长路K16+950西四渡河隧道1,在公路用地范围内设置公路标志以外的其他标志,否,110116,11000000001319332340
十支队-怀柔执法队,S308怀长路K16+950西四渡河隧道1,遮挡公路附属设施或者利用公路附属设施架设管道、悬挂物品，可能危及公路安全,否,110116,11000000001319332340
十支队-怀柔执法队,S308怀长路K16+950西四渡河隧道1,车辆装载物触地拖行、掉落、遗洒或者飘散，造成公路路面损坏、污染,是,110116,11000000001319332340
十支队-怀柔执法队,S308怀长路K17+100西四渡河隧道2,在公路上及公路用地范围内堆放物品,否,110116,11000000001313767675
十支队-怀柔执法队,S308怀长路K17+100西四渡河隧道2,在公路上及公路用地范围内摆摊设点,否,110116,11000000001313767675
十支队-怀柔执法队,S308怀长路K17+100西四渡河隧道2,在公路范围内擅自移动井盖,否,110116,11000000001313767675
十支队-怀柔执法队,S308怀长路K17+100西四渡河隧道2,擅自占用、挖掘公路,否,110116,11000000001313767675
十支队-怀柔执法队,S308怀长路K17+100西四渡河隧道2,在公路用地范围内设置公路标志以外的其他标志,否,110116,11000000001313767675
十支队-怀柔执法队,S308怀长路K17+100西四渡河隧道2,遮挡公路附属设施或者利用公路附属设施架设管道、悬挂物品，可能危及公路安全,否,110116,11000000001313767675
十支队-怀柔执法队,S308怀长路K17+100西四渡河隧道2,车辆装载物触地拖行、掉落、遗洒或者飘散，造成公路路面损坏、污染,是,110116,11000000001313767675
十支队-通州执法队,G95首都环线高速-k197+740-永乐店高架（云）,在公路上及公路用地范围内堆放物品,是,110112,11011201071328020046
十支队-通州执法队,G95首都环线高速-k197+740-永乐店高架（云）,在公路上及公路用地范围内摆摊设点,否,110112,11011201071328020046
十支队-通州执法队,G95首都环线高速-k197+740-永乐店高架（云）,在公路范围内擅自移动井盖,否,110112,11011201071328020046
十支队-通州执法队,G95首都环线高速-k197+740-永乐店高架（云）,擅自占用、挖掘公路,是,110112,11011201071328020046
十支队-通州执法队,G95首都环线高速-k197+740-永乐店高架（云）,在公路用地范围内设置公路标志以外的其他标志,否,110112,11011201071328020046
十支队-通州执法队,G95首都环线高速-k197+740-永乐店高架（云）,遮挡公路附属设施或者利用公路附属设施架设管道、悬挂物品，可能危及公路安全,是,110112,11011201071328020046
十支队-通州执法队,G95首都环线高速-k197+740-永乐店高架（云）,车辆装载物触地拖行、掉落、遗洒或者飘散，造成公路路面损坏、污染,否,110112,11011201071328020046
十支队-通州执法队,G95首都环线高速-k198+840-永乐店高架（云）,在公路上及公路用地范围内堆放物品,是,110112,11011201071328020047
十支队-通州执法队,G95首都环线高速-k198+840-永乐店高架（云）,在公路上及公路用地范围内摆摊设点,否,110112,11011201071328020047
十支队-通州执法队,G95首都环线高速-k198+840-永乐店高架（云）,在公路范围内擅自移动井盖,否,110112,11011201071328020047
十支队-通州执法队,G95首都环线高速-k198+840-永乐店高架（云）,擅自占用、挖掘公路,是,110112,11011201071328020047
十支队-通州执法队,G95首都环线高速-k198+840-永乐店高架（云）,在公路用地范围内设置公路标志以外的其他标志,否,110112,11011201071328020047
十支队-通州执法队,G95首都环线高速-k198+840-永乐店高架（云）,遮挡公路附属设施或者利用公路附属设施架设管道、悬挂物品，可能危及公路安全,是,110112,11011201071328020047
十支队-通州执法队,G95首都环线高速-k198+840-永乐店高架（云）,车辆装载物触地拖行、掉落、遗洒或者飘散，造成公路路面损坏、污染,否,110112,11011201071328020047
十支队-通州执法队,G95首都环线高速-k200+190-永于路桥（云）,在公路上及公路用地范围内堆放物品,是,110112,11011201071328020048
十支队-通州执法队,G95首都环线高速-k200+190-永于路桥（云）,在公路上及公路用地范围内摆摊设点,否,110112,11011201071328020048
十支队-通州执法队,G95首都环线高速-k200+190-永于路桥（云）,在公路范围内擅自移动井盖,否,110112,11011201071328020048
十支队-通州执法队,G95首都环线高速-k200+190-永于路桥（云）,擅自占用、挖掘公路,是,110112,11011201071328020048
十支队-通州执法队,G95首都环线高速-k200+190-永于路桥（云）,在公路用地范围内设置公路标志以外的其他标志,否,110112,11011201071328020048
十支队-通州执法队,G95首都环线高速-k200+190-永于路桥（云）,遮挡公路附属设施或者利用公路附属设施架设管道、悬挂物品，可能危及公路安全,是,110112,11011201071328020048
十支队-通州执法队,G95首都环线高速-k200+190-永于路桥（云）,车辆装载物触地拖行、掉落、遗洒或者飘散，造成公路路面损坏、污染,否,110112,11011201071328020048
十支队-通州执法队,G95首都环线高速-k200+340-永于路桥（云）,在公路上及公路用地范围内堆放物品,是,110112,11011201071328020049
十支队-通州执法队,G95首都环线高速-k200+340-永于路桥（云）,在公路上及公路用地范围内摆摊设点,否,110112,11011201071328020049
十支队-通州执法队,G95首都环线高速-k200+340-永于路桥（云）,在公路范围内擅自移动井盖,否,110112,11011201071328020049
十支队-通州执法队,G95首都环线高速-k200+340-永于路桥（云）,擅自占用、挖掘公路,是,110112,11011201071328020049
十支队-通州执法队,G95首都环线高速-k200+340-永于路桥（云）,在公路用地范围内设置公路标志以外的其他标志,否,110112,11011201071328020049
十支队-通州执法队,G95首都环线高速-k200+340-永于路桥（云）,遮挡公路附属设施或者利用公路附属设施架设管道、悬挂物品，可能危及公路安全,是,110112,11011201071328020049
十支队-通州执法队,G95首都环线高速-k200+340-永于路桥（云）,车辆装载物触地拖行、掉落、遗洒或者飘散，造成公路路面损坏、污染,否,110112,11011201071328020049
十支队-通州执法队,G95首都环线高速-k201+860-三北路桥（云）,在公路上及公路用地范围内堆放物品,是,110112,11011201071328020050
十支队-通州执法队,G95首都环线高速-k201+860-三北路桥（云）,在公路上及公路用地范围内摆摊设点,否,110112,11011201071328020050
十支队-通州执法队,G95首都环线高速-k201+860-三北路桥（云）,在公路范围内擅自移动井盖,否,110112,11011201071328020050
十支队-通州执法队,G95首都环线高速-k201+860-三北路桥（云）,擅自占用、挖掘公路,是,110112,11011201071328020050
十支队-通州执法队,G95首都环线高速-k201+860-三北路桥（云）,在公路用地范围内设置公路标志以外的其他标志,否,110112,11011201071328020050
十支队-通州执法队,G95首都环线高速-k201+860-三北路桥（云）,遮挡公路附属设施或者利用公路附属设施架设管道、悬挂物品，可能危及公路安全,是,110112,11011201071328020050
十支队-通州执法队,G95首都环线高速-k201+860-三北路桥（云）,车辆装载物触地拖行、掉落、遗洒或者飘散，造成公路路面损坏、污染,否,110112,11011201071328020050
十支队-通州执法队,G95首都环线高速-k201+970-三北路桥（云）,在公路上及公路用地范围内堆放物品,是,110112,11011201071328020051
十支队-通州执法队,G95首都环线高速-k201+970-三北路桥（云）,在公路上及公路用地范围内摆摊设点,否,110112,11011201071328020051
十支队-通州执法队,G95首都环线高速-k201+970-三北路桥（云）,在公路范围内擅自移动井盖,否,110112,11011201071328020051
十支队-通州执法队,G95首都环线高速-k201+970-三北路桥（云）,擅自占用、挖掘公路,是,110112,11011201071328020051
十支队-通州执法队,G95首都环线高速-k201+970-三北路桥（云）,在公路用地范围内设置公路标志以外的其他标志,否,110112,11011201071328020051
十支队-通州执法队,G95首都环线高速-k201+970-三北路桥（云）,遮挡公路附属设施或者利用公路附属设施架设管道、悬挂物品，可能危及公路安全,是,110112,11011201071328020051
十支队-通州执法队,G95首都环线高速-k201+970-三北路桥（云）,车辆装载物触地拖行、掉落、遗洒或者飘散，造成公路路面损坏、污染,否,110112,11011201071328020051
十支队-通州执法队,G95首都环线高速-k202+560-团结沟桥（云）,在公路上及公路用地范围内堆放物品,是,110112,11011201071328020052
十支队-通州执法队,G95首都环线高速-k202+560-团结沟桥（云）,在公路上及公路用地范围内摆摊设点,否,110112,11011201071328020052
十支队-通州执法队,G95首都环线高速-k202+560-团结沟桥（云）,在公路范围内擅自移动井盖,否,110112,11011201071328020052
十支队-通州执法队,G95首都环线高速-k202+560-团结沟桥（云）,擅自占用、挖掘公路,是,110112,11011201071328020052
十支队-通州执法队,G95首都环线高速-k202+560-团结沟桥（云）,在公路用地范围内设置公路标志以外的其他标志,否,110112,11011201071328020052
十支队-通州执法队,G95首都环线高速-k202+560-团结沟桥（云）,遮挡公路附属设施或者利用公路附属设施架设管道、悬挂物品，可能危及公路安全,是,110112,11011201071328020052
十支队-通州执法队,G95首都环线高速-k202+560-团结沟桥（云）,车辆装载物触地拖行、掉落、遗洒或者飘散，造成公路路面损坏、污染,否,110112,11011201071328020052
十支队-通州执法队,G95首都环线高速-k202+640-团结沟桥（云）,在公路上及公路用地范围内堆放物品,是,110112,11011201071328020053
十支队-通州执法队,G95首都环线高速-k202+640-团结沟桥（云）,在公路上及公路用地范围内摆摊设点,否,110112,11011201071328020053
十支队-通州执法队,G95首都环线高速-k202+640-团结沟桥（云）,在公路范围内擅自移动井盖,否,110112,11011201071328020053
十支队-通州执法队,G95首都环线高速-k202+640-团结沟桥（云）,擅自占用、挖掘公路,是,110112,11011201071328020053
十支队-通州执法队,G95首都环线高速-k202+640-团结沟桥（云）,在公路用地范围内设置公路标志以外的其他标志,否,110112,11011201071328020053
十支队-通州执法队,G95首都环线高速-k202+640-团结沟桥（云）,遮挡公路附属设施或者利用公路附属设施架设管道、悬挂物品，可能危及公路安全,是,110112,11011201071328020053
十支队-通州执法队,G95首都环线高速-k202+640-团结沟桥（云）,车辆装载物触地拖行、掉落、遗洒或者飘散，造成公路路面损坏、污染,否,110112,11011201071328020053
十支队-通州执法队,G95首都环线高速-k204+540-张凤路桥（云）,在公路上及公路用地范围内堆放物品,是,110112,11011201071328020054
十支队-通州执法队,G95首都环线高速-k204+540-张凤路桥（云）,在公路上及公路用地范围内摆摊设点,否,110112,11011201071328020054
十支队-通州执法队,G95首都环线高速-k204+540-张凤路桥（云）,在公路范围内擅自移动井盖,否,110112,11011201071328020054
十支队-通州执法队,G95首都环线高速-k204+540-张凤路桥（云）,擅自占用、挖掘公路,是,110112,11011201071328020054
十支队-通州执法队,G95首都环线高速-k204+540-张凤路桥（云）,在公路用地范围内设置公路标志以外的其他标志,否,110112,11011201071328020054
十支队-通州执法队,G95首都环线高速-k204+540-张凤路桥（云）,遮挡公路附属设施或者利用公路附属设施架设管道、悬挂物品，可能危及公路安全,是,110112,11011201071328020054
十支队-通州执法队,G95首都环线高速-k204+540-张凤路桥（云）,车辆装载物触地拖行、掉落、遗洒或者飘散，造成公路路面损坏、污染,否,110112,11011201071328020054
十支队-通州执法队,G95首都环线高速-k204+690-张凤路桥（云）,在公路上及公路用地范围内堆放物品,是,110112,11011201071328020055
十支队-通州执法队,G95首都环线高速-k204+690-张凤路桥（云）,在公路上及公路用地范围内摆摊设点,否,110112,11011201071328020055
十支队-通州执法队,G95首都环线高速-k204+690-张凤路桥（云）,在公路范围内擅自移动井盖,否,110112,11011201071328020055
十支队-通州执法队,G95首都环线高速-k204+690-张凤路桥（云）,擅自占用、挖掘公路,是,110112,11011201071328020055
十支队-通州执法队,G95首都环线高速-k204+690-张凤路桥（云）,在公路用地范围内设置公路标志以外的其他标志,否,110112,11011201071328020055
十支队-通州执法队,G95首都环线高速-k204+690-张凤路桥（云）,遮挡公路附属设施或者利用公路附属设施架设管道、悬挂物品，可能危及公路安全,是,110112,11011201071328020055
十支队-通州执法队,G95首都环线高速-k204+690-张凤路桥（云）,车辆装载物触地拖行、掉落、遗洒或者飘散，造成公路路面损坏、污染,否,110112,11011201071328020055
十支队-通州执法队,G95首都环线高速-k206+390-采于特大桥（云）,在公路上及公路用地范围内堆放物品,是,110112,11011201071328020056
十支队-通州执法队,G95首都环线高速-k206+390-采于特大桥（云）,在公路上及公路用地范围内摆摊设点,否,110112,11011201071328020056
十支队-通州执法队,G95首都环线高速-k206+390-采于特大桥（云）,在公路范围内擅自移动井盖,否,110112,11011201071328020056
十支队-通州执法队,G95首都环线高速-k206+390-采于特大桥（云）,擅自占用、挖掘公路,是,110112,11011201071328020056
十支队-通州执法队,G95首都环线高速-k206+390-采于特大桥（云）,在公路用地范围内设置公路标志以外的其他标志,否,110112,11011201071328020056
十支队-通州执法队,G95首都环线高速-k206+390-采于特大桥（云）,遮挡公路附属设施或者利用公路附属设施架设管道、悬挂物品，可能危及公路安全,是,110112,11011201071328020056
十支队-通州执法队,G95首都环线高速-k206+390-采于特大桥（云）,车辆装载物触地拖行、掉落、遗洒或者飘散，造成公路路面损坏、污染,否,110112,11011201071328020056
十支队-通州执法队,G95首都环线高速-k208+840-采于特大桥（云）,在公路上及公路用地范围内堆放物品,是,110112,11011501071328020012
十支队-通州执法队,G95首都环线高速-k208+840-采于特大桥（云）,在公路上及公路用地范围内摆摊设点,否,110112,11011501071328020012
十支队-通州执法队,G95首都环线高速-k208+840-采于特大桥（云）,在公路范围内擅自移动井盖,否,110112,11011501071328020012
十支队-通州执法队,G95首都环线高速-k208+840-采于特大桥（云）,擅自占用、挖掘公路,是,110112,11011501071328020012
十支队-通州执法队,G95首都环线高速-k208+840-采于特大桥（云）,在公路用地范围内设置公路标志以外的其他标志,否,110112,11011501071328020012
十支队-通州执法队,G95首都环线高速-k208+840-采于特大桥（云）,遮挡公路附属设施或者利用公路附属设施架设管道、悬挂物品，可能危及公路安全,否,110112,11011501071328020012
十支队-通州执法队,G95首都环线高速-k208+840-采于特大桥（云）,车辆装载物触地拖行、掉落、遗洒或者飘散，造成公路路面损坏、污染,否,110112,11011501071328020012
十支队-通州执法队,G95首都环线高速-k211+440-采于特大桥（云）,在公路上及公路用地范围内堆放物品,是,110112,11011501071328020013
十支队-通州执法队,G95首都环线高速-k211+440-采于特大桥（云）,在公路上及公路用地范围内摆摊设点,否,110112,11011501071328020013
十支队-通州执法队,G95首都环线高速-k211+440-采于特大桥（云）,在公路范围内擅自移动井盖,否,110112,11011501071328020013
十支队-通州执法队,G95首都环线高速-k211+440-采于特大桥（云）,擅自占用、挖掘公路,是,110112,11011501071328020013
十支队-通州执法队,G95首都环线高速-k211+440-采于特大桥（云）,在公路用地范围内设置公路标志以外的其他标志,否,110112,11011501071328020013
十支队-通州执法队,G95首都环线高速-k211+440-采于特大桥（云）,遮挡公路附属设施或者利用公路附属设施架设管道、悬挂物品，可能危及公路安全,是,110112,11011501071328020013
十支队-通州执法队,G95首都环线高速-k211+440-采于特大桥（云）,车辆装载物触地拖行、掉落、遗洒或者飘散，造成公路路面损坏、污染,否,110112,11011501071328020013
十支队-通州执法队,G95首都环线高速-k213+090-采于特大桥（云）,在公路上及公路用地范围内堆放物品,是,110112,11011501071328020014
十支队-通州执法队,G95首都环线高速-k213+090-采于特大桥（云）,在公路上及公路用地范围内摆摊设点,否,110112,11011501071328020014
十支队-通州执法队,G95首都环线高速-k213+090-采于特大桥（云）,在公路范围内擅自移动井盖,否,110112,11011501071328020014
十支队-通州执法队,G95首都环线高速-k213+090-采于特大桥（云）,擅自占用、挖掘公路,是,110112,11011501071328020014
十支队-通州执法队,G95首都环线高速-k213+090-采于特大桥（云）,在公路用地范围内设置公路标志以外的其他标志,否,110112,11011501071328020014
十支队-通州执法队,G95首都环线高速-k213+090-采于特大桥（云）,遮挡公路附属设施或者利用公路附属设施架设管道、悬挂物品，可能危及公路安全,是,110112,11011501071328020014
十支队-通州执法队,G95首都环线高速-k213+090-采于特大桥（云）,车辆装载物触地拖行、掉落、遗洒或者飘散，造成公路路面损坏、污染,否,110112,11011501071328020014
十支队-通州执法队,G95首都环线高速-k213+840-融青生态园桥（云）,在公路上及公路用地范围内堆放物品,是,110112,11011501071328020015
十支队-通州执法队,G95首都环线高速-k213+840-融青生态园桥（云）,在公路上及公路用地范围内摆摊设点,否,110112,11011501071328020015
十支队-通州执法队,G95首都环线高速-k213+840-融青生态园桥（云）,在公路范围内擅自移动井盖,否,110112,11011501071328020015
十支队-通州执法队,G95首都环线高速-k213+840-融青生态园桥（云）,擅自占用、挖掘公路,是,110112,11011501071328020015
十支队-通州执法队,G95首都环线高速-k213+840-融青生态园桥（云）,在公路用地范围内设置公路标志以外的其他标志,否,110112,11011501071328020015
十支队-通州执法队,G95首都环线高速-k213+840-融青生态园桥（云）,遮挡公路附属设施或者利用公路附属设施架设管道、悬挂物品，可能危及公路安全,是,110112,11011501071328020015
十支队-通州执法队,G95首都环线高速-k213+840-融青生态园桥（云）,车辆装载物触地拖行、掉落、遗洒或者飘散，造成公路路面损坏、污染,否,110112,11011501071328020015
十支队-通州执法队,G95首都环线高速-k213+890-融青生态园桥（云）,在公路上及公路用地范围内堆放物品,是,110112,11011501071328020016
十支队-通州执法队,G95首都环线高速-k213+890-融青生态园桥（云）,在公路上及公路用地范围内摆摊设点,否,110112,11011501071328020016
十支队-通州执法队,G95首都环线高速-k213+890-融青生态园桥（云）,在公路范围内擅自移动井盖,否,110112,11011501071328020016
十支队-通州执法队,G95首都环线高速-k213+890-融青生态园桥（云）,擅自占用、挖掘公路,是,110112,11011501071328020016
十支队-通州执法队,G95首都环线高速-k213+890-融青生态园桥（云）,在公路用地范围内设置公路标志以外的其他标志,否,110112,11011501071328020016
十支队-通州执法队,G95首都环线高速-k213+890-融青生态园桥（云）,遮挡公路附属设施或者利用公路附属设施架设管道、悬挂物品，可能危及公路安全,否,110112,11011501071328020016
十支队-通州执法队,G95首都环线高速-k213+890-融青生态园桥（云）,车辆装载物触地拖行、掉落、遗洒或者飘散，造成公路路面损坏、污染,否,110112,11011501071328020016
十支队-通州执法队,G95首都环线高速-k214+340-京福桥（云）,在公路上及公路用地范围内堆放物品,是,110112,11011501071328020017
十支队-通州执法队,G95首都环线高速-k214+340-京福桥（云）,在公路上及公路用地范围内摆摊设点,否,110112,11011501071328020017
十支队-通州执法队,G95首都环线高速-k214+340-京福桥（云）,在公路范围内擅自移动井盖,否,110112,11011501071328020017
十支队-通州执法队,G95首都环线高速-k214+340-京福桥（云）,擅自占用、挖掘公路,是,110112,11011501071328020017
十支队-通州执法队,G95首都环线高速-k214+340-京福桥（云）,在公路用地范围内设置公路标志以外的其他标志,否,110112,11011501071328020017
十支队-通州执法队,G95首都环线高速-k214+340-京福桥（云）,遮挡公路附属设施或者利用公路附属设施架设管道、悬挂物品，可能危及公路安全,是,110112,11011501071328020017
十支队-通州执法队,G95首都环线高速-k214+340-京福桥（云）,车辆装载物触地拖行、掉落、遗洒或者飘散，造成公路路面损坏、污染,否,110112,11011501071328020017
十支队-通州执法队,G95首都环线高速-k214+450-京福桥（云）,在公路上及公路用地范围内堆放物品,是,110112,11011501071328020018
十支队-通州执法队,G95首都环线高速-k214+450-京福桥（云）,在公路上及公路用地范围内摆摊设点,否,110112,11011501071328020018
十支队-通州执法队,G95首都环线高速-k214+450-京福桥（云）,在公路范围内擅自移动井盖,否,110112,11011501071328020018
十支队-通州执法队,G95首都环线高速-k214+450-京福桥（云）,擅自占用、挖掘公路,是,110112,11011501071328020018
十支队-通州执法队,G95首都环线高速-k214+450-京福桥（云）,在公路用地范围内设置公路标志以外的其他标志,否,110112,11011501071328020018
十支队-通州执法队,G95首都环线高速-k214+450-京福桥（云）,遮挡公路附属设施或者利用公路附属设施架设管道、悬挂物品，可能危及公路安全,是,110112,11011501071328020018
十支队-通州执法队,G95首都环线高速-k214+450-京福桥（云）,车辆装载物触地拖行、掉落、遗洒或者飘散，造成公路路面损坏、污染,否,110112,11011501071328020018
十支队-通州执法队,G95首都环线高速-k214+990-凤河桥（云）,在公路上及公路用地范围内堆放物品,是,110112,11011501071328020019
十支队-通州执法队,G95首都环线高速-k214+990-凤河桥（云）,在公路上及公路用地范围内摆摊设点,否,110112,11011501071328020019
十支队-通州执法队,G95首都环线高速-k214+990-凤河桥（云）,在公路范围内擅自移动井盖,否,110112,11011501071328020019
十支队-通州执法队,G95首都环线高速-k214+990-凤河桥（云）,擅自占用、挖掘公路,是,110112,11011501071328020019
十支队-通州执法队,G95首都环线高速-k214+990-凤河桥（云）,在公路用地范围内设置公路标志以外的其他标志,否,110112,11011501071328020019
十支队-通州执法队,G95首都环线高速-k214+990-凤河桥（云）,遮挡公路附属设施或者利用公路附属设施架设管道、悬挂物品，可能危及公路安全,是,110112,11011501071328020019
十支队-通州执法队,G95首都环线高速-k214+990-凤河桥（云）,车辆装载物触地拖行、掉落、遗洒或者飘散，造成公路路面损坏、污染,否,110112,11011501071328020019
十支队-通州执法队,G95首都环线高速-k215+090-凤河桥（云）,在公路上及公路用地范围内堆放物品,是,110112,11011501071328020020
十支队-通州执法队,G95首都环线高速-k215+090-凤河桥（云）,在公路上及公路用地范围内摆摊设点,否,110112,11011501071328020020
十支队-通州执法队,G95首都环线高速-k215+090-凤河桥（云）,在公路范围内擅自移动井盖,否,110112,11011501071328020020
十支队-通州执法队,G95首都环线高速-k215+090-凤河桥（云）,擅自占用、挖掘公路,是,110112,11011501071328020020
十支队-通州执法队,G95首都环线高速-k215+090-凤河桥（云）,在公路用地范围内设置公路标志以外的其他标志,否,110112,11011501071328020020
十支队-通州执法队,G95首都环线高速-k215+090-凤河桥（云）,遮挡公路附属设施或者利用公路附属设施架设管道、悬挂物品，可能危及公路安全,是,110112,11011501071328020020
十支队-通州执法队,G95首都环线高速-k215+090-凤河桥（云）,车辆装载物触地拖行、掉落、遗洒或者飘散，造成公路路面损坏、污染,否,110112,11011501071328020020
十支队-通州执法队,G95首都环线高速-k215+480-安采桥（云）,在公路上及公路用地范围内堆放物品,是,110112,11011501071328020021
十支队-通州执法队,G95首都环线高速-k215+480-安采桥（云）,在公路上及公路用地范围内摆摊设点,否,110112,11011501071328020021
十支队-通州执法队,G95首都环线高速-k215+480-安采桥（云）,在公路范围内擅自移动井盖,否,110112,11011501071328020021
十支队-通州执法队,G95首都环线高速-k215+480-安采桥（云）,擅自占用、挖掘公路,是,110112,11011501071328020021
十支队-通州执法队,G95首都环线高速-k215+480-安采桥（云）,在公路用地范围内设置公路标志以外的其他标志,否,110112,11011501071328020021
十支队-通州执法队,G95首都环线高速-k215+480-安采桥（云）,遮挡公路附属设施或者利用公路附属设施架设管道、悬挂物品，可能危及公路安全,是,110112,11011501071328020021
十支队-通州执法队,G95首都环线高速-k215+480-安采桥（云）,车辆装载物触地拖行、掉落、遗洒或者飘散，造成公路路面损坏、污染,否,110112,11011501071328020021
十支队-通州执法队,G95首都环线高速-k215+540-安采桥（云）,在公路上及公路用地范围内堆放物品,是,110112,11011501071328020022
十支队-通州执法队,G95首都环线高速-k215+540-安采桥（云）,在公路上及公路用地范围内摆摊设点,否,110112,11011501071328020022
十支队-通州执法队,G95首都环线高速-k215+540-安采桥（云）,在公路范围内擅自移动井盖,否,110112,11011501071328020022
十支队-通州执法队,G95首都环线高速-k215+540-安采桥（云）,擅自占用、挖掘公路,是,110112,11011501071328020022
十支队-通州执法队,G95首都环线高速-k215+540-安采桥（云）,在公路用地范围内设置公路标志以外的其他标志,否,110112,11011501071328020022
十支队-通州执法队,G95首都环线高速-k215+540-安采桥（云）,遮挡公路附属设施或者利用公路附属设施架设管道、悬挂物品，可能危及公路安全,是,110112,11011501071328020022
十支队-通州执法队,G95首都环线高速-k215+540-安采桥（云）,车辆装载物触地拖行、掉落、遗洒或者飘散，造成公路路面损坏、污染,否,110112,11011501071328020022
十支队-通州执法队,G95首都环线高速-k216+740-韩营沟桥（云）,在公路上及公路用地范围内堆放物品,是,110112,11011501071328020024
十支队-通州执法队,G95首都环线高速-k216+740-韩营沟桥（云）,在公路上及公路用地范围内摆摊设点,否,110112,11011501071328020024
十支队-通州执法队,G95首都环线高速-k216+740-韩营沟桥（云）,在公路范围内擅自移动井盖,否,110112,11011501071328020024
十支队-通州执法队,G95首都环线高速-k216+740-韩营沟桥（云）,擅自占用、挖掘公路,是,110112,11011501071328020024
十支队-通州执法队,G95首都环线高速-k216+740-韩营沟桥（云）,在公路用地范围内设置公路标志以外的其他标志,否,110112,11011501071328020024
十支队-通州执法队,G95首都环线高速-k216+740-韩营沟桥（云）,遮挡公路附属设施或者利用公路附属设施架设管道、悬挂物品，可能危及公路安全,否,110112,11011501071328020024
十支队-通州执法队,G95首都环线高速-k216+740-韩营沟桥（云）,车辆装载物触地拖行、掉落、遗洒或者飘散，造成公路路面损坏、污染,否,110112,11011501071328020024
十支队-顺义执法队,S201通顺路K22+000上行燕京桥下,在公路上及公路用地范围内堆放物品,是,110113,11000000001314706001
十支队-顺义执法队,S201通顺路K22+000上行燕京桥下,在公路上及公路用地范围内摆摊设点,否,110113,11000000001314706001
十支队-顺义执法队,S201通顺路K22+000上行燕京桥下,在公路范围内擅自移动井盖,否,110113,11000000001314706001
十支队-顺义执法队,S201通顺路K22+000上行燕京桥下,擅自占用、挖掘公路,是,110113,11000000001314706001
十支队-顺义执法队,S201通顺路K22+000上行燕京桥下,在公路用地范围内设置公路标志以外的其他标志,否,110113,11000000001314706001
十支队-顺义执法队,S201通顺路K22+000上行燕京桥下,遮挡公路附属设施或者利用公路附属设施架设管道、悬挂物品，可能危及公路安全,是,110113,11000000001314706001
十支队-顺义执法队,S201通顺路K22+000上行燕京桥下,车辆装载物触地拖行、掉落、遗洒或者飘散，造成公路路面损坏、污染,否,110113,11000000001314706001
十支队-顺义执法队,S332龙塘路K10+150下行苏庄闸桥西,在公路上及公路用地范围内堆放物品,是,110113,11000000001313113338
十支队-顺义执法队,S332龙塘路K10+150下行苏庄闸桥西,在公路上及公路用地范围内摆摊设点,否,110113,11000000001313113338
十支队-顺义执法队,S332龙塘路K10+150下行苏庄闸桥西,在公路范围内擅自移动井盖,否,110113,11000000001313113338
十支队-顺义执法队,S332龙塘路K10+150下行苏庄闸桥西,擅自占用、挖掘公路,是,110113,11000000001313113338
十支队-顺义执法队,S332龙塘路K10+150下行苏庄闸桥西,在公路用地范围内设置公路标志以外的其他标志,否,110113,11000000001313113338
十支队-顺义执法队,S332龙塘路K10+150下行苏庄闸桥西,遮挡公路附属设施或者利用公路附属设施架设管道、悬挂物品，可能危及公路安全,是,110113,11000000001313113338
十支队-顺义执法队,S332龙塘路K10+150下行苏庄闸桥西,车辆装载物触地拖行、掉落、遗洒或者飘散，造成公路路面损坏、污染,否,110113,11000000001313113338
十支队-顺义执法队,G101京沈路K32+300上行马坡桥南,在公路上及公路用地范围内堆放物品,是,110113,
十支队-顺义执法队,G101京沈路K32+300上行马坡桥南,在公路上及公路用地范围内摆摊设点,否,110113,
十支队-顺义执法队,G101京沈路K32+300上行马坡桥南,在公路范围内擅自移动井盖,否,110113,
十支队-顺义执法队,G101京沈路K32+300上行马坡桥南,擅自占用、挖掘公路,是,110113,
十支队-顺义执法队,G101京沈路K32+300上行马坡桥南,在公路用地范围内设置公路标志以外的其他标志,否,110113,
十支队-顺义执法队,G101京沈路K32+300上行马坡桥南,遮挡公路附属设施或者利用公路附属设施架设管道、悬挂物品，可能危及公路安全,是,110113,
十支队-顺义执法队,G101京沈路K32+300上行马坡桥南,车辆装载物触地拖行、掉落、遗洒或者飘散，造成公路路面损坏、污染,否,110113,
十支队-顺义执法队,S305顺平路K11+900上行燕京桥东,在公路上及公路用地范围内堆放物品,是,110113,11000000001317402714
十支队-顺义执法队,S305顺平路K11+900上行燕京桥东,在公路上及公路用地范围内摆摊设点,否,110113,11000000001317402714
十支队-顺义执法队,S305顺平路K11+900上行燕京桥东,在公路范围内擅自移动井盖,否,110113,11000000001317402714
十支队-顺义执法队,S305顺平路K11+900上行燕京桥东,擅自占用、挖掘公路,是,110113,11000000001317402714
十支队-顺义执法队,S305顺平路K11+900上行燕京桥东,在公路用地范围内设置公路标志以外的其他标志,否,110113,11000000001317402714
十支队-顺义执法队,S305顺平路K11+900上行燕京桥东,遮挡公路附属设施或者利用公路附属设施架设管道、悬挂物品，可能危及公路安全,是,110113,11000000001317402714
十支队-顺义执法队,S305顺平路K11+900上行燕京桥东,车辆装载物触地拖行、掉落、遗洒或者飘散，造成公路路面损坏、污染,否,110113,11000000001317402714
十支队-顺义执法队,S305顺平路K38+400下行大秦铁路桥西,在公路上及公路用地范围内堆放物品,是,110113,
十支队-顺义执法队,S305顺平路K38+400下行大秦铁路桥西,在公路上及公路用地范围内摆摊设点,否,110113,
十支队-顺义执法队,S305顺平路K38+400下行大秦铁路桥西,在公路范围内擅自移动井盖,否,110113,
十支队-顺义执法队,S305顺平路K38+400下行大秦铁路桥西,擅自占用、挖掘公路,是,110113,
十支队-顺义执法队,S305顺平路K38+400下行大秦铁路桥西,在公路用地范围内设置公路标志以外的其他标志,否,110113,
十支队-顺义执法队,S305顺平路K38+400下行大秦铁路桥西,遮挡公路附属设施或者利用公路附属设施架设管道、悬挂物品，可能危及公路安全,是,110113,
十支队-顺义执法队,S305顺平路K38+400下行大秦铁路桥西,车辆装载物触地拖行、掉落、遗洒或者飘散，造成公路路面损坏、污染,否,110113,
十支队-顺义执法队,S330昌金路K28+650上行牛栏山引水桥西,在公路上及公路用地范围内堆放物品,是,110113,11000000001316998289
十支队-顺义执法队,S330昌金路K28+650上行牛栏山引水桥西,在公路上及公路用地范围内摆摊设点,否,110113,11000000001316998289
十支队-顺义执法队,S330昌金路K28+650上行牛栏山引水桥西,在公路范围内擅自移动井盖,否,110113,11000000001316998289
十支队-顺义执法队,S330昌金路K28+650上行牛栏山引水桥西,擅自占用、挖掘公路,是,110113,11000000001316998289
十支队-顺义执法队,S330昌金路K28+650上行牛栏山引水桥西,在公路用地范围内设置公路标志以外的其他标志,否,110113,11000000001316998289
十支队-顺义执法队,S330昌金路K28+650上行牛栏山引水桥西,遮挡公路附属设施或者利用公路附属设施架设管道、悬挂物品，可能危及公路安全,是,110113,11000000001316998289
十支队-顺义执法队,S330昌金路K28+650上行牛栏山引水桥西,车辆装载物触地拖行、掉落、遗洒或者飘散，造成公路路面损坏、污染,否,110113,11000000001316998289
十支队-顺义执法队,S330昌金路K28+650下行牛栏山引水桥西,在公路上及公路用地范围内堆放物品,是,110113,
十支队-顺义执法队,S330昌金路K28+650下行牛栏山引水桥西,在公路上及公路用地范围内摆摊设点,否,110113,
十支队-顺义执法队,S330昌金路K28+650下行牛栏山引水桥西,在公路范围内擅自移动井盖,否,110113,
十支队-顺义执法队,S330昌金路K28+650下行牛栏山引水桥西,擅自占用、挖掘公路,是,110113,
十支队-顺义执法队,S330昌金路K28+650下行牛栏山引水桥西,在公路用地范围内设置公路标志以外的其他标志,否,110113,
十支队-顺义执法队,S330昌金路K28+650下行牛栏山引水桥西,遮挡公路附属设施或者利用公路附属设施架设管道、悬挂物品，可能危及公路安全,是,110113,
十支队-顺义执法队,S330昌金路K28+650下行牛栏山引水桥西,车辆装载物触地拖行、掉落、遗洒或者飘散，造成公路路面损坏、污染,否,110113,
十支队-顺义执法队,S330昌金路K41+950上行大秦铁路桥,在公路上及公路用地范围内堆放物品,是,110113,11000000001314158795
十支队-顺义执法队,S330昌金路K41+950上行大秦铁路桥,在公路上及公路用地范围内摆摊设点,否,110113,11000000001314158795
十支队-顺义执法队,S330昌金路K41+950上行大秦铁路桥,在公路范围内擅自移动井盖,否,110113,11000000001314158795
十支队-顺义执法队,S330昌金路K41+950上行大秦铁路桥,擅自占用、挖掘公路,是,110113,11000000001314158795
十支队-顺义执法队,S330昌金路K41+950上行大秦铁路桥,在公路用地范围内设置公路标志以外的其他标志,否,110113,11000000001314158795
十支队-顺义执法队,S330昌金路K41+950上行大秦铁路桥,遮挡公路附属设施或者利用公路附属设施架设管道、悬挂物品，可能危及公路安全,是,110113,11000000001314158795
十支队-顺义执法队,S330昌金路K41+950上行大秦铁路桥,车辆装载物触地拖行、掉落、遗洒或者飘散，造成公路路面损坏、污染,否,110113,11000000001314158795
十支队-顺义执法队,S335白马路K40+760上行大秦铁路桥,在公路上及公路用地范围内堆放物品,是,110113,11000000001313254359
十支队-顺义执法队,S335白马路K40+760上行大秦铁路桥,在公路上及公路用地范围内摆摊设点,否,110113,11000000001313254359
十支队-顺义执法队,S335白马路K40+760上行大秦铁路桥,在公路范围内擅自移动井盖,否,110113,11000000001313254359
十支队-顺义执法队,S335白马路K40+760上行大秦铁路桥,擅自占用、挖掘公路,是,110113,11000000001313254359
十支队-顺义执法队,S335白马路K40+760上行大秦铁路桥,在公路用地范围内设置公路标志以外的其他标志,否,110113,11000000001313254359
十支队-顺义执法队,S335白马路K40+760上行大秦铁路桥,遮挡公路附属设施或者利用公路附属设施架设管道、悬挂物品，可能危及公路安全,是,110113,11000000001313254359
十支队-顺义执法队,S335白马路K40+760上行大秦铁路桥,车辆装载物触地拖行、掉落、遗洒或者飘散，造成公路路面损坏、污染,否,110113,11000000001313254359
十支队-怀柔执法队,G111京漠线K69+500峪道河桥南,在公路上及公路用地范围内堆放物品,是,110116,11000000001312794240
十支队-怀柔执法队,G111京漠线K69+500峪道河桥南,在公路上及公路用地范围内摆摊设点,否,110116,11000000001312794240
十支队-怀柔执法队,G111京漠线K69+500峪道河桥南,在公路范围内擅自移动井盖,否,110116,11000000001312794240
十支队-怀柔执法队,G111京漠线K69+500峪道河桥南,擅自占用、挖掘公路,是,110116,11000000001312794240
十支队-怀柔执法队,G111京漠线K69+500峪道河桥南,在公路用地范围内设置公路标志以外的其他标志,否,110116,11000000001312794240
十支队-怀柔执法队,G111京漠线K69+500峪道河桥南,遮挡公路附属设施或者利用公路附属设施架设管道、悬挂物品，可能危及公路安全,是,110116,11000000001312794240
十支队-怀柔执法队,G111京漠线K69+500峪道河桥南,车辆装载物触地拖行、掉落、遗洒或者飘散，造成公路路面损坏、污染,否,110116,11000000001312794240
十支队-平谷执法队,S32(京平高速)K45+700河北村桥下01,在公路上及公路用地范围内堆放物品,是,110117,
十支队-平谷执法队,S32(京平高速)K45+700河北村桥下01,在公路上及公路用地范围内摆摊设点,否,110117,
十支队-平谷执法队,S32(京平高速)K45+700河北村桥下01,在公路范围内擅自移动井盖,否,110117,
十支队-平谷执法队,S32(京平高速)K45+700河北村桥下01,擅自占用、挖掘公路,是,110117,
十支队-平谷执法队,S32(京平高速)K45+700河北村桥下01,在公路用地范围内设置公路标志以外的其他标志,否,110117,
十支队-平谷执法队,S32(京平高速)K45+700河北村桥下01,遮挡公路附属设施或者利用公路附属设施架设管道、悬挂物品，可能危及公路安全,是,110117,
十支队-平谷执法队,S32(京平高速)K45+700河北村桥下01,车辆装载物触地拖行、掉落、遗洒或者飘散，造成公路路面损坏、污染,否,110117,
十支队-平谷执法队,S32(京平高速)K45+700河北村桥下02,在公路上及公路用地范围内堆放物品,是,110117,
十支队-平谷执法队,S32(京平高速)K45+700河北村桥下02,在公路上及公路用地范围内摆摊设点,否,110117,
十支队-平谷执法队,S32(京平高速)K45+700河北村桥下02,在公路范围内擅自移动井盖,否,110117,
十支队-平谷执法队,S32(京平高速)K45+700河北村桥下02,擅自占用、挖掘公路,是,110117,
十支队-平谷执法队,S32(京平高速)K45+700河北村桥下02,在公路用地范围内设置公路标志以外的其他标志,否,110117,
十支队-平谷执法队,S32(京平高速)K45+700河北村桥下02,遮挡公路附属设施或者利用公路附属设施架设管道、悬挂物品，可能危及公路安全,是,110117,
十支队-平谷执法队,S32(京平高速)K45+700河北村桥下02,车辆装载物触地拖行、掉落、遗洒或者飘散，造成公路路面损坏、污染,否,110117,
十支队-平谷执法队,S32(京平高速)K47+850马坊桥下01,在公路上及公路用地范围内堆放物品,是,110117,
十支队-平谷执法队,S32(京平高速)K47+850马坊桥下01,在公路上及公路用地范围内摆摊设点,否,110117,
十支队-平谷执法队,S32(京平高速)K47+850马坊桥下01,在公路范围内擅自移动井盖,否,110117,
十支队-平谷执法队,S32(京平高速)K47+850马坊桥下01,擅自占用、挖掘公路,是,110117,
十支队-平谷执法队,S32(京平高速)K47+850马坊桥下01,在公路用地范围内设置公路标志以外的其他标志,否,110117,
十支队-平谷执法队,S32(京平高速)K47+850马坊桥下01,遮挡公路附属设施或者利用公路附属设施架设管道、悬挂物品，可能危及公路安全,是,110117,
十支队-平谷执法队,S32(京平高速)K47+850马坊桥下01,车辆装载物触地拖行、掉落、遗洒或者飘散，造成公路路面损坏、污染,否,110117,
十支队-平谷执法队,S32(京平高速)K47+850马坊桥下02,在公路上及公路用地范围内堆放物品,是,110117,
十支队-平谷执法队,S32(京平高速)K47+850马坊桥下02,在公路上及公路用地范围内摆摊设点,否,110117,
十支队-平谷执法队,S32(京平高速)K47+850马坊桥下02,在公路范围内擅自移动井盖,否,110117,
十支队-平谷执法队,S32(京平高速)K47+850马坊桥下02,擅自占用、挖掘公路,是,110117,
十支队-平谷执法队,S32(京平高速)K47+850马坊桥下02,在公路用地范围内设置公路标志以外的其他标志,否,110117,
十支队-平谷执法队,S32(京平高速)K47+850马坊桥下02,遮挡公路附属设施或者利用公路附属设施架设管道、悬挂物品，可能危及公路安全,是,110117,
十支队-平谷执法队,S32(京平高速)K47+850马坊桥下02,车辆装载物触地拖行、掉落、遗洒或者飘散，造成公路路面损坏、污染,否,110117,
十支队-平谷执法队,S32(京平高速)K47+850马坊桥下03,在公路上及公路用地范围内堆放物品,是,110117,
十支队-平谷执法队,S32(京平高速)K47+850马坊桥下03,在公路上及公路用地范围内摆摊设点,否,110117,
十支队-平谷执法队,S32(京平高速)K47+850马坊桥下03,在公路范围内擅自移动井盖,否,110117,
十支队-平谷执法队,S32(京平高速)K47+850马坊桥下03,擅自占用、挖掘公路,是,110117,
十支队-平谷执法队,S32(京平高速)K47+850马坊桥下03,在公路用地范围内设置公路标志以外的其他标志,否,110117,
十支队-平谷执法队,S32(京平高速)K47+850马坊桥下03,遮挡公路附属设施或者利用公路附属设施架设管道、悬挂物品，可能危及公路安全,是,110117,
十支队-平谷执法队,S32(京平高速)K47+850马坊桥下03,车辆装载物触地拖行、掉落、遗洒或者飘散，造成公路路面损坏、污染,否,110117,
十支队-平谷执法队,S32(京平高速)K47+850马坊桥下04,在公路上及公路用地范围内堆放物品,是,110117,
十支队-平谷执法队,S32(京平高速)K47+850马坊桥下04,在公路上及公路用地范围内摆摊设点,否,110117,
十支队-平谷执法队,S32(京平高速)K47+850马坊桥下04,在公路范围内擅自移动井盖,否,110117,
十支队-平谷执法队,S32(京平高速)K47+850马坊桥下04,擅自占用、挖掘公路,是,110117,
十支队-平谷执法队,S32(京平高速)K47+850马坊桥下04,在公路用地范围内设置公路标志以外的其他标志,否,110117,
十支队-平谷执法队,S32(京平高速)K47+850马坊桥下04,遮挡公路附属设施或者利用公路附属设施架设管道、悬挂物品，可能危及公路安全,是,110117,
十支队-平谷执法队,S32(京平高速)K47+850马坊桥下04,车辆装载物触地拖行、掉落、遗洒或者飘散，造成公路路面损坏、污染,否,110117,
十支队-平谷执法队,S32(京平高速)K47+850马坊桥下05,在公路上及公路用地范围内堆放物品,是,110117,
十支队-平谷执法队,S32(京平高速)K47+850马坊桥下05,在公路上及公路用地范围内摆摊设点,否,110117,
十支队-平谷执法队,S32(京平高速)K47+850马坊桥下05,在公路范围内擅自移动井盖,否,110117,
十支队-平谷执法队,S32(京平高速)K47+850马坊桥下05,擅自占用、挖掘公路,是,110117,
十支队-平谷执法队,S32(京平高速)K47+850马坊桥下05,在公路用地范围内设置公路标志以外的其他标志,否,110117,
十支队-平谷执法队,S32(京平高速)K47+850马坊桥下05,遮挡公路附属设施或者利用公路附属设施架设管道、悬挂物品，可能危及公路安全,是,110117,
十支队-平谷执法队,S32(京平高速)K47+850马坊桥下05,车辆装载物触地拖行、掉落、遗洒或者飘散，造成公路路面损坏、污染,否,110117,
十支队-平谷执法队,S32(京平高速)K47+850马坊桥下06,在公路上及公路用地范围内堆放物品,是,110117,
十支队-平谷执法队,S32(京平高速)K47+850马坊桥下06,在公路上及公路用地范围内摆摊设点,否,110117,
十支队-平谷执法队,S32(京平高速)K47+850马坊桥下06,在公路范围内擅自移动井盖,否,110117,
十支队-平谷执法队,S32(京平高速)K47+850马坊桥下06,擅自占用、挖掘公路,是,110117,
十支队-平谷执法队,S32(京平高速)K47+850马坊桥下06,在公路用地范围内设置公路标志以外的其他标志,否,110117,
十支队-平谷执法队,S32(京平高速)K47+850马坊桥下06,遮挡公路附属设施或者利用公路附属设施架设管道、悬挂物品，可能危及公路安全,是,110117,
十支队-平谷执法队,S32(京平高速)K47+850马坊桥下06,车辆装载物触地拖行、掉落、遗洒或者飘散，造成公路路面损坏、污染,否,110117,
十支队-平谷执法队,S32(京平高速)K47+850马坊桥下07,在公路上及公路用地范围内堆放物品,是,110117,
十支队-平谷执法队,S32(京平高速)K47+850马坊桥下07,在公路上及公路用地范围内摆摊设点,否,110117,
十支队-平谷执法队,S32(京平高速)K47+850马坊桥下07,在公路范围内擅自移动井盖,否,110117,
十支队-平谷执法队,S32(京平高速)K47+850马坊桥下07,擅自占用、挖掘公路,是,110117,
十支队-平谷执法队,S32(京平高速)K47+850马坊桥下07,在公路用地范围内设置公路标志以外的其他标志,否,110117,
十支队-平谷执法队,S32(京平高速)K47+850马坊桥下07,遮挡公路附属设施或者利用公路附属设施架设管道、悬挂物品，可能危及公路安全,是,110117,
十支队-平谷执法队,S32(京平高速)K47+850马坊桥下07,车辆装载物触地拖行、掉落、遗洒或者飘散，造成公路路面损坏、污染,否,110117,
十支队-平谷执法队,S32(京平高速)K47+850马坊桥下08,在公路上及公路用地范围内堆放物品,是,110117,
十支队-平谷执法队,S32(京平高速)K47+850马坊桥下08,在公路上及公路用地范围内摆摊设点,否,110117,
十支队-平谷执法队,S32(京平高速)K47+850马坊桥下08,在公路范围内擅自移动井盖,否,110117,
十支队-平谷执法队,S32(京平高速)K47+850马坊桥下08,擅自占用、挖掘公路,是,110117,
十支队-平谷执法队,S32(京平高速)K47+850马坊桥下08,在公路用地范围内设置公路标志以外的其他标志,否,110117,
十支队-平谷执法队,S32(京平高速)K47+850马坊桥下08,遮挡公路附属设施或者利用公路附属设施架设管道、悬挂物品，可能危及公路安全,是,110117,
十支队-平谷执法队,S32(京平高速)K47+850马坊桥下08,车辆装载物触地拖行、掉落、遗洒或者飘散，造成公路路面损坏、污染,否,110117,
十支队-平谷执法队,S32(京平高速)K48+900泃河桥下01,在公路上及公路用地范围内堆放物品,是,110117,
十支队-平谷执法队,S32(京平高速)K48+900泃河桥下01,在公路上及公路用地范围内摆摊设点,否,110117,
十支队-平谷执法队,S32(京平高速)K48+900泃河桥下01,在公路范围内擅自移动井盖,否,110117,
十支队-平谷执法队,S32(京平高速)K48+900泃河桥下01,擅自占用、挖掘公路,是,110117,
十支队-平谷执法队,S32(京平高速)K48+900泃河桥下01,在公路用地范围内设置公路标志以外的其他标志,否,110117,
十支队-平谷执法队,S32(京平高速)K48+900泃河桥下01,遮挡公路附属设施或者利用公路附属设施架设管道、悬挂物品，可能危及公路安全,是,110117,
十支队-平谷执法队,S32(京平高速)K48+900泃河桥下01,车辆装载物触地拖行、掉落、遗洒或者飘散，造成公路路面损坏、污染,否,110117,
十支队-平谷执法队,S32(京平高速)K48+900泃河桥下02,在公路上及公路用地范围内堆放物品,是,110117,
十支队-平谷执法队,S32(京平高速)K48+900泃河桥下02,在公路上及公路用地范围内摆摊设点,否,110117,
十支队-平谷执法队,S32(京平高速)K48+900泃河桥下02,在公路范围内擅自移动井盖,否,110117,
十支队-平谷执法队,S32(京平高速)K48+900泃河桥下02,擅自占用、挖掘公路,是,110117,
十支队-平谷执法队,S32(京平高速)K48+900泃河桥下02,在公路用地范围内设置公路标志以外的其他标志,否,110117,
十支队-平谷执法队,S32(京平高速)K48+900泃河桥下02,遮挡公路附属设施或者利用公路附属设施架设管道、悬挂物品，可能危及公路安全,是,110117,
十支队-平谷执法队,S32(京平高速)K48+900泃河桥下02,车辆装载物触地拖行、掉落、遗洒或者飘散，造成公路路面损坏、污染,否,110117,
十支队-平谷执法队,S32(京平高速)K48+900泃河桥下03,在公路上及公路用地范围内堆放物品,是,110117,
十支队-平谷执法队,S32(京平高速)K48+900泃河桥下03,在公路上及公路用地范围内摆摊设点,否,110117,
十支队-平谷执法队,S32(京平高速)K48+900泃河桥下03,在公路范围内擅自移动井盖,否,110117,
十支队-平谷执法队,S32(京平高速)K48+900泃河桥下03,擅自占用、挖掘公路,是,110117,
十支队-平谷执法队,S32(京平高速)K48+900泃河桥下03,在公路用地范围内设置公路标志以外的其他标志,否,110117,
十支队-平谷执法队,S32(京平高速)K48+900泃河桥下03,遮挡公路附属设施或者利用公路附属设施架设管道、悬挂物品，可能危及公路安全,是,110117,
十支队-平谷执法队,S32(京平高速)K48+900泃河桥下03,车辆装载物触地拖行、掉落、遗洒或者飘散，造成公路路面损坏、污染,否,110117,
十支队-平谷执法队,S32(京平高速)K48+900泃河桥下04,在公路上及公路用地范围内堆放物品,是,110117,
十支队-平谷执法队,S32(京平高速)K48+900泃河桥下04,在公路上及公路用地范围内摆摊设点,否,110117,
十支队-平谷执法队,S32(京平高速)K48+900泃河桥下04,在公路范围内擅自移动井盖,否,110117,
十支队-平谷执法队,S32(京平高速)K48+900泃河桥下04,擅自占用、挖掘公路,是,110117,
十支队-平谷执法队,S32(京平高速)K48+900泃河桥下04,在公路用地范围内设置公路标志以外的其他标志,否,110117,
十支队-平谷执法队,S32(京平高速)K48+900泃河桥下04,遮挡公路附属设施或者利用公路附属设施架设管道、悬挂物品，可能危及公路安全,是,110117,
十支队-平谷执法队,S32(京平高速)K48+900泃河桥下04,车辆装载物触地拖行、掉落、遗洒或者飘散，造成公路路面损坏、污染,否,110117,
十支队-平谷执法队,S32(京平高速)K48+900泃河桥下06,在公路上及公路用地范围内堆放物品,是,110117,
十支队-平谷执法队,S32(京平高速)K48+900泃河桥下06,在公路上及公路用地范围内摆摊设点,否,110117,
十支队-平谷执法队,S32(京平高速)K48+900泃河桥下06,在公路范围内擅自移动井盖,否,110117,
十支队-平谷执法队,S32(京平高速)K48+900泃河桥下06,擅自占用、挖掘公路,是,110117,
十支队-平谷执法队,S32(京平高速)K48+900泃河桥下06,在公路用地范围内设置公路标志以外的其他标志,否,110117,
十支队-平谷执法队,S32(京平高速)K48+900泃河桥下06,遮挡公路附属设施或者利用公路附属设施架设管道、悬挂物品，可能危及公路安全,是,110117,
十支队-平谷执法队,S32(京平高速)K48+900泃河桥下06,车辆装载物触地拖行、掉落、遗洒或者飘散，造成公路路面损坏、污染,否,110117,
十支队-平谷执法队,S32(京平高速)K50+200物流园桥下01,在公路上及公路用地范围内堆放物品,是,110117,
十支队-平谷执法队,S32(京平高速)K50+200物流园桥下01,在公路上及公路用地范围内摆摊设点,否,110117,
十支队-平谷执法队,S32(京平高速)K50+200物流园桥下01,在公路范围内擅自移动井盖,否,110117,
十支队-平谷执法队,S32(京平高速)K50+200物流园桥下01,擅自占用、挖掘公路,是,110117,
十支队-平谷执法队,S32(京平高速)K50+200物流园桥下01,在公路用地范围内设置公路标志以外的其他标志,否,110117,
十支队-平谷执法队,S32(京平高速)K50+200物流园桥下01,遮挡公路附属设施或者利用公路附属设施架设管道、悬挂物品，可能危及公路安全,是,110117,
十支队-平谷执法队,S32(京平高速)K50+200物流园桥下01,车辆装载物触地拖行、掉落、遗洒或者飘散，造成公路路面损坏、污染,否,110117,
十支队-平谷执法队,S32(京平高速)K50+020物流园桥下02,在公路上及公路用地范围内堆放物品,是,110117,
十支队-平谷执法队,S32(京平高速)K50+020物流园桥下02,在公路上及公路用地范围内摆摊设点,否,110117,
十支队-平谷执法队,S32(京平高速)K50+020物流园桥下02,在公路范围内擅自移动井盖,否,110117,
十支队-平谷执法队,S32(京平高速)K50+020物流园桥下02,擅自占用、挖掘公路,是,110117,
十支队-平谷执法队,S32(京平高速)K50+020物流园桥下02,在公路用地范围内设置公路标志以外的其他标志,否,110117,
十支队-平谷执法队,S32(京平高速)K50+020物流园桥下02,遮挡公路附属设施或者利用公路附属设施架设管道、悬挂物品，可能危及公路安全,是,110117,
十支队-平谷执法队,S32(京平高速)K50+020物流园桥下02,车辆装载物触地拖行、掉落、遗洒或者飘散，造成公路路面损坏、污染,否,110117,
十支队-平谷执法队,S32(京平高速)K57+300东高村桥下01,在公路上及公路用地范围内堆放物品,是,110117,
十支队-平谷执法队,S32(京平高速)K57+300东高村桥下01,在公路上及公路用地范围内摆摊设点,否,110117,
十支队-平谷执法队,S32(京平高速)K57+300东高村桥下01,在公路范围内擅自移动井盖,否,110117,
十支队-平谷执法队,S32(京平高速)K57+300东高村桥下01,擅自占用、挖掘公路,是,110117,
十支队-平谷执法队,S32(京平高速)K57+300东高村桥下01,在公路用地范围内设置公路标志以外的其他标志,否,110117,
十支队-平谷执法队,S32(京平高速)K57+300东高村桥下01,遮挡公路附属设施或者利用公路附属设施架设管道、悬挂物品，可能危及公路安全,是,110117,
十支队-平谷执法队,S32(京平高速)K57+300东高村桥下01,车辆装载物触地拖行、掉落、遗洒或者飘散，造成公路路面损坏、污染,否,110117,
十支队-平谷执法队,S32(京平高速)K57+300东高村桥下02,在公路上及公路用地范围内堆放物品,是,110117,
十支队-平谷执法队,S32(京平高速)K57+300东高村桥下02,在公路上及公路用地范围内摆摊设点,否,110117,
十支队-平谷执法队,S32(京平高速)K57+300东高村桥下02,在公路范围内擅自移动井盖,否,110117,
十支队-平谷执法队,S32(京平高速)K57+300东高村桥下02,擅自占用、挖掘公路,是,110117,
十支队-平谷执法队,S32(京平高速)K57+300东高村桥下02,在公路用地范围内设置公路标志以外的其他标志,否,110117,
十支队-平谷执法队,S32(京平高速)K57+300东高村桥下02,遮挡公路附属设施或者利用公路附属设施架设管道、悬挂物品，可能危及公路安全,是,110117,
十支队-平谷执法队,S32(京平高速)K57+300东高村桥下02,车辆装载物触地拖行、掉落、遗洒或者飘散，造成公路路面损坏、污染,否,110117,
十支队-平谷执法队,S32(京平高速)K63+500夏各庄西桥下01,在公路上及公路用地范围内堆放物品,是,110117,
十支队-平谷执法队,S32(京平高速)K63+500夏各庄西桥下01,在公路上及公路用地范围内摆摊设点,否,110117,
十支队-平谷执法队,S32(京平高速)K63+500夏各庄西桥下01,在公路范围内擅自移动井盖,否,110117,
十支队-平谷执法队,S32(京平高速)K63+500夏各庄西桥下01,擅自占用、挖掘公路,是,110117,
十支队-平谷执法队,S32(京平高速)K63+500夏各庄西桥下01,在公路用地范围内设置公路标志以外的其他标志,否,110117,
十支队-平谷执法队,S32(京平高速)K63+500夏各庄西桥下01,遮挡公路附属设施或者利用公路附属设施架设管道、悬挂物品，可能危及公路安全,是,110117,
十支队-平谷执法队,S32(京平高速)K63+500夏各庄西桥下01,车辆装载物触地拖行、掉落、遗洒或者飘散，造成公路路面损坏、污染,否,110117,
十支队-平谷执法队,S32(京平高速)K64+300夏各庄桥下01,在公路上及公路用地范围内堆放物品,是,110117,
十支队-平谷执法队,S32(京平高速)K64+300夏各庄桥下01,在公路上及公路用地范围内摆摊设点,否,110117,
十支队-平谷执法队,S32(京平高速)K64+300夏各庄桥下01,在公路范围内擅自移动井盖,否,110117,
十支队-平谷执法队,S32(京平高速)K64+300夏各庄桥下01,擅自占用、挖掘公路,是,110117,
十支队-平谷执法队,S32(京平高速)K64+300夏各庄桥下01,在公路用地范围内设置公路标志以外的其他标志,否,110117,
十支队-平谷执法队,S32(京平高速)K64+300夏各庄桥下01,遮挡公路附属设施或者利用公路附属设施架设管道、悬挂物品，可能危及公路安全,是,110117,
十支队-平谷执法队,S32(京平高速)K64+300夏各庄桥下01,车辆装载物触地拖行、掉落、遗洒或者飘散，造成公路路面损坏、污染,否,110117,
十支队-平谷执法队,S32(京平高速)K64+300夏各庄桥下02,在公路上及公路用地范围内堆放物品,是,110117,
十支队-平谷执法队,S32(京平高速)K64+300夏各庄桥下02,在公路上及公路用地范围内摆摊设点,否,110117,
十支队-平谷执法队,S32(京平高速)K64+300夏各庄桥下02,在公路范围内擅自移动井盖,否,110117,
十支队-平谷执法队,S32(京平高速)K64+300夏各庄桥下02,擅自占用、挖掘公路,是,110117,
十支队-平谷执法队,S32(京平高速)K64+300夏各庄桥下02,在公路用地范围内设置公路标志以外的其他标志,否,110117,
十支队-平谷执法队,S32(京平高速)K64+300夏各庄桥下02,遮挡公路附属设施或者利用公路附属设施架设管道、悬挂物品，可能危及公路安全,是,110117,
十支队-平谷执法队,S32(京平高速)K64+300夏各庄桥下02,车辆装载物触地拖行、掉落、遗洒或者飘散，造成公路路面损坏、污染,否,110117,
十支队-怀柔执法队,S308怀长路K16+756西四渡河隧道进口,在公路上及公路用地范围内堆放物品,是,110116,11000000001311458883
十支队-怀柔执法队,S308怀长路K16+756西四渡河隧道进口,在公路上及公路用地范围内摆摊设点,否,110116,11000000001311458883
十支队-怀柔执法队,S308怀长路K16+756西四渡河隧道进口,在公路范围内擅自移动井盖,否,110116,11000000001311458883
十支队-怀柔执法队,S308怀长路K16+756西四渡河隧道进口,擅自占用、挖掘公路,是,110116,11000000001311458883
十支队-怀柔执法队,S308怀长路K16+756西四渡河隧道进口,在公路用地范围内设置公路标志以外的其他标志,否,110116,11000000001311458883
十支队-怀柔执法队,S308怀长路K16+756西四渡河隧道进口,遮挡公路附属设施或者利用公路附属设施架设管道、悬挂物品，可能危及公路安全,是,110116,11000000001311458883
十支队-怀柔执法队,S308怀长路K16+756西四渡河隧道进口,车辆装载物触地拖行、掉落、遗洒或者飘散，造成公路路面损坏、污染,否,110116,11000000001311458883
十支队-怀柔执法队,S308怀长路K16+950西四渡河隧道1,在公路上及公路用地范围内堆放物品,是,110116,11000000001319332340
十支队-怀柔执法队,S308怀长路K16+950西四渡河隧道1,在公路上及公路用地范围内摆摊设点,否,110116,11000000001319332340
十支队-怀柔执法队,S308怀长路K16+950西四渡河隧道1,在公路范围内擅自移动井盖,否,110116,11000000001319332340
十支队-怀柔执法队,S308怀长路K16+950西四渡河隧道1,擅自占用、挖掘公路,是,110116,11000000001319332340
十支队-怀柔执法队,S308怀长路K16+950西四渡河隧道1,在公路用地范围内设置公路标志以外的其他标志,否,110116,11000000001319332340
十支队-怀柔执法队,S308怀长路K16+950西四渡河隧道1,遮挡公路附属设施或者利用公路附属设施架设管道、悬挂物品，可能危及公路安全,是,110116,11000000001319332340
十支队-怀柔执法队,S308怀长路K16+950西四渡河隧道1,车辆装载物触地拖行、掉落、遗洒或者飘散，造成公路路面损坏、污染,否,110116,11000000001319332340
十支队-怀柔执法队,S308怀长路K17+100西四渡河隧道2,在公路上及公路用地范围内堆放物品,是,110116,11000000001313767675
十支队-怀柔执法队,S308怀长路K17+100西四渡河隧道2,在公路上及公路用地范围内摆摊设点,否,110116,11000000001313767675
十支队-怀柔执法队,S308怀长路K17+100西四渡河隧道2,在公路范围内擅自移动井盖,否,110116,11000000001313767675
十支队-怀柔执法队,S308怀长路K17+100西四渡河隧道2,擅自占用、挖掘公路,是,110116,11000000001313767675
十支队-怀柔执法队,S308怀长路K17+100西四渡河隧道2,在公路用地范围内设置公路标志以外的其他标志,否,110116,11000000001313767675
十支队-怀柔执法队,S308怀长路K17+100西四渡河隧道2,遮挡公路附属设施或者利用公路附属设施架设管道、悬挂物品，可能危及公路安全,是,110116,11000000001313767675
十支队-怀柔执法队,S308怀长路K17+100西四渡河隧道2,车辆装载物触地拖行、掉落、遗洒或者飘散，造成公路路面损坏、污染,否,110116,11000000001313767675
十支队-怀柔执法队,S308怀长路K17+250西四渡河隧道3,在公路上及公路用地范围内堆放物品,是,110116,11000000001312145702
十支队-怀柔执法队,S308怀长路K17+250西四渡河隧道3,在公路上及公路用地范围内摆摊设点,否,110116,11000000001312145702
十支队-怀柔执法队,S308怀长路K17+250西四渡河隧道3,在公路范围内擅自移动井盖,否,110116,11000000001312145702
十支队-怀柔执法队,S308怀长路K17+250西四渡河隧道3,擅自占用、挖掘公路,是,110116,11000000001312145702
十支队-怀柔执法队,S308怀长路K17+250西四渡河隧道3,在公路用地范围内设置公路标志以外的其他标志,否,110116,11000000001312145702
十支队-怀柔执法队,S308怀长路K17+250西四渡河隧道3,遮挡公路附属设施或者利用公路附属设施架设管道、悬挂物品，可能危及公路安全,是,110116,11000000001312145702
十支队-怀柔执法队,S308怀长路K17+250西四渡河隧道3,车辆装载物触地拖行、掉落、遗洒或者飘散，造成公路路面损坏、污染,否,110116,11000000001312145702
十支队-怀柔执法队,S308怀长路K17+309西四渡河隧道出口,在公路上及公路用地范围内堆放物品,是,110116,11000000001312049244
十支队-怀柔执法队,S308怀长路K17+309西四渡河隧道出口,在公路上及公路用地范围内摆摊设点,否,110116,11000000001312049244
十支队-怀柔执法队,S308怀长路K17+309西四渡河隧道出口,在公路范围内擅自移动井盖,否,110116,11000000001312049244
十支队-怀柔执法队,S308怀长路K17+309西四渡河隧道出口,擅自占用、挖掘公路,是,110116,11000000001312049244
十支队-怀柔执法队,S308怀长路K17+309西四渡河隧道出口,在公路用地范围内设置公路标志以外的其他标志,否,110116,11000000001312049244
十支队-怀柔执法队,S308怀长路K17+309西四渡河隧道出口,遮挡公路附属设施或者利用公路附属设施架设管道、悬挂物品，可能危及公路安全,是,110116,11000000001312049244
十支队-怀柔执法队,S308怀长路K17+309西四渡河隧道出口,车辆装载物触地拖行、掉落、遗洒或者飘散，造成公路路面损坏、污染,否,110116,11000000001312049244
十支队-怀柔执法队,G111京漠线K76+200分水岭进京出口,在公路上及公路用地范围内堆放物品,是,110116,11000000001317911037
十支队-怀柔执法队,G111京漠线K76+200分水岭进京出口,在公路上及公路用地范围内摆摊设点,否,110116,11000000001317911037
十支队-怀柔执法队,G111京漠线K76+200分水岭进京出口,在公路范围内擅自移动井盖,否,110116,11000000001317911037
十支队-怀柔执法队,G111京漠线K76+200分水岭进京出口,擅自占用、挖掘公路,是,110116,11000000001317911037
十支队-怀柔执法队,G111京漠线K76+200分水岭进京出口,在公路用地范围内设置公路标志以外的其他标志,否,110116,11000000001317911037
十支队-怀柔执法队,G111京漠线K76+200分水岭进京出口,遮挡公路附属设施或者利用公路附属设施架设管道、悬挂物品，可能危及公路安全,是,110116,11000000001317911037
十支队-怀柔执法队,G111京漠线K76+200分水岭进京出口,车辆装载物触地拖行、掉落、遗洒或者飘散，造成公路路面损坏、污染,否,110116,11000000001317911037
十支队-怀柔执法队,G111京漠线K76+474分水岭进京25,在公路上及公路用地范围内堆放物品,是,110116,11000000001311917763
十支队-怀柔执法队,G111京漠线K76+474分水岭进京25,在公路上及公路用地范围内摆摊设点,否,110116,11000000001311917763
十支队-怀柔执法队,G111京漠线K76+474分水岭进京25,在公路范围内擅自移动井盖,否,110116,11000000001311917763
十支队-怀柔执法队,G111京漠线K76+474分水岭进京25,擅自占用、挖掘公路,是,110116,11000000001311917763
十支队-怀柔执法队,G111京漠线K76+474分水岭进京25,在公路用地范围内设置公路标志以外的其他标志,否,110116,11000000001311917763
十支队-怀柔执法队,G111京漠线K76+474分水岭进京25,遮挡公路附属设施或者利用公路附属设施架设管道、悬挂物品，可能危及公路安全,是,110116,11000000001311917763
十支队-怀柔执法队,G111京漠线K76+474分水岭进京25,车辆装载物触地拖行、掉落、遗洒或者飘散，造成公路路面损坏、污染,否,110116,11000000001311917763
十支队-怀柔执法队,G111京漠线K76+481分水岭隧道出京进口球机,在公路上及公路用地范围内堆放物品,是,110116,11000000001312730054
十支队-怀柔执法队,G111京漠线K76+481分水岭隧道出京进口球机,在公路上及公路用地范围内摆摊设点,否,110116,11000000001312730054
十支队-怀柔执法队,G111京漠线K76+481分水岭隧道出京进口球机,在公路范围内擅自移动井盖,否,110116,11000000001312730054
十支队-怀柔执法队,G111京漠线K76+481分水岭隧道出京进口球机,擅自占用、挖掘公路,是,110116,11000000001312730054
十支队-怀柔执法队,G111京漠线K76+481分水岭隧道出京进口球机,在公路用地范围内设置公路标志以外的其他标志,否,110116,11000000001312730054
十支队-怀柔执法队,G111京漠线K76+481分水岭隧道出京进口球机,遮挡公路附属设施或者利用公路附属设施架设管道、悬挂物品，可能危及公路安全,是,110116,11000000001312730054
十支队-怀柔执法队,G111京漠线K76+481分水岭隧道出京进口球机,车辆装载物触地拖行、掉落、遗洒或者飘散，造成公路路面损坏、污染,否,110116,11000000001312730054
十支队-怀柔执法队,G111京漠线K76+617分水岭进京24,在公路上及公路用地范围内堆放物品,是,110116,11000000001312095982
十支队-怀柔执法队,G111京漠线K76+617分水岭进京24,在公路上及公路用地范围内摆摊设点,否,110116,11000000001312095982
十支队-怀柔执法队,G111京漠线K76+617分水岭进京24,在公路范围内擅自移动井盖,否,110116,11000000001312095982
十支队-怀柔执法队,G111京漠线K76+617分水岭进京24,擅自占用、挖掘公路,是,110116,11000000001312095982
十支队-怀柔执法队,G111京漠线K76+617分水岭进京24,在公路用地范围内设置公路标志以外的其他标志,否,110116,11000000001312095982
十支队-怀柔执法队,G111京漠线K76+617分水岭进京24,遮挡公路附属设施或者利用公路附属设施架设管道、悬挂物品，可能危及公路安全,是,110116,11000000001312095982
十支队-怀柔执法队,G111京漠线K76+617分水岭进京24,车辆装载物触地拖行、掉落、遗洒或者飘散，造成公路路面损坏、污染,否,110116,11000000001312095982
十支队-怀柔执法队,G111京漠线K76+654分水岭出京1,在公路上及公路用地范围内堆放物品,是,110116,11000000001317429773
十支队-怀柔执法队,G111京漠线K76+654分水岭出京1,在公路上及公路用地范围内摆摊设点,否,110116,11000000001317429773
十支队-怀柔执法队,G111京漠线K76+654分水岭出京1,在公路范围内擅自移动井盖,否,110116,11000000001317429773
十支队-怀柔执法队,G111京漠线K76+654分水岭出京1,擅自占用、挖掘公路,是,110116,11000000001317429773
十支队-怀柔执法队,G111京漠线K76+654分水岭出京1,在公路用地范围内设置公路标志以外的其他标志,否,110116,11000000001317429773
十支队-怀柔执法队,G111京漠线K76+654分水岭出京1,遮挡公路附属设施或者利用公路附属设施架设管道、悬挂物品，可能危及公路安全,是,110116,11000000001317429773
十支队-怀柔执法队,G111京漠线K76+654分水岭出京1,车辆装载物触地拖行、掉落、遗洒或者飘散，造成公路路面损坏、污染,否,110116,11000000001317429773
十支队-怀柔执法队,G111京漠线K76+667分水岭进京人8,在公路上及公路用地范围内堆放物品,是,110116,11000000001317183179
十支队-怀柔执法队,G111京漠线K76+667分水岭进京人8,在公路上及公路用地范围内摆摊设点,否,110116,11000000001317183179
十支队-怀柔执法队,G111京漠线K76+667分水岭进京人8,在公路范围内擅自移动井盖,否,110116,11000000001317183179
十支队-怀柔执法队,G111京漠线K76+667分水岭进京人8,擅自占用、挖掘公路,是,110116,11000000001317183179
十支队-怀柔执法队,G111京漠线K76+667分水岭进京人8,在公路用地范围内设置公路标志以外的其他标志,否,110116,11000000001317183179
十支队-怀柔执法队,G111京漠线K76+667分水岭进京人8,遮挡公路附属设施或者利用公路附属设施架设管道、悬挂物品，可能危及公路安全,是,110116,11000000001317183179
十支队-怀柔执法队,G111京漠线K76+667分水岭进京人8,车辆装载物触地拖行、掉落、遗洒或者飘散，造成公路路面损坏、污染,否,110116,11000000001317183179
十支队-怀柔执法队,G111京漠线K76+934分水岭进京车4,在公路上及公路用地范围内堆放物品,是,110116,11000000001315439855
十支队-怀柔执法队,G111京漠线K76+934分水岭进京车4,在公路上及公路用地范围内摆摊设点,否,110116,11000000001315439855
十支队-怀柔执法队,G111京漠线K76+934分水岭进京车4,在公路范围内擅自移动井盖,否,110116,11000000001315439855
十支队-怀柔执法队,G111京漠线K76+934分水岭进京车4,擅自占用、挖掘公路,是,110116,11000000001315439855
十支队-怀柔执法队,G111京漠线K76+934分水岭进京车4,在公路用地范围内设置公路标志以外的其他标志,否,110116,11000000001315439855
十支队-怀柔执法队,G111京漠线K76+934分水岭进京车4,遮挡公路附属设施或者利用公路附属设施架设管道、悬挂物品，可能危及公路安全,是,110116,11000000001315439855
十支队-怀柔执法队,G111京漠线K76+934分水岭进京车4,车辆装载物触地拖行、掉落、遗洒或者飘散，造成公路路面损坏、污染,否,110116,11000000001315439855
十支队-怀柔执法队,G111京漠线K76+936分水岭进京22,在公路上及公路用地范围内堆放物品,是,110116,11000000001315581147
十支队-怀柔执法队,G111京漠线K76+936分水岭进京22,在公路上及公路用地范围内摆摊设点,否,110116,11000000001315581147
十支队-怀柔执法队,G111京漠线K76+936分水岭进京22,在公路范围内擅自移动井盖,否,110116,11000000001315581147
十支队-怀柔执法队,G111京漠线K76+936分水岭进京22,擅自占用、挖掘公路,是,110116,11000000001315581147
十支队-怀柔执法队,G111京漠线K76+936分水岭进京22,在公路用地范围内设置公路标志以外的其他标志,否,110116,11000000001315581147
十支队-怀柔执法队,G111京漠线K76+936分水岭进京22,遮挡公路附属设施或者利用公路附属设施架设管道、悬挂物品，可能危及公路安全,是,110116,11000000001315581147
十支队-怀柔执法队,G111京漠线K76+936分水岭进京22,车辆装载物触地拖行、掉落、遗洒或者飘散，造成公路路面损坏、污染,否,110116,11000000001315581147
十支队-怀柔执法队,G111京漠线K76+937分水岭出京人1,在公路上及公路用地范围内堆放物品,是,110116,11000000001313042651
十支队-怀柔执法队,G111京漠线K76+937分水岭出京人1,在公路上及公路用地范围内摆摊设点,否,110116,11000000001313042651
十支队-怀柔执法队,G111京漠线K76+937分水岭出京人1,在公路范围内擅自移动井盖,否,110116,11000000001313042651
十支队-怀柔执法队,G111京漠线K76+937分水岭出京人1,擅自占用、挖掘公路,是,110116,11000000001313042651
十支队-怀柔执法队,G111京漠线K76+937分水岭出京人1,在公路用地范围内设置公路标志以外的其他标志,否,110116,11000000001313042651
十支队-怀柔执法队,G111京漠线K76+937分水岭出京人1,遮挡公路附属设施或者利用公路附属设施架设管道、悬挂物品，可能危及公路安全,是,110116,11000000001313042651
十支队-怀柔执法队,G111京漠线K76+937分水岭出京人1,车辆装载物触地拖行、掉落、遗洒或者飘散，造成公路路面损坏、污染,否,110116,11000000001313042651
十支队-怀柔执法队,G111京漠线K76+940分水岭出京3,在公路上及公路用地范围内堆放物品,是,110116,11000000001314225729
十支队-怀柔执法队,G111京漠线K76+940分水岭出京3,在公路上及公路用地范围内摆摊设点,否,110116,11000000001314225729
十支队-怀柔执法队,G111京漠线K76+940分水岭出京3,在公路范围内擅自移动井盖,否,110116,11000000001314225729
十支队-怀柔执法队,G111京漠线K76+940分水岭出京3,擅自占用、挖掘公路,是,110116,11000000001314225729
十支队-怀柔执法队,G111京漠线K76+940分水岭出京3,在公路用地范围内设置公路标志以外的其他标志,否,110116,11000000001314225729
十支队-怀柔执法队,G111京漠线K76+940分水岭出京3,遮挡公路附属设施或者利用公路附属设施架设管道、悬挂物品，可能危及公路安全,是,110116,11000000001314225729
十支队-怀柔执法队,G111京漠线K76+940分水岭出京3,车辆装载物触地拖行、掉落、遗洒或者飘散，造成公路路面损坏、污染,否,110116,11000000001314225729
十支队-怀柔执法队,G111京漠线K77+016分水岭进京停4,在公路上及公路用地范围内堆放物品,是,110116,11000000001319438003
十支队-怀柔执法队,G111京漠线K77+016分水岭进京停4,在公路上及公路用地范围内摆摊设点,否,110116,11000000001319438003
十支队-怀柔执法队,G111京漠线K77+016分水岭进京停4,在公路范围内擅自移动井盖,否,110116,11000000001319438003
十支队-怀柔执法队,G111京漠线K77+016分水岭进京停4,擅自占用、挖掘公路,是,110116,11000000001319438003
十支队-怀柔执法队,G111京漠线K77+016分水岭进京停4,在公路用地范围内设置公路标志以外的其他标志,否,110116,11000000001319438003
十支队-怀柔执法队,G111京漠线K77+016分水岭进京停4,遮挡公路附属设施或者利用公路附属设施架设管道、悬挂物品，可能危及公路安全,是,110116,11000000001319438003
十支队-怀柔执法队,G111京漠线K77+016分水岭进京停4,车辆装载物触地拖行、掉落、遗洒或者飘散，造成公路路面损坏、污染,否,110116,11000000001319438003
十支队-怀柔执法队,G111京漠线K77+075分水岭出京停1,在公路上及公路用地范围内堆放物品,是,110116,11000000001312100002
十支队-怀柔执法队,G111京漠线K77+075分水岭出京停1,在公路上及公路用地范围内摆摊设点,否,110116,11000000001312100002
十支队-怀柔执法队,G111京漠线K77+075分水岭出京停1,在公路范围内擅自移动井盖,否,110116,11000000001312100002
十支队-怀柔执法队,G111京漠线K77+075分水岭出京停1,擅自占用、挖掘公路,是,110116,11000000001312100002
十支队-怀柔执法队,G111京漠线K77+075分水岭出京停1,在公路用地范围内设置公路标志以外的其他标志,否,110116,11000000001312100002
十支队-怀柔执法队,G111京漠线K77+075分水岭出京停1,遮挡公路附属设施或者利用公路附属设施架设管道、悬挂物品，可能危及公路安全,是,110116,11000000001312100002
十支队-怀柔执法队,G111京漠线K77+075分水岭出京停1,车辆装载物触地拖行、掉落、遗洒或者飘散，造成公路路面损坏、污染,否,110116,11000000001312100002
十支队-怀柔执法队,G111京漠线K77+078分水岭进京20,在公路上及公路用地范围内堆放物品,是,110116,11000000001314078899
十支队-怀柔执法队,G111京漠线K77+078分水岭进京20,在公路上及公路用地范围内摆摊设点,否,110116,11000000001314078899
十支队-怀柔执法队,G111京漠线K77+078分水岭进京20,在公路范围内擅自移动井盖,否,110116,11000000001314078899
十支队-怀柔执法队,G111京漠线K77+078分水岭进京20,擅自占用、挖掘公路,是,110116,11000000001314078899
十支队-怀柔执法队,G111京漠线K77+078分水岭进京20,在公路用地范围内设置公路标志以外的其他标志,否,110116,11000000001314078899
十支队-怀柔执法队,G111京漠线K77+078分水岭进京20,遮挡公路附属设施或者利用公路附属设施架设管道、悬挂物品，可能危及公路安全,是,110116,11000000001314078899
十支队-怀柔执法队,G111京漠线K77+078分水岭进京20,车辆装载物触地拖行、掉落、遗洒或者飘散，造成公路路面损坏、污染,否,110116,11000000001314078899
十支队-怀柔执法队,G111京漠线K77+150分水岭出京车1,在公路上及公路用地范围内堆放物品,是,110116,11000000001318771615
十支队-怀柔执法队,G111京漠线K77+150分水岭出京车1,在公路上及公路用地范围内摆摊设点,否,110116,11000000001318771615
十支队-怀柔执法队,G111京漠线K77+150分水岭出京车1,在公路范围内擅自移动井盖,否,110116,11000000001318771615
十支队-怀柔执法队,G111京漠线K77+150分水岭出京车1,擅自占用、挖掘公路,是,110116,11000000001318771615
十支队-怀柔执法队,G111京漠线K77+150分水岭出京车1,在公路用地范围内设置公路标志以外的其他标志,否,110116,11000000001318771615
十支队-怀柔执法队,G111京漠线K77+150分水岭出京车1,遮挡公路附属设施或者利用公路附属设施架设管道、悬挂物品，可能危及公路安全,是,110116,11000000001318771615
十支队-怀柔执法队,G111京漠线K77+150分水岭出京车1,车辆装载物触地拖行、掉落、遗洒或者飘散，造成公路路面损坏、污染,否,110116,11000000001318771615
十支队-怀柔执法队,G111京漠线K77+170分水岭出京5,在公路上及公路用地范围内堆放物品,是,110116,11000000001314425851
十支队-怀柔执法队,G111京漠线K77+170分水岭出京5,在公路上及公路用地范围内摆摊设点,否,110116,11000000001314425851
十支队-怀柔执法队,G111京漠线K77+170分水岭出京5,在公路范围内擅自移动井盖,否,110116,11000000001314425851
十支队-怀柔执法队,G111京漠线K77+170分水岭出京5,擅自占用、挖掘公路,是,110116,11000000001314425851
十支队-怀柔执法队,G111京漠线K77+170分水岭出京5,在公路用地范围内设置公路标志以外的其他标志,否,110116,11000000001314425851
十支队-怀柔执法队,G111京漠线K77+170分水岭出京5,遮挡公路附属设施或者利用公路附属设施架设管道、悬挂物品，可能危及公路安全,是,110116,11000000001314425851
十支队-怀柔执法队,G111京漠线K77+170分水岭出京5,车辆装载物触地拖行、掉落、遗洒或者飘散，造成公路路面损坏、污染,否,110116,11000000001314425851
十支队-怀柔执法队,G111京漠线K77+196分水岭进京人7,在公路上及公路用地范围内堆放物品,是,110116,11000000001318570485
十支队-怀柔执法队,G111京漠线K77+196分水岭进京人7,在公路上及公路用地范围内摆摊设点,否,110116,11000000001318570485
十支队-怀柔执法队,G111京漠线K77+196分水岭进京人7,在公路范围内擅自移动井盖,否,110116,11000000001318570485
十支队-怀柔执法队,G111京漠线K77+196分水岭进京人7,擅自占用、挖掘公路,是,110116,11000000001318570485
十支队-怀柔执法队,G111京漠线K77+196分水岭进京人7,在公路用地范围内设置公路标志以外的其他标志,否,110116,11000000001318570485
十支队-怀柔执法队,G111京漠线K77+196分水岭进京人7,遮挡公路附属设施或者利用公路附属设施架设管道、悬挂物品，可能危及公路安全,是,110116,11000000001318570485
十支队-怀柔执法队,G111京漠线K77+196分水岭进京人7,车辆装载物触地拖行、掉落、遗洒或者飘散，造成公路路面损坏、污染,否,110116,11000000001318570485
十支队-怀柔执法队,G111京漠线K77+235分水岭进京18,在公路上及公路用地范围内堆放物品,是,110116,11000000001314754370
十支队-怀柔执法队,G111京漠线K77+235分水岭进京18,在公路上及公路用地范围内摆摊设点,否,110116,11000000001314754370
十支队-怀柔执法队,G111京漠线K77+235分水岭进京18,在公路范围内擅自移动井盖,否,110116,11000000001314754370
十支队-怀柔执法队,G111京漠线K77+235分水岭进京18,擅自占用、挖掘公路,是,110116,11000000001314754370
十支队-怀柔执法队,G111京漠线K77+235分水岭进京18,在公路用地范围内设置公路标志以外的其他标志,否,110116,11000000001314754370
十支队-怀柔执法队,G111京漠线K77+235分水岭进京18,遮挡公路附属设施或者利用公路附属设施架设管道、悬挂物品，可能危及公路安全,是,110116,11000000001314754370
十支队-怀柔执法队,G111京漠线K77+235分水岭进京18,车辆装载物触地拖行、掉落、遗洒或者飘散，造成公路路面损坏、污染,否,110116,11000000001314754370
十支队-怀柔执法队,G111京漠线K77+371分水岭出京7,在公路上及公路用地范围内堆放物品,是,110116,11000000001317223068
十支队-怀柔执法队,G111京漠线K77+371分水岭出京7,在公路上及公路用地范围内摆摊设点,否,110116,11000000001317223068
十支队-怀柔执法队,G111京漠线K77+371分水岭出京7,在公路范围内擅自移动井盖,否,110116,11000000001317223068
十支队-怀柔执法队,G111京漠线K77+371分水岭出京7,擅自占用、挖掘公路,是,110116,11000000001317223068
十支队-怀柔执法队,G111京漠线K77+371分水岭出京7,在公路用地范围内设置公路标志以外的其他标志,否,110116,11000000001317223068
十支队-怀柔执法队,G111京漠线K77+371分水岭出京7,遮挡公路附属设施或者利用公路附属设施架设管道、悬挂物品，可能危及公路安全,是,110116,11000000001317223068
十支队-怀柔执法队,G111京漠线K77+371分水岭出京7,车辆装载物触地拖行、掉落、遗洒或者飘散，造成公路路面损坏、污染,否,110116,11000000001317223068
十支队-怀柔执法队,G111京漠线K77+430分水岭进京人6,在公路上及公路用地范围内堆放物品,是,110116,
十支队-怀柔执法队,G111京漠线K77+430分水岭进京人6,在公路上及公路用地范围内摆摊设点,否,110116,
十支队-怀柔执法队,G111京漠线K77+430分水岭进京人6,在公路范围内擅自移动井盖,否,110116,
十支队-怀柔执法队,G111京漠线K77+430分水岭进京人6,擅自占用、挖掘公路,是,110116,
十支队-怀柔执法队,G111京漠线K77+430分水岭进京人6,在公路用地范围内设置公路标志以外的其他标志,否,110116,
十支队-怀柔执法队,G111京漠线K77+430分水岭进京人6,遮挡公路附属设施或者利用公路附属设施架设管道、悬挂物品，可能危及公路安全,是,110116,
十支队-怀柔执法队,G111京漠线K77+430分水岭进京人6,车辆装载物触地拖行、掉落、遗洒或者飘散，造成公路路面损坏、污染,否,110116,
十支队-怀柔执法队,G111京漠线K77+435分水岭出京人2,在公路上及公路用地范围内堆放物品,是,110116,11000000001317778028
十支队-怀柔执法队,G111京漠线K77+435分水岭出京人2,在公路上及公路用地范围内摆摊设点,否,110116,11000000001317778028
十支队-怀柔执法队,G111京漠线K77+435分水岭出京人2,在公路范围内擅自移动井盖,否,110116,11000000001317778028
十支队-怀柔执法队,G111京漠线K77+435分水岭出京人2,擅自占用、挖掘公路,是,110116,11000000001317778028
十支队-怀柔执法队,G111京漠线K77+435分水岭出京人2,在公路用地范围内设置公路标志以外的其他标志,否,110116,11000000001317778028
十支队-怀柔执法队,G111京漠线K77+435分水岭出京人2,遮挡公路附属设施或者利用公路附属设施架设管道、悬挂物品，可能危及公路安全,是,110116,11000000001317778028
十支队-怀柔执法队,G111京漠线K77+435分水岭出京人2,车辆装载物触地拖行、掉落、遗洒或者飘散，造成公路路面损坏、污染,否,110116,11000000001317778028
十支队-怀柔执法队,G111京漠线K77+440分水岭出京8,在公路上及公路用地范围内堆放物品,是,110116,11000000001318828226
十支队-怀柔执法队,G111京漠线K77+440分水岭出京8,在公路上及公路用地范围内摆摊设点,否,110116,11000000001318828226
十支队-怀柔执法队,G111京漠线K77+440分水岭出京8,在公路范围内擅自移动井盖,否,110116,11000000001318828226
十支队-怀柔执法队,G111京漠线K77+440分水岭出京8,擅自占用、挖掘公路,是,110116,11000000001318828226
十支队-怀柔执法队,G111京漠线K77+440分水岭出京8,在公路用地范围内设置公路标志以外的其他标志,否,110116,11000000001318828226
十支队-怀柔执法队,G111京漠线K77+440分水岭出京8,遮挡公路附属设施或者利用公路附属设施架设管道、悬挂物品，可能危及公路安全,是,110116,11000000001318828226
十支队-怀柔执法队,G111京漠线K77+440分水岭出京8,车辆装载物触地拖行、掉落、遗洒或者飘散，造成公路路面损坏、污染,否,110116,11000000001318828226
十支队-怀柔执法队,G111京漠线K77+562分水岭进京16,在公路上及公路用地范围内堆放物品,是,110116,11000000001317842202
十支队-怀柔执法队,G111京漠线K77+562分水岭进京16,在公路上及公路用地范围内摆摊设点,否,110116,11000000001317842202
十支队-怀柔执法队,G111京漠线K77+562分水岭进京16,在公路范围内擅自移动井盖,否,110116,11000000001317842202
十支队-怀柔执法队,G111京漠线K77+562分水岭进京16,擅自占用、挖掘公路,是,110116,11000000001317842202
十支队-怀柔执法队,G111京漠线K77+562分水岭进京16,在公路用地范围内设置公路标志以外的其他标志,否,110116,11000000001317842202
十支队-怀柔执法队,G111京漠线K77+562分水岭进京16,遮挡公路附属设施或者利用公路附属设施架设管道、悬挂物品，可能危及公路安全,是,110116,11000000001317842202
十支队-怀柔执法队,G111京漠线K77+562分水岭进京16,车辆装载物触地拖行、掉落、遗洒或者飘散，造成公路路面损坏、污染,否,110116,11000000001317842202
十支队-怀柔执法队,G111京漠线K77+665分水岭出京人3,在公路上及公路用地范围内堆放物品,是,110116,11000000001314516546
十支队-怀柔执法队,G111京漠线K77+665分水岭出京人3,在公路上及公路用地范围内摆摊设点,否,110116,11000000001314516546
十支队-怀柔执法队,G111京漠线K77+665分水岭出京人3,在公路范围内擅自移动井盖,否,110116,11000000001314516546
十支队-怀柔执法队,G111京漠线K77+665分水岭出京人3,擅自占用、挖掘公路,是,110116,11000000001314516546
十支队-怀柔执法队,G111京漠线K77+665分水岭出京人3,在公路用地范围内设置公路标志以外的其他标志,否,110116,11000000001314516546
十支队-怀柔执法队,G111京漠线K77+665分水岭出京人3,遮挡公路附属设施或者利用公路附属设施架设管道、悬挂物品，可能危及公路安全,是,110116,11000000001314516546
十支队-怀柔执法队,G111京漠线K77+665分水岭出京人3,车辆装载物触地拖行、掉落、遗洒或者飘散，造成公路路面损坏、污染,否,110116,11000000001314516546
十支队-怀柔执法队,G111京漠线K77+672分水岭出京10,在公路上及公路用地范围内堆放物品,是,110116,11000000001311105564
十支队-怀柔执法队,G111京漠线K77+672分水岭出京10,在公路上及公路用地范围内摆摊设点,否,110116,11000000001311105564
十支队-怀柔执法队,G111京漠线K77+672分水岭出京10,在公路范围内擅自移动井盖,否,110116,11000000001311105564
十支队-怀柔执法队,G111京漠线K77+672分水岭出京10,擅自占用、挖掘公路,是,110116,11000000001311105564
十支队-怀柔执法队,G111京漠线K77+672分水岭出京10,在公路用地范围内设置公路标志以外的其他标志,否,110116,11000000001311105564
十支队-怀柔执法队,G111京漠线K77+672分水岭出京10,遮挡公路附属设施或者利用公路附属设施架设管道、悬挂物品，可能危及公路安全,是,110116,11000000001311105564
十支队-怀柔执法队,G111京漠线K77+672分水岭出京10,车辆装载物触地拖行、掉落、遗洒或者飘散，造成公路路面损坏、污染,否,110116,11000000001311105564
十支队-怀柔执法队,G111京漠线K77+696分水岭进京车3,在公路上及公路用地范围内堆放物品,是,110116,11000000001313975730
十支队-怀柔执法队,G111京漠线K77+696分水岭进京车3,在公路上及公路用地范围内摆摊设点,否,110116,11000000001313975730
十支队-怀柔执法队,G111京漠线K77+696分水岭进京车3,在公路范围内擅自移动井盖,否,110116,11000000001313975730
十支队-怀柔执法队,G111京漠线K77+696分水岭进京车3,擅自占用、挖掘公路,是,110116,11000000001313975730
十支队-怀柔执法队,G111京漠线K77+696分水岭进京车3,在公路用地范围内设置公路标志以外的其他标志,否,110116,11000000001313975730
十支队-怀柔执法队,G111京漠线K77+696分水岭进京车3,遮挡公路附属设施或者利用公路附属设施架设管道、悬挂物品，可能危及公路安全,是,110116,11000000001313975730
十支队-怀柔执法队,G111京漠线K77+696分水岭进京车3,车辆装载物触地拖行、掉落、遗洒或者飘散，造成公路路面损坏、污染,否,110116,11000000001313975730
十支队-怀柔执法队,G111京漠线K77+775分水岭进京停3,在公路上及公路用地范围内堆放物品,是,110116,11000000001316253960
十支队-怀柔执法队,G111京漠线K77+775分水岭进京停3,在公路上及公路用地范围内摆摊设点,否,110116,11000000001316253960
十支队-怀柔执法队,G111京漠线K77+775分水岭进京停3,在公路范围内擅自移动井盖,否,110116,11000000001316253960
十支队-怀柔执法队,G111京漠线K77+775分水岭进京停3,擅自占用、挖掘公路,是,110116,11000000001316253960
十支队-怀柔执法队,G111京漠线K77+775分水岭进京停3,在公路用地范围内设置公路标志以外的其他标志,否,110116,11000000001316253960
十支队-怀柔执法队,G111京漠线K77+775分水岭进京停3,遮挡公路附属设施或者利用公路附属设施架设管道、悬挂物品，可能危及公路安全,是,110116,11000000001316253960
十支队-怀柔执法队,G111京漠线K77+775分水岭进京停3,车辆装载物触地拖行、掉落、遗洒或者飘散，造成公路路面损坏、污染,否,110116,11000000001316253960
十支队-怀柔执法队,G111京漠线K77+822分水岭出京停2,在公路上及公路用地范围内堆放物品,是,110116,11000000001317655430
十支队-怀柔执法队,G111京漠线K77+822分水岭出京停2,在公路上及公路用地范围内摆摊设点,否,110116,11000000001317655430
十支队-怀柔执法队,G111京漠线K77+822分水岭出京停2,在公路范围内擅自移动井盖,否,110116,11000000001317655430
十支队-怀柔执法队,G111京漠线K77+822分水岭出京停2,擅自占用、挖掘公路,是,110116,11000000001317655430
十支队-怀柔执法队,G111京漠线K77+822分水岭出京停2,在公路用地范围内设置公路标志以外的其他标志,否,110116,11000000001317655430
十支队-怀柔执法队,G111京漠线K77+822分水岭出京停2,遮挡公路附属设施或者利用公路附属设施架设管道、悬挂物品，可能危及公路安全,是,110116,11000000001317655430
十支队-怀柔执法队,G111京漠线K77+822分水岭出京停2,车辆装载物触地拖行、掉落、遗洒或者飘散，造成公路路面损坏、污染,否,110116,11000000001317655430
十支队-怀柔执法队,G111京漠线K77+836分水岭进京14,在公路上及公路用地范围内堆放物品,是,110116,11000000001315827053
十支队-怀柔执法队,G111京漠线K77+836分水岭进京14,在公路上及公路用地范围内摆摊设点,否,110116,11000000001315827053
十支队-怀柔执法队,G111京漠线K77+836分水岭进京14,在公路范围内擅自移动井盖,否,110116,11000000001315827053
十支队-怀柔执法队,G111京漠线K77+836分水岭进京14,擅自占用、挖掘公路,是,110116,11000000001315827053
十支队-怀柔执法队,G111京漠线K77+836分水岭进京14,在公路用地范围内设置公路标志以外的其他标志,否,110116,11000000001315827053
十支队-怀柔执法队,G111京漠线K77+836分水岭进京14,遮挡公路附属设施或者利用公路附属设施架设管道、悬挂物品，可能危及公路安全,是,110116,11000000001315827053
十支队-怀柔执法队,G111京漠线K77+836分水岭进京14,车辆装载物触地拖行、掉落、遗洒或者飘散，造成公路路面损坏、污染,否,110116,11000000001315827053
十支队-怀柔执法队,G111京漠线K77+902分水岭出京车2,在公路上及公路用地范围内堆放物品,是,110116,11000000001315456823
十支队-怀柔执法队,G111京漠线K77+902分水岭出京车2,在公路上及公路用地范围内摆摊设点,否,110116,11000000001315456823
十支队-怀柔执法队,G111京漠线K77+902分水岭出京车2,在公路范围内擅自移动井盖,否,110116,11000000001315456823
十支队-怀柔执法队,G111京漠线K77+902分水岭出京车2,擅自占用、挖掘公路,是,110116,11000000001315456823
十支队-怀柔执法队,G111京漠线K77+902分水岭出京车2,在公路用地范围内设置公路标志以外的其他标志,否,110116,11000000001315456823
十支队-怀柔执法队,G111京漠线K77+902分水岭出京车2,遮挡公路附属设施或者利用公路附属设施架设管道、悬挂物品，可能危及公路安全,是,110116,11000000001315456823
十支队-怀柔执法队,G111京漠线K77+902分水岭出京车2,车辆装载物触地拖行、掉落、遗洒或者飘散，造成公路路面损坏、污染,否,110116,11000000001315456823
十支队-怀柔执法队,G111京漠线K77+927分水岭出京12,在公路上及公路用地范围内堆放物品,是,110116,11000000001311782729
十支队-怀柔执法队,G111京漠线K77+927分水岭出京12,在公路上及公路用地范围内摆摊设点,否,110116,11000000001311782729
十支队-怀柔执法队,G111京漠线K77+927分水岭出京12,在公路范围内擅自移动井盖,否,110116,11000000001311782729
十支队-怀柔执法队,G111京漠线K77+927分水岭出京12,擅自占用、挖掘公路,是,110116,11000000001311782729
十支队-怀柔执法队,G111京漠线K77+927分水岭出京12,在公路用地范围内设置公路标志以外的其他标志,否,110116,11000000001311782729
十支队-怀柔执法队,G111京漠线K77+927分水岭出京12,遮挡公路附属设施或者利用公路附属设施架设管道、悬挂物品，可能危及公路安全,是,110116,11000000001311782729
十支队-怀柔执法队,G111京漠线K77+927分水岭出京12,车辆装载物触地拖行、掉落、遗洒或者飘散，造成公路路面损坏、污染,否,110116,11000000001311782729
十支队-怀柔执法队,G111京漠线K77+935分水岭进京人5,在公路上及公路用地范围内堆放物品,是,110116,11000000001313082793
十支队-怀柔执法队,G111京漠线K77+935分水岭进京人5,在公路上及公路用地范围内摆摊设点,否,110116,11000000001313082793
十支队-怀柔执法队,G111京漠线K77+935分水岭进京人5,在公路范围内擅自移动井盖,否,110116,11000000001313082793
十支队-怀柔执法队,G111京漠线K77+935分水岭进京人5,擅自占用、挖掘公路,是,110116,11000000001313082793
十支队-怀柔执法队,G111京漠线K77+935分水岭进京人5,在公路用地范围内设置公路标志以外的其他标志,否,110116,11000000001313082793
十支队-怀柔执法队,G111京漠线K77+935分水岭进京人5,遮挡公路附属设施或者利用公路附属设施架设管道、悬挂物品，可能危及公路安全,是,110116,11000000001313082793
十支队-怀柔执法队,G111京漠线K77+935分水岭进京人5,车辆装载物触地拖行、掉落、遗洒或者飘散，造成公路路面损坏、污染,否,110116,11000000001313082793
十支队-怀柔执法队,G111京漠线K78+142分水岭进京12,在公路上及公路用地范围内堆放物品,是,110116,11000000001311059264
十支队-怀柔执法队,G111京漠线K78+142分水岭进京12,在公路上及公路用地范围内摆摊设点,否,110116,11000000001311059264
十支队-怀柔执法队,G111京漠线K78+142分水岭进京12,在公路范围内擅自移动井盖,否,110116,11000000001311059264
十支队-怀柔执法队,G111京漠线K78+142分水岭进京12,擅自占用、挖掘公路,是,110116,11000000001311059264
十支队-怀柔执法队,G111京漠线K78+142分水岭进京12,在公路用地范围内设置公路标志以外的其他标志,否,110116,11000000001311059264
十支队-怀柔执法队,G111京漠线K78+142分水岭进京12,遮挡公路附属设施或者利用公路附属设施架设管道、悬挂物品，可能危及公路安全,是,110116,11000000001311059264
十支队-怀柔执法队,G111京漠线K78+142分水岭进京12,车辆装载物触地拖行、掉落、遗洒或者飘散，造成公路路面损坏、污染,否,110116,11000000001311059264
十支队-怀柔执法队,G111京漠线K78+169分水岭出京人4,在公路上及公路用地范围内堆放物品,是,110116,11000000001312513764
十支队-怀柔执法队,G111京漠线K78+169分水岭出京人4,在公路上及公路用地范围内摆摊设点,否,110116,11000000001312513764
十支队-怀柔执法队,G111京漠线K78+169分水岭出京人4,在公路范围内擅自移动井盖,否,110116,11000000001312513764
十支队-怀柔执法队,G111京漠线K78+169分水岭出京人4,擅自占用、挖掘公路,是,110116,11000000001312513764
十支队-怀柔执法队,G111京漠线K78+169分水岭出京人4,在公路用地范围内设置公路标志以外的其他标志,否,110116,11000000001312513764
十支队-怀柔执法队,G111京漠线K78+169分水岭出京人4,遮挡公路附属设施或者利用公路附属设施架设管道、悬挂物品，可能危及公路安全,是,110116,11000000001312513764
十支队-怀柔执法队,G111京漠线K78+169分水岭出京人4,车辆装载物触地拖行、掉落、遗洒或者飘散，造成公路路面损坏、污染,否,110116,11000000001312513764
十支队-怀柔执法队,G111京漠线K78+181分水岭进京人4,在公路上及公路用地范围内堆放物品,是,110116,11000000001312701521
十支队-怀柔执法队,G111京漠线K78+181分水岭进京人4,在公路上及公路用地范围内摆摊设点,否,110116,11000000001312701521
十支队-怀柔执法队,G111京漠线K78+181分水岭进京人4,在公路范围内擅自移动井盖,否,110116,11000000001312701521
十支队-怀柔执法队,G111京漠线K78+181分水岭进京人4,擅自占用、挖掘公路,是,110116,11000000001312701521
十支队-怀柔执法队,G111京漠线K78+181分水岭进京人4,在公路用地范围内设置公路标志以外的其他标志,否,110116,11000000001312701521
十支队-怀柔执法队,G111京漠线K78+181分水岭进京人4,遮挡公路附属设施或者利用公路附属设施架设管道、悬挂物品，可能危及公路安全,是,110116,11000000001312701521
十支队-怀柔执法队,G111京漠线K78+181分水岭进京人4,车辆装载物触地拖行、掉落、遗洒或者飘散，造成公路路面损坏、污染,否,110116,11000000001312701521
十支队-怀柔执法队,G111京漠线K78+271分水岭出京14,在公路上及公路用地范围内堆放物品,是,110116,11000000001315313700
十支队-怀柔执法队,G111京漠线K78+271分水岭出京14,在公路上及公路用地范围内摆摊设点,否,110116,11000000001315313700
十支队-怀柔执法队,G111京漠线K78+271分水岭出京14,在公路范围内擅自移动井盖,否,110116,11000000001315313700
十支队-怀柔执法队,G111京漠线K78+271分水岭出京14,擅自占用、挖掘公路,是,110116,11000000001315313700
十支队-怀柔执法队,G111京漠线K78+271分水岭出京14,在公路用地范围内设置公路标志以外的其他标志,否,110116,11000000001315313700
十支队-怀柔执法队,G111京漠线K78+271分水岭出京14,遮挡公路附属设施或者利用公路附属设施架设管道、悬挂物品，可能危及公路安全,是,110116,11000000001315313700
十支队-怀柔执法队,G111京漠线K78+271分水岭出京14,车辆装载物触地拖行、掉落、遗洒或者飘散，造成公路路面损坏、污染,否,110116,11000000001315313700
十支队-怀柔执法队,G111京漠线K78+403分水岭进京车2,在公路上及公路用地范围内堆放物品,是,110116,11000000001313774406
十支队-怀柔执法队,G111京漠线K78+403分水岭进京车2,在公路上及公路用地范围内摆摊设点,否,110116,11000000001313774406
十支队-怀柔执法队,G111京漠线K78+403分水岭进京车2,在公路范围内擅自移动井盖,否,110116,11000000001313774406
十支队-怀柔执法队,G111京漠线K78+403分水岭进京车2,擅自占用、挖掘公路,是,110116,11000000001313774406
十支队-怀柔执法队,G111京漠线K78+403分水岭进京车2,在公路用地范围内设置公路标志以外的其他标志,否,110116,11000000001313774406
十支队-怀柔执法队,G111京漠线K78+403分水岭进京车2,遮挡公路附属设施或者利用公路附属设施架设管道、悬挂物品，可能危及公路安全,是,110116,11000000001313774406
十支队-怀柔执法队,G111京漠线K78+403分水岭进京车2,车辆装载物触地拖行、掉落、遗洒或者飘散，造成公路路面损坏、污染,否,110116,11000000001313774406
十支队-怀柔执法队,G111京漠线K78+410分水岭出京人5,在公路上及公路用地范围内堆放物品,是,110116,11000000001317171220
十支队-怀柔执法队,G111京漠线K78+410分水岭出京人5,在公路上及公路用地范围内摆摊设点,否,110116,11000000001317171220
十支队-怀柔执法队,G111京漠线K78+410分水岭出京人5,在公路范围内擅自移动井盖,否,110116,11000000001317171220
十支队-怀柔执法队,G111京漠线K78+410分水岭出京人5,擅自占用、挖掘公路,是,110116,11000000001317171220
十支队-怀柔执法队,G111京漠线K78+410分水岭出京人5,在公路用地范围内设置公路标志以外的其他标志,否,110116,11000000001317171220
十支队-怀柔执法队,G111京漠线K78+410分水岭出京人5,遮挡公路附属设施或者利用公路附属设施架设管道、悬挂物品，可能危及公路安全,是,110116,11000000001317171220
十支队-怀柔执法队,G111京漠线K78+410分水岭出京人5,车辆装载物触地拖行、掉落、遗洒或者飘散，造成公路路面损坏、污染,否,110116,11000000001317171220
十支队-怀柔执法队,G111京漠线K78+413分水岭进京10,在公路上及公路用地范围内堆放物品,是,110116,11000000001319494877
十支队-怀柔执法队,G111京漠线K78+413分水岭进京10,在公路上及公路用地范围内摆摊设点,否,110116,11000000001319494877
十支队-怀柔执法队,G111京漠线K78+413分水岭进京10,在公路范围内擅自移动井盖,否,110116,11000000001319494877
十支队-怀柔执法队,G111京漠线K78+413分水岭进京10,擅自占用、挖掘公路,是,110116,11000000001319494877
十支队-怀柔执法队,G111京漠线K78+413分水岭进京10,在公路用地范围内设置公路标志以外的其他标志,否,110116,11000000001319494877
十支队-怀柔执法队,G111京漠线K78+413分水岭进京10,遮挡公路附属设施或者利用公路附属设施架设管道、悬挂物品，可能危及公路安全,是,110116,11000000001319494877
十支队-怀柔执法队,G111京漠线K78+413分水岭进京10,车辆装载物触地拖行、掉落、遗洒或者飘散，造成公路路面损坏、污染,否,110116,11000000001319494877
十支队-怀柔执法队,G111京漠线K78+535分水岭进京停2,在公路上及公路用地范围内堆放物品,是,110116,11000000001318168325
十支队-怀柔执法队,G111京漠线K78+535分水岭进京停2,在公路上及公路用地范围内摆摊设点,否,110116,11000000001318168325
十支队-怀柔执法队,G111京漠线K78+535分水岭进京停2,在公路范围内擅自移动井盖,否,110116,11000000001318168325
十支队-怀柔执法队,G111京漠线K78+535分水岭进京停2,擅自占用、挖掘公路,是,110116,11000000001318168325
十支队-怀柔执法队,G111京漠线K78+535分水岭进京停2,在公路用地范围内设置公路标志以外的其他标志,否,110116,11000000001318168325
十支队-怀柔执法队,G111京漠线K78+535分水岭进京停2,遮挡公路附属设施或者利用公路附属设施架设管道、悬挂物品，可能危及公路安全,是,110116,11000000001318168325
十支队-怀柔执法队,G111京漠线K78+535分水岭进京停2,车辆装载物触地拖行、掉落、遗洒或者飘散，造成公路路面损坏、污染,否,110116,11000000001318168325
十支队-怀柔执法队,G111京漠线K78+615分水岭出京车3,在公路上及公路用地范围内堆放物品,是,110116,11000000001313618263
十支队-怀柔执法队,G111京漠线K78+615分水岭出京车3,在公路上及公路用地范围内摆摊设点,否,110116,11000000001313618263
十支队-怀柔执法队,G111京漠线K78+615分水岭出京车3,在公路范围内擅自移动井盖,否,110116,11000000001313618263
十支队-怀柔执法队,G111京漠线K78+615分水岭出京车3,擅自占用、挖掘公路,是,110116,11000000001313618263
十支队-怀柔执法队,G111京漠线K78+615分水岭出京车3,在公路用地范围内设置公路标志以外的其他标志,否,110116,11000000001313618263
十支队-怀柔执法队,G111京漠线K78+615分水岭出京车3,遮挡公路附属设施或者利用公路附属设施架设管道、悬挂物品，可能危及公路安全,是,110116,11000000001313618263
十支队-怀柔执法队,G111京漠线K78+615分水岭出京车3,车辆装载物触地拖行、掉落、遗洒或者飘散，造成公路路面损坏、污染,否,110116,11000000001313618263
十支队-通州执法队,G0121京秦高速道路K18+490平家疃桥西进京（可控）,在公路上及公路用地范围内堆放物品,是,110112,11011201071328060004
十支队-通州执法队,G0121京秦高速道路K18+490平家疃桥西进京（可控）,在公路上及公路用地范围内摆摊设点,否,110112,11011201071328060004
十支队-通州执法队,G0121京秦高速道路K18+490平家疃桥西进京（可控）,在公路范围内擅自移动井盖,否,110112,11011201071328060004
十支队-通州执法队,G0121京秦高速道路K18+490平家疃桥西进京（可控）,擅自占用、挖掘公路,是,110112,11011201071328060004
十支队-通州执法队,G0121京秦高速道路K18+490平家疃桥西进京（可控）,在公路用地范围内设置公路标志以外的其他标志,否,110112,11011201071328060004
十支队-通州执法队,G0121京秦高速道路K18+490平家疃桥西进京（可控）,遮挡公路附属设施或者利用公路附属设施架设管道、悬挂物品，可能危及公路安全,是,110112,11011201071328060004
十支队-通州执法队,G0121京秦高速道路K18+490平家疃桥西进京（可控）,车辆装载物触地拖行、掉落、遗洒或者飘散，造成公路路面损坏、污染,否,110112,11011201071328060004
十支队-通州执法队,G102通燕路匝道K21+920耿庄进京出下行（固定）,在公路上及公路用地范围内堆放物品,是,110112,11011201071318410001
十支队-通州执法队,G102通燕路匝道K21+920耿庄进京出下行（固定）,在公路上及公路用地范围内摆摊设点,否,110112,11011201071318410001
十支队-通州执法队,G102通燕路匝道K21+920耿庄进京出下行（固定）,在公路范围内擅自移动井盖,否,110112,11011201071318410001
十支队-通州执法队,G102通燕路匝道K21+920耿庄进京出下行（固定）,擅自占用、挖掘公路,是,110112,11011201071318410001
十支队-通州执法队,G102通燕路匝道K21+920耿庄进京出下行（固定）,在公路用地范围内设置公路标志以外的其他标志,否,110112,11011201071318410001
十支队-通州执法队,G102通燕路匝道K21+920耿庄进京出下行（固定）,遮挡公路附属设施或者利用公路附属设施架设管道、悬挂物品，可能危及公路安全,是,110112,11011201071318410001
十支队-通州执法队,G102通燕路匝道K21+920耿庄进京出下行（固定）,车辆装载物触地拖行、掉落、遗洒或者飘散，造成公路路面损坏、污染,否,110112,11011201071318410001
十支队-通州执法队,G102通燕路匝道K22+400耿庄出京出上行（固定）,在公路上及公路用地范围内堆放物品,是,110112,11011201071318410004
十支队-通州执法队,G102通燕路匝道K22+400耿庄出京出上行（固定）,在公路上及公路用地范围内摆摊设点,否,110112,11011201071318410004
十支队-通州执法队,G102通燕路匝道K22+400耿庄出京出上行（固定）,在公路范围内擅自移动井盖,否,110112,11011201071318410004
十支队-通州执法队,G102通燕路匝道K22+400耿庄出京出上行（固定）,擅自占用、挖掘公路,是,110112,11011201071318410004
十支队-通州执法队,G102通燕路匝道K22+400耿庄出京出上行（固定）,在公路用地范围内设置公路标志以外的其他标志,否,110112,11011201071318410004
十支队-通州执法队,G102通燕路匝道K22+400耿庄出京出上行（固定）,遮挡公路附属设施或者利用公路附属设施架设管道、悬挂物品，可能危及公路安全,是,110112,11011201071318410004
十支队-通州执法队,G102通燕路匝道K22+400耿庄出京出上行（固定）,车辆装载物触地拖行、掉落、遗洒或者飘散，造成公路路面损坏、污染,否,110112,11011201071318410004
十支队-通州执法队,G102通燕路匝道K24+190三惠东桥进京入下行（固定）,在公路上及公路用地范围内堆放物品,是,110112,11011201071318410005
十支队-通州执法队,G102通燕路匝道K24+190三惠东桥进京入下行（固定）,在公路上及公路用地范围内摆摊设点,否,110112,11011201071318410005
十支队-通州执法队,G102通燕路匝道K24+190三惠东桥进京入下行（固定）,在公路范围内擅自移动井盖,否,110112,11011201071318410005
十支队-通州执法队,G102通燕路匝道K24+190三惠东桥进京入下行（固定）,擅自占用、挖掘公路,是,110112,11011201071318410005
十支队-通州执法队,G102通燕路匝道K24+190三惠东桥进京入下行（固定）,在公路用地范围内设置公路标志以外的其他标志,否,110112,11011201071318410005
十支队-通州执法队,G102通燕路匝道K24+190三惠东桥进京入下行（固定）,遮挡公路附属设施或者利用公路附属设施架设管道、悬挂物品，可能危及公路安全,是,110112,11011201071318410005
十支队-通州执法队,G102通燕路匝道K24+190三惠东桥进京入下行（固定）,车辆装载物触地拖行、掉落、遗洒或者飘散，造成公路路面损坏、污染,否,110112,11011201071318410005
十支队-通州执法队,G102通燕路匝道K30+600潮白河大桥东（可控）,在公路上及公路用地范围内堆放物品,是,110112,11011201071318410009
十支队-通州执法队,G102通燕路匝道K30+600潮白河大桥东（可控）,在公路上及公路用地范围内摆摊设点,否,110112,11011201071318410009
十支队-通州执法队,G102通燕路匝道K30+600潮白河大桥东（可控）,在公路范围内擅自移动井盖,否,110112,11011201071318410009
十支队-通州执法队,G102通燕路匝道K30+600潮白河大桥东（可控）,擅自占用、挖掘公路,是,110112,11011201071318410009
十支队-通州执法队,G102通燕路匝道K30+600潮白河大桥东（可控）,在公路用地范围内设置公路标志以外的其他标志,否,110112,11011201071318410009
十支队-通州执法队,G102通燕路匝道K30+600潮白河大桥东（可控）,遮挡公路附属设施或者利用公路附属设施架设管道、悬挂物品，可能危及公路安全,是,110112,11011201071318410009
十支队-通州执法队,G102通燕路匝道K30+600潮白河大桥东（可控）,车辆装载物触地拖行、掉落、遗洒或者飘散，造成公路路面损坏、污染,否,110112,11011201071318410009
十支队-通州执法队,G102通燕路道路K19+900北运河桥西上行（可控）,在公路上及公路用地范围内堆放物品,是,110112,11011201071328410001
十支队-通州执法队,G102通燕路道路K19+900北运河桥西上行（可控）,在公路上及公路用地范围内摆摊设点,否,110112,11011201071328410001
十支队-通州执法队,G102通燕路道路K19+900北运河桥西上行（可控）,在公路范围内擅自移动井盖,否,110112,11011201071328410001
十支队-通州执法队,G102通燕路道路K19+900北运河桥西上行（可控）,擅自占用、挖掘公路,是,110112,11011201071328410001
十支队-通州执法队,G102通燕路道路K19+900北运河桥西上行（可控）,在公路用地范围内设置公路标志以外的其他标志,否,110112,11011201071328410001
十支队-通州执法队,G102通燕路道路K19+900北运河桥西上行（可控）,遮挡公路附属设施或者利用公路附属设施架设管道、悬挂物品，可能危及公路安全,是,110112,11011201071328410001
十支队-通州执法队,G102通燕路道路K19+900北运河桥西上行（可控）,车辆装载物触地拖行、掉落、遗洒或者飘散，造成公路路面损坏、污染,否,110112,11011201071328410001
十支队-通州执法队,G102通燕路道路K30+000白庙检查站东下行（可控）,在公路上及公路用地范围内堆放物品,是,110112,11011201071328410012
十支队-通州执法队,G102通燕路道路K30+000白庙检查站东下行（可控）,在公路上及公路用地范围内摆摊设点,否,110112,11011201071328410012
十支队-通州执法队,G102通燕路道路K30+000白庙检查站东下行（可控）,在公路范围内擅自移动井盖,否,110112,11011201071328410012
十支队-通州执法队,G102通燕路道路K30+000白庙检查站东下行（可控）,擅自占用、挖掘公路,是,110112,11011201071328410012
十支队-通州执法队,G102通燕路道路K30+000白庙检查站东下行（可控）,在公路用地范围内设置公路标志以外的其他标志,否,110112,11011201071328410012
十支队-通州执法队,G102通燕路道路K30+000白庙检查站东下行（可控）,遮挡公路附属设施或者利用公路附属设施架设管道、悬挂物品，可能危及公路安全,是,110112,11011201071328410012
十支队-通州执法队,G102通燕路道路K30+000白庙检查站东下行（可控）,车辆装载物触地拖行、掉落、遗洒或者飘散，造成公路路面损坏、污染,否,110112,11011201071328410012
十支队-通州执法队,G103京通快速路K4+105大望桥出京,在公路上及公路用地范围内堆放物品,是,110112,11010501071328420001
十支队-通州执法队,G103京通快速路K4+105大望桥出京,在公路上及公路用地范围内摆摊设点,否,110112,11010501071328420001
十支队-通州执法队,G103京通快速路K4+105大望桥出京,在公路范围内擅自移动井盖,否,110112,11010501071328420001
十支队-通州执法队,G103京通快速路K4+105大望桥出京,擅自占用、挖掘公路,是,110112,11010501071328420001
十支队-通州执法队,G103京通快速路K4+105大望桥出京,在公路用地范围内设置公路标志以外的其他标志,否,110112,11010501071328420001
十支队-通州执法队,G103京通快速路K4+105大望桥出京,遮挡公路附属设施或者利用公路附属设施架设管道、悬挂物品，可能危及公路安全,是,110112,11010501071328420001
十支队-通州执法队,G103京通快速路K4+105大望桥出京,车辆装载物触地拖行、掉落、遗洒或者飘散，造成公路路面损坏、污染,否,110112,11010501071328420001
十支队-通州执法队,S46京通快速路K2+19天成桥进京,在公路上及公路用地范围内堆放物品,是,110112,11011201071328040003
十支队-通州执法队,S46京通快速路K2+19天成桥进京,在公路上及公路用地范围内摆摊设点,否,110112,11011201071328040003
十支队-通州执法队,S46京通快速路K2+19天成桥进京,在公路范围内擅自移动井盖,否,110112,11011201071328040003
十支队-通州执法队,S46京通快速路K2+19天成桥进京,擅自占用、挖掘公路,是,110112,11011201071328040003
十支队-通州执法队,S46京通快速路K2+19天成桥进京,在公路用地范围内设置公路标志以外的其他标志,否,110112,11011201071328040003
十支队-通州执法队,S46京通快速路K2+19天成桥进京,遮挡公路附属设施或者利用公路附属设施架设管道、悬挂物品，可能危及公路安全,是,110112,11011201071328040003
十支队-通州执法队,S46京通快速路K2+19天成桥进京,车辆装载物触地拖行、掉落、遗洒或者飘散，造成公路路面损坏、污染,否,110112,11011201071328040003
十支队-通州执法队,G1京哈高速道路K13+050台湖收费站东进京（可控）,在公路上及公路用地范围内堆放物品,是,110112,11011201071328010027
十支队-通州执法队,G1京哈高速道路K13+050台湖收费站东进京（可控）,在公路上及公路用地范围内摆摊设点,否,110112,11011201071328010027
十支队-通州执法队,G1京哈高速道路K13+050台湖收费站东进京（可控）,在公路范围内擅自移动井盖,否,110112,11011201071328010027
十支队-通州执法队,G1京哈高速道路K13+050台湖收费站东进京（可控）,擅自占用、挖掘公路,是,110112,11011201071328010027
十支队-通州执法队,G1京哈高速道路K13+050台湖收费站东进京（可控）,在公路用地范围内设置公路标志以外的其他标志,否,110112,11011201071328010027
十支队-通州执法队,G1京哈高速道路K13+050台湖收费站东进京（可控）,遮挡公路附属设施或者利用公路附属设施架设管道、悬挂物品，可能危及公路安全,是,110112,11011201071328010027
十支队-通州执法队,G1京哈高速道路K13+050台湖收费站东进京（可控）,车辆装载物触地拖行、掉落、遗洒或者飘散，造成公路路面损坏、污染,否,110112,11011201071328010027
十支队-通州执法队,G1京哈高速道路K13+800田家府收费站西进京（可控）,在公路上及公路用地范围内堆放物品,是,110112,11011201071328010029
十支队-通州执法队,G1京哈高速道路K13+800田家府收费站西进京（可控）,在公路上及公路用地范围内摆摊设点,否,110112,11011201071328010029
十支队-通州执法队,G1京哈高速道路K13+800田家府收费站西进京（可控）,在公路范围内擅自移动井盖,否,110112,11011201071328010029
十支队-通州执法队,G1京哈高速道路K13+800田家府收费站西进京（可控）,擅自占用、挖掘公路,是,110112,11011201071328010029
十支队-通州执法队,G1京哈高速道路K13+800田家府收费站西进京（可控）,在公路用地范围内设置公路标志以外的其他标志,否,110112,11011201071328010029
十支队-通州执法队,G1京哈高速道路K13+800田家府收费站西进京（可控）,遮挡公路附属设施或者利用公路附属设施架设管道、悬挂物品，可能危及公路安全,是,110112,11011201071328010029
十支队-通州执法队,G1京哈高速道路K13+800田家府收费站西进京（可控）,车辆装载物触地拖行、掉落、遗洒或者飘散，造成公路路面损坏、污染,否,110112,11011201071328010029
十支队-通州执法队,G1京哈高速道路K17+274施园桥西进京（固定）,在公路上及公路用地范围内堆放物品,是,110112,11011201071328010038
十支队-通州执法队,G1京哈高速道路K17+274施园桥西进京（固定）,在公路上及公路用地范围内摆摊设点,否,110112,11011201071328010038
十支队-通州执法队,G1京哈高速道路K17+274施园桥西进京（固定）,在公路范围内擅自移动井盖,否,110112,11011201071328010038
十支队-通州执法队,G1京哈高速道路K17+274施园桥西进京（固定）,擅自占用、挖掘公路,是,110112,11011201071328010038
十支队-通州执法队,G1京哈高速道路K17+274施园桥西进京（固定）,在公路用地范围内设置公路标志以外的其他标志,否,110112,11011201071328010038
十支队-通州执法队,G1京哈高速道路K17+274施园桥西进京（固定）,遮挡公路附属设施或者利用公路附属设施架设管道、悬挂物品，可能危及公路安全,是,110112,11011201071328010038
十支队-通州执法队,G1京哈高速道路K17+274施园桥西进京（固定）,车辆装载物触地拖行、掉落、遗洒或者飘散，造成公路路面损坏、污染,否,110112,11011201071328010038
十支队-通州执法队,G1京哈高速道路K24+680京塘路入口进京（可控）,在公路上及公路用地范围内堆放物品,是,110112,11011201071328010052
十支队-通州执法队,G1京哈高速道路K24+680京塘路入口进京（可控）,在公路上及公路用地范围内摆摊设点,否,110112,11011201071328010052
十支队-通州执法队,G1京哈高速道路K24+680京塘路入口进京（可控）,在公路范围内擅自移动井盖,否,110112,11011201071328010052
十支队-通州执法队,G1京哈高速道路K24+680京塘路入口进京（可控）,擅自占用、挖掘公路,是,110112,11011201071328010052
十支队-通州执法队,G1京哈高速道路K24+680京塘路入口进京（可控）,在公路用地范围内设置公路标志以外的其他标志,否,110112,11011201071328010052
十支队-通州执法队,G1京哈高速道路K24+680京塘路入口进京（可控）,遮挡公路附属设施或者利用公路附属设施架设管道、悬挂物品，可能危及公路安全,是,110112,11011201071328010052
十支队-通州执法队,G1京哈高速道路K24+680京塘路入口进京（可控）,车辆装载物触地拖行、掉落、遗洒或者飘散，造成公路路面损坏、污染,否,110112,11011201071328010052
十支队-通州执法队,G1京哈高速道路K34+676通清路入口进京（可控）,在公路上及公路用地范围内堆放物品,是,110112,11011201071328010068
十支队-通州执法队,G1京哈高速道路K34+676通清路入口进京（可控）,在公路上及公路用地范围内摆摊设点,否,110112,11011201071328010068
十支队-通州执法队,G1京哈高速道路K34+676通清路入口进京（可控）,在公路范围内擅自移动井盖,否,110112,11011201071328010068
十支队-通州执法队,G1京哈高速道路K34+676通清路入口进京（可控）,擅自占用、挖掘公路,是,110112,11011201071328010068
十支队-通州执法队,G1京哈高速道路K34+676通清路入口进京（可控）,在公路用地范围内设置公路标志以外的其他标志,否,110112,11011201071328010068
十支队-通州执法队,G1京哈高速道路K34+676通清路入口进京（可控）,遮挡公路附属设施或者利用公路附属设施架设管道、悬挂物品，可能危及公路安全,是,110112,11011201071328010068
十支队-通州执法队,G1京哈高速道路K34+676通清路入口进京（可控）,车辆装载物触地拖行、掉落、遗洒或者飘散，造成公路路面损坏、污染,否,110112,11011201071328010068
十支队-通州执法队,G1京哈高速道路K39+660市界进京（可控）,在公路上及公路用地范围内堆放物品,是,110112,11011201071328010076
十支队-通州执法队,G1京哈高速道路K39+660市界进京（可控）,在公路上及公路用地范围内摆摊设点,否,110112,11011201071328010076
十支队-通州执法队,G1京哈高速道路K39+660市界进京（可控）,在公路范围内擅自移动井盖,否,110112,11011201071328010076
十支队-通州执法队,G1京哈高速道路K39+660市界进京（可控）,擅自占用、挖掘公路,是,110112,11011201071328010076
十支队-通州执法队,G1京哈高速道路K39+660市界进京（可控）,在公路用地范围内设置公路标志以外的其他标志,否,110112,11011201071328010076
十支队-通州执法队,G1京哈高速道路K39+660市界进京（可控）,遮挡公路附属设施或者利用公路附属设施架设管道、悬挂物品，可能危及公路安全,是,110112,11011201071328010076
十支队-通州执法队,G1京哈高速道路K39+660市界进京（可控）,车辆装载物触地拖行、掉落、遗洒或者飘散，造成公路路面损坏、污染,否,110112,11011201071328010076
十支队-通州执法队,G2京沪高速上行K10出京方向,在公路上及公路用地范围内堆放物品,是,110112,11010501071328130001
十支队-通州执法队,G2京沪高速上行K10出京方向,在公路上及公路用地范围内摆摊设点,否,110112,11010501071328130001
十支队-通州执法队,G2京沪高速上行K10出京方向,在公路范围内擅自移动井盖,否,110112,11010501071328130001
十支队-通州执法队,G2京沪高速上行K10出京方向,擅自占用、挖掘公路,是,110112,11010501071328130001
十支队-通州执法队,G2京沪高速上行K10出京方向,在公路用地范围内设置公路标志以外的其他标志,否,110112,11010501071328130001
十支队-通州执法队,G2京沪高速上行K10出京方向,遮挡公路附属设施或者利用公路附属设施架设管道、悬挂物品，可能危及公路安全,是,110112,11010501071328130001
十支队-通州执法队,G2京沪高速上行K10出京方向,车辆装载物触地拖行、掉落、遗洒或者飘散，造成公路路面损坏、污染,否,110112,11010501071328130001
十支队-通州执法队,G2京沪高速上行K11出京凉水河桥,在公路上及公路用地范围内堆放物品,是,110112,11010501071328130002
十支队-通州执法队,G2京沪高速上行K11出京凉水河桥,在公路上及公路用地范围内摆摊设点,否,110112,11010501071328130002
十支队-通州执法队,G2京沪高速上行K11出京凉水河桥,在公路范围内擅自移动井盖,否,110112,11010501071328130002
十支队-通州执法队,G2京沪高速上行K11出京凉水河桥,擅自占用、挖掘公路,是,110112,11010501071328130002
十支队-通州执法队,G2京沪高速上行K11出京凉水河桥,在公路用地范围内设置公路标志以外的其他标志,否,110112,11010501071328130002
十支队-通州执法队,G2京沪高速上行K11出京凉水河桥,遮挡公路附属设施或者利用公路附属设施架设管道、悬挂物品，可能危及公路安全,是,110112,11010501071328130002
十支队-通州执法队,G2京沪高速上行K11出京凉水河桥,车辆装载物触地拖行、掉落、遗洒或者飘散，造成公路路面损坏、污染,否,110112,11010501071328130002
十支队-通州执法队,G2京沪高速上行K19出京方向,在公路上及公路用地范围内堆放物品,是,110112,11010501071328130053
十支队-通州执法队,G2京沪高速上行K19出京方向,在公路上及公路用地范围内摆摊设点,否,110112,11010501071328130053
十支队-通州执法队,G2京沪高速上行K19出京方向,在公路范围内擅自移动井盖,否,110112,11010501071328130053
十支队-通州执法队,G2京沪高速上行K19出京方向,擅自占用、挖掘公路,是,110112,11010501071328130053
十支队-通州执法队,G2京沪高速上行K19出京方向,在公路用地范围内设置公路标志以外的其他标志,否,110112,11010501071328130053
十支队-通州执法队,G2京沪高速上行K19出京方向,遮挡公路附属设施或者利用公路附属设施架设管道、悬挂物品，可能危及公路安全,是,110112,11010501071328130053
十支队-通州执法队,G2京沪高速上行K19出京方向,车辆装载物触地拖行、掉落、遗洒或者飘散，造成公路路面损坏、污染,否,110112,11010501071328130053
十支队-通州执法队,G2京沪高速上行K31出京应寺检查站附近,在公路上及公路用地范围内堆放物品,是,110112,11010501071328130017
十支队-通州执法队,G2京沪高速上行K31出京应寺检查站附近,在公路上及公路用地范围内摆摊设点,否,110112,11010501071328130017
十支队-通州执法队,G2京沪高速上行K31出京应寺检查站附近,在公路范围内擅自移动井盖,否,110112,11010501071328130017
十支队-通州执法队,G2京沪高速上行K31出京应寺检查站附近,擅自占用、挖掘公路,是,110112,11010501071328130017
十支队-通州执法队,G2京沪高速上行K31出京应寺检查站附近,在公路用地范围内设置公路标志以外的其他标志,否,110112,11010501071328130017
十支队-通州执法队,G2京沪高速上行K31出京应寺检查站附近,遮挡公路附属设施或者利用公路附属设施架设管道、悬挂物品，可能危及公路安全,是,110112,11010501071328130017
十支队-通州执法队,G2京沪高速上行K31出京应寺检查站附近,车辆装载物触地拖行、掉落、遗洒或者飘散，造成公路路面损坏、污染,否,110112,11010501071328130017
十支队-通州执法队,G2京沪高速上行K12出京马驹桥服务区附近,在公路上及公路用地范围内堆放物品,是,110112,11010501071328130046
十支队-通州执法队,G2京沪高速上行K12出京马驹桥服务区附近,在公路上及公路用地范围内摆摊设点,否,110112,11010501071328130046
十支队-通州执法队,G2京沪高速上行K12出京马驹桥服务区附近,在公路范围内擅自移动井盖,否,110112,11010501071328130046
十支队-通州执法队,G2京沪高速上行K12出京马驹桥服务区附近,擅自占用、挖掘公路,是,110112,11010501071328130046
十支队-通州执法队,G2京沪高速上行K12出京马驹桥服务区附近,在公路用地范围内设置公路标志以外的其他标志,否,110112,11010501071328130046
十支队-通州执法队,G2京沪高速上行K12出京马驹桥服务区附近,遮挡公路附属设施或者利用公路附属设施架设管道、悬挂物品，可能危及公路安全,是,110112,11010501071328130046
十支队-通州执法队,G2京沪高速上行K12出京马驹桥服务区附近,车辆装载物触地拖行、掉落、遗洒或者飘散，造成公路路面损坏、污染,否,110112,11010501071328130046
十支队-通州执法队,G2京沪高速上行K13出京马驹桥收费站附近,在公路上及公路用地范围内堆放物品,是,110112,11010501071328130047
十支队-通州执法队,G2京沪高速上行K13出京马驹桥收费站附近,在公路上及公路用地范围内摆摊设点,否,110112,11010501071328130047
十支队-通州执法队,G2京沪高速上行K13出京马驹桥收费站附近,在公路范围内擅自移动井盖,否,110112,11010501071328130047
十支队-通州执法队,G2京沪高速上行K13出京马驹桥收费站附近,擅自占用、挖掘公路,是,110112,11010501071328130047
十支队-通州执法队,G2京沪高速上行K13出京马驹桥收费站附近,在公路用地范围内设置公路标志以外的其他标志,否,110112,11010501071328130047
十支队-通州执法队,G2京沪高速上行K13出京马驹桥收费站附近,遮挡公路附属设施或者利用公路附属设施架设管道、悬挂物品，可能危及公路安全,是,110112,11010501071328130047
十支队-通州执法队,G2京沪高速上行K13出京马驹桥收费站附近,车辆装载物触地拖行、掉落、遗洒或者飘散，造成公路路面损坏、污染,否,110112,11010501071328130047
十支队-通州执法队,G95首都环线高速k189+140北运河大桥外环（云）,在公路上及公路用地范围内堆放物品,是,110112,11011201071328020010
十支队-通州执法队,G95首都环线高速k189+140北运河大桥外环（云）,在公路上及公路用地范围内摆摊设点,否,110112,11011201071328020010
十支队-通州执法队,G95首都环线高速k189+140北运河大桥外环（云）,在公路范围内擅自移动井盖,否,110112,11011201071328020010
十支队-通州执法队,G95首都环线高速k189+140北运河大桥外环（云）,擅自占用、挖掘公路,是,110112,11011201071328020010
十支队-通州执法队,G95首都环线高速k189+140北运河大桥外环（云）,在公路用地范围内设置公路标志以外的其他标志,否,110112,11011201071328020010
十支队-通州执法队,G95首都环线高速k189+140北运河大桥外环（云）,遮挡公路附属设施或者利用公路附属设施架设管道、悬挂物品，可能危及公路安全,是,110112,11011201071328020010
十支队-通州执法队,G95首都环线高速k189+140北运河大桥外环（云）,车辆装载物触地拖行、掉落、遗洒或者飘散，造成公路路面损坏、污染,否,110112,11011201071328020010
十支队-通州执法队,S15京津高速道路K7+060麦庄桥西进京（可控）,在公路上及公路用地范围内堆放物品,是,110112,11011201071328120008
十支队-通州执法队,S15京津高速道路K7+060麦庄桥西进京（可控）,在公路上及公路用地范围内摆摊设点,否,110112,11011201071328120008
十支队-通州执法队,S15京津高速道路K7+060麦庄桥西进京（可控）,在公路范围内擅自移动井盖,否,110112,11011201071328120008
十支队-通州执法队,S15京津高速道路K7+060麦庄桥西进京（可控）,擅自占用、挖掘公路,是,110112,11011201071328120008
十支队-通州执法队,S15京津高速道路K7+060麦庄桥西进京（可控）,在公路用地范围内设置公路标志以外的其他标志,否,110112,11011201071328120008
十支队-通州执法队,S15京津高速道路K7+060麦庄桥西进京（可控）,遮挡公路附属设施或者利用公路附属设施架设管道、悬挂物品，可能危及公路安全,是,110112,11011201071328120008
十支队-通州执法队,S15京津高速道路K7+060麦庄桥西进京（可控）,车辆装载物触地拖行、掉落、遗洒或者飘散，造成公路路面损坏、污染,否,110112,11011201071328120008
十支队-通州执法队,S15京津高速道路K9+800徐庄桥进京（可控）,在公路上及公路用地范围内堆放物品,是,110112,11011201071328120010
十支队-通州执法队,S15京津高速道路K9+800徐庄桥进京（可控）,在公路上及公路用地范围内摆摊设点,否,110112,11011201071328120010
十支队-通州执法队,S15京津高速道路K9+800徐庄桥进京（可控）,在公路范围内擅自移动井盖,否,110112,11011201071328120010
十支队-通州执法队,S15京津高速道路K9+800徐庄桥进京（可控）,擅自占用、挖掘公路,是,110112,11011201071328120010
十支队-通州执法队,S15京津高速道路K9+800徐庄桥进京（可控）,在公路用地范围内设置公路标志以外的其他标志,否,110112,11011201071328120010
十支队-通州执法队,S15京津高速道路K9+800徐庄桥进京（可控）,遮挡公路附属设施或者利用公路附属设施架设管道、悬挂物品，可能危及公路安全,是,110112,11011201071328120010
十支队-通州执法队,S15京津高速道路K9+800徐庄桥进京（可控）,车辆装载物触地拖行、掉落、遗洒或者飘散，造成公路路面损坏、污染,否,110112,11011201071328120010
十支队-通州执法队,S15京津高速道路K10+640祥田桥出京（可控）,在公路上及公路用地范围内堆放物品,是,110112,11011201071328120011
十支队-通州执法队,S15京津高速道路K10+640祥田桥出京（可控）,在公路上及公路用地范围内摆摊设点,否,110112,11011201071328120011
十支队-通州执法队,S15京津高速道路K10+640祥田桥出京（可控）,在公路范围内擅自移动井盖,否,110112,11011201071328120011
十支队-通州执法队,S15京津高速道路K10+640祥田桥出京（可控）,擅自占用、挖掘公路,是,110112,11011201071328120011
十支队-通州执法队,S15京津高速道路K10+640祥田桥出京（可控）,在公路用地范围内设置公路标志以外的其他标志,否,110112,11011201071328120011
十支队-通州执法队,S15京津高速道路K10+640祥田桥出京（可控）,遮挡公路附属设施或者利用公路附属设施架设管道、悬挂物品，可能危及公路安全,是,110112,11011201071328120011
十支队-通州执法队,S15京津高速道路K10+640祥田桥出京（可控）,车辆装载物触地拖行、掉落、遗洒或者飘散，造成公路路面损坏、污染,否,110112,11011201071328120011
十支队-通州执法队,S15京津高速道路K16+800于家务西出京（可控）,在公路上及公路用地范围内堆放物品,是,110112,11011201071328120017
十支队-通州执法队,S15京津高速道路K16+800于家务西出京（可控）,在公路上及公路用地范围内摆摊设点,否,110112,11011201071328120017
十支队-通州执法队,S15京津高速道路K16+800于家务西出京（可控）,在公路范围内擅自移动井盖,否,110112,11011201071328120017
十支队-通州执法队,S15京津高速道路K16+800于家务西出京（可控）,擅自占用、挖掘公路,是,110112,11011201071328120017
十支队-通州执法队,S15京津高速道路K16+800于家务西出京（可控）,在公路用地范围内设置公路标志以外的其他标志,否,110112,11011201071328120017
十支队-通州执法队,S15京津高速道路K16+800于家务西出京（可控）,遮挡公路附属设施或者利用公路附属设施架设管道、悬挂物品，可能危及公路安全,是,110112,11011201071328120017
十支队-通州执法队,S15京津高速道路K16+800于家务西出京（可控）,车辆装载物触地拖行、掉落、遗洒或者飘散，造成公路路面损坏、污染,否,110112,11011201071328120017
十支队-通州执法队,G4501东六环广场K27+000通顺路外环入口下行（可控）,在公路上及公路用地范围内堆放物品,是,110112,11011201071318230009
十支队-通州执法队,G4501东六环广场K27+000通顺路外环入口下行（可控）,在公路上及公路用地范围内摆摊设点,否,110112,11011201071318230009
十支队-通州执法队,G4501东六环广场K27+000通顺路外环入口下行（可控）,在公路范围内擅自移动井盖,否,110112,11011201071318230009
十支队-通州执法队,G4501东六环广场K27+000通顺路外环入口下行（可控）,擅自占用、挖掘公路,是,110112,11011201071318230009
十支队-通州执法队,G4501东六环广场K27+000通顺路外环入口下行（可控）,在公路用地范围内设置公路标志以外的其他标志,否,110112,11011201071318230009
十支队-通州执法队,G4501东六环广场K27+000通顺路外环入口下行（可控）,遮挡公路附属设施或者利用公路附属设施架设管道、悬挂物品，可能危及公路安全,是,110112,11011201071318230009
十支队-通州执法队,G4501东六环广场K27+000通顺路外环入口下行（可控）,车辆装载物触地拖行、掉落、遗洒或者飘散，造成公路路面损坏、污染,否,110112,11011201071318230009
十支队-通州执法队,G4501东六环广场K27+000通顺路内环出口上行（可控）,在公路上及公路用地范围内堆放物品,是,110112,11011201071318230010
十支队-通州执法队,G4501东六环广场K27+000通顺路内环出口上行（可控）,在公路上及公路用地范围内摆摊设点,否,110112,11011201071318230010
十支队-通州执法队,G4501东六环广场K27+000通顺路内环出口上行（可控）,在公路范围内擅自移动井盖,否,110112,11011201071318230010
十支队-通州执法队,G4501东六环广场K27+000通顺路内环出口上行（可控）,擅自占用、挖掘公路,是,110112,11011201071318230010
十支队-通州执法队,G4501东六环广场K27+000通顺路内环出口上行（可控）,在公路用地范围内设置公路标志以外的其他标志,否,110112,11011201071318230010
十支队-通州执法队,G4501东六环广场K27+000通顺路内环出口上行（可控）,遮挡公路附属设施或者利用公路附属设施架设管道、悬挂物品，可能危及公路安全,是,110112,11011201071318230010
十支队-通州执法队,G4501东六环广场K27+000通顺路内环出口上行（可控）,车辆装载物触地拖行、掉落、遗洒或者飘散，造成公路路面损坏、污染,否,110112,11011201071318230010
十支队-通州执法队,G4501东六环广场K31+000徐辛庄内环入口上行（可控）,在公路上及公路用地范围内堆放物品,是,110112,11011201071318230011
十支队-通州执法队,G4501东六环广场K31+000徐辛庄内环入口上行（可控）,在公路上及公路用地范围内摆摊设点,否,110112,11011201071318230011
十支队-通州执法队,G4501东六环广场K31+000徐辛庄内环入口上行（可控）,在公路范围内擅自移动井盖,否,110112,11011201071318230011
十支队-通州执法队,G4501东六环广场K31+000徐辛庄内环入口上行（可控）,擅自占用、挖掘公路,是,110112,11011201071318230011
十支队-通州执法队,G4501东六环广场K31+000徐辛庄内环入口上行（可控）,在公路用地范围内设置公路标志以外的其他标志,否,110112,11011201071318230011
十支队-通州执法队,G4501东六环广场K31+000徐辛庄内环入口上行（可控）,遮挡公路附属设施或者利用公路附属设施架设管道、悬挂物品，可能危及公路安全,是,110112,11011201071318230011
十支队-通州执法队,G4501东六环广场K31+000徐辛庄内环入口上行（可控）,车辆装载物触地拖行、掉落、遗洒或者飘散，造成公路路面损坏、污染,否,110112,11011201071318230011
十支队-通州执法队,G4501东六环广场K37+000常屯双向入口（可控）,在公路上及公路用地范围内堆放物品,是,110112,11011201071318230015
十支队-通州执法队,G4501东六环广场K37+000常屯双向入口（可控）,在公路上及公路用地范围内摆摊设点,否,110112,11011201071318230015
十支队-通州执法队,G4501东六环广场K37+000常屯双向入口（可控）,在公路范围内擅自移动井盖,否,110112,11011201071318230015
十支队-通州执法队,G4501东六环广场K37+000常屯双向入口（可控）,擅自占用、挖掘公路,是,110112,11011201071318230015
十支队-通州执法队,G4501东六环广场K37+000常屯双向入口（可控）,在公路用地范围内设置公路标志以外的其他标志,否,110112,11011201071318230015
十支队-通州执法队,G4501东六环广场K37+000常屯双向入口（可控）,遮挡公路附属设施或者利用公路附属设施架设管道、悬挂物品，可能危及公路安全,是,110112,11011201071318230015
十支队-通州执法队,G4501东六环广场K37+000常屯双向入口（可控）,车辆装载物触地拖行、掉落、遗洒或者飘散，造成公路路面损坏、污染,否,110112,11011201071318230015
十支队-通州执法队,G4501东六环广场K37+000常屯双向出口（可控）,在公路上及公路用地范围内堆放物品,是,110112,11011201071318230016
十支队-通州执法队,G4501东六环广场K37+000常屯双向出口（可控）,在公路上及公路用地范围内摆摊设点,否,110112,11011201071318230016
十支队-通州执法队,G4501东六环广场K37+000常屯双向出口（可控）,在公路范围内擅自移动井盖,否,110112,11011201071318230016
十支队-通州执法队,G4501东六环广场K37+000常屯双向出口（可控）,擅自占用、挖掘公路,是,110112,11011201071318230016
十支队-通州执法队,G4501东六环广场K37+000常屯双向出口（可控）,在公路用地范围内设置公路标志以外的其他标志,否,110112,11011201071318230016
十支队-通州执法队,G4501东六环广场K37+000常屯双向出口（可控）,遮挡公路附属设施或者利用公路附属设施架设管道、悬挂物品，可能危及公路安全,是,110112,11011201071318230016
十支队-通州执法队,G4501东六环广场K37+000常屯双向出口（可控）,车辆装载物触地拖行、掉落、遗洒或者飘散，造成公路路面损坏、污染,否,110112,11011201071318230016
十支队-通州执法队,G4501东六环广场K42+200小圣庙内环入口上行（可控）,在公路上及公路用地范围内堆放物品,是,110112,11011201071318230017
十支队-通州执法队,G4501东六环广场K42+200小圣庙内环入口上行（可控）,在公路上及公路用地范围内摆摊设点,否,110112,11011201071318230017
十支队-通州执法队,G4501东六环广场K42+200小圣庙内环入口上行（可控）,在公路范围内擅自移动井盖,否,110112,11011201071318230017
十支队-通州执法队,G4501东六环广场K42+200小圣庙内环入口上行（可控）,擅自占用、挖掘公路,是,110112,11011201071318230017
十支队-通州执法队,G4501东六环广场K42+200小圣庙内环入口上行（可控）,在公路用地范围内设置公路标志以外的其他标志,否,110112,11011201071318230017
十支队-通州执法队,G4501东六环广场K42+200小圣庙内环入口上行（可控）,遮挡公路附属设施或者利用公路附属设施架设管道、悬挂物品，可能危及公路安全,是,110112,11011201071318230017
十支队-通州执法队,G4501东六环广场K42+200小圣庙内环入口上行（可控）,车辆装载物触地拖行、掉落、遗洒或者飘散，造成公路路面损坏、污染,否,110112,11011201071318230017
十支队-通州执法队,G4501东六环广场K42+200小圣庙外环出口下行（可控）,在公路上及公路用地范围内堆放物品,是,110112,11011201071318230018
十支队-通州执法队,G4501东六环广场K42+200小圣庙外环出口下行（可控）,在公路上及公路用地范围内摆摊设点,否,110112,11011201071318230018
十支队-通州执法队,G4501东六环广场K42+200小圣庙外环出口下行（可控）,在公路范围内擅自移动井盖,否,110112,11011201071318230018
十支队-通州执法队,G4501东六环广场K42+200小圣庙外环出口下行（可控）,擅自占用、挖掘公路,是,110112,11011201071318230018
十支队-通州执法队,G4501东六环广场K42+200小圣庙外环出口下行（可控）,在公路用地范围内设置公路标志以外的其他标志,否,110112,11011201071318230018
十支队-通州执法队,G4501东六环广场K42+200小圣庙外环出口下行（可控）,遮挡公路附属设施或者利用公路附属设施架设管道、悬挂物品，可能危及公路安全,是,110112,11011201071318230018
十支队-通州执法队,G4501东六环广场K42+200小圣庙外环出口下行（可控）,车辆装载物触地拖行、掉落、遗洒或者飘散，造成公路路面损坏、污染,否,110112,11011201071318230018
十支队-通州执法队,G95首都环线高速k181+240潮白河大桥内环（云）,在公路上及公路用地范围内堆放物品,是,110112,11011201071328020002
十支队-通州执法队,G95首都环线高速k181+240潮白河大桥内环（云）,在公路上及公路用地范围内摆摊设点,否,110112,11011201071328020002
十支队-通州执法队,G95首都环线高速k181+240潮白河大桥内环（云）,在公路范围内擅自移动井盖,否,110112,11011201071328020002
十支队-通州执法队,G95首都环线高速k181+240潮白河大桥内环（云）,擅自占用、挖掘公路,是,110112,11011201071328020002
十支队-通州执法队,G95首都环线高速k181+240潮白河大桥内环（云）,在公路用地范围内设置公路标志以外的其他标志,否,110112,11011201071328020002
十支队-通州执法队,G95首都环线高速k181+240潮白河大桥内环（云）,遮挡公路附属设施或者利用公路附属设施架设管道、悬挂物品，可能危及公路安全,是,110112,11011201071328020002
十支队-通州执法队,G95首都环线高速k181+240潮白河大桥内环（云）,车辆装载物触地拖行、掉落、遗洒或者飘散，造成公路路面损坏、污染,否,110112,11011201071328020002
十支队-通州执法队,G95首都环线高速k182+245潮白河大桥外环（云）,在公路上及公路用地范围内堆放物品,是,110112,11011201071328020003
十支队-通州执法队,G95首都环线高速k182+245潮白河大桥外环（云）,在公路上及公路用地范围内摆摊设点,否,110112,11011201071328020003
十支队-通州执法队,G95首都环线高速k182+245潮白河大桥外环（云）,在公路范围内擅自移动井盖,否,110112,11011201071328020003
十支队-通州执法队,G95首都环线高速k182+245潮白河大桥外环（云）,擅自占用、挖掘公路,是,110112,11011201071328020003
十支队-通州执法队,G95首都环线高速k182+245潮白河大桥外环（云）,在公路用地范围内设置公路标志以外的其他标志,否,110112,11011201071328020003
十支队-通州执法队,G95首都环线高速k182+245潮白河大桥外环（云）,遮挡公路附属设施或者利用公路附属设施架设管道、悬挂物品，可能危及公路安全,是,110112,11011201071328020003
十支队-通州执法队,G95首都环线高速k182+245潮白河大桥外环（云）,车辆装载物触地拖行、掉落、遗洒或者飘散，造成公路路面损坏、污染,否,110112,11011201071328020003
十支队-通州执法队,G95首都环线高速k184+445京哈主线桥外环（云）,在公路上及公路用地范围内堆放物品,是,110112,11011201071328020005
十支队-通州执法队,G95首都环线高速k184+445京哈主线桥外环（云）,在公路上及公路用地范围内摆摊设点,否,110112,11011201071328020005
十支队-通州执法队,G95首都环线高速k184+445京哈主线桥外环（云）,在公路范围内擅自移动井盖,否,110112,11011201071328020005
十支队-通州执法队,G95首都环线高速k184+445京哈主线桥外环（云）,擅自占用、挖掘公路,是,110112,11011201071328020005
十支队-通州执法队,G95首都环线高速k184+445京哈主线桥外环（云）,在公路用地范围内设置公路标志以外的其他标志,否,110112,11011201071328020005
十支队-通州执法队,G95首都环线高速k184+445京哈主线桥外环（云）,遮挡公路附属设施或者利用公路附属设施架设管道、悬挂物品，可能危及公路安全,是,110112,11011201071328020005
十支队-通州执法队,G95首都环线高速k184+445京哈主线桥外环（云）,车辆装载物触地拖行、掉落、遗洒或者飘散，造成公路路面损坏、污染,否,110112,11011201071328020005
十支队-通州执法队,G95首都环线高速-k197+740-永乐店高架（云）,在公路上及公路用地范围内堆放物品,是,110112,11011201071328020046
十支队-通州执法队,G95首都环线高速-k197+740-永乐店高架（云）,在公路上及公路用地范围内摆摊设点,否,110112,11011201071328020046
十支队-通州执法队,G95首都环线高速-k197+740-永乐店高架（云）,在公路范围内擅自移动井盖,否,110112,11011201071328020046
十支队-通州执法队,G95首都环线高速-k197+740-永乐店高架（云）,擅自占用、挖掘公路,是,110112,11011201071328020046
十支队-通州执法队,G95首都环线高速-k197+740-永乐店高架（云）,在公路用地范围内设置公路标志以外的其他标志,否,110112,11011201071328020046
十支队-通州执法队,G95首都环线高速-k197+740-永乐店高架（云）,遮挡公路附属设施或者利用公路附属设施架设管道、悬挂物品，可能危及公路安全,是,110112,11011201071328020046
十支队-通州执法队,G95首都环线高速-k197+740-永乐店高架（云）,车辆装载物触地拖行、掉落、遗洒或者飘散，造成公路路面损坏、污染,否,110112,11011201071328020046
十支队-通州执法队,G95首都环线高速-k200+190-永于路桥（云）,在公路上及公路用地范围内堆放物品,是,110112,11011201071328020048
十支队-通州执法队,G95首都环线高速-k200+190-永于路桥（云）,在公路上及公路用地范围内摆摊设点,否,110112,11011201071328020048
十支队-通州执法队,G95首都环线高速-k200+190-永于路桥（云）,在公路范围内擅自移动井盖,否,110112,11011201071328020048
十支队-通州执法队,G95首都环线高速-k200+190-永于路桥（云）,擅自占用、挖掘公路,是,110112,11011201071328020048
十支队-通州执法队,G95首都环线高速-k200+190-永于路桥（云）,在公路用地范围内设置公路标志以外的其他标志,否,110112,11011201071328020048
十支队-通州执法队,G95首都环线高速-k200+190-永于路桥（云）,遮挡公路附属设施或者利用公路附属设施架设管道、悬挂物品，可能危及公路安全,是,110112,11011201071328020048
十支队-通州执法队,G95首都环线高速-k200+190-永于路桥（云）,车辆装载物触地拖行、掉落、遗洒或者飘散，造成公路路面损坏、污染,否,110112,11011201071328020048
十支队-通州执法队,G95首都环线高速-k201+860-三北路桥（云）,在公路上及公路用地范围内堆放物品,是,110112,11011201071328020050
十支队-通州执法队,G95首都环线高速-k201+860-三北路桥（云）,在公路上及公路用地范围内摆摊设点,否,110112,11011201071328020050
十支队-通州执法队,G95首都环线高速-k201+860-三北路桥（云）,在公路范围内擅自移动井盖,否,110112,11011201071328020050
十支队-通州执法队,G95首都环线高速-k201+860-三北路桥（云）,擅自占用、挖掘公路,是,110112,11011201071328020050
十支队-通州执法队,G95首都环线高速-k201+860-三北路桥（云）,在公路用地范围内设置公路标志以外的其他标志,否,110112,11011201071328020050
十支队-通州执法队,G95首都环线高速-k201+860-三北路桥（云）,遮挡公路附属设施或者利用公路附属设施架设管道、悬挂物品，可能危及公路安全,是,110112,11011201071328020050
十支队-通州执法队,G95首都环线高速-k201+860-三北路桥（云）,车辆装载物触地拖行、掉落、遗洒或者飘散，造成公路路面损坏、污染,否,110112,11011201071328020050
十支队-通州执法队,G95首都环线高速-k204+690-张凤路桥（云）,在公路上及公路用地范围内堆放物品,是,110112,11011201071328020055
十支队-通州执法队,G95首都环线高速-k204+690-张凤路桥（云）,在公路上及公路用地范围内摆摊设点,否,110112,11011201071328020055
十支队-通州执法队,G95首都环线高速-k204+690-张凤路桥（云）,在公路范围内擅自移动井盖,否,110112,11011201071328020055
十支队-通州执法队,G95首都环线高速-k204+690-张凤路桥（云）,擅自占用、挖掘公路,是,110112,11011201071328020055
十支队-通州执法队,G95首都环线高速-k204+690-张凤路桥（云）,在公路用地范围内设置公路标志以外的其他标志,否,110112,11011201071328020055
十支队-通州执法队,G95首都环线高速-k204+690-张凤路桥（云）,遮挡公路附属设施或者利用公路附属设施架设管道、悬挂物品，可能危及公路安全,是,110112,11011201071328020055
十支队-通州执法队,G95首都环线高速-k204+690-张凤路桥（云）,车辆装载物触地拖行、掉落、遗洒或者飘散，造成公路路面损坏、污染,否,110112,11011201071328020055
十支队-通州执法队,G95首都环线高速-k206+390-采于特大桥（云）,在公路上及公路用地范围内堆放物品,是,110112,11011201071328020056
十支队-通州执法队,G95首都环线高速-k206+390-采于特大桥（云）,在公路上及公路用地范围内摆摊设点,否,110112,11011201071328020056
十支队-通州执法队,G95首都环线高速-k206+390-采于特大桥（云）,在公路范围内擅自移动井盖,否,110112,11011201071328020056
十支队-通州执法队,G95首都环线高速-k206+390-采于特大桥（云）,擅自占用、挖掘公路,是,110112,11011201071328020056
十支队-通州执法队,G95首都环线高速-k206+390-采于特大桥（云）,在公路用地范围内设置公路标志以外的其他标志,否,110112,11011201071328020056
十支队-通州执法队,G95首都环线高速-k206+390-采于特大桥（云）,遮挡公路附属设施或者利用公路附属设施架设管道、悬挂物品，可能危及公路安全,是,110112,11011201071328020056
十支队-通州执法队,G95首都环线高速-k206+390-采于特大桥（云）,车辆装载物触地拖行、掉落、遗洒或者飘散，造成公路路面损坏、污染,否,110112,11011201071328020056
十支队-通州执法队,G0121京秦高速道路K16+540小庞各庄桥东进京（可控）,在公路上及公路用地范围内堆放物品,是,110112,
十支队-通州执法队,G0121京秦高速道路K16+540小庞各庄桥东进京（可控）,在公路上及公路用地范围内摆摊设点,是,110112,
十支队-通州执法队,G0121京秦高速道路K16+540小庞各庄桥东进京（可控）,在公路范围内擅自移动井盖,否,110112,
十支队-通州执法队,G0121京秦高速道路K16+540小庞各庄桥东进京（可控）,擅自占用、挖掘公路,是,110112,
十支队-通州执法队,G0121京秦高速道路K16+540小庞各庄桥东进京（可控）,在公路用地范围内设置公路标志以外的其他标志,是,110112,
十支队-通州执法队,G0121京秦高速道路K16+540小庞各庄桥东进京（可控）,遮挡公路附属设施或者利用公路附属设施架设管道、悬挂物品，可能危及公路安全,是,110112,
十支队-通州执法队,G0121京秦高速道路K16+540小庞各庄桥东进京（可控）,车辆装载物触地拖行、掉落、遗洒或者飘散，造成公路路面损坏、污染,是,110112,
十支队-通州执法队,G0121京秦高速道路K17+520果园桥西进京（可控）,在公路上及公路用地范围内堆放物品,是,110112,
十支队-通州执法队,G0121京秦高速道路K17+520果园桥西进京（可控）,在公路上及公路用地范围内摆摊设点,是,110112,
十支队-通州执法队,G0121京秦高速道路K17+520果园桥西进京（可控）,在公路范围内擅自移动井盖,否,110112,
十支队-通州执法队,G0121京秦高速道路K17+520果园桥西进京（可控）,擅自占用、挖掘公路,是,110112,
十支队-通州执法队,G0121京秦高速道路K17+520果园桥西进京（可控）,在公路用地范围内设置公路标志以外的其他标志,是,110112,
十支队-通州执法队,G0121京秦高速道路K17+520果园桥西进京（可控）,遮挡公路附属设施或者利用公路附属设施架设管道、悬挂物品，可能危及公路安全,是,110112,
十支队-通州执法队,G0121京秦高速道路K17+520果园桥西进京（可控）,车辆装载物触地拖行、掉落、遗洒或者飘散，造成公路路面损坏、污染,是,110112,
十支队-通州执法队,G0121京秦高速道路K19+940平家疃桥东进京（可控）,在公路上及公路用地范围内堆放物品,是,110112,
十支队-通州执法队,G0121京秦高速道路K19+940平家疃桥东进京（可控）,在公路上及公路用地范围内摆摊设点,是,110112,
十支队-通州执法队,G0121京秦高速道路K19+940平家疃桥东进京（可控）,在公路范围内擅自移动井盖,否,110112,
十支队-通州执法队,G0121京秦高速道路K19+940平家疃桥东进京（可控）,擅自占用、挖掘公路,是,110112,
十支队-通州执法队,G0121京秦高速道路K19+940平家疃桥东进京（可控）,在公路用地范围内设置公路标志以外的其他标志,是,110112,
十支队-通州执法队,G0121京秦高速道路K19+940平家疃桥东进京（可控）,遮挡公路附属设施或者利用公路附属设施架设管道、悬挂物品，可能危及公路安全,是,110112,
十支队-通州执法队,G0121京秦高速道路K19+940平家疃桥东进京（可控）,车辆装载物触地拖行、掉落、遗洒或者飘散，造成公路路面损坏、污染,是,110112,
十支队-通州执法队,G0121京秦高速道路K20+450西赵村桥西进京（可控）,在公路上及公路用地范围内堆放物品,是,110112,
十支队-通州执法队,G0121京秦高速道路K20+450西赵村桥西进京（可控）,在公路上及公路用地范围内摆摊设点,是,110112,
十支队-通州执法队,G0121京秦高速道路K20+450西赵村桥西进京（可控）,在公路范围内擅自移动井盖,否,110112,
十支队-通州执法队,G0121京秦高速道路K20+450西赵村桥西进京（可控）,擅自占用、挖掘公路,是,110112,
十支队-通州执法队,G0121京秦高速道路K20+450西赵村桥西进京（可控）,在公路用地范围内设置公路标志以外的其他标志,是,110112,
十支队-通州执法队,G0121京秦高速道路K20+450西赵村桥西进京（可控）,遮挡公路附属设施或者利用公路附属设施架设管道、悬挂物品，可能危及公路安全,是,110112,
十支队-通州执法队,G0121京秦高速道路K20+450西赵村桥西进京（可控）,车辆装载物触地拖行、掉落、遗洒或者飘散，造成公路路面损坏、污染,是,110112,
十支队-通州执法队,G0121京秦高速道路K21+550西赵村桥东进京（可控）,在公路上及公路用地范围内堆放物品,是,110112,
十支队-通州执法队,G0121京秦高速道路K21+550西赵村桥东进京（可控）,在公路上及公路用地范围内摆摊设点,是,110112,
十支队-通州执法队,G0121京秦高速道路K21+550西赵村桥东进京（可控）,在公路范围内擅自移动井盖,否,110112,
十支队-通州执法队,G0121京秦高速道路K21+550西赵村桥东进京（可控）,擅自占用、挖掘公路,是,110112,
十支队-通州执法队,G0121京秦高速道路K21+550西赵村桥东进京（可控）,在公路用地范围内设置公路标志以外的其他标志,是,110112,
十支队-通州执法队,G0121京秦高速道路K21+550西赵村桥东进京（可控）,遮挡公路附属设施或者利用公路附属设施架设管道、悬挂物品，可能危及公路安全,是,110112,
十支队-通州执法队,G0121京秦高速道路K21+550西赵村桥东进京（可控）,车辆装载物触地拖行、掉落、遗洒或者飘散，造成公路路面损坏、污染,是,110112,
十支队-通州执法队,G0121京秦高速道路K22+530京秦潮白河桥进京（可控）,在公路上及公路用地范围内堆放物品,是,110112,
十支队-通州执法队,G0121京秦高速道路K22+530京秦潮白河桥进京（可控）,在公路上及公路用地范围内摆摊设点,是,110112,
十支队-通州执法队,G0121京秦高速道路K22+530京秦潮白河桥进京（可控）,在公路范围内擅自移动井盖,否,110112,
十支队-通州执法队,G0121京秦高速道路K22+530京秦潮白河桥进京（可控）,擅自占用、挖掘公路,是,110112,
十支队-通州执法队,G0121京秦高速道路K22+530京秦潮白河桥进京（可控）,在公路用地范围内设置公路标志以外的其他标志,是,110112,
十支队-通州执法队,G0121京秦高速道路K22+530京秦潮白河桥进京（可控）,遮挡公路附属设施或者利用公路附属设施架设管道、悬挂物品，可能危及公路安全,是,110112,
十支队-通州执法队,G0121京秦高速道路K22+530京秦潮白河桥进京（可控）,车辆装载物触地拖行、掉落、遗洒或者飘散，造成公路路面损坏、污染,是,110112,
十支队-通州执法队,G0121京秦高速桥下K21+950京秦潮白河桥西出京（可控）,在公路上及公路用地范围内堆放物品,是,110112,
十支队-通州执法队,G0121京秦高速桥下K21+950京秦潮白河桥西出京（可控）,在公路上及公路用地范围内摆摊设点,是,110112,
十支队-通州执法队,G0121京秦高速桥下K21+950京秦潮白河桥西出京（可控）,在公路范围内擅自移动井盖,否,110112,
十支队-通州执法队,G0121京秦高速桥下K21+950京秦潮白河桥西出京（可控）,擅自占用、挖掘公路,是,110112,
十支队-通州执法队,G0121京秦高速桥下K21+950京秦潮白河桥西出京（可控）,在公路用地范围内设置公路标志以外的其他标志,是,110112,
十支队-通州执法队,G0121京秦高速桥下K21+950京秦潮白河桥西出京（可控）,遮挡公路附属设施或者利用公路附属设施架设管道、悬挂物品，可能危及公路安全,是,110112,
十支队-通州执法队,G0121京秦高速桥下K21+950京秦潮白河桥西出京（可控）,车辆装载物触地拖行、掉落、遗洒或者飘散，造成公路路面损坏、污染,是,110112,
十支队-通州执法队,G0121京秦高速桥下K21+950京秦潮白河桥西进京（可控）,在公路上及公路用地范围内堆放物品,是,110112,
十支队-通州执法队,G0121京秦高速桥下K21+950京秦潮白河桥西进京（可控）,在公路上及公路用地范围内摆摊设点,是,110112,
十支队-通州执法队,G0121京秦高速桥下K21+950京秦潮白河桥西进京（可控）,在公路范围内擅自移动井盖,否,110112,
十支队-通州执法队,G0121京秦高速桥下K21+950京秦潮白河桥西进京（可控）,擅自占用、挖掘公路,是,110112,
十支队-通州执法队,G0121京秦高速桥下K21+950京秦潮白河桥西进京（可控）,在公路用地范围内设置公路标志以外的其他标志,是,110112,
十支队-通州执法队,G0121京秦高速桥下K21+950京秦潮白河桥西进京（可控）,遮挡公路附属设施或者利用公路附属设施架设管道、悬挂物品，可能危及公路安全,是,110112,
十支队-通州执法队,G0121京秦高速桥下K21+950京秦潮白河桥西进京（可控）,车辆装载物触地拖行、掉落、遗洒或者飘散，造成公路路面损坏、污染,是,110112,
十支队-通州执法队,G0121京秦高速桥下K22+720京秦潮白河桥出京（可控）,在公路上及公路用地范围内堆放物品,是,110112,
十支队-通州执法队,G0121京秦高速桥下K22+720京秦潮白河桥出京（可控）,在公路上及公路用地范围内摆摊设点,是,110112,
十支队-通州执法队,G0121京秦高速桥下K22+720京秦潮白河桥出京（可控）,在公路范围内擅自移动井盖,否,110112,
十支队-通州执法队,G0121京秦高速桥下K22+720京秦潮白河桥出京（可控）,擅自占用、挖掘公路,是,110112,
十支队-通州执法队,G0121京秦高速桥下K22+720京秦潮白河桥出京（可控）,在公路用地范围内设置公路标志以外的其他标志,是,110112,
十支队-通州执法队,G0121京秦高速桥下K22+720京秦潮白河桥出京（可控）,遮挡公路附属设施或者利用公路附属设施架设管道、悬挂物品，可能危及公路安全,是,110112,
十支队-通州执法队,G0121京秦高速桥下K22+720京秦潮白河桥出京（可控）,车辆装载物触地拖行、掉落、遗洒或者飘散，造成公路路面损坏、污染,是,110112,
十支队-通州执法队,G0121京秦高速桥下K22+720京秦潮白河桥进京（可控）,在公路上及公路用地范围内堆放物品,是,110112,
十支队-通州执法队,G0121京秦高速桥下K22+720京秦潮白河桥进京（可控）,在公路上及公路用地范围内摆摊设点,是,110112,
十支队-通州执法队,G0121京秦高速桥下K22+720京秦潮白河桥进京（可控）,在公路范围内擅自移动井盖,否,110112,
十支队-通州执法队,G0121京秦高速桥下K22+720京秦潮白河桥进京（可控）,擅自占用、挖掘公路,是,110112,
十支队-通州执法队,G0121京秦高速桥下K22+720京秦潮白河桥进京（可控）,在公路用地范围内设置公路标志以外的其他标志,是,110112,
十支队-通州执法队,G0121京秦高速桥下K22+720京秦潮白河桥进京（可控）,遮挡公路附属设施或者利用公路附属设施架设管道、悬挂物品，可能危及公路安全,是,110112,
十支队-通州执法队,G0121京秦高速桥下K22+720京秦潮白河桥进京（可控）,车辆装载物触地拖行、掉落、遗洒或者飘散，造成公路路面损坏、污染,是,110112,
十支队-通州执法队,G0121京秦高速匝道K16+300京秦入六环双向匝道桥进京东（固定）,在公路上及公路用地范围内堆放物品,是,110112,
十支队-通州执法队,G0121京秦高速匝道K16+300京秦入六环双向匝道桥进京东（固定）,在公路上及公路用地范围内摆摊设点,是,110112,
十支队-通州执法队,G0121京秦高速匝道K16+300京秦入六环双向匝道桥进京东（固定）,在公路范围内擅自移动井盖,否,110112,
十支队-通州执法队,G0121京秦高速匝道K16+300京秦入六环双向匝道桥进京东（固定）,擅自占用、挖掘公路,是,110112,
十支队-通州执法队,G0121京秦高速匝道K16+300京秦入六环双向匝道桥进京东（固定）,在公路用地范围内设置公路标志以外的其他标志,是,110112,
十支队-通州执法队,G0121京秦高速匝道K16+300京秦入六环双向匝道桥进京东（固定）,遮挡公路附属设施或者利用公路附属设施架设管道、悬挂物品，可能危及公路安全,是,110112,
十支队-通州执法队,G0121京秦高速匝道K16+300京秦入六环双向匝道桥进京东（固定）,车辆装载物触地拖行、掉落、遗洒或者飘散，造成公路路面损坏、污染,是,110112,
十支队-通州执法队,G0121京秦高速匝道K16+300京秦入六环双向匝道桥进京西（固定）,在公路上及公路用地范围内堆放物品,是,110112,
十支队-通州执法队,G0121京秦高速匝道K16+300京秦入六环双向匝道桥进京西（固定）,在公路上及公路用地范围内摆摊设点,是,110112,
十支队-通州执法队,G0121京秦高速匝道K16+300京秦入六环双向匝道桥进京西（固定）,在公路范围内擅自移动井盖,否,110112,
十支队-通州执法队,G0121京秦高速匝道K16+300京秦入六环双向匝道桥进京西（固定）,擅自占用、挖掘公路,是,110112,
十支队-通州执法队,G0121京秦高速匝道K16+300京秦入六环双向匝道桥进京西（固定）,在公路用地范围内设置公路标志以外的其他标志,是,110112,
十支队-通州执法队,G0121京秦高速匝道K16+300京秦入六环双向匝道桥进京西（固定）,遮挡公路附属设施或者利用公路附属设施架设管道、悬挂物品，可能危及公路安全,是,110112,
十支队-通州执法队,G0121京秦高速匝道K16+300京秦入六环双向匝道桥进京西（固定）,车辆装载物触地拖行、掉落、遗洒或者飘散，造成公路路面损坏、污染,是,110112,
十支队-通州执法队,G0121京秦高速匝道K16+300六环外环入京秦匝道桥出京东（固定）,在公路上及公路用地范围内堆放物品,是,110112,
十支队-通州执法队,G0121京秦高速匝道K16+300六环外环入京秦匝道桥出京东（固定）,在公路上及公路用地范围内摆摊设点,是,110112,
十支队-通州执法队,G0121京秦高速匝道K16+300六环外环入京秦匝道桥出京东（固定）,在公路范围内擅自移动井盖,否,110112,
十支队-通州执法队,G0121京秦高速匝道K16+300六环外环入京秦匝道桥出京东（固定）,擅自占用、挖掘公路,是,110112,
十支队-通州执法队,G0121京秦高速匝道K16+300六环外环入京秦匝道桥出京东（固定）,在公路用地范围内设置公路标志以外的其他标志,是,110112,
十支队-通州执法队,G0121京秦高速匝道K16+300六环外环入京秦匝道桥出京东（固定）,遮挡公路附属设施或者利用公路附属设施架设管道、悬挂物品，可能危及公路安全,是,110112,
十支队-通州执法队,G0121京秦高速匝道K16+300六环外环入京秦匝道桥出京东（固定）,车辆装载物触地拖行、掉落、遗洒或者飘散，造成公路路面损坏、污染,是,110112,
十支队-通州执法队,G0121京秦高速匝道K16+300六环外环入京秦匝道桥出京西（固定）,在公路上及公路用地范围内堆放物品,是,110112,
十支队-通州执法队,G0121京秦高速匝道K16+300六环外环入京秦匝道桥出京西（固定）,在公路上及公路用地范围内摆摊设点,是,110112,
十支队-通州执法队,G0121京秦高速匝道K16+300六环外环入京秦匝道桥出京西（固定）,在公路范围内擅自移动井盖,否,110112,
十支队-通州执法队,G0121京秦高速匝道K16+300六环外环入京秦匝道桥出京西（固定）,擅自占用、挖掘公路,是,110112,
十支队-通州执法队,G0121京秦高速匝道K16+300六环外环入京秦匝道桥出京西（固定）,在公路用地范围内设置公路标志以外的其他标志,是,110112,
十支队-通州执法队,G0121京秦高速匝道K16+300六环外环入京秦匝道桥出京西（固定）,遮挡公路附属设施或者利用公路附属设施架设管道、悬挂物品，可能危及公路安全,是,110112,
十支队-通州执法队,G0121京秦高速匝道K16+300六环外环入京秦匝道桥出京西（固定）,车辆装载物触地拖行、掉落、遗洒或者飘散，造成公路路面损坏、污染,是,110112,
十支队-密云执法队,G101京沈路K103+760松树峪南,在公路上及公路用地范围内堆放物品,是,110118,
十支队-密云执法队,G101京沈路K103+760松树峪南,在公路上及公路用地范围内摆摊设点,是,110118,
十支队-密云执法队,G101京沈路K103+760松树峪南,在公路范围内擅自移动井盖,否,110118,
十支队-密云执法队,G101京沈路K103+760松树峪南,擅自占用、挖掘公路,是,110118,
十支队-密云执法队,G101京沈路K103+760松树峪南,在公路用地范围内设置公路标志以外的其他标志,是,110118,
十支队-密云执法队,G101京沈路K103+760松树峪南,遮挡公路附属设施或者利用公路附属设施架设管道、悬挂物品，可能危及公路安全,是,110118,
十支队-密云执法队,G101京沈路K103+760松树峪南,车辆装载物触地拖行、掉落、遗洒或者飘散，造成公路路面损坏、污染,是,110118,
十支队-密云执法队,G101京沈路K62+950排山汽车城北 进京方向,在公路上及公路用地范围内堆放物品,是,110118,
十支队-密云执法队,G101京沈路K62+950排山汽车城北 进京方向,在公路上及公路用地范围内摆摊设点,是,110118,
十支队-密云执法队,G101京沈路K62+950排山汽车城北 进京方向,在公路范围内擅自移动井盖,否,110118,
十支队-密云执法队,G101京沈路K62+950排山汽车城北 进京方向,擅自占用、挖掘公路,是,110118,
十支队-密云执法队,G101京沈路K62+950排山汽车城北 进京方向,在公路用地范围内设置公路标志以外的其他标志,是,110118,
十支队-密云执法队,G101京沈路K62+950排山汽车城北 进京方向,遮挡公路附属设施或者利用公路附属设施架设管道、悬挂物品，可能危及公路安全,是,110118,
十支队-密云执法队,G101京沈路K62+950排山汽车城北 进京方向,车辆装载物触地拖行、掉落、遗洒或者飘散，造成公路路面损坏、污染,是,110118,
十支队-密云执法队,G101京沈线K109+190南台 进京方向,在公路上及公路用地范围内堆放物品,是,110118,
十支队-密云执法队,G101京沈线K109+190南台 进京方向,在公路上及公路用地范围内摆摊设点,是,110118,
十支队-密云执法队,G101京沈线K109+190南台 进京方向,在公路范围内擅自移动井盖,否,110118,
十支队-密云执法队,G101京沈线K109+190南台 进京方向,擅自占用、挖掘公路,是,110118,
十支队-密云执法队,G101京沈线K109+190南台 进京方向,在公路用地范围内设置公路标志以外的其他标志,是,110118,
十支队-密云执法队,G101京沈线K109+190南台 进京方向,遮挡公路附属设施或者利用公路附属设施架设管道、悬挂物品，可能危及公路安全,是,110118,
十支队-密云执法队,G101京沈线K109+190南台 进京方向,车辆装载物触地拖行、掉落、遗洒或者飘散，造成公路路面损坏、污染,是,110118,
十支队-密云执法队,G101京沈线K109+800松曹路路口 进京方向,在公路上及公路用地范围内堆放物品,是,110118,
十支队-密云执法队,G101京沈线K109+800松曹路路口 进京方向,在公路上及公路用地范围内摆摊设点,是,110118,
十支队-密云执法队,G101京沈线K109+800松曹路路口 进京方向,在公路范围内擅自移动井盖,否,110118,
十支队-密云执法队,G101京沈线K109+800松曹路路口 进京方向,擅自占用、挖掘公路,是,110118,
十支队-密云执法队,G101京沈线K109+800松曹路路口 进京方向,在公路用地范围内设置公路标志以外的其他标志,是,110118,
十支队-密云执法队,G101京沈线K109+800松曹路路口 进京方向,遮挡公路附属设施或者利用公路附属设施架设管道、悬挂物品，可能危及公路安全,是,110118,
十支队-密云执法队,G101京沈线K109+800松曹路路口 进京方向,车辆装载物触地拖行、掉落、遗洒或者飘散，造成公路路面损坏、污染,是,110118,
十支队-密云执法队,G101京沈线K120+233古北口2#隧道 进京方向,在公路上及公路用地范围内堆放物品,是,110118,
十支队-密云执法队,G101京沈线K120+233古北口2#隧道 进京方向,在公路上及公路用地范围内摆摊设点,是,110118,
十支队-密云执法队,G101京沈线K120+233古北口2#隧道 进京方向,在公路范围内擅自移动井盖,否,110118,
十支队-密云执法队,G101京沈线K120+233古北口2#隧道 进京方向,擅自占用、挖掘公路,是,110118,
十支队-密云执法队,G101京沈线K120+233古北口2#隧道 进京方向,在公路用地范围内设置公路标志以外的其他标志,是,110118,
十支队-密云执法队,G101京沈线K120+233古北口2#隧道 进京方向,遮挡公路附属设施或者利用公路附属设施架设管道、悬挂物品，可能危及公路安全,是,110118,
十支队-密云执法队,G101京沈线K120+233古北口2#隧道 进京方向,车辆装载物触地拖行、掉落、遗洒或者飘散，造成公路路面损坏、污染,是,110118,
十支队-密云执法队,G101京沈线K120+239古北口1#隧道 进京方向,在公路上及公路用地范围内堆放物品,是,110118,
十支队-密云执法队,G101京沈线K120+239古北口1#隧道 进京方向,在公路上及公路用地范围内摆摊设点,是,110118,
十支队-密云执法队,G101京沈线K120+239古北口1#隧道 进京方向,在公路范围内擅自移动井盖,否,110118,
十支队-密云执法队,G101京沈线K120+239古北口1#隧道 进京方向,擅自占用、挖掘公路,是,110118,
十支队-密云执法队,G101京沈线K120+239古北口1#隧道 进京方向,在公路用地范围内设置公路标志以外的其他标志,是,110118,
十支队-密云执法队,G101京沈线K120+239古北口1#隧道 进京方向,遮挡公路附属设施或者利用公路附属设施架设管道、悬挂物品，可能危及公路安全,是,110118,
十支队-密云执法队,G101京沈线K120+239古北口1#隧道 进京方向,车辆装载物触地拖行、掉落、遗洒或者飘散，造成公路路面损坏、污染,是,110118,
十支队-密云执法队,G101京沈线K120+389古北口1#隧道 出京方向,在公路上及公路用地范围内堆放物品,是,110118,
十支队-密云执法队,G101京沈线K120+389古北口1#隧道 出京方向,在公路上及公路用地范围内摆摊设点,是,110118,
十支队-密云执法队,G101京沈线K120+389古北口1#隧道 出京方向,在公路范围内擅自移动井盖,否,110118,
十支队-密云执法队,G101京沈线K120+389古北口1#隧道 出京方向,擅自占用、挖掘公路,是,110118,
十支队-密云执法队,G101京沈线K120+389古北口1#隧道 出京方向,在公路用地范围内设置公路标志以外的其他标志,是,110118,
十支队-密云执法队,G101京沈线K120+389古北口1#隧道 出京方向,遮挡公路附属设施或者利用公路附属设施架设管道、悬挂物品，可能危及公路安全,是,110118,
十支队-密云执法队,G101京沈线K120+389古北口1#隧道 出京方向,车辆装载物触地拖行、掉落、遗洒或者飘散，造成公路路面损坏、污染,是,110118,
十支队-密云执法队,G101京沈线K120+411古北口2#隧道 出京方向,在公路上及公路用地范围内堆放物品,是,110118,
十支队-密云执法队,G101京沈线K120+411古北口2#隧道 出京方向,在公路上及公路用地范围内摆摊设点,是,110118,
十支队-密云执法队,G101京沈线K120+411古北口2#隧道 出京方向,在公路范围内擅自移动井盖,否,110118,
十支队-密云执法队,G101京沈线K120+411古北口2#隧道 出京方向,擅自占用、挖掘公路,是,110118,
十支队-密云执法队,G101京沈线K120+411古北口2#隧道 出京方向,在公路用地范围内设置公路标志以外的其他标志,是,110118,
十支队-密云执法队,G101京沈线K120+411古北口2#隧道 出京方向,遮挡公路附属设施或者利用公路附属设施架设管道、悬挂物品，可能危及公路安全,是,110118,
十支队-密云执法队,G101京沈线K120+411古北口2#隧道 出京方向,车辆装载物触地拖行、掉落、遗洒或者飘散，造成公路路面损坏、污染,是,110118,
十支队-密云执法队,G101京沈线K122+580古北口 进京方向,在公路上及公路用地范围内堆放物品,是,110118,
十支队-密云执法队,G101京沈线K122+580古北口 进京方向,在公路上及公路用地范围内摆摊设点,是,110118,
十支队-密云执法队,G101京沈线K122+580古北口 进京方向,在公路范围内擅自移动井盖,否,110118,
十支队-密云执法队,G101京沈线K122+580古北口 进京方向,擅自占用、挖掘公路,是,110118,
十支队-密云执法队,G101京沈线K122+580古北口 进京方向,在公路用地范围内设置公路标志以外的其他标志,是,110118,
十支队-密云执法队,G101京沈线K122+580古北口 进京方向,遮挡公路附属设施或者利用公路附属设施架设管道、悬挂物品，可能危及公路安全,是,110118,
十支队-密云执法队,G101京沈线K122+580古北口 进京方向,车辆装载物触地拖行、掉落、遗洒或者飘散，造成公路路面损坏、污染,是,110118,
十支队-密云执法队,G101京沈线K123+980古北口 出京,在公路上及公路用地范围内堆放物品,是,110118,
十支队-密云执法队,G101京沈线K123+980古北口 出京,在公路上及公路用地范围内摆摊设点,是,110118,
十支队-密云执法队,G101京沈线K123+980古北口 出京,在公路范围内擅自移动井盖,否,110118,
十支队-密云执法队,G101京沈线K123+980古北口 出京,擅自占用、挖掘公路,是,110118,
十支队-密云执法队,G101京沈线K123+980古北口 出京,在公路用地范围内设置公路标志以外的其他标志,是,110118,
十支队-密云执法队,G101京沈线K123+980古北口 出京,遮挡公路附属设施或者利用公路附属设施架设管道、悬挂物品，可能危及公路安全,是,110118,
十支队-密云执法队,G101京沈线K123+980古北口 出京,车辆装载物触地拖行、掉落、遗洒或者飘散，造成公路路面损坏、污染,是,110118,
十支队-密云执法队,G101京沈线K123+980古北口 出京方向,在公路上及公路用地范围内堆放物品,是,110118,
十支队-密云执法队,G101京沈线K123+980古北口 出京方向,在公路上及公路用地范围内摆摊设点,是,110118,
十支队-密云执法队,G101京沈线K123+980古北口 出京方向,在公路范围内擅自移动井盖,否,110118,
十支队-密云执法队,G101京沈线K123+980古北口 出京方向,擅自占用、挖掘公路,是,110118,
十支队-密云执法队,G101京沈线K123+980古北口 出京方向,在公路用地范围内设置公路标志以外的其他标志,是,110118,
十支队-密云执法队,G101京沈线K123+980古北口 出京方向,遮挡公路附属设施或者利用公路附属设施架设管道、悬挂物品，可能危及公路安全,是,110118,
十支队-密云执法队,G101京沈线K123+980古北口 出京方向,车辆装载物触地拖行、掉落、遗洒或者飘散，造成公路路面损坏、污染,是,110118,
十支队-密云执法队,G101京沈线K123+980古北口 进京,在公路上及公路用地范围内堆放物品,是,110118,
十支队-密云执法队,G101京沈线K123+980古北口 进京,在公路上及公路用地范围内摆摊设点,是,110118,
十支队-密云执法队,G101京沈线K123+980古北口 进京,在公路范围内擅自移动井盖,否,110118,
十支队-密云执法队,G101京沈线K123+980古北口 进京,擅自占用、挖掘公路,是,110118,
十支队-密云执法队,G101京沈线K123+980古北口 进京,在公路用地范围内设置公路标志以外的其他标志,是,110118,
十支队-密云执法队,G101京沈线K123+980古北口 进京,遮挡公路附属设施或者利用公路附属设施架设管道、悬挂物品，可能危及公路安全,是,110118,
十支队-密云执法队,G101京沈线K123+980古北口 进京,车辆装载物触地拖行、掉落、遗洒或者飘散，造成公路路面损坏、污染,是,110118,
十支队-顺义执法队,G101京沈线K17+670下行天北路口北,在公路上及公路用地范围内堆放物品,是,110113,
十支队-顺义执法队,G101京沈线K17+670下行天北路口北,在公路上及公路用地范围内摆摊设点,是,110113,
十支队-顺义执法队,G101京沈线K17+670下行天北路口北,在公路范围内擅自移动井盖,否,110113,
十支队-顺义执法队,G101京沈线K17+670下行天北路口北,擅自占用、挖掘公路,是,110113,
十支队-顺义执法队,G101京沈线K17+670下行天北路口北,在公路用地范围内设置公路标志以外的其他标志,是,110113,
十支队-顺义执法队,G101京沈线K17+670下行天北路口北,遮挡公路附属设施或者利用公路附属设施架设管道、悬挂物品，可能危及公路安全,是,110113,
十支队-顺义执法队,G101京沈线K17+670下行天北路口北,车辆装载物触地拖行、掉落、遗洒或者飘散，造成公路路面损坏、污染,是,110113,
十支队-顺义执法队,G101京沈线K17+700上行天北路口北,在公路上及公路用地范围内堆放物品,是,110113,
十支队-顺义执法队,G101京沈线K17+700上行天北路口北,在公路上及公路用地范围内摆摊设点,是,110113,
十支队-顺义执法队,G101京沈线K17+700上行天北路口北,在公路范围内擅自移动井盖,否,110113,
十支队-顺义执法队,G101京沈线K17+700上行天北路口北,擅自占用、挖掘公路,是,110113,
十支队-顺义执法队,G101京沈线K17+700上行天北路口北,在公路用地范围内设置公路标志以外的其他标志,是,110113,
十支队-顺义执法队,G101京沈线K17+700上行天北路口北,遮挡公路附属设施或者利用公路附属设施架设管道、悬挂物品，可能危及公路安全,是,110113,
十支队-顺义执法队,G101京沈线K17+700上行天北路口北,车辆装载物触地拖行、掉落、遗洒或者飘散，造成公路路面损坏、污染,是,110113,
十支队-顺义执法队,G101京沈线K22+290上行火神营交调站,在公路上及公路用地范围内堆放物品,是,110113,11000000001317480152
十支队-顺义执法队,G101京沈线K22+290上行火神营交调站,在公路上及公路用地范围内摆摊设点,是,110113,11000000001317480152
十支队-顺义执法队,G101京沈线K22+290上行火神营交调站,在公路范围内擅自移动井盖,否,110113,11000000001317480152
十支队-顺义执法队,G101京沈线K22+290上行火神营交调站,擅自占用、挖掘公路,是,110113,11000000001317480152
十支队-顺义执法队,G101京沈线K22+290上行火神营交调站,在公路用地范围内设置公路标志以外的其他标志,是,110113,11000000001317480152
十支队-顺义执法队,G101京沈线K22+290上行火神营交调站,遮挡公路附属设施或者利用公路附属设施架设管道、悬挂物品，可能危及公路安全,是,110113,11000000001317480152
十支队-顺义执法队,G101京沈线K22+290上行火神营交调站,车辆装载物触地拖行、掉落、遗洒或者飘散，造成公路路面损坏、污染,是,110113,11000000001317480152
十支队-顺义执法队,G101京沈线K27+050下行顺沙路口南,在公路上及公路用地范围内堆放物品,是,110113,
十支队-顺义执法队,G101京沈线K27+050下行顺沙路口南,在公路上及公路用地范围内摆摊设点,是,110113,
十支队-顺义执法队,G101京沈线K27+050下行顺沙路口南,在公路范围内擅自移动井盖,否,110113,
十支队-顺义执法队,G101京沈线K27+050下行顺沙路口南,擅自占用、挖掘公路,是,110113,
十支队-顺义执法队,G101京沈线K27+050下行顺沙路口南,在公路用地范围内设置公路标志以外的其他标志,是,110113,
十支队-顺义执法队,G101京沈线K27+050下行顺沙路口南,遮挡公路附属设施或者利用公路附属设施架设管道、悬挂物品，可能危及公路安全,是,110113,
十支队-顺义执法队,G101京沈线K27+050下行顺沙路口南,车辆装载物触地拖行、掉落、遗洒或者飘散，造成公路路面损坏、污染,是,110113,
十支队-顺义执法队,G101京沈线K32+300上行马坡桥南,在公路上及公路用地范围内堆放物品,是,110113,11000000001312736054
十支队-顺义执法队,G101京沈线K32+300上行马坡桥南,在公路上及公路用地范围内摆摊设点,是,110113,11000000001312736054
十支队-顺义执法队,G101京沈线K32+300上行马坡桥南,在公路范围内擅自移动井盖,否,110113,11000000001312736054
十支队-顺义执法队,G101京沈线K32+300上行马坡桥南,擅自占用、挖掘公路,是,110113,11000000001312736054
十支队-顺义执法队,G101京沈线K32+300上行马坡桥南,在公路用地范围内设置公路标志以外的其他标志,是,110113,11000000001312736054
十支队-顺义执法队,G101京沈线K32+300上行马坡桥南,遮挡公路附属设施或者利用公路附属设施架设管道、悬挂物品，可能危及公路安全,是,110113,11000000001312736054
十支队-顺义执法队,G101京沈线K32+300上行马坡桥南,车辆装载物触地拖行、掉落、遗洒或者飘散，造成公路路面损坏、污染,是,110113,11000000001312736054
十支队-顺义执法队,G101京沈线K37+000下行昌金路口南,在公路上及公路用地范围内堆放物品,是,110113,
十支队-顺义执法队,G101京沈线K37+000下行昌金路口南,在公路上及公路用地范围内摆摊设点,是,110113,
十支队-顺义执法队,G101京沈线K37+000下行昌金路口南,在公路范围内擅自移动井盖,否,110113,
十支队-顺义执法队,G101京沈线K37+000下行昌金路口南,擅自占用、挖掘公路,是,110113,
十支队-顺义执法队,G101京沈线K37+000下行昌金路口南,在公路用地范围内设置公路标志以外的其他标志,是,110113,
十支队-顺义执法队,G101京沈线K37+000下行昌金路口南,遮挡公路附属设施或者利用公路附属设施架设管道、悬挂物品，可能危及公路安全,是,110113,
十支队-顺义执法队,G101京沈线K37+000下行昌金路口南,车辆装载物触地拖行、掉落、遗洒或者飘散，造成公路路面损坏、污染,是,110113,
十支队-顺义执法队,G101京沈线K39+200上行富各庄,在公路上及公路用地范围内堆放物品,是,110113,
十支队-顺义执法队,G101京沈线K39+200上行富各庄,在公路上及公路用地范围内摆摊设点,是,110113,
十支队-顺义执法队,G101京沈线K39+200上行富各庄,在公路范围内擅自移动井盖,否,110113,
十支队-顺义执法队,G101京沈线K39+200上行富各庄,擅自占用、挖掘公路,是,110113,
十支队-顺义执法队,G101京沈线K39+200上行富各庄,在公路用地范围内设置公路标志以外的其他标志,是,110113,
十支队-顺义执法队,G101京沈线K39+200上行富各庄,遮挡公路附属设施或者利用公路附属设施架设管道、悬挂物品，可能危及公路安全,是,110113,
十支队-顺义执法队,G101京沈线K39+200上行富各庄,车辆装载物触地拖行、掉落、遗洒或者飘散，造成公路路面损坏、污染,是,110113,
十支队-顺义执法队,G101京沈线K39+350下行富各庄,在公路上及公路用地范围内堆放物品,是,110113,11000000001317193402
十支队-顺义执法队,G101京沈线K39+350下行富各庄,在公路上及公路用地范围内摆摊设点,是,110113,11000000001317193402
十支队-顺义执法队,G101京沈线K39+350下行富各庄,在公路范围内擅自移动井盖,否,110113,11000000001317193402
十支队-顺义执法队,G101京沈线K39+350下行富各庄,擅自占用、挖掘公路,是,110113,11000000001317193402
十支队-顺义执法队,G101京沈线K39+350下行富各庄,在公路用地范围内设置公路标志以外的其他标志,是,110113,11000000001317193402
十支队-顺义执法队,G101京沈线K39+350下行富各庄,遮挡公路附属设施或者利用公路附属设施架设管道、悬挂物品，可能危及公路安全,是,110113,11000000001317193402
十支队-顺义执法队,G101京沈线K39+350下行富各庄,车辆装载物触地拖行、掉落、遗洒或者飘散，造成公路路面损坏、污染,是,110113,11000000001317193402
十支队-怀柔执法队,G101京沈线K42+400赵各庄,在公路上及公路用地范围内堆放物品,是,110116,
十支队-怀柔执法队,G101京沈线K42+400赵各庄,在公路上及公路用地范围内摆摊设点,是,110116,
十支队-怀柔执法队,G101京沈线K42+400赵各庄,在公路范围内擅自移动井盖,否,110116,
十支队-怀柔执法队,G101京沈线K42+400赵各庄,擅自占用、挖掘公路,是,110116,
十支队-怀柔执法队,G101京沈线K42+400赵各庄,在公路用地范围内设置公路标志以外的其他标志,是,110116,
十支队-怀柔执法队,G101京沈线K42+400赵各庄,遮挡公路附属设施或者利用公路附属设施架设管道、悬挂物品，可能危及公路安全,是,110116,
十支队-怀柔执法队,G101京沈线K42+400赵各庄,车辆装载物触地拖行、掉落、遗洒或者飘散，造成公路路面损坏、污染,是,110116,
十支队-怀柔执法队,G101京沈线K44+500京承入口,在公路上及公路用地范围内堆放物品,是,110116,
十支队-怀柔执法队,G101京沈线K44+500京承入口,在公路上及公路用地范围内摆摊设点,是,110116,
十支队-怀柔执法队,G101京沈线K44+500京承入口,在公路范围内擅自移动井盖,否,110116,
十支队-怀柔执法队,G101京沈线K44+500京承入口,擅自占用、挖掘公路,是,110116,
十支队-怀柔执法队,G101京沈线K44+500京承入口,在公路用地范围内设置公路标志以外的其他标志,是,110116,
十支队-怀柔执法队,G101京沈线K44+500京承入口,遮挡公路附属设施或者利用公路附属设施架设管道、悬挂物品，可能危及公路安全,是,110116,
十支队-怀柔执法队,G101京沈线K44+500京承入口,车辆装载物触地拖行、掉落、遗洒或者飘散，造成公路路面损坏、污染,是,110116,
十支队-怀柔执法队,G101京沈线K46+400怀丰立交进京方向,在公路上及公路用地范围内堆放物品,是,110116,
十支队-怀柔执法队,G101京沈线K46+400怀丰立交进京方向,在公路上及公路用地范围内摆摊设点,是,110116,
十支队-怀柔执法队,G101京沈线K46+400怀丰立交进京方向,在公路范围内擅自移动井盖,否,110116,
十支队-怀柔执法队,G101京沈线K46+400怀丰立交进京方向,擅自占用、挖掘公路,是,110116,
十支队-怀柔执法队,G101京沈线K46+400怀丰立交进京方向,在公路用地范围内设置公路标志以外的其他标志,是,110116,
十支队-怀柔执法队,G101京沈线K46+400怀丰立交进京方向,遮挡公路附属设施或者利用公路附属设施架设管道、悬挂物品，可能危及公路安全,是,110116,
十支队-怀柔执法队,G101京沈线K46+400怀丰立交进京方向,车辆装载物触地拖行、掉落、遗洒或者飘散，造成公路路面损坏、污染,是,110116,
十支队-怀柔执法队,G101京沈线K49+100开放路环岛,在公路上及公路用地范围内堆放物品,是,110116,
十支队-怀柔执法队,G101京沈线K49+100开放路环岛,在公路上及公路用地范围内摆摊设点,是,110116,
十支队-怀柔执法队,G101京沈线K49+100开放路环岛,在公路范围内擅自移动井盖,否,110116,
十支队-怀柔执法队,G101京沈线K49+100开放路环岛,擅自占用、挖掘公路,是,110116,
十支队-怀柔执法队,G101京沈线K49+100开放路环岛,在公路用地范围内设置公路标志以外的其他标志,是,110116,
十支队-怀柔执法队,G101京沈线K49+100开放路环岛,遮挡公路附属设施或者利用公路附属设施架设管道、悬挂物品，可能危及公路安全,是,110116,
十支队-怀柔执法队,G101京沈线K49+100开放路环岛,车辆装载物触地拖行、掉落、遗洒或者飘散，造成公路路面损坏、污染,是,110116,
十支队-怀柔执法队,G101京沈线K54+100驸马庄,在公路上及公路用地范围内堆放物品,是,110116,
十支队-怀柔执法队,G101京沈线K54+100驸马庄,在公路上及公路用地范围内摆摊设点,是,110116,
十支队-怀柔执法队,G101京沈线K54+100驸马庄,在公路范围内擅自移动井盖,否,110116,
十支队-怀柔执法队,G101京沈线K54+100驸马庄,擅自占用、挖掘公路,是,110116,
十支队-怀柔执法队,G101京沈线K54+100驸马庄,在公路用地范围内设置公路标志以外的其他标志,是,110116,
十支队-怀柔执法队,G101京沈线K54+100驸马庄,遮挡公路附属设施或者利用公路附属设施架设管道、悬挂物品，可能危及公路安全,是,110116,
十支队-怀柔执法队,G101京沈线K54+100驸马庄,车辆装载物触地拖行、掉落、遗洒或者飘散，造成公路路面损坏、污染,是,110116,
十支队-密云执法队,G101京沈线K59+100西统路路口 进京方向,在公路上及公路用地范围内堆放物品,是,110118,11000000001312652246
十支队-密云执法队,G101京沈线K59+100西统路路口 进京方向,在公路上及公路用地范围内摆摊设点,是,110118,11000000001312652246
十支队-密云执法队,G101京沈线K59+100西统路路口 进京方向,在公路范围内擅自移动井盖,否,110118,11000000001312652246
十支队-密云执法队,G101京沈线K59+100西统路路口 进京方向,擅自占用、挖掘公路,是,110118,11000000001312652246
十支队-密云执法队,G101京沈线K59+100西统路路口 进京方向,在公路用地范围内设置公路标志以外的其他标志,是,110118,11000000001312652246
十支队-密云执法队,G101京沈线K59+100西统路路口 进京方向,遮挡公路附属设施或者利用公路附属设施架设管道、悬挂物品，可能危及公路安全,是,110118,11000000001312652246
十支队-密云执法队,G101京沈线K59+100西统路路口 进京方向,车辆装载物触地拖行、掉落、遗洒或者飘散，造成公路路面损坏、污染,是,110118,11000000001312652246
十支队-密云执法队,G101京沈线K59+150程家庄 进京方向,在公路上及公路用地范围内堆放物品,是,110118,
十支队-密云执法队,G101京沈线K59+150程家庄 进京方向,在公路上及公路用地范围内摆摊设点,是,110118,
十支队-密云执法队,G101京沈线K59+150程家庄 进京方向,在公路范围内擅自移动井盖,否,110118,
十支队-密云执法队,G101京沈线K59+150程家庄 进京方向,擅自占用、挖掘公路,是,110118,
十支队-密云执法队,G101京沈线K59+150程家庄 进京方向,在公路用地范围内设置公路标志以外的其他标志,是,110118,
十支队-密云执法队,G101京沈线K59+150程家庄 进京方向,遮挡公路附属设施或者利用公路附属设施架设管道、悬挂物品，可能危及公路安全,是,110118,
十支队-密云执法队,G101京沈线K59+150程家庄 进京方向,车辆装载物触地拖行、掉落、遗洒或者飘散，造成公路路面损坏、污染,是,110118,
十支队-密云执法队,G101京沈线K73+200前栗园铁路桥 出京方向,在公路上及公路用地范围内堆放物品,是,110118,
十支队-密云执法队,G101京沈线K73+200前栗园铁路桥 出京方向,在公路上及公路用地范围内摆摊设点,是,110118,
十支队-密云执法队,G101京沈线K73+200前栗园铁路桥 出京方向,在公路范围内擅自移动井盖,否,110118,
十支队-密云执法队,G101京沈线K73+200前栗园铁路桥 出京方向,擅自占用、挖掘公路,是,110118,
十支队-密云执法队,G101京沈线K73+200前栗园铁路桥 出京方向,在公路用地范围内设置公路标志以外的其他标志,是,110118,
十支队-密云执法队,G101京沈线K73+200前栗园铁路桥 出京方向,遮挡公路附属设施或者利用公路附属设施架设管道、悬挂物品，可能危及公路安全,是,110118,
十支队-密云执法队,G101京沈线K73+200前栗园铁路桥 出京方向,车辆装载物触地拖行、掉落、遗洒或者飘散，造成公路路面损坏、污染,是,110118,
十支队-密云执法队,G101京沈线K87+395庄头峪 进京方向,在公路上及公路用地范围内堆放物品,是,110118,
十支队-密云执法队,G101京沈线K87+395庄头峪 进京方向,在公路上及公路用地范围内摆摊设点,是,110118,
十支队-密云执法队,G101京沈线K87+395庄头峪 进京方向,在公路范围内擅自移动井盖,否,110118,
十支队-密云执法队,G101京沈线K87+395庄头峪 进京方向,擅自占用、挖掘公路,是,110118,
十支队-密云执法队,G101京沈线K87+395庄头峪 进京方向,在公路用地范围内设置公路标志以外的其他标志,是,110118,
十支队-密云执法队,G101京沈线K87+395庄头峪 进京方向,遮挡公路附属设施或者利用公路附属设施架设管道、悬挂物品，可能危及公路安全,是,110118,
十支队-密云执法队,G101京沈线K87+395庄头峪 进京方向,车辆装载物触地拖行、掉落、遗洒或者飘散，造成公路路面损坏、污染,是,110118,
十支队-密云执法队,G101京沈线K98+610四十亩地 进京方向,在公路上及公路用地范围内堆放物品,是,110118,
十支队-密云执法队,G101京沈线K98+610四十亩地 进京方向,在公路上及公路用地范围内摆摊设点,是,110118,
十支队-密云执法队,G101京沈线K98+610四十亩地 进京方向,在公路范围内擅自移动井盖,否,110118,
十支队-密云执法队,G101京沈线K98+610四十亩地 进京方向,擅自占用、挖掘公路,是,110118,
十支队-密云执法队,G101京沈线K98+610四十亩地 进京方向,在公路用地范围内设置公路标志以外的其他标志,是,110118,
十支队-密云执法队,G101京沈线K98+610四十亩地 进京方向,遮挡公路附属设施或者利用公路附属设施架设管道、悬挂物品，可能危及公路安全,是,110118,
十支队-密云执法队,G101京沈线K98+610四十亩地 进京方向,车辆装载物触地拖行、掉落、遗洒或者飘散，造成公路路面损坏、污染,是,110118,
十支队-通州执法队,G102通燕路道路K21+000北运河桥东下行（可控）,在公路上及公路用地范围内堆放物品,是,110112,
十支队-通州执法队,G102通燕路道路K21+000北运河桥东下行（可控）,在公路上及公路用地范围内摆摊设点,是,110112,
十支队-通州执法队,G102通燕路道路K21+000北运河桥东下行（可控）,在公路范围内擅自移动井盖,否,110112,
十支队-通州执法队,G102通燕路道路K21+000北运河桥东下行（可控）,擅自占用、挖掘公路,是,110112,
十支队-通州执法队,G102通燕路道路K21+000北运河桥东下行（可控）,在公路用地范围内设置公路标志以外的其他标志,是,110112,
十支队-通州执法队,G102通燕路道路K21+000北运河桥东下行（可控）,遮挡公路附属设施或者利用公路附属设施架设管道、悬挂物品，可能危及公路安全,是,110112,
十支队-通州执法队,G102通燕路道路K21+000北运河桥东下行（可控）,车辆装载物触地拖行、掉落、遗洒或者飘散，造成公路路面损坏、污染,是,110112,
十支队-通州执法队,G102通燕路道路K22+110耿庄桥上行（可控）,在公路上及公路用地范围内堆放物品,是,110112,
十支队-通州执法队,G102通燕路道路K22+110耿庄桥上行（可控）,在公路上及公路用地范围内摆摊设点,是,110112,
十支队-通州执法队,G102通燕路道路K22+110耿庄桥上行（可控）,在公路范围内擅自移动井盖,否,110112,
十支队-通州执法队,G102通燕路道路K22+110耿庄桥上行（可控）,擅自占用、挖掘公路,是,110112,
十支队-通州执法队,G102通燕路道路K22+110耿庄桥上行（可控）,在公路用地范围内设置公路标志以外的其他标志,是,110112,
十支队-通州执法队,G102通燕路道路K22+110耿庄桥上行（可控）,遮挡公路附属设施或者利用公路附属设施架设管道、悬挂物品，可能危及公路安全,是,110112,
十支队-通州执法队,G102通燕路道路K22+110耿庄桥上行（可控）,车辆装载物触地拖行、掉落、遗洒或者飘散，造成公路路面损坏、污染,是,110112,
十支队-通州执法队,G102通燕路道路K22+900耿庄桥东上行（可控）,在公路上及公路用地范围内堆放物品,是,110112,
十支队-通州执法队,G102通燕路道路K22+900耿庄桥东上行（可控）,在公路上及公路用地范围内摆摊设点,是,110112,
十支队-通州执法队,G102通燕路道路K22+900耿庄桥东上行（可控）,在公路范围内擅自移动井盖,否,110112,
十支队-通州执法队,G102通燕路道路K22+900耿庄桥东上行（可控）,擅自占用、挖掘公路,是,110112,
十支队-通州执法队,G102通燕路道路K22+900耿庄桥东上行（可控）,在公路用地范围内设置公路标志以外的其他标志,是,110112,
十支队-通州执法队,G102通燕路道路K22+900耿庄桥东上行（可控）,遮挡公路附属设施或者利用公路附属设施架设管道、悬挂物品，可能危及公路安全,是,110112,
十支队-通州执法队,G102通燕路道路K22+900耿庄桥东上行（可控）,车辆装载物触地拖行、掉落、遗洒或者飘散，造成公路路面损坏、污染,是,110112,
十支队-通州执法队,G102通燕路道路K24+100三惠桥下行（可控）,在公路上及公路用地范围内堆放物品,是,110112,
十支队-通州执法队,G102通燕路道路K24+100三惠桥下行（可控）,在公路上及公路用地范围内摆摊设点,是,110112,
十支队-通州执法队,G102通燕路道路K24+100三惠桥下行（可控）,在公路范围内擅自移动井盖,否,110112,
十支队-通州执法队,G102通燕路道路K24+100三惠桥下行（可控）,擅自占用、挖掘公路,是,110112,
十支队-通州执法队,G102通燕路道路K24+100三惠桥下行（可控）,在公路用地范围内设置公路标志以外的其他标志,是,110112,
十支队-通州执法队,G102通燕路道路K24+100三惠桥下行（可控）,遮挡公路附属设施或者利用公路附属设施架设管道、悬挂物品，可能危及公路安全,是,110112,
十支队-通州执法队,G102通燕路道路K24+100三惠桥下行（可控）,车辆装载物触地拖行、掉落、遗洒或者飘散，造成公路路面损坏、污染,是,110112,
十支队-通州执法队,G102通燕路道路K25+000三惠东桥东上行（可控）,在公路上及公路用地范围内堆放物品,是,110112,
十支队-通州执法队,G102通燕路道路K25+000三惠东桥东上行（可控）,在公路上及公路用地范围内摆摊设点,是,110112,
十支队-通州执法队,G102通燕路道路K25+000三惠东桥东上行（可控）,在公路范围内擅自移动井盖,否,110112,
十支队-通州执法队,G102通燕路道路K25+000三惠东桥东上行（可控）,擅自占用、挖掘公路,是,110112,
十支队-通州执法队,G102通燕路道路K25+000三惠东桥东上行（可控）,在公路用地范围内设置公路标志以外的其他标志,是,110112,
十支队-通州执法队,G102通燕路道路K25+000三惠东桥东上行（可控）,遮挡公路附属设施或者利用公路附属设施架设管道、悬挂物品，可能危及公路安全,是,110112,
十支队-通州执法队,G102通燕路道路K25+000三惠东桥东上行（可控）,车辆装载物触地拖行、掉落、遗洒或者飘散，造成公路路面损坏、污染,是,110112,
十支队-通州执法队,G102通燕路道路K26+110丁各庄桥西上行（可控）,在公路上及公路用地范围内堆放物品,是,110112,
十支队-通州执法队,G102通燕路道路K26+110丁各庄桥西上行（可控）,在公路上及公路用地范围内摆摊设点,是,110112,
十支队-通州执法队,G102通燕路道路K26+110丁各庄桥西上行（可控）,在公路范围内擅自移动井盖,否,110112,
十支队-通州执法队,G102通燕路道路K26+110丁各庄桥西上行（可控）,擅自占用、挖掘公路,是,110112,
十支队-通州执法队,G102通燕路道路K26+110丁各庄桥西上行（可控）,在公路用地范围内设置公路标志以外的其他标志,是,110112,
十支队-通州执法队,G102通燕路道路K26+110丁各庄桥西上行（可控）,遮挡公路附属设施或者利用公路附属设施架设管道、悬挂物品，可能危及公路安全,是,110112,
十支队-通州执法队,G102通燕路道路K26+110丁各庄桥西上行（可控）,车辆装载物触地拖行、掉落、遗洒或者飘散，造成公路路面损坏、污染,是,110112,
十支队-通州执法队,G102通燕路道路K27+280丁各庄桥东1100米下行（可控）,在公路上及公路用地范围内堆放物品,是,110112,
十支队-通州执法队,G102通燕路道路K27+280丁各庄桥东1100米下行（可控）,在公路上及公路用地范围内摆摊设点,是,110112,
十支队-通州执法队,G102通燕路道路K27+280丁各庄桥东1100米下行（可控）,在公路范围内擅自移动井盖,否,110112,
十支队-通州执法队,G102通燕路道路K27+280丁各庄桥东1100米下行（可控）,擅自占用、挖掘公路,是,110112,
十支队-通州执法队,G102通燕路道路K27+280丁各庄桥东1100米下行（可控）,在公路用地范围内设置公路标志以外的其他标志,是,110112,
十支队-通州执法队,G102通燕路道路K27+280丁各庄桥东1100米下行（可控）,遮挡公路附属设施或者利用公路附属设施架设管道、悬挂物品，可能危及公路安全,是,110112,
十支队-通州执法队,G102通燕路道路K27+280丁各庄桥东1100米下行（可控）,车辆装载物触地拖行、掉落、遗洒或者飘散，造成公路路面损坏、污染,是,110112,
十支队-通州执法队,G102通燕路道路K28+810北刘桥下行（可控）,在公路上及公路用地范围内堆放物品,是,110112,
十支队-通州执法队,G102通燕路道路K28+810北刘桥下行（可控）,在公路上及公路用地范围内摆摊设点,是,110112,
十支队-通州执法队,G102通燕路道路K28+810北刘桥下行（可控）,在公路范围内擅自移动井盖,否,110112,
十支队-通州执法队,G102通燕路道路K28+810北刘桥下行（可控）,擅自占用、挖掘公路,是,110112,
十支队-通州执法队,G102通燕路道路K28+810北刘桥下行（可控）,在公路用地范围内设置公路标志以外的其他标志,是,110112,
十支队-通州执法队,G102通燕路道路K28+810北刘桥下行（可控）,遮挡公路附属设施或者利用公路附属设施架设管道、悬挂物品，可能危及公路安全,是,110112,
十支队-通州执法队,G102通燕路道路K28+810北刘桥下行（可控）,车辆装载物触地拖行、掉落、遗洒或者飘散，造成公路路面损坏、污染,是,110112,
十支队-通州执法队,G102通燕路道路K30+330潮白河大桥西下行（可控）,在公路上及公路用地范围内堆放物品,是,110112,
十支队-通州执法队,G102通燕路道路K30+330潮白河大桥西下行（可控）,在公路上及公路用地范围内摆摊设点,是,110112,
十支队-通州执法队,G102通燕路道路K30+330潮白河大桥西下行（可控）,在公路范围内擅自移动井盖,否,110112,
十支队-通州执法队,G102通燕路道路K30+330潮白河大桥西下行（可控）,擅自占用、挖掘公路,是,110112,
十支队-通州执法队,G102通燕路道路K30+330潮白河大桥西下行（可控）,在公路用地范围内设置公路标志以外的其他标志,是,110112,
十支队-通州执法队,G102通燕路道路K30+330潮白河大桥西下行（可控）,遮挡公路附属设施或者利用公路附属设施架设管道、悬挂物品，可能危及公路安全,是,110112,
十支队-通州执法队,G102通燕路道路K30+330潮白河大桥西下行（可控）,车辆装载物触地拖行、掉落、遗洒或者飘散，造成公路路面损坏、污染,是,110112,
十支队-通州执法队,G102通燕路广场K26+050丁各庄北匝广场下行（可控）,在公路上及公路用地范围内堆放物品,是,110112,
十支队-通州执法队,G102通燕路广场K26+050丁各庄北匝广场下行（可控）,在公路上及公路用地范围内摆摊设点,是,110112,
十支队-通州执法队,G102通燕路广场K26+050丁各庄北匝广场下行（可控）,在公路范围内擅自移动井盖,否,110112,
十支队-通州执法队,G102通燕路广场K26+050丁各庄北匝广场下行（可控）,擅自占用、挖掘公路,是,110112,
十支队-通州执法队,G102通燕路广场K26+050丁各庄北匝广场下行（可控）,在公路用地范围内设置公路标志以外的其他标志,是,110112,
十支队-通州执法队,G102通燕路广场K26+050丁各庄北匝广场下行（可控）,遮挡公路附属设施或者利用公路附属设施架设管道、悬挂物品，可能危及公路安全,是,110112,
十支队-通州执法队,G102通燕路广场K26+050丁各庄北匝广场下行（可控）,车辆装载物触地拖行、掉落、遗洒或者飘散，造成公路路面损坏、污染,是,110112,
十支队-通州执法队,G102通燕路广场K26+150丁各庄北匝广场下行（可控）,在公路上及公路用地范围内堆放物品,是,110112,
十支队-通州执法队,G102通燕路广场K26+150丁各庄北匝广场下行（可控）,在公路上及公路用地范围内摆摊设点,是,110112,
十支队-通州执法队,G102通燕路广场K26+150丁各庄北匝广场下行（可控）,在公路范围内擅自移动井盖,否,110112,
十支队-通州执法队,G102通燕路广场K26+150丁各庄北匝广场下行（可控）,擅自占用、挖掘公路,是,110112,
十支队-通州执法队,G102通燕路广场K26+150丁各庄北匝广场下行（可控）,在公路用地范围内设置公路标志以外的其他标志,是,110112,
十支队-通州执法队,G102通燕路广场K26+150丁各庄北匝广场下行（可控）,遮挡公路附属设施或者利用公路附属设施架设管道、悬挂物品，可能危及公路安全,是,110112,
十支队-通州执法队,G102通燕路广场K26+150丁各庄北匝广场下行（可控）,车辆装载物触地拖行、掉落、遗洒或者飘散，造成公路路面损坏、污染,是,110112,
十支队-通州执法队,G102通燕路广场K26+150丁各庄南匝广场上行（可控）,在公路上及公路用地范围内堆放物品,是,110112,
十支队-通州执法队,G102通燕路广场K26+150丁各庄南匝广场上行（可控）,在公路上及公路用地范围内摆摊设点,是,110112,
十支队-通州执法队,G102通燕路广场K26+150丁各庄南匝广场上行（可控）,在公路范围内擅自移动井盖,否,110112,
十支队-通州执法队,G102通燕路广场K26+150丁各庄南匝广场上行（可控）,擅自占用、挖掘公路,是,110112,
十支队-通州执法队,G102通燕路广场K26+150丁各庄南匝广场上行（可控）,在公路用地范围内设置公路标志以外的其他标志,是,110112,
十支队-通州执法队,G102通燕路广场K26+150丁各庄南匝广场上行（可控）,遮挡公路附属设施或者利用公路附属设施架设管道、悬挂物品，可能危及公路安全,是,110112,
十支队-通州执法队,G102通燕路广场K26+150丁各庄南匝广场上行（可控）,车辆装载物触地拖行、掉落、遗洒或者飘散，造成公路路面损坏、污染,是,110112,
十支队-通州执法队,G102通燕路广场K26+50丁各庄南匝广场上行（可控）,在公路上及公路用地范围内堆放物品,是,110112,
十支队-通州执法队,G102通燕路广场K26+50丁各庄南匝广场上行（可控）,在公路上及公路用地范围内摆摊设点,是,110112,
十支队-通州执法队,G102通燕路广场K26+50丁各庄南匝广场上行（可控）,在公路范围内擅自移动井盖,否,110112,
十支队-通州执法队,G102通燕路广场K26+50丁各庄南匝广场上行（可控）,擅自占用、挖掘公路,是,110112,
十支队-通州执法队,G102通燕路广场K26+50丁各庄南匝广场上行（可控）,在公路用地范围内设置公路标志以外的其他标志,是,110112,
十支队-通州执法队,G102通燕路广场K26+50丁各庄南匝广场上行（可控）,遮挡公路附属设施或者利用公路附属设施架设管道、悬挂物品，可能危及公路安全,是,110112,
十支队-通州执法队,G102通燕路广场K26+50丁各庄南匝广场上行（可控）,车辆装载物触地拖行、掉落、遗洒或者飘散，造成公路路面损坏、污染,是,110112,
十支队-通州执法队,G102通燕路广场K28+750白庙北匝广场下行（可控）,在公路上及公路用地范围内堆放物品,是,110112,
十支队-通州执法队,G102通燕路广场K28+750白庙北匝广场下行（可控）,在公路上及公路用地范围内摆摊设点,是,110112,
十支队-通州执法队,G102通燕路广场K28+750白庙北匝广场下行（可控）,在公路范围内擅自移动井盖,否,110112,
十支队-通州执法队,G102通燕路广场K28+750白庙北匝广场下行（可控）,擅自占用、挖掘公路,是,110112,
十支队-通州执法队,G102通燕路广场K28+750白庙北匝广场下行（可控）,在公路用地范围内设置公路标志以外的其他标志,是,110112,
十支队-通州执法队,G102通燕路广场K28+750白庙北匝广场下行（可控）,遮挡公路附属设施或者利用公路附属设施架设管道、悬挂物品，可能危及公路安全,是,110112,
十支队-通州执法队,G102通燕路广场K28+750白庙北匝广场下行（可控）,车辆装载物触地拖行、掉落、遗洒或者飘散，造成公路路面损坏、污染,是,110112,
十支队-通州执法队,G102通燕路广场K28+810白庙南匝匝广场上行（可控）,在公路上及公路用地范围内堆放物品,是,110112,
十支队-通州执法队,G102通燕路广场K28+810白庙南匝匝广场上行（可控）,在公路上及公路用地范围内摆摊设点,是,110112,
十支队-通州执法队,G102通燕路广场K28+810白庙南匝匝广场上行（可控）,在公路范围内擅自移动井盖,否,110112,
十支队-通州执法队,G102通燕路广场K28+810白庙南匝匝广场上行（可控）,擅自占用、挖掘公路,是,110112,
十支队-通州执法队,G102通燕路广场K28+810白庙南匝匝广场上行（可控）,在公路用地范围内设置公路标志以外的其他标志,是,110112,
十支队-通州执法队,G102通燕路广场K28+810白庙南匝匝广场上行（可控）,遮挡公路附属设施或者利用公路附属设施架设管道、悬挂物品，可能危及公路安全,是,110112,
十支队-通州执法队,G102通燕路广场K28+810白庙南匝匝广场上行（可控）,车辆装载物触地拖行、掉落、遗洒或者飘散，造成公路路面损坏、污染,是,110112,
十支队-通州执法队,G102通燕路广场K29+050白庙主站进京广场下行（可控）,在公路上及公路用地范围内堆放物品,是,110112,
十支队-通州执法队,G102通燕路广场K29+050白庙主站进京广场下行（可控）,在公路上及公路用地范围内摆摊设点,是,110112,
十支队-通州执法队,G102通燕路广场K29+050白庙主站进京广场下行（可控）,在公路范围内擅自移动井盖,否,110112,
十支队-通州执法队,G102通燕路广场K29+050白庙主站进京广场下行（可控）,擅自占用、挖掘公路,是,110112,
十支队-通州执法队,G102通燕路广场K29+050白庙主站进京广场下行（可控）,在公路用地范围内设置公路标志以外的其他标志,是,110112,
十支队-通州执法队,G102通燕路广场K29+050白庙主站进京广场下行（可控）,遮挡公路附属设施或者利用公路附属设施架设管道、悬挂物品，可能危及公路安全,是,110112,
十支队-通州执法队,G102通燕路广场K29+050白庙主站进京广场下行（可控）,车辆装载物触地拖行、掉落、遗洒或者飘散，造成公路路面损坏、污染,是,110112,
十支队-通州执法队,G102通燕路广场K29+150白庙主站出京广场上行（可控）,在公路上及公路用地范围内堆放物品,是,110112,
十支队-通州执法队,G102通燕路广场K29+150白庙主站出京广场上行（可控）,在公路上及公路用地范围内摆摊设点,是,110112,
十支队-通州执法队,G102通燕路广场K29+150白庙主站出京广场上行（可控）,在公路范围内擅自移动井盖,否,110112,
十支队-通州执法队,G102通燕路广场K29+150白庙主站出京广场上行（可控）,擅自占用、挖掘公路,是,110112,
十支队-通州执法队,G102通燕路广场K29+150白庙主站出京广场上行（可控）,在公路用地范围内设置公路标志以外的其他标志,是,110112,
十支队-通州执法队,G102通燕路广场K29+150白庙主站出京广场上行（可控）,遮挡公路附属设施或者利用公路附属设施架设管道、悬挂物品，可能危及公路安全,是,110112,
十支队-通州执法队,G102通燕路广场K29+150白庙主站出京广场上行（可控）,车辆装载物触地拖行、掉落、遗洒或者飘散，造成公路路面损坏、污染,是,110112,
十支队-通州执法队,G102通燕路桥下K30+600潮白河大桥东（可控）,在公路上及公路用地范围内堆放物品,是,110112,
十支队-通州执法队,G102通燕路桥下K30+600潮白河大桥东（可控）,在公路上及公路用地范围内摆摊设点,是,110112,
十支队-通州执法队,G102通燕路桥下K30+600潮白河大桥东（可控）,在公路范围内擅自移动井盖,否,110112,
十支队-通州执法队,G102通燕路桥下K30+600潮白河大桥东（可控）,擅自占用、挖掘公路,是,110112,
十支队-通州执法队,G102通燕路桥下K30+600潮白河大桥东（可控）,在公路用地范围内设置公路标志以外的其他标志,是,110112,
十支队-通州执法队,G102通燕路桥下K30+600潮白河大桥东（可控）,遮挡公路附属设施或者利用公路附属设施架设管道、悬挂物品，可能危及公路安全,是,110112,
十支队-通州执法队,G102通燕路桥下K30+600潮白河大桥东（可控）,车辆装载物触地拖行、掉落、遗洒或者飘散，造成公路路面损坏、污染,是,110112,
十支队-通州执法队,G102通燕路匝道K24+410三惠东桥出京出上行（固定）,在公路上及公路用地范围内堆放物品,是,110112,
十支队-通州执法队,G102通燕路匝道K24+410三惠东桥出京出上行（固定）,在公路上及公路用地范围内摆摊设点,是,110112,
十支队-通州执法队,G102通燕路匝道K24+410三惠东桥出京出上行（固定）,在公路范围内擅自移动井盖,否,110112,
十支队-通州执法队,G102通燕路匝道K24+410三惠东桥出京出上行（固定）,擅自占用、挖掘公路,是,110112,
十支队-通州执法队,G102通燕路匝道K24+410三惠东桥出京出上行（固定）,在公路用地范围内设置公路标志以外的其他标志,是,110112,
十支队-通州执法队,G102通燕路匝道K24+410三惠东桥出京出上行（固定）,遮挡公路附属设施或者利用公路附属设施架设管道、悬挂物品，可能危及公路安全,是,110112,
十支队-通州执法队,G102通燕路匝道K24+410三惠东桥出京出上行（固定）,车辆装载物触地拖行、掉落、遗洒或者飘散，造成公路路面损坏、污染,是,110112,
十支队-通州执法队,G102通燕路匝道K24+410三惠东桥出京入下行（固定）,在公路上及公路用地范围内堆放物品,是,110112,
十支队-通州执法队,G102通燕路匝道K24+410三惠东桥出京入下行（固定）,在公路上及公路用地范围内摆摊设点,是,110112,
十支队-通州执法队,G102通燕路匝道K24+410三惠东桥出京入下行（固定）,在公路范围内擅自移动井盖,否,110112,
十支队-通州执法队,G102通燕路匝道K24+410三惠东桥出京入下行（固定）,擅自占用、挖掘公路,是,110112,
十支队-通州执法队,G102通燕路匝道K24+410三惠东桥出京入下行（固定）,在公路用地范围内设置公路标志以外的其他标志,是,110112,
十支队-通州执法队,G102通燕路匝道K24+410三惠东桥出京入下行（固定）,遮挡公路附属设施或者利用公路附属设施架设管道、悬挂物品，可能危及公路安全,是,110112,
十支队-通州执法队,G102通燕路匝道K24+410三惠东桥出京入下行（固定）,车辆装载物触地拖行、掉落、遗洒或者飘散，造成公路路面损坏、污染,是,110112,
十支队-通州执法队,G102通燕路匝道K24+510三惠东桥进京出上行（固定）,在公路上及公路用地范围内堆放物品,是,110112,
十支队-通州执法队,G102通燕路匝道K24+510三惠东桥进京出上行（固定）,在公路上及公路用地范围内摆摊设点,是,110112,
十支队-通州执法队,G102通燕路匝道K24+510三惠东桥进京出上行（固定）,在公路范围内擅自移动井盖,否,110112,
十支队-通州执法队,G102通燕路匝道K24+510三惠东桥进京出上行（固定）,擅自占用、挖掘公路,是,110112,
十支队-通州执法队,G102通燕路匝道K24+510三惠东桥进京出上行（固定）,在公路用地范围内设置公路标志以外的其他标志,是,110112,
十支队-通州执法队,G102通燕路匝道K24+510三惠东桥进京出上行（固定）,遮挡公路附属设施或者利用公路附属设施架设管道、悬挂物品，可能危及公路安全,是,110112,
十支队-通州执法队,G102通燕路匝道K24+510三惠东桥进京出上行（固定）,车辆装载物触地拖行、掉落、遗洒或者飘散，造成公路路面损坏、污染,是,110112,
十支队-通州执法队,G103京滨线K16+650北苑泵站,在公路上及公路用地范围内堆放物品,是,110112,11000000001313801275
十支队-通州执法队,G103京滨线K16+650北苑泵站,在公路上及公路用地范围内摆摊设点,是,110112,11000000001313801275
十支队-通州执法队,G103京滨线K16+650北苑泵站,在公路范围内擅自移动井盖,否,110112,11000000001313801275
十支队-通州执法队,G103京滨线K16+650北苑泵站,擅自占用、挖掘公路,是,110112,11000000001313801275
十支队-通州执法队,G103京滨线K16+650北苑泵站,在公路用地范围内设置公路标志以外的其他标志,是,110112,11000000001313801275
十支队-通州执法队,G103京滨线K16+650北苑泵站,遮挡公路附属设施或者利用公路附属设施架设管道、悬挂物品，可能危及公路安全,是,110112,11000000001313801275
十支队-通州执法队,G103京滨线K16+650北苑泵站,车辆装载物触地拖行、掉落、遗洒或者飘散，造成公路路面损坏、污染,是,110112,11000000001313801275
十支队-通州执法队,G103京滨线K18+270北苑高架主桥,在公路上及公路用地范围内堆放物品,是,110112,
十支队-通州执法队,G103京滨线K18+270北苑高架主桥,在公路上及公路用地范围内摆摊设点,是,110112,
十支队-通州执法队,G103京滨线K18+270北苑高架主桥,在公路范围内擅自移动井盖,否,110112,
十支队-通州执法队,G103京滨线K18+270北苑高架主桥,擅自占用、挖掘公路,是,110112,
十支队-通州执法队,G103京滨线K18+270北苑高架主桥,在公路用地范围内设置公路标志以外的其他标志,是,110112,
十支队-通州执法队,G103京滨线K18+270北苑高架主桥,遮挡公路附属设施或者利用公路附属设施架设管道、悬挂物品，可能危及公路安全,是,110112,
十支队-通州执法队,G103京滨线K18+270北苑高架主桥,车辆装载物触地拖行、掉落、遗洒或者飘散，造成公路路面损坏、污染,是,110112,
十支队-通州执法队,G103京滨线K18+850科印铁路桥,在公路上及公路用地范围内堆放物品,是,110112,
十支队-通州执法队,G103京滨线K18+850科印铁路桥,在公路上及公路用地范围内摆摊设点,是,110112,
十支队-通州执法队,G103京滨线K18+850科印铁路桥,在公路范围内擅自移动井盖,否,110112,
十支队-通州执法队,G103京滨线K18+850科印铁路桥,擅自占用、挖掘公路,是,110112,
十支队-通州执法队,G103京滨线K18+850科印铁路桥,在公路用地范围内设置公路标志以外的其他标志,是,110112,
十支队-通州执法队,G103京滨线K18+850科印铁路桥,遮挡公路附属设施或者利用公路附属设施架设管道、悬挂物品，可能危及公路安全,是,110112,
十支队-通州执法队,G103京滨线K18+850科印铁路桥,车辆装载物触地拖行、掉落、遗洒或者飘散，造成公路路面损坏、污染,是,110112,
十支队-通州执法队,G103京滨线K20+320果园环岛西南,在公路上及公路用地范围内堆放物品,是,110112,11000000001317104736
十支队-通州执法队,G103京滨线K20+320果园环岛西南,在公路上及公路用地范围内摆摊设点,是,110112,11000000001317104736
十支队-通州执法队,G103京滨线K20+320果园环岛西南,在公路范围内擅自移动井盖,否,110112,11000000001317104736
十支队-通州执法队,G103京滨线K20+320果园环岛西南,擅自占用、挖掘公路,是,110112,11000000001317104736
十支队-通州执法队,G103京滨线K20+320果园环岛西南,在公路用地范围内设置公路标志以外的其他标志,是,110112,11000000001317104736
十支队-通州执法队,G103京滨线K20+320果园环岛西南,遮挡公路附属设施或者利用公路附属设施架设管道、悬挂物品，可能危及公路安全,是,110112,11000000001317104736
十支队-通州执法队,G103京滨线K20+320果园环岛西南,车辆装载物触地拖行、掉落、遗洒或者飘散，造成公路路面损坏、污染,是,110112,11000000001317104736
十支队-通州执法队,G103京滨线K25+700东六环进京方向入口,在公路上及公路用地范围内堆放物品,是,110112,11000000001315406129
十支队-通州执法队,G103京滨线K25+700东六环进京方向入口,在公路上及公路用地范围内摆摊设点,是,110112,11000000001315406129
十支队-通州执法队,G103京滨线K25+700东六环进京方向入口,在公路范围内擅自移动井盖,否,110112,11000000001315406129
十支队-通州执法队,G103京滨线K25+700东六环进京方向入口,擅自占用、挖掘公路,是,110112,11000000001315406129
十支队-通州执法队,G103京滨线K25+700东六环进京方向入口,在公路用地范围内设置公路标志以外的其他标志,是,110112,11000000001315406129
十支队-通州执法队,G103京滨线K25+700东六环进京方向入口,遮挡公路附属设施或者利用公路附属设施架设管道、悬挂物品，可能危及公路安全,是,110112,11000000001315406129
十支队-通州执法队,G103京滨线K25+700东六环进京方向入口,车辆装载物触地拖行、掉落、遗洒或者飘散，造成公路路面损坏、污染,是,110112,11000000001315406129
十支队-通州执法队,G103京滨线K29+600武兴路路口,在公路上及公路用地范围内堆放物品,是,110112,11000000001312205367
十支队-通州执法队,G103京滨线K29+600武兴路路口,在公路上及公路用地范围内摆摊设点,是,110112,11000000001312205367
十支队-通州执法队,G103京滨线K29+600武兴路路口,在公路范围内擅自移动井盖,否,110112,11000000001312205367
十支队-通州执法队,G103京滨线K29+600武兴路路口,擅自占用、挖掘公路,是,110112,11000000001312205367
十支队-通州执法队,G103京滨线K29+600武兴路路口,在公路用地范围内设置公路标志以外的其他标志,是,110112,11000000001312205367
十支队-通州执法队,G103京滨线K29+600武兴路路口,遮挡公路附属设施或者利用公路附属设施架设管道、悬挂物品，可能危及公路安全,是,110112,11000000001312205367
十支队-通州执法队,G103京滨线K29+600武兴路路口,车辆装载物触地拖行、掉落、遗洒或者飘散，造成公路路面损坏、污染,是,110112,11000000001312205367
十支队-通州执法队,G103京滨线K37+450榆林庄桥,在公路上及公路用地范围内堆放物品,是,110112,
十支队-通州执法队,G103京滨线K37+450榆林庄桥,在公路上及公路用地范围内摆摊设点,是,110112,
十支队-通州执法队,G103京滨线K37+450榆林庄桥,在公路范围内擅自移动井盖,否,110112,
十支队-通州执法队,G103京滨线K37+450榆林庄桥,擅自占用、挖掘公路,是,110112,
十支队-通州执法队,G103京滨线K37+450榆林庄桥,在公路用地范围内设置公路标志以外的其他标志,是,110112,
十支队-通州执法队,G103京滨线K37+450榆林庄桥,遮挡公路附属设施或者利用公路附属设施架设管道、悬挂物品，可能危及公路安全,是,110112,
十支队-通州执法队,G103京滨线K37+450榆林庄桥,车辆装载物触地拖行、掉落、遗洒或者飘散，造成公路路面损坏、污染,是,110112,
十支队-通州执法队,G103京滨线K39+457漷马路路口,在公路上及公路用地范围内堆放物品,是,110112,11000000001311950251
十支队-通州执法队,G103京滨线K39+457漷马路路口,在公路上及公路用地范围内摆摊设点,是,110112,11000000001311950251
十支队-通州执法队,G103京滨线K39+457漷马路路口,在公路范围内擅自移动井盖,否,110112,11000000001311950251
十支队-通州执法队,G103京滨线K39+457漷马路路口,擅自占用、挖掘公路,是,110112,11000000001311950251
十支队-通州执法队,G103京滨线K39+457漷马路路口,在公路用地范围内设置公路标志以外的其他标志,是,110112,11000000001311950251
十支队-通州执法队,G103京滨线K39+457漷马路路口,遮挡公路附属设施或者利用公路附属设施架设管道、悬挂物品，可能危及公路安全,是,110112,11000000001311950251
十支队-通州执法队,G103京滨线K39+457漷马路路口,车辆装载物触地拖行、掉落、遗洒或者飘散，造成公路路面损坏、污染,是,110112,11000000001311950251
十支队-通州执法队,G103京滨线K40+420漷永路交叉口东,在公路上及公路用地范围内堆放物品,是,110112,11000000001315056008
十支队-通州执法队,G103京滨线K40+420漷永路交叉口东,在公路上及公路用地范围内摆摊设点,是,110112,11000000001315056008
十支队-通州执法队,G103京滨线K40+420漷永路交叉口东,在公路范围内擅自移动井盖,否,110112,11000000001315056008
十支队-通州执法队,G103京滨线K40+420漷永路交叉口东,擅自占用、挖掘公路,是,110112,11000000001315056008
十支队-通州执法队,G103京滨线K40+420漷永路交叉口东,在公路用地范围内设置公路标志以外的其他标志,是,110112,11000000001315056008
十支队-通州执法队,G103京滨线K40+420漷永路交叉口东,遮挡公路附属设施或者利用公路附属设施架设管道、悬挂物品，可能危及公路安全,是,110112,11000000001315056008
十支队-通州执法队,G103京滨线K40+420漷永路交叉口东,车辆装载物触地拖行、掉落、遗洒或者飘散，造成公路路面损坏、污染,是,110112,11000000001315056008
十支队-通州执法队,G103京滨线K43+350马头道班,在公路上及公路用地范围内堆放物品,是,110112,
十支队-通州执法队,G103京滨线K43+350马头道班,在公路上及公路用地范围内摆摊设点,是,110112,
十支队-通州执法队,G103京滨线K43+350马头道班,在公路范围内擅自移动井盖,否,110112,
十支队-通州执法队,G103京滨线K43+350马头道班,擅自占用、挖掘公路,是,110112,
十支队-通州执法队,G103京滨线K43+350马头道班,在公路用地范围内设置公路标志以外的其他标志,是,110112,
十支队-通州执法队,G103京滨线K43+350马头道班,遮挡公路附属设施或者利用公路附属设施架设管道、悬挂物品，可能危及公路安全,是,110112,
十支队-通州执法队,G103京滨线K43+350马头道班,车辆装载物触地拖行、掉落、遗洒或者飘散，造成公路路面损坏、污染,是,110112,
十支队-通州执法队,G103京滨线K49+200觅子店,在公路上及公路用地范围内堆放物品,是,110112,11000000001313055127
十支队-通州执法队,G103京滨线K49+200觅子店,在公路上及公路用地范围内摆摊设点,是,110112,11000000001313055127
十支队-通州执法队,G103京滨线K49+200觅子店,在公路范围内擅自移动井盖,否,110112,11000000001313055127
十支队-通州执法队,G103京滨线K49+200觅子店,擅自占用、挖掘公路,是,110112,11000000001313055127
十支队-通州执法队,G103京滨线K49+200觅子店,在公路用地范围内设置公路标志以外的其他标志,是,110112,11000000001313055127
十支队-通州执法队,G103京滨线K49+200觅子店,遮挡公路附属设施或者利用公路附属设施架设管道、悬挂物品，可能危及公路安全,是,110112,11000000001313055127
十支队-通州执法队,G103京滨线K49+200觅子店,车辆装载物触地拖行、掉落、遗洒或者飘散，造成公路路面损坏、污染,是,110112,11000000001313055127
十支队-通州执法队,G103京通快速路K10+566传媒地铁西出京,在公路上及公路用地范围内堆放物品,是,110112,
十支队-通州执法队,G103京通快速路K10+566传媒地铁西出京,在公路上及公路用地范围内摆摊设点,是,110112,
十支队-通州执法队,G103京通快速路K10+566传媒地铁西出京,在公路范围内擅自移动井盖,否,110112,
十支队-通州执法队,G103京通快速路K10+566传媒地铁西出京,擅自占用、挖掘公路,是,110112,
十支队-通州执法队,G103京通快速路K10+566传媒地铁西出京,在公路用地范围内设置公路标志以外的其他标志,是,110112,
十支队-通州执法队,G103京通快速路K10+566传媒地铁西出京,遮挡公路附属设施或者利用公路附属设施架设管道、悬挂物品，可能危及公路安全,是,110112,
十支队-通州执法队,G103京通快速路K10+566传媒地铁西出京,车辆装载物触地拖行、掉落、遗洒或者飘散，造成公路路面损坏、污染,是,110112,
十支队-通州执法队,G103京通快速路K10+94传媒地铁进京,在公路上及公路用地范围内堆放物品,是,110112,
十支队-通州执法队,G103京通快速路K10+94传媒地铁进京,在公路上及公路用地范围内摆摊设点,是,110112,
十支队-通州执法队,G103京通快速路K10+94传媒地铁进京,在公路范围内擅自移动井盖,否,110112,
十支队-通州执法队,G103京通快速路K10+94传媒地铁进京,擅自占用、挖掘公路,是,110112,
十支队-通州执法队,G103京通快速路K10+94传媒地铁进京,在公路用地范围内设置公路标志以外的其他标志,是,110112,
十支队-通州执法队,G103京通快速路K10+94传媒地铁进京,遮挡公路附属设施或者利用公路附属设施架设管道、悬挂物品，可能危及公路安全,是,110112,
十支队-通州执法队,G103京通快速路K10+94传媒地铁进京,车辆装载物触地拖行、掉落、遗洒或者飘散，造成公路路面损坏、污染,是,110112,
十支队-通州执法队,G103京通快速路K11+079传媒宿舍出京传媒大学地铁东,在公路上及公路用地范围内堆放物品,是,110112,
十支队-通州执法队,G103京通快速路K11+079传媒宿舍出京传媒大学地铁东,在公路上及公路用地范围内摆摊设点,是,110112,
十支队-通州执法队,G103京通快速路K11+079传媒宿舍出京传媒大学地铁东,在公路范围内擅自移动井盖,否,110112,
十支队-通州执法队,G103京通快速路K11+079传媒宿舍出京传媒大学地铁东,擅自占用、挖掘公路,是,110112,
十支队-通州执法队,G103京通快速路K11+079传媒宿舍出京传媒大学地铁东,在公路用地范围内设置公路标志以外的其他标志,是,110112,
十支队-通州执法队,G103京通快速路K11+079传媒宿舍出京传媒大学地铁东,遮挡公路附属设施或者利用公路附属设施架设管道、悬挂物品，可能危及公路安全,是,110112,
十支队-通州执法队,G103京通快速路K11+079传媒宿舍出京传媒大学地铁东,车辆装载物触地拖行、掉落、遗洒或者飘散，造成公路路面损坏、污染,是,110112,
十支队-通州执法队,G103京通快速路K11+154传媒大学进京,在公路上及公路用地范围内堆放物品,是,110112,
十支队-通州执法队,G103京通快速路K11+154传媒大学进京,在公路上及公路用地范围内摆摊设点,是,110112,
十支队-通州执法队,G103京通快速路K11+154传媒大学进京,在公路范围内擅自移动井盖,否,110112,
十支队-通州执法队,G103京通快速路K11+154传媒大学进京,擅自占用、挖掘公路,是,110112,
十支队-通州执法队,G103京通快速路K11+154传媒大学进京,在公路用地范围内设置公路标志以外的其他标志,是,110112,
十支队-通州执法队,G103京通快速路K11+154传媒大学进京,遮挡公路附属设施或者利用公路附属设施架设管道、悬挂物品，可能危及公路安全,是,110112,
十支队-通州执法队,G103京通快速路K11+154传媒大学进京,车辆装载物触地拖行、掉落、遗洒或者飘散，造成公路路面损坏、污染,是,110112,
十支队-通州执法队,G103京通快速路K11+735双桥站出京收费站西,在公路上及公路用地范围内堆放物品,是,110112,
十支队-通州执法队,G103京通快速路K11+735双桥站出京收费站西,在公路上及公路用地范围内摆摊设点,是,110112,
十支队-通州执法队,G103京通快速路K11+735双桥站出京收费站西,在公路范围内擅自移动井盖,否,110112,
十支队-通州执法队,G103京通快速路K11+735双桥站出京收费站西,擅自占用、挖掘公路,是,110112,
十支队-通州执法队,G103京通快速路K11+735双桥站出京收费站西,在公路用地范围内设置公路标志以外的其他标志,是,110112,
十支队-通州执法队,G103京通快速路K11+735双桥站出京收费站西,遮挡公路附属设施或者利用公路附属设施架设管道、悬挂物品，可能危及公路安全,是,110112,
十支队-通州执法队,G103京通快速路K11+735双桥站出京收费站西,车辆装载物触地拖行、掉落、遗洒或者飘散，造成公路路面损坏、污染,是,110112,
十支队-通州执法队,G103京通快速路K14+102会村站进京收费站西,在公路上及公路用地范围内堆放物品,是,110112,
十支队-通州执法队,G103京通快速路K14+102会村站进京收费站西,在公路上及公路用地范围内摆摊设点,是,110112,
十支队-通州执法队,G103京通快速路K14+102会村站进京收费站西,在公路范围内擅自移动井盖,否,110112,
十支队-通州执法队,G103京通快速路K14+102会村站进京收费站西,擅自占用、挖掘公路,是,110112,
十支队-通州执法队,G103京通快速路K14+102会村站进京收费站西,在公路用地范围内设置公路标志以外的其他标志,是,110112,
十支队-通州执法队,G103京通快速路K14+102会村站进京收费站西,遮挡公路附属设施或者利用公路附属设施架设管道、悬挂物品，可能危及公路安全,是,110112,
十支队-通州执法队,G103京通快速路K14+102会村站进京收费站西,车辆装载物触地拖行、掉落、遗洒或者飘散，造成公路路面损坏、污染,是,110112,
十支队-通州执法队,G103京通快速路K14+738双会桥上出京,在公路上及公路用地范围内堆放物品,是,110112,
十支队-通州执法队,G103京通快速路K14+738双会桥上出京,在公路上及公路用地范围内摆摊设点,是,110112,
十支队-通州执法队,G103京通快速路K14+738双会桥上出京,在公路范围内擅自移动井盖,否,110112,
十支队-通州执法队,G103京通快速路K14+738双会桥上出京,擅自占用、挖掘公路,是,110112,
十支队-通州执法队,G103京通快速路K14+738双会桥上出京,在公路用地范围内设置公路标志以外的其他标志,是,110112,
十支队-通州执法队,G103京通快速路K14+738双会桥上出京,遮挡公路附属设施或者利用公路附属设施架设管道、悬挂物品，可能危及公路安全,是,110112,
十支队-通州执法队,G103京通快速路K14+738双会桥上出京,车辆装载物触地拖行、掉落、遗洒或者飘散，造成公路路面损坏、污染,是,110112,
十支队-通州执法队,G103京通快速路K15+519分叉路出京,在公路上及公路用地范围内堆放物品,是,110112,
十支队-通州执法队,G103京通快速路K15+519分叉路出京,在公路上及公路用地范围内摆摊设点,是,110112,
十支队-通州执法队,G103京通快速路K15+519分叉路出京,在公路范围内擅自移动井盖,否,110112,
十支队-通州执法队,G103京通快速路K15+519分叉路出京,擅自占用、挖掘公路,是,110112,
十支队-通州执法队,G103京通快速路K15+519分叉路出京,在公路用地范围内设置公路标志以外的其他标志,是,110112,
十支队-通州执法队,G103京通快速路K15+519分叉路出京,遮挡公路附属设施或者利用公路附属设施架设管道、悬挂物品，可能危及公路安全,是,110112,
十支队-通州执法队,G103京通快速路K15+519分叉路出京,车辆装载物触地拖行、掉落、遗洒或者飘散，造成公路路面损坏、污染,是,110112,
十支队-通州执法队,G103京通快速路K15+794朝通桥,在公路上及公路用地范围内堆放物品,是,110112,
十支队-通州执法队,G103京通快速路K15+794朝通桥,在公路上及公路用地范围内摆摊设点,是,110112,
十支队-通州执法队,G103京通快速路K15+794朝通桥,在公路范围内擅自移动井盖,否,110112,
十支队-通州执法队,G103京通快速路K15+794朝通桥,擅自占用、挖掘公路,是,110112,
十支队-通州执法队,G103京通快速路K15+794朝通桥,在公路用地范围内设置公路标志以外的其他标志,是,110112,
十支队-通州执法队,G103京通快速路K15+794朝通桥,遮挡公路附属设施或者利用公路附属设施架设管道、悬挂物品，可能危及公路安全,是,110112,
十支队-通州执法队,G103京通快速路K15+794朝通桥,车辆装载物触地拖行、掉落、遗洒或者飘散，造成公路路面损坏、污染,是,110112,
十支队-通州执法队,G103京通快速路K16+283八里桥站出京西广场,在公路上及公路用地范围内堆放物品,是,110112,
十支队-通州执法队,G103京通快速路K16+283八里桥站出京西广场,在公路上及公路用地范围内摆摊设点,是,110112,
十支队-通州执法队,G103京通快速路K16+283八里桥站出京西广场,在公路范围内擅自移动井盖,否,110112,
十支队-通州执法队,G103京通快速路K16+283八里桥站出京西广场,擅自占用、挖掘公路,是,110112,
十支队-通州执法队,G103京通快速路K16+283八里桥站出京西广场,在公路用地范围内设置公路标志以外的其他标志,是,110112,
十支队-通州执法队,G103京通快速路K16+283八里桥站出京西广场,遮挡公路附属设施或者利用公路附属设施架设管道、悬挂物品，可能危及公路安全,是,110112,
十支队-通州执法队,G103京通快速路K16+283八里桥站出京西广场,车辆装载物触地拖行、掉落、遗洒或者飘散，造成公路路面损坏、污染,是,110112,
十支队-通州执法队,G103京通快速路K16+308八里桥站进京西广场,在公路上及公路用地范围内堆放物品,是,110112,
十支队-通州执法队,G103京通快速路K16+308八里桥站进京西广场,在公路上及公路用地范围内摆摊设点,是,110112,
十支队-通州执法队,G103京通快速路K16+308八里桥站进京西广场,在公路范围内擅自移动井盖,否,110112,
十支队-通州执法队,G103京通快速路K16+308八里桥站进京西广场,擅自占用、挖掘公路,是,110112,
十支队-通州执法队,G103京通快速路K16+308八里桥站进京西广场,在公路用地范围内设置公路标志以外的其他标志,是,110112,
十支队-通州执法队,G103京通快速路K16+308八里桥站进京西广场,遮挡公路附属设施或者利用公路附属设施架设管道、悬挂物品，可能危及公路安全,是,110112,
十支队-通州执法队,G103京通快速路K16+308八里桥站进京西广场,车辆装载物触地拖行、掉落、遗洒或者飘散，造成公路路面损坏、污染,是,110112,
十支队-通州执法队,G103京通快速路K16+533八里桥站出京东广场,在公路上及公路用地范围内堆放物品,是,110112,
十支队-通州执法队,G103京通快速路K16+533八里桥站出京东广场,在公路上及公路用地范围内摆摊设点,是,110112,
十支队-通州执法队,G103京通快速路K16+533八里桥站出京东广场,在公路范围内擅自移动井盖,否,110112,
十支队-通州执法队,G103京通快速路K16+533八里桥站出京东广场,擅自占用、挖掘公路,是,110112,
十支队-通州执法队,G103京通快速路K16+533八里桥站出京东广场,在公路用地范围内设置公路标志以外的其他标志,是,110112,
十支队-通州执法队,G103京通快速路K16+533八里桥站出京东广场,遮挡公路附属设施或者利用公路附属设施架设管道、悬挂物品，可能危及公路安全,是,110112,
十支队-通州执法队,G103京通快速路K16+533八里桥站出京东广场,车辆装载物触地拖行、掉落、遗洒或者飘散，造成公路路面损坏、污染,是,110112,
十支队-通州执法队,G103京通快速路K16+657八里桥站进京东广场,在公路上及公路用地范围内堆放物品,是,110112,
十支队-通州执法队,G103京通快速路K16+657八里桥站进京东广场,在公路上及公路用地范围内摆摊设点,是,110112,
十支队-通州执法队,G103京通快速路K16+657八里桥站进京东广场,在公路范围内擅自移动井盖,否,110112,
十支队-通州执法队,G103京通快速路K16+657八里桥站进京东广场,擅自占用、挖掘公路,是,110112,
十支队-通州执法队,G103京通快速路K16+657八里桥站进京东广场,在公路用地范围内设置公路标志以外的其他标志,是,110112,
十支队-通州执法队,G103京通快速路K16+657八里桥站进京东广场,遮挡公路附属设施或者利用公路附属设施架设管道、悬挂物品，可能危及公路安全,是,110112,
十支队-通州执法队,G103京通快速路K16+657八里桥站进京东广场,车辆装载物触地拖行、掉落、遗洒或者飘散，造成公路路面损坏、污染,是,110112,
十支队-通州执法队,G103京通快速路K5+004四惠桥西进京,在公路上及公路用地范围内堆放物品,是,110112,
十支队-通州执法队,G103京通快速路K5+004四惠桥西进京,在公路上及公路用地范围内摆摊设点,是,110112,
十支队-通州执法队,G103京通快速路K5+004四惠桥西进京,在公路范围内擅自移动井盖,否,110112,
十支队-通州执法队,G103京通快速路K5+004四惠桥西进京,擅自占用、挖掘公路,是,110112,
十支队-通州执法队,G103京通快速路K5+004四惠桥西进京,在公路用地范围内设置公路标志以外的其他标志,是,110112,
十支队-通州执法队,G103京通快速路K5+004四惠桥西进京,遮挡公路附属设施或者利用公路附属设施架设管道、悬挂物品，可能危及公路安全,是,110112,
十支队-通州执法队,G103京通快速路K5+004四惠桥西进京,车辆装载物触地拖行、掉落、遗洒或者飘散，造成公路路面损坏、污染,是,110112,
十支队-通州执法队,G103京通快速路K5+318四惠桥进京,在公路上及公路用地范围内堆放物品,是,110112,
十支队-通州执法队,G103京通快速路K5+318四惠桥进京,在公路上及公路用地范围内摆摊设点,是,110112,
十支队-通州执法队,G103京通快速路K5+318四惠桥进京,在公路范围内擅自移动井盖,否,110112,
十支队-通州执法队,G103京通快速路K5+318四惠桥进京,擅自占用、挖掘公路,是,110112,
十支队-通州执法队,G103京通快速路K5+318四惠桥进京,在公路用地范围内设置公路标志以外的其他标志,是,110112,
十支队-通州执法队,G103京通快速路K5+318四惠桥进京,遮挡公路附属设施或者利用公路附属设施架设管道、悬挂物品，可能危及公路安全,是,110112,
十支队-通州执法队,G103京通快速路K5+318四惠桥进京,车辆装载物触地拖行、掉落、遗洒或者飘散，造成公路路面损坏、污染,是,110112,
十支队-通州执法队,G103京通快速路K5+614四惠桥东进京,在公路上及公路用地范围内堆放物品,是,110112,
十支队-通州执法队,G103京通快速路K5+614四惠桥东进京,在公路上及公路用地范围内摆摊设点,是,110112,
十支队-通州执法队,G103京通快速路K5+614四惠桥东进京,在公路范围内擅自移动井盖,否,110112,
十支队-通州执法队,G103京通快速路K5+614四惠桥东进京,擅自占用、挖掘公路,是,110112,
十支队-通州执法队,G103京通快速路K5+614四惠桥东进京,在公路用地范围内设置公路标志以外的其他标志,是,110112,
十支队-通州执法队,G103京通快速路K5+614四惠桥东进京,遮挡公路附属设施或者利用公路附属设施架设管道、悬挂物品，可能危及公路安全,是,110112,
十支队-通州执法队,G103京通快速路K5+614四惠桥东进京,车辆装载物触地拖行、掉落、遗洒或者飘散，造成公路路面损坏、污染,是,110112,
十支队-通州执法队,G103京通快速路K6+28四惠出口出京,在公路上及公路用地范围内堆放物品,是,110112,
十支队-通州执法队,G103京通快速路K6+28四惠出口出京,在公路上及公路用地范围内摆摊设点,是,110112,
十支队-通州执法队,G103京通快速路K6+28四惠出口出京,在公路范围内擅自移动井盖,否,110112,
十支队-通州执法队,G103京通快速路K6+28四惠出口出京,擅自占用、挖掘公路,是,110112,
十支队-通州执法队,G103京通快速路K6+28四惠出口出京,在公路用地范围内设置公路标志以外的其他标志,是,110112,
十支队-通州执法队,G103京通快速路K6+28四惠出口出京,遮挡公路附属设施或者利用公路附属设施架设管道、悬挂物品，可能危及公路安全,是,110112,
十支队-通州执法队,G103京通快速路K6+28四惠出口出京,车辆装载物触地拖行、掉落、遗洒或者飘散，造成公路路面损坏、污染,是,110112,
十支队-通州执法队,G103京通快速路K7+006四惠出口进京,在公路上及公路用地范围内堆放物品,是,110112,
十支队-通州执法队,G103京通快速路K7+006四惠出口进京,在公路上及公路用地范围内摆摊设点,是,110112,
十支队-通州执法队,G103京通快速路K7+006四惠出口进京,在公路范围内擅自移动井盖,否,110112,
十支队-通州执法队,G103京通快速路K7+006四惠出口进京,擅自占用、挖掘公路,是,110112,
十支队-通州执法队,G103京通快速路K7+006四惠出口进京,在公路用地范围内设置公路标志以外的其他标志,是,110112,
十支队-通州执法队,G103京通快速路K7+006四惠出口进京,遮挡公路附属设施或者利用公路附属设施架设管道、悬挂物品，可能危及公路安全,是,110112,
十支队-通州执法队,G103京通快速路K7+006四惠出口进京,车辆装载物触地拖行、掉落、遗洒或者飘散，造成公路路面损坏、污染,是,110112,
十支队-通州执法队,G103京通快速路K7+575铁路桥出京,在公路上及公路用地范围内堆放物品,是,110112,
十支队-通州执法队,G103京通快速路K7+575铁路桥出京,在公路上及公路用地范围内摆摊设点,是,110112,
十支队-通州执法队,G103京通快速路K7+575铁路桥出京,在公路范围内擅自移动井盖,否,110112,
十支队-通州执法队,G103京通快速路K7+575铁路桥出京,擅自占用、挖掘公路,是,110112,
十支队-通州执法队,G103京通快速路K7+575铁路桥出京,在公路用地范围内设置公路标志以外的其他标志,是,110112,
十支队-通州执法队,G103京通快速路K7+575铁路桥出京,遮挡公路附属设施或者利用公路附属设施架设管道、悬挂物品，可能危及公路安全,是,110112,
十支队-通州执法队,G103京通快速路K7+575铁路桥出京,车辆装载物触地拖行、掉落、遗洒或者飘散，造成公路路面损坏、污染,是,110112,
十支队-通州执法队,G103京通快速路K8+3高碑店站进京,在公路上及公路用地范围内堆放物品,是,110112,
十支队-通州执法队,G103京通快速路K8+3高碑店站进京,在公路上及公路用地范围内摆摊设点,是,110112,
十支队-通州执法队,G103京通快速路K8+3高碑店站进京,在公路范围内擅自移动井盖,否,110112,
十支队-通州执法队,G103京通快速路K8+3高碑店站进京,擅自占用、挖掘公路,是,110112,
十支队-通州执法队,G103京通快速路K8+3高碑店站进京,在公路用地范围内设置公路标志以外的其他标志,是,110112,
十支队-通州执法队,G103京通快速路K8+3高碑店站进京,遮挡公路附属设施或者利用公路附属设施架设管道、悬挂物品，可能危及公路安全,是,110112,
十支队-通州执法队,G103京通快速路K8+3高碑店站进京,车辆装载物触地拖行、掉落、遗洒或者飘散，造成公路路面损坏、污染,是,110112,
十支队-通州执法队,G103京通快速路K8+67高碑店桥出京,在公路上及公路用地范围内堆放物品,是,110112,
十支队-通州执法队,G103京通快速路K8+67高碑店桥出京,在公路上及公路用地范围内摆摊设点,是,110112,
十支队-通州执法队,G103京通快速路K8+67高碑店桥出京,在公路范围内擅自移动井盖,否,110112,
十支队-通州执法队,G103京通快速路K8+67高碑店桥出京,擅自占用、挖掘公路,是,110112,
十支队-通州执法队,G103京通快速路K8+67高碑店桥出京,在公路用地范围内设置公路标志以外的其他标志,是,110112,
十支队-通州执法队,G103京通快速路K8+67高碑店桥出京,遮挡公路附属设施或者利用公路附属设施架设管道、悬挂物品，可能危及公路安全,是,110112,
十支队-通州执法队,G103京通快速路K8+67高碑店桥出京,车辆装载物触地拖行、掉落、遗洒或者飘散，造成公路路面损坏、污染,是,110112,
十支队-怀柔执法队,G111京漠线K101+050大黄塘村北出京方向,在公路上及公路用地范围内堆放物品,是,110116,
十支队-怀柔执法队,G111京漠线K101+050大黄塘村北出京方向,在公路上及公路用地范围内摆摊设点,是,110116,
十支队-怀柔执法队,G111京漠线K101+050大黄塘村北出京方向,在公路范围内擅自移动井盖,否,110116,
十支队-怀柔执法队,G111京漠线K101+050大黄塘村北出京方向,擅自占用、挖掘公路,是,110116,
十支队-怀柔执法队,G111京漠线K101+050大黄塘村北出京方向,在公路用地范围内设置公路标志以外的其他标志,是,110116,
十支队-怀柔执法队,G111京漠线K101+050大黄塘村北出京方向,遮挡公路附属设施或者利用公路附属设施架设管道、悬挂物品，可能危及公路安全,是,110116,
十支队-怀柔执法队,G111京漠线K101+050大黄塘村北出京方向,车辆装载物触地拖行、掉落、遗洒或者飘散，造成公路路面损坏、污染,是,110116,
十支队-怀柔执法队,G111京漠线K101+050大黄塘村北进京方向,在公路上及公路用地范围内堆放物品,是,110116,
十支队-怀柔执法队,G111京漠线K101+050大黄塘村北进京方向,在公路上及公路用地范围内摆摊设点,是,110116,
十支队-怀柔执法队,G111京漠线K101+050大黄塘村北进京方向,在公路范围内擅自移动井盖,否,110116,
十支队-怀柔执法队,G111京漠线K101+050大黄塘村北进京方向,擅自占用、挖掘公路,是,110116,
十支队-怀柔执法队,G111京漠线K101+050大黄塘村北进京方向,在公路用地范围内设置公路标志以外的其他标志,是,110116,
十支队-怀柔执法队,G111京漠线K101+050大黄塘村北进京方向,遮挡公路附属设施或者利用公路附属设施架设管道、悬挂物品，可能危及公路安全,是,110116,
十支队-怀柔执法队,G111京漠线K101+050大黄塘村北进京方向,车辆装载物触地拖行、掉落、遗洒或者飘散，造成公路路面损坏、污染,是,110116,
十支队-怀柔执法队,G111京漠线K102+300汤河口环岛,在公路上及公路用地范围内堆放物品,是,110116,
十支队-怀柔执法队,G111京漠线K102+300汤河口环岛,在公路上及公路用地范围内摆摊设点,是,110116,
十支队-怀柔执法队,G111京漠线K102+300汤河口环岛,在公路范围内擅自移动井盖,否,110116,
十支队-怀柔执法队,G111京漠线K102+300汤河口环岛,擅自占用、挖掘公路,是,110116,
十支队-怀柔执法队,G111京漠线K102+300汤河口环岛,在公路用地范围内设置公路标志以外的其他标志,是,110116,
十支队-怀柔执法队,G111京漠线K102+300汤河口环岛,遮挡公路附属设施或者利用公路附属设施架设管道、悬挂物品，可能危及公路安全,是,110116,
十支队-怀柔执法队,G111京漠线K102+300汤河口环岛,车辆装载物触地拖行、掉落、遗洒或者飘散，造成公路路面损坏、污染,是,110116,
十支队-怀柔执法队,G111京漠线K112+400王四沟门,在公路上及公路用地范围内堆放物品,是,110116,
十支队-怀柔执法队,G111京漠线K112+400王四沟门,在公路上及公路用地范围内摆摊设点,是,110116,
十支队-怀柔执法队,G111京漠线K112+400王四沟门,在公路范围内擅自移动井盖,否,110116,
十支队-怀柔执法队,G111京漠线K112+400王四沟门,擅自占用、挖掘公路,是,110116,
十支队-怀柔执法队,G111京漠线K112+400王四沟门,在公路用地范围内设置公路标志以外的其他标志,是,110116,
十支队-怀柔执法队,G111京漠线K112+400王四沟门,遮挡公路附属设施或者利用公路附属设施架设管道、悬挂物品，可能危及公路安全,是,110116,
十支队-怀柔执法队,G111京漠线K112+400王四沟门,车辆装载物触地拖行、掉落、遗洒或者飘散，造成公路路面损坏、污染,是,110116,
十支队-怀柔执法队,G111京漠线K113+250老西沟,在公路上及公路用地范围内堆放物品,是,110116,
十支队-怀柔执法队,G111京漠线K113+250老西沟,在公路上及公路用地范围内摆摊设点,是,110116,
十支队-怀柔执法队,G111京漠线K113+250老西沟,在公路范围内擅自移动井盖,否,110116,
十支队-怀柔执法队,G111京漠线K113+250老西沟,擅自占用、挖掘公路,是,110116,
十支队-怀柔执法队,G111京漠线K113+250老西沟,在公路用地范围内设置公路标志以外的其他标志,是,110116,
十支队-怀柔执法队,G111京漠线K113+250老西沟,遮挡公路附属设施或者利用公路附属设施架设管道、悬挂物品，可能危及公路安全,是,110116,
十支队-怀柔执法队,G111京漠线K113+250老西沟,车辆装载物触地拖行、掉落、遗洒或者飘散，造成公路路面损坏、污染,是,110116,
十支队-怀柔执法队,G111京漠线K115+300长哨营2号桥北,在公路上及公路用地范围内堆放物品,是,110116,
十支队-怀柔执法队,G111京漠线K115+300长哨营2号桥北,在公路上及公路用地范围内摆摊设点,是,110116,
十支队-怀柔执法队,G111京漠线K115+300长哨营2号桥北,在公路范围内擅自移动井盖,否,110116,
十支队-怀柔执法队,G111京漠线K115+300长哨营2号桥北,擅自占用、挖掘公路,是,110116,
十支队-怀柔执法队,G111京漠线K115+300长哨营2号桥北,在公路用地范围内设置公路标志以外的其他标志,是,110116,
十支队-怀柔执法队,G111京漠线K115+300长哨营2号桥北,遮挡公路附属设施或者利用公路附属设施架设管道、悬挂物品，可能危及公路安全,是,110116,
十支队-怀柔执法队,G111京漠线K115+300长哨营2号桥北,车辆装载物触地拖行、掉落、遗洒或者飘散，造成公路路面损坏、污染,是,110116,
十支队-怀柔执法队,G111京漠线K122+180双梁桥,在公路上及公路用地范围内堆放物品,是,110116,
十支队-怀柔执法队,G111京漠线K122+180双梁桥,在公路上及公路用地范围内摆摊设点,是,110116,
十支队-怀柔执法队,G111京漠线K122+180双梁桥,在公路范围内擅自移动井盖,否,110116,
十支队-怀柔执法队,G111京漠线K122+180双梁桥,擅自占用、挖掘公路,是,110116,
十支队-怀柔执法队,G111京漠线K122+180双梁桥,在公路用地范围内设置公路标志以外的其他标志,是,110116,
十支队-怀柔执法队,G111京漠线K122+180双梁桥,遮挡公路附属设施或者利用公路附属设施架设管道、悬挂物品，可能危及公路安全,是,110116,
十支队-怀柔执法队,G111京漠线K122+180双梁桥,车辆装载物触地拖行、掉落、遗洒或者飘散，造成公路路面损坏、污染,是,110116,
十支队-怀柔执法队,G111京漠线K135+480喇叭沟门北桥北,在公路上及公路用地范围内堆放物品,是,110116,
十支队-怀柔执法队,G111京漠线K135+480喇叭沟门北桥北,在公路上及公路用地范围内摆摊设点,是,110116,
十支队-怀柔执法队,G111京漠线K135+480喇叭沟门北桥北,在公路范围内擅自移动井盖,否,110116,
十支队-怀柔执法队,G111京漠线K135+480喇叭沟门北桥北,擅自占用、挖掘公路,是,110116,
十支队-怀柔执法队,G111京漠线K135+480喇叭沟门北桥北,在公路用地范围内设置公路标志以外的其他标志,是,110116,
十支队-怀柔执法队,G111京漠线K135+480喇叭沟门北桥北,遮挡公路附属设施或者利用公路附属设施架设管道、悬挂物品，可能危及公路安全,是,110116,
十支队-怀柔执法队,G111京漠线K135+480喇叭沟门北桥北,车辆装载物触地拖行、掉落、遗洒或者飘散，造成公路路面损坏、污染,是,110116,
十支队-怀柔执法队,G111京漠线K139+095西府营南2桥北,在公路上及公路用地范围内堆放物品,是,110116,
十支队-怀柔执法队,G111京漠线K139+095西府营南2桥北,在公路上及公路用地范围内摆摊设点,是,110116,
十支队-怀柔执法队,G111京漠线K139+095西府营南2桥北,在公路范围内擅自移动井盖,否,110116,
十支队-怀柔执法队,G111京漠线K139+095西府营南2桥北,擅自占用、挖掘公路,是,110116,
十支队-怀柔执法队,G111京漠线K139+095西府营南2桥北,在公路用地范围内设置公路标志以外的其他标志,是,110116,
十支队-怀柔执法队,G111京漠线K139+095西府营南2桥北,遮挡公路附属设施或者利用公路附属设施架设管道、悬挂物品，可能危及公路安全,是,110116,
十支队-怀柔执法队,G111京漠线K139+095西府营南2桥北,车辆装载物触地拖行、掉落、遗洒或者飘散，造成公路路面损坏、污染,是,110116,
十支队-怀柔执法队,G111京漠线K141+560四道穴桥北,在公路上及公路用地范围内堆放物品,是,110116,
十支队-怀柔执法队,G111京漠线K141+560四道穴桥北,在公路上及公路用地范围内摆摊设点,是,110116,
十支队-怀柔执法队,G111京漠线K141+560四道穴桥北,在公路范围内擅自移动井盖,否,110116,
十支队-怀柔执法队,G111京漠线K141+560四道穴桥北,擅自占用、挖掘公路,是,110116,
十支队-怀柔执法队,G111京漠线K141+560四道穴桥北,在公路用地范围内设置公路标志以外的其他标志,是,110116,
十支队-怀柔执法队,G111京漠线K141+560四道穴桥北,遮挡公路附属设施或者利用公路附属设施架设管道、悬挂物品，可能危及公路安全,是,110116,
十支队-怀柔执法队,G111京漠线K141+560四道穴桥北,车辆装载物触地拖行、掉落、遗洒或者飘散，造成公路路面损坏、污染,是,110116,
十支队-怀柔执法队,G111京漠线K144+180头道穴隧道出京出口上行,在公路上及公路用地范围内堆放物品,是,110116,
十支队-怀柔执法队,G111京漠线K144+180头道穴隧道出京出口上行,在公路上及公路用地范围内摆摊设点,是,110116,
十支队-怀柔执法队,G111京漠线K144+180头道穴隧道出京出口上行,在公路范围内擅自移动井盖,否,110116,
十支队-怀柔执法队,G111京漠线K144+180头道穴隧道出京出口上行,擅自占用、挖掘公路,是,110116,
十支队-怀柔执法队,G111京漠线K144+180头道穴隧道出京出口上行,在公路用地范围内设置公路标志以外的其他标志,是,110116,
十支队-怀柔执法队,G111京漠线K144+180头道穴隧道出京出口上行,遮挡公路附属设施或者利用公路附属设施架设管道、悬挂物品，可能危及公路安全,是,110116,
十支队-怀柔执法队,G111京漠线K144+180头道穴隧道出京出口上行,车辆装载物触地拖行、掉落、遗洒或者飘散，造成公路路面损坏、污染,是,110116,
十支队-怀柔执法队,G111京漠线K144+830头道穴隧道（配电室）,在公路上及公路用地范围内堆放物品,是,110116,
十支队-怀柔执法队,G111京漠线K144+830头道穴隧道（配电室）,在公路上及公路用地范围内摆摊设点,是,110116,
十支队-怀柔执法队,G111京漠线K144+830头道穴隧道（配电室）,在公路范围内擅自移动井盖,否,110116,
十支队-怀柔执法队,G111京漠线K144+830头道穴隧道（配电室）,擅自占用、挖掘公路,是,110116,
十支队-怀柔执法队,G111京漠线K144+830头道穴隧道（配电室）,在公路用地范围内设置公路标志以外的其他标志,是,110116,
十支队-怀柔执法队,G111京漠线K144+830头道穴隧道（配电室）,遮挡公路附属设施或者利用公路附属设施架设管道、悬挂物品，可能危及公路安全,是,110116,
十支队-怀柔执法队,G111京漠线K144+830头道穴隧道（配电室）,车辆装载物触地拖行、掉落、遗洒或者飘散，造成公路路面损坏、污染,是,110116,
十支队-怀柔执法队,G111京漠线K151+470石洞子北1桥,在公路上及公路用地范围内堆放物品,是,110116,
十支队-怀柔执法队,G111京漠线K151+470石洞子北1桥,在公路上及公路用地范围内摆摊设点,是,110116,
十支队-怀柔执法队,G111京漠线K151+470石洞子北1桥,在公路范围内擅自移动井盖,否,110116,
十支队-怀柔执法队,G111京漠线K151+470石洞子北1桥,擅自占用、挖掘公路,是,110116,
十支队-怀柔执法队,G111京漠线K151+470石洞子北1桥,在公路用地范围内设置公路标志以外的其他标志,是,110116,
十支队-怀柔执法队,G111京漠线K151+470石洞子北1桥,遮挡公路附属设施或者利用公路附属设施架设管道、悬挂物品，可能危及公路安全,是,110116,
十支队-怀柔执法队,G111京漠线K151+470石洞子北1桥,车辆装载物触地拖行、掉落、遗洒或者飘散，造成公路路面损坏、污染,是,110116,
十支队-怀柔执法队,G111京漠线K153+300怀丰隧道（配电室）,在公路上及公路用地范围内堆放物品,是,110116,
十支队-怀柔执法队,G111京漠线K153+300怀丰隧道（配电室）,在公路上及公路用地范围内摆摊设点,是,110116,
十支队-怀柔执法队,G111京漠线K153+300怀丰隧道（配电室）,在公路范围内擅自移动井盖,否,110116,
十支队-怀柔执法队,G111京漠线K153+300怀丰隧道（配电室）,擅自占用、挖掘公路,是,110116,
十支队-怀柔执法队,G111京漠线K153+300怀丰隧道（配电室）,在公路用地范围内设置公路标志以外的其他标志,是,110116,
十支队-怀柔执法队,G111京漠线K153+300怀丰隧道（配电室）,遮挡公路附属设施或者利用公路附属设施架设管道、悬挂物品，可能危及公路安全,是,110116,
十支队-怀柔执法队,G111京漠线K153+300怀丰隧道（配电室）,车辆装载物触地拖行、掉落、遗洒或者飘散，造成公路路面损坏、污染,是,110116,
十支队-怀柔执法队,G111京漠线K153+500怀丰隧洞口 出京,在公路上及公路用地范围内堆放物品,是,110116,
十支队-怀柔执法队,G111京漠线K153+500怀丰隧洞口 出京,在公路上及公路用地范围内摆摊设点,是,110116,
十支队-怀柔执法队,G111京漠线K153+500怀丰隧洞口 出京,在公路范围内擅自移动井盖,否,110116,
十支队-怀柔执法队,G111京漠线K153+500怀丰隧洞口 出京,擅自占用、挖掘公路,是,110116,
十支队-怀柔执法队,G111京漠线K153+500怀丰隧洞口 出京,在公路用地范围内设置公路标志以外的其他标志,是,110116,
十支队-怀柔执法队,G111京漠线K153+500怀丰隧洞口 出京,遮挡公路附属设施或者利用公路附属设施架设管道、悬挂物品，可能危及公路安全,是,110116,
十支队-怀柔执法队,G111京漠线K153+500怀丰隧洞口 出京,车辆装载物触地拖行、掉落、遗洒或者飘散，造成公路路面损坏、污染,是,110116,
十支队-怀柔执法队,G111京漠线K153+500怀丰隧洞口 进京,在公路上及公路用地范围内堆放物品,是,110116,
十支队-怀柔执法队,G111京漠线K153+500怀丰隧洞口 进京,在公路上及公路用地范围内摆摊设点,是,110116,
十支队-怀柔执法队,G111京漠线K153+500怀丰隧洞口 进京,在公路范围内擅自移动井盖,否,110116,
十支队-怀柔执法队,G111京漠线K153+500怀丰隧洞口 进京,擅自占用、挖掘公路,是,110116,
十支队-怀柔执法队,G111京漠线K153+500怀丰隧洞口 进京,在公路用地范围内设置公路标志以外的其他标志,是,110116,
十支队-怀柔执法队,G111京漠线K153+500怀丰隧洞口 进京,遮挡公路附属设施或者利用公路附属设施架设管道、悬挂物品，可能危及公路安全,是,110116,
十支队-怀柔执法队,G111京漠线K153+500怀丰隧洞口 进京,车辆装载物触地拖行、掉落、遗洒或者飘散，造成公路路面损坏、污染,是,110116,
十支队-怀柔执法队,G111京漠线K153+570怀丰隧道出京入口上行,在公路上及公路用地范围内堆放物品,是,110116,
十支队-怀柔执法队,G111京漠线K153+570怀丰隧道出京入口上行,在公路上及公路用地范围内摆摊设点,是,110116,
十支队-怀柔执法队,G111京漠线K153+570怀丰隧道出京入口上行,在公路范围内擅自移动井盖,否,110116,
十支队-怀柔执法队,G111京漠线K153+570怀丰隧道出京入口上行,擅自占用、挖掘公路,是,110116,
十支队-怀柔执法队,G111京漠线K153+570怀丰隧道出京入口上行,在公路用地范围内设置公路标志以外的其他标志,是,110116,
十支队-怀柔执法队,G111京漠线K153+570怀丰隧道出京入口上行,遮挡公路附属设施或者利用公路附属设施架设管道、悬挂物品，可能危及公路安全,是,110116,
十支队-怀柔执法队,G111京漠线K153+570怀丰隧道出京入口上行,车辆装载物触地拖行、掉落、遗洒或者飘散，造成公路路面损坏、污染,是,110116,
十支队-怀柔执法队,G111京漠线K154+635怀丰隧道进京停车带下行,在公路上及公路用地范围内堆放物品,是,110116,
十支队-怀柔执法队,G111京漠线K154+635怀丰隧道进京停车带下行,在公路上及公路用地范围内摆摊设点,是,110116,
十支队-怀柔执法队,G111京漠线K154+635怀丰隧道进京停车带下行,在公路范围内擅自移动井盖,否,110116,
十支队-怀柔执法队,G111京漠线K154+635怀丰隧道进京停车带下行,擅自占用、挖掘公路,是,110116,
十支队-怀柔执法队,G111京漠线K154+635怀丰隧道进京停车带下行,在公路用地范围内设置公路标志以外的其他标志,是,110116,
十支队-怀柔执法队,G111京漠线K154+635怀丰隧道进京停车带下行,遮挡公路附属设施或者利用公路附属设施架设管道、悬挂物品，可能危及公路安全,是,110116,
十支队-怀柔执法队,G111京漠线K154+635怀丰隧道进京停车带下行,车辆装载物触地拖行、掉落、遗洒或者飘散，造成公路路面损坏、污染,是,110116,
十支队-怀柔执法队,G111京漠线K53+200中富乐进京方向,在公路上及公路用地范围内堆放物品,是,110116,
十支队-怀柔执法队,G111京漠线K53+200中富乐进京方向,在公路上及公路用地范围内摆摊设点,是,110116,
十支队-怀柔执法队,G111京漠线K53+200中富乐进京方向,在公路范围内擅自移动井盖,否,110116,
十支队-怀柔执法队,G111京漠线K53+200中富乐进京方向,擅自占用、挖掘公路,是,110116,
十支队-怀柔执法队,G111京漠线K53+200中富乐进京方向,在公路用地范围内设置公路标志以外的其他标志,是,110116,
十支队-怀柔执法队,G111京漠线K53+200中富乐进京方向,遮挡公路附属设施或者利用公路附属设施架设管道、悬挂物品，可能危及公路安全,是,110116,
十支队-怀柔执法队,G111京漠线K53+200中富乐进京方向,车辆装载物触地拖行、掉落、遗洒或者飘散，造成公路路面损坏、污染,是,110116,
十支队-怀柔执法队,G111京漠线K59+470雁栖湖,在公路上及公路用地范围内堆放物品,是,110116,
十支队-怀柔执法队,G111京漠线K59+470雁栖湖,在公路上及公路用地范围内摆摊设点,是,110116,
十支队-怀柔执法队,G111京漠线K59+470雁栖湖,在公路范围内擅自移动井盖,否,110116,
十支队-怀柔执法队,G111京漠线K59+470雁栖湖,擅自占用、挖掘公路,是,110116,
十支队-怀柔执法队,G111京漠线K59+470雁栖湖,在公路用地范围内设置公路标志以外的其他标志,是,110116,
十支队-怀柔执法队,G111京漠线K59+470雁栖湖,遮挡公路附属设施或者利用公路附属设施架设管道、悬挂物品，可能危及公路安全,是,110116,
十支队-怀柔执法队,G111京漠线K59+470雁栖湖,车辆装载物触地拖行、掉落、遗洒或者飘散，造成公路路面损坏、污染,是,110116,
十支队-怀柔执法队,G111京漠线K62+780河防口上行,在公路上及公路用地范围内堆放物品,是,110116,
十支队-怀柔执法队,G111京漠线K62+780河防口上行,在公路上及公路用地范围内摆摊设点,是,110116,
十支队-怀柔执法队,G111京漠线K62+780河防口上行,在公路范围内擅自移动井盖,否,110116,
十支队-怀柔执法队,G111京漠线K62+780河防口上行,擅自占用、挖掘公路,是,110116,
十支队-怀柔执法队,G111京漠线K62+780河防口上行,在公路用地范围内设置公路标志以外的其他标志,是,110116,
十支队-怀柔执法队,G111京漠线K62+780河防口上行,遮挡公路附属设施或者利用公路附属设施架设管道、悬挂物品，可能危及公路安全,是,110116,
十支队-怀柔执法队,G111京漠线K62+780河防口上行,车辆装载物触地拖行、掉落、遗洒或者飘散，造成公路路面损坏、污染,是,110116,
十支队-怀柔执法队,G111京漠线K62+900河防口进京方向,在公路上及公路用地范围内堆放物品,是,110116,
十支队-怀柔执法队,G111京漠线K62+900河防口进京方向,在公路上及公路用地范围内摆摊设点,是,110116,
十支队-怀柔执法队,G111京漠线K62+900河防口进京方向,在公路范围内擅自移动井盖,否,110116,
十支队-怀柔执法队,G111京漠线K62+900河防口进京方向,擅自占用、挖掘公路,是,110116,
十支队-怀柔执法队,G111京漠线K62+900河防口进京方向,在公路用地范围内设置公路标志以外的其他标志,是,110116,
十支队-怀柔执法队,G111京漠线K62+900河防口进京方向,遮挡公路附属设施或者利用公路附属设施架设管道、悬挂物品，可能危及公路安全,是,110116,
十支队-怀柔执法队,G111京漠线K62+900河防口进京方向,车辆装载物触地拖行、掉落、遗洒或者飘散，造成公路路面损坏、污染,是,110116,
十支队-怀柔执法队,G111京漠线K64+200青龙峡路口 进京方向,在公路上及公路用地范围内堆放物品,是,110116,
十支队-怀柔执法队,G111京漠线K64+200青龙峡路口 进京方向,在公路上及公路用地范围内摆摊设点,是,110116,
十支队-怀柔执法队,G111京漠线K64+200青龙峡路口 进京方向,在公路范围内擅自移动井盖,否,110116,
十支队-怀柔执法队,G111京漠线K64+200青龙峡路口 进京方向,擅自占用、挖掘公路,是,110116,
十支队-怀柔执法队,G111京漠线K64+200青龙峡路口 进京方向,在公路用地范围内设置公路标志以外的其他标志,是,110116,
十支队-怀柔执法队,G111京漠线K64+200青龙峡路口 进京方向,遮挡公路附属设施或者利用公路附属设施架设管道、悬挂物品，可能危及公路安全,是,110116,
十支队-怀柔执法队,G111京漠线K64+200青龙峡路口 进京方向,车辆装载物触地拖行、掉落、遗洒或者飘散，造成公路路面损坏、污染,是,110116,
十支队-怀柔执法队,G111京漠线K64+600滑雪场大桥,在公路上及公路用地范围内堆放物品,是,110116,
十支队-怀柔执法队,G111京漠线K64+600滑雪场大桥,在公路上及公路用地范围内摆摊设点,是,110116,
十支队-怀柔执法队,G111京漠线K64+600滑雪场大桥,在公路范围内擅自移动井盖,否,110116,
十支队-怀柔执法队,G111京漠线K64+600滑雪场大桥,擅自占用、挖掘公路,是,110116,
十支队-怀柔执法队,G111京漠线K64+600滑雪场大桥,在公路用地范围内设置公路标志以外的其他标志,是,110116,
十支队-怀柔执法队,G111京漠线K64+600滑雪场大桥,遮挡公路附属设施或者利用公路附属设施架设管道、悬挂物品，可能危及公路安全,是,110116,
十支队-怀柔执法队,G111京漠线K64+600滑雪场大桥,车辆装载物触地拖行、掉落、遗洒或者飘散，造成公路路面损坏、污染,是,110116,
十支队-怀柔执法队,G111京漠线K67+680河防口隧道 上行-进口,在公路上及公路用地范围内堆放物品,是,110116,
十支队-怀柔执法队,G111京漠线K67+680河防口隧道 上行-进口,在公路上及公路用地范围内摆摊设点,是,110116,
十支队-怀柔执法队,G111京漠线K67+680河防口隧道 上行-进口,在公路范围内擅自移动井盖,否,110116,
十支队-怀柔执法队,G111京漠线K67+680河防口隧道 上行-进口,擅自占用、挖掘公路,是,110116,
十支队-怀柔执法队,G111京漠线K67+680河防口隧道 上行-进口,在公路用地范围内设置公路标志以外的其他标志,是,110116,
十支队-怀柔执法队,G111京漠线K67+680河防口隧道 上行-进口,遮挡公路附属设施或者利用公路附属设施架设管道、悬挂物品，可能危及公路安全,是,110116,
十支队-怀柔执法队,G111京漠线K67+680河防口隧道 上行-进口,车辆装载物触地拖行、掉落、遗洒或者飘散，造成公路路面损坏、污染,是,110116,
十支队-怀柔执法队,G111京漠线K72+500椴树岭,在公路上及公路用地范围内堆放物品,是,110116,
十支队-怀柔执法队,G111京漠线K72+500椴树岭,在公路上及公路用地范围内摆摊设点,是,110116,
十支队-怀柔执法队,G111京漠线K72+500椴树岭,在公路范围内擅自移动井盖,否,110116,
十支队-怀柔执法队,G111京漠线K72+500椴树岭,擅自占用、挖掘公路,是,110116,
十支队-怀柔执法队,G111京漠线K72+500椴树岭,在公路用地范围内设置公路标志以外的其他标志,是,110116,
十支队-怀柔执法队,G111京漠线K72+500椴树岭,遮挡公路附属设施或者利用公路附属设施架设管道、悬挂物品，可能危及公路安全,是,110116,
十支队-怀柔执法队,G111京漠线K72+500椴树岭,车辆装载物触地拖行、掉落、遗洒或者飘散，造成公路路面损坏、污染,是,110116,
十支队-怀柔执法队,G111京漠线K76+779分水岭进京23,在公路上及公路用地范围内堆放物品,是,110116,
十支队-怀柔执法队,G111京漠线K76+779分水岭进京23,在公路上及公路用地范围内摆摊设点,是,110116,
十支队-怀柔执法队,G111京漠线K76+779分水岭进京23,在公路范围内擅自移动井盖,否,110116,
十支队-怀柔执法队,G111京漠线K76+779分水岭进京23,擅自占用、挖掘公路,是,110116,
十支队-怀柔执法队,G111京漠线K76+779分水岭进京23,在公路用地范围内设置公路标志以外的其他标志,是,110116,
十支队-怀柔执法队,G111京漠线K76+779分水岭进京23,遮挡公路附属设施或者利用公路附属设施架设管道、悬挂物品，可能危及公路安全,是,110116,
十支队-怀柔执法队,G111京漠线K76+779分水岭进京23,车辆装载物触地拖行、掉落、遗洒或者飘散，造成公路路面损坏、污染,是,110116,
十支队-怀柔执法队,G111京漠线K78+693分水岭进京人3,在公路上及公路用地范围内堆放物品,是,110116,
十支队-怀柔执法队,G111京漠线K78+693分水岭进京人3,在公路上及公路用地范围内摆摊设点,是,110116,
十支队-怀柔执法队,G111京漠线K78+693分水岭进京人3,在公路范围内擅自移动井盖,否,110116,
十支队-怀柔执法队,G111京漠线K78+693分水岭进京人3,擅自占用、挖掘公路,是,110116,
十支队-怀柔执法队,G111京漠线K78+693分水岭进京人3,在公路用地范围内设置公路标志以外的其他标志,是,110116,
十支队-怀柔执法队,G111京漠线K78+693分水岭进京人3,遮挡公路附属设施或者利用公路附属设施架设管道、悬挂物品，可能危及公路安全,是,110116,
十支队-怀柔执法队,G111京漠线K78+693分水岭进京人3,车辆装载物触地拖行、掉落、遗洒或者飘散，造成公路路面损坏、污染,是,110116,
十支队-怀柔执法队,G111京漠线K78+925分水岭出京人6,在公路上及公路用地范围内堆放物品,是,110116,
十支队-怀柔执法队,G111京漠线K78+925分水岭出京人6,在公路上及公路用地范围内摆摊设点,是,110116,
十支队-怀柔执法队,G111京漠线K78+925分水岭出京人6,在公路范围内擅自移动井盖,否,110116,
十支队-怀柔执法队,G111京漠线K78+925分水岭出京人6,擅自占用、挖掘公路,是,110116,
十支队-怀柔执法队,G111京漠线K78+925分水岭出京人6,在公路用地范围内设置公路标志以外的其他标志,是,110116,
十支队-怀柔执法队,G111京漠线K78+925分水岭出京人6,遮挡公路附属设施或者利用公路附属设施架设管道、悬挂物品，可能危及公路安全,是,110116,
十支队-怀柔执法队,G111京漠线K78+925分水岭出京人6,车辆装载物触地拖行、掉落、遗洒或者飘散，造成公路路面损坏、污染,是,110116,
十支队-怀柔执法队,G111京漠线K78+946分水岭进京人2,在公路上及公路用地范围内堆放物品,是,110116,
十支队-怀柔执法队,G111京漠线K78+946分水岭进京人2,在公路上及公路用地范围内摆摊设点,是,110116,
十支队-怀柔执法队,G111京漠线K78+946分水岭进京人2,在公路范围内擅自移动井盖,否,110116,
十支队-怀柔执法队,G111京漠线K78+946分水岭进京人2,擅自占用、挖掘公路,是,110116,
十支队-怀柔执法队,G111京漠线K78+946分水岭进京人2,在公路用地范围内设置公路标志以外的其他标志,是,110116,
十支队-怀柔执法队,G111京漠线K78+946分水岭进京人2,遮挡公路附属设施或者利用公路附属设施架设管道、悬挂物品，可能危及公路安全,是,110116,
十支队-怀柔执法队,G111京漠线K78+946分水岭进京人2,车辆装载物触地拖行、掉落、遗洒或者飘散，造成公路路面损坏、污染,是,110116,
十支队-怀柔执法队,G111京漠线K79+174分水岭出京人7,在公路上及公路用地范围内堆放物品,是,110116,
十支队-怀柔执法队,G111京漠线K79+174分水岭出京人7,在公路上及公路用地范围内摆摊设点,是,110116,
十支队-怀柔执法队,G111京漠线K79+174分水岭出京人7,在公路范围内擅自移动井盖,否,110116,
十支队-怀柔执法队,G111京漠线K79+174分水岭出京人7,擅自占用、挖掘公路,是,110116,
十支队-怀柔执法队,G111京漠线K79+174分水岭出京人7,在公路用地范围内设置公路标志以外的其他标志,是,110116,
十支队-怀柔执法队,G111京漠线K79+174分水岭出京人7,遮挡公路附属设施或者利用公路附属设施架设管道、悬挂物品，可能危及公路安全,是,110116,
十支队-怀柔执法队,G111京漠线K79+174分水岭出京人7,车辆装载物触地拖行、掉落、遗洒或者飘散，造成公路路面损坏、污染,是,110116,
十支队-怀柔执法队,G111京漠线K79+194分水岭进京车1,在公路上及公路用地范围内堆放物品,是,110116,
十支队-怀柔执法队,G111京漠线K79+194分水岭进京车1,在公路上及公路用地范围内摆摊设点,是,110116,
十支队-怀柔执法队,G111京漠线K79+194分水岭进京车1,在公路范围内擅自移动井盖,否,110116,
十支队-怀柔执法队,G111京漠线K79+194分水岭进京车1,擅自占用、挖掘公路,是,110116,
十支队-怀柔执法队,G111京漠线K79+194分水岭进京车1,在公路用地范围内设置公路标志以外的其他标志,是,110116,
十支队-怀柔执法队,G111京漠线K79+194分水岭进京车1,遮挡公路附属设施或者利用公路附属设施架设管道、悬挂物品，可能危及公路安全,是,110116,
十支队-怀柔执法队,G111京漠线K79+194分水岭进京车1,车辆装载物触地拖行、掉落、遗洒或者飘散，造成公路路面损坏、污染,是,110116,
十支队-怀柔执法队,G111京漠线K79+399分水岭出京车4,在公路上及公路用地范围内堆放物品,是,110116,
十支队-怀柔执法队,G111京漠线K79+399分水岭出京车4,在公路上及公路用地范围内摆摊设点,是,110116,
十支队-怀柔执法队,G111京漠线K79+399分水岭出京车4,在公路范围内擅自移动井盖,否,110116,
十支队-怀柔执法队,G111京漠线K79+399分水岭出京车4,擅自占用、挖掘公路,是,110116,
十支队-怀柔执法队,G111京漠线K79+399分水岭出京车4,在公路用地范围内设置公路标志以外的其他标志,是,110116,
十支队-怀柔执法队,G111京漠线K79+399分水岭出京车4,遮挡公路附属设施或者利用公路附属设施架设管道、悬挂物品，可能危及公路安全,是,110116,
十支队-怀柔执法队,G111京漠线K79+399分水岭出京车4,车辆装载物触地拖行、掉落、遗洒或者飘散，造成公路路面损坏、污染,是,110116,
十支队-怀柔执法队,G111京漠线K79+491分水岭进京人1,在公路上及公路用地范围内堆放物品,是,110116,
十支队-怀柔执法队,G111京漠线K79+491分水岭进京人1,在公路上及公路用地范围内摆摊设点,是,110116,
十支队-怀柔执法队,G111京漠线K79+491分水岭进京人1,在公路范围内擅自移动井盖,否,110116,
十支队-怀柔执法队,G111京漠线K79+491分水岭进京人1,擅自占用、挖掘公路,是,110116,
十支队-怀柔执法队,G111京漠线K79+491分水岭进京人1,在公路用地范围内设置公路标志以外的其他标志,是,110116,
十支队-怀柔执法队,G111京漠线K79+491分水岭进京人1,遮挡公路附属设施或者利用公路附属设施架设管道、悬挂物品，可能危及公路安全,是,110116,
十支队-怀柔执法队,G111京漠线K79+491分水岭进京人1,车辆装载物触地拖行、掉落、遗洒或者飘散，造成公路路面损坏、污染,是,110116,
十支队-怀柔执法队,G111京漠线K79+721分水岭出京人8,在公路上及公路用地范围内堆放物品,是,110116,
十支队-怀柔执法队,G111京漠线K79+721分水岭出京人8,在公路上及公路用地范围内摆摊设点,是,110116,
十支队-怀柔执法队,G111京漠线K79+721分水岭出京人8,在公路范围内擅自移动井盖,否,110116,
十支队-怀柔执法队,G111京漠线K79+721分水岭出京人8,擅自占用、挖掘公路,是,110116,
十支队-怀柔执法队,G111京漠线K79+721分水岭出京人8,在公路用地范围内设置公路标志以外的其他标志,是,110116,
十支队-怀柔执法队,G111京漠线K79+721分水岭出京人8,遮挡公路附属设施或者利用公路附属设施架设管道、悬挂物品，可能危及公路安全,是,110116,
十支队-怀柔执法队,G111京漠线K79+721分水岭出京人8,车辆装载物触地拖行、掉落、遗洒或者飘散，造成公路路面损坏、污染,是,110116,
十支队-怀柔执法队,G111京漠线K79+781分水岭出京24,在公路上及公路用地范围内堆放物品,是,110116,
十支队-怀柔执法队,G111京漠线K79+781分水岭出京24,在公路上及公路用地范围内摆摊设点,是,110116,
十支队-怀柔执法队,G111京漠线K79+781分水岭出京24,在公路范围内擅自移动井盖,否,110116,
十支队-怀柔执法队,G111京漠线K79+781分水岭出京24,擅自占用、挖掘公路,是,110116,
十支队-怀柔执法队,G111京漠线K79+781分水岭出京24,在公路用地范围内设置公路标志以外的其他标志,是,110116,
十支队-怀柔执法队,G111京漠线K79+781分水岭出京24,遮挡公路附属设施或者利用公路附属设施架设管道、悬挂物品，可能危及公路安全,是,110116,
十支队-怀柔执法队,G111京漠线K79+781分水岭出京24,车辆装载物触地拖行、掉落、遗洒或者飘散，造成公路路面损坏、污染,是,110116,
十支队-怀柔执法队,G111京漠线K79+966分水岭进京入口,在公路上及公路用地范围内堆放物品,是,110116,
十支队-怀柔执法队,G111京漠线K79+966分水岭进京入口,在公路上及公路用地范围内摆摊设点,是,110116,
十支队-怀柔执法队,G111京漠线K79+966分水岭进京入口,在公路范围内擅自移动井盖,否,110116,
十支队-怀柔执法队,G111京漠线K79+966分水岭进京入口,擅自占用、挖掘公路,是,110116,
十支队-怀柔执法队,G111京漠线K79+966分水岭进京入口,在公路用地范围内设置公路标志以外的其他标志,是,110116,
十支队-怀柔执法队,G111京漠线K79+966分水岭进京入口,遮挡公路附属设施或者利用公路附属设施架设管道、悬挂物品，可能危及公路安全,是,110116,
十支队-怀柔执法队,G111京漠线K79+966分水岭进京入口,车辆装载物触地拖行、掉落、遗洒或者飘散，造成公路路面损坏、污染,是,110116,
十支队-怀柔执法队,G111京漠线K80+500后山铺,在公路上及公路用地范围内堆放物品,是,110116,
十支队-怀柔执法队,G111京漠线K80+500后山铺,在公路上及公路用地范围内摆摊设点,是,110116,
十支队-怀柔执法队,G111京漠线K80+500后山铺,在公路范围内擅自移动井盖,否,110116,
十支队-怀柔执法队,G111京漠线K80+500后山铺,擅自占用、挖掘公路,是,110116,
十支队-怀柔执法队,G111京漠线K80+500后山铺,在公路用地范围内设置公路标志以外的其他标志,是,110116,
十支队-怀柔执法队,G111京漠线K80+500后山铺,遮挡公路附属设施或者利用公路附属设施架设管道、悬挂物品，可能危及公路安全,是,110116,
十支队-怀柔执法队,G111京漠线K80+500后山铺,车辆装载物触地拖行、掉落、遗洒或者飘散，造成公路路面损坏、污染,是,110116,
十支队-怀柔执法队,G111京漠线K88+037琉璃庙隧道 下行-出口,在公路上及公路用地范围内堆放物品,是,110116,
十支队-怀柔执法队,G111京漠线K88+037琉璃庙隧道 下行-出口,在公路上及公路用地范围内摆摊设点,是,110116,
十支队-怀柔执法队,G111京漠线K88+037琉璃庙隧道 下行-出口,在公路范围内擅自移动井盖,否,110116,
十支队-怀柔执法队,G111京漠线K88+037琉璃庙隧道 下行-出口,擅自占用、挖掘公路,是,110116,
十支队-怀柔执法队,G111京漠线K88+037琉璃庙隧道 下行-出口,在公路用地范围内设置公路标志以外的其他标志,是,110116,
十支队-怀柔执法队,G111京漠线K88+037琉璃庙隧道 下行-出口,遮挡公路附属设施或者利用公路附属设施架设管道、悬挂物品，可能危及公路安全,是,110116,
十支队-怀柔执法队,G111京漠线K88+037琉璃庙隧道 下行-出口,车辆装载物触地拖行、掉落、遗洒或者飘散，造成公路路面损坏、污染,是,110116,
十支队-怀柔执法队,G111京漠线K88+600琉璃庙隧1,在公路上及公路用地范围内堆放物品,是,110116,
十支队-怀柔执法队,G111京漠线K88+600琉璃庙隧1,在公路上及公路用地范围内摆摊设点,是,110116,
十支队-怀柔执法队,G111京漠线K88+600琉璃庙隧1,在公路范围内擅自移动井盖,否,110116,
十支队-怀柔执法队,G111京漠线K88+600琉璃庙隧1,擅自占用、挖掘公路,是,110116,
十支队-怀柔执法队,G111京漠线K88+600琉璃庙隧1,在公路用地范围内设置公路标志以外的其他标志,是,110116,
十支队-怀柔执法队,G111京漠线K88+600琉璃庙隧1,遮挡公路附属设施或者利用公路附属设施架设管道、悬挂物品，可能危及公路安全,是,110116,
十支队-怀柔执法队,G111京漠线K88+600琉璃庙隧1,车辆装载物触地拖行、掉落、遗洒或者飘散，造成公路路面损坏、污染,是,110116,
十支队-怀柔执法队,G111京漠线K88+670琉璃庙隧道 下行-进口,在公路上及公路用地范围内堆放物品,是,110116,
十支队-怀柔执法队,G111京漠线K88+670琉璃庙隧道 下行-进口,在公路上及公路用地范围内摆摊设点,是,110116,
十支队-怀柔执法队,G111京漠线K88+670琉璃庙隧道 下行-进口,在公路范围内擅自移动井盖,否,110116,
十支队-怀柔执法队,G111京漠线K88+670琉璃庙隧道 下行-进口,擅自占用、挖掘公路,是,110116,
十支队-怀柔执法队,G111京漠线K88+670琉璃庙隧道 下行-进口,在公路用地范围内设置公路标志以外的其他标志,是,110116,
十支队-怀柔执法队,G111京漠线K88+670琉璃庙隧道 下行-进口,遮挡公路附属设施或者利用公路附属设施架设管道、悬挂物品，可能危及公路安全,是,110116,
十支队-怀柔执法队,G111京漠线K88+670琉璃庙隧道 下行-进口,车辆装载物触地拖行、掉落、遗洒或者飘散，造成公路路面损坏、污染,是,110116,
十支队-怀柔执法队,G111京漠线K92+267安岭梁进京出口,在公路上及公路用地范围内堆放物品,是,110116,
十支队-怀柔执法队,G111京漠线K92+267安岭梁进京出口,在公路上及公路用地范围内摆摊设点,是,110116,
十支队-怀柔执法队,G111京漠线K92+267安岭梁进京出口,在公路范围内擅自移动井盖,否,110116,
十支队-怀柔执法队,G111京漠线K92+267安岭梁进京出口,擅自占用、挖掘公路,是,110116,
十支队-怀柔执法队,G111京漠线K92+267安岭梁进京出口,在公路用地范围内设置公路标志以外的其他标志,是,110116,
十支队-怀柔执法队,G111京漠线K92+267安岭梁进京出口,遮挡公路附属设施或者利用公路附属设施架设管道、悬挂物品，可能危及公路安全,是,110116,
十支队-怀柔执法队,G111京漠线K92+267安岭梁进京出口,车辆装载物触地拖行、掉落、遗洒或者飘散，造成公路路面损坏、污染,是,110116,
十支队-怀柔执法队,G111京漠线K92+597安岭梁进京6,在公路上及公路用地范围内堆放物品,是,110116,
十支队-怀柔执法队,G111京漠线K92+597安岭梁进京6,在公路上及公路用地范围内摆摊设点,是,110116,
十支队-怀柔执法队,G111京漠线K92+597安岭梁进京6,在公路范围内擅自移动井盖,否,110116,
十支队-怀柔执法队,G111京漠线K92+597安岭梁进京6,擅自占用、挖掘公路,是,110116,
十支队-怀柔执法队,G111京漠线K92+597安岭梁进京6,在公路用地范围内设置公路标志以外的其他标志,是,110116,
十支队-怀柔执法队,G111京漠线K92+597安岭梁进京6,遮挡公路附属设施或者利用公路附属设施架设管道、悬挂物品，可能危及公路安全,是,110116,
十支队-怀柔执法队,G111京漠线K92+597安岭梁进京6,车辆装载物触地拖行、掉落、遗洒或者飘散，造成公路路面损坏、污染,是,110116,
十支队-怀柔执法队,G111京漠线K92+738安岭梁进京5,在公路上及公路用地范围内堆放物品,是,110116,
十支队-怀柔执法队,G111京漠线K92+738安岭梁进京5,在公路上及公路用地范围内摆摊设点,是,110116,
十支队-怀柔执法队,G111京漠线K92+738安岭梁进京5,在公路范围内擅自移动井盖,否,110116,
十支队-怀柔执法队,G111京漠线K92+738安岭梁进京5,擅自占用、挖掘公路,是,110116,
十支队-怀柔执法队,G111京漠线K92+738安岭梁进京5,在公路用地范围内设置公路标志以外的其他标志,是,110116,
十支队-怀柔执法队,G111京漠线K92+738安岭梁进京5,遮挡公路附属设施或者利用公路附属设施架设管道、悬挂物品，可能危及公路安全,是,110116,
十支队-怀柔执法队,G111京漠线K92+738安岭梁进京5,车辆装载物触地拖行、掉落、遗洒或者飘散，造成公路路面损坏、污染,是,110116,
十支队-怀柔执法队,G111京漠线K92+899安岭梁进京4,在公路上及公路用地范围内堆放物品,是,110116,
十支队-怀柔执法队,G111京漠线K92+899安岭梁进京4,在公路上及公路用地范围内摆摊设点,是,110116,
十支队-怀柔执法队,G111京漠线K92+899安岭梁进京4,在公路范围内擅自移动井盖,否,110116,
十支队-怀柔执法队,G111京漠线K92+899安岭梁进京4,擅自占用、挖掘公路,是,110116,
十支队-怀柔执法队,G111京漠线K92+899安岭梁进京4,在公路用地范围内设置公路标志以外的其他标志,是,110116,
十支队-怀柔执法队,G111京漠线K92+899安岭梁进京4,遮挡公路附属设施或者利用公路附属设施架设管道、悬挂物品，可能危及公路安全,是,110116,
十支队-怀柔执法队,G111京漠线K92+899安岭梁进京4,车辆装载物触地拖行、掉落、遗洒或者飘散，造成公路路面损坏、污染,是,110116,
十支队-怀柔执法队,G111京漠线K93+042安岭梁进京3,在公路上及公路用地范围内堆放物品,是,110116,
十支队-怀柔执法队,G111京漠线K93+042安岭梁进京3,在公路上及公路用地范围内摆摊设点,是,110116,
十支队-怀柔执法队,G111京漠线K93+042安岭梁进京3,在公路范围内擅自移动井盖,否,110116,
十支队-怀柔执法队,G111京漠线K93+042安岭梁进京3,擅自占用、挖掘公路,是,110116,
十支队-怀柔执法队,G111京漠线K93+042安岭梁进京3,在公路用地范围内设置公路标志以外的其他标志,是,110116,
十支队-怀柔执法队,G111京漠线K93+042安岭梁进京3,遮挡公路附属设施或者利用公路附属设施架设管道、悬挂物品，可能危及公路安全,是,110116,
十支队-怀柔执法队,G111京漠线K93+042安岭梁进京3,车辆装载物触地拖行、掉落、遗洒或者飘散，造成公路路面损坏、污染,是,110116,
十支队-怀柔执法队,G111京漠线K93+186安岭梁进京2,在公路上及公路用地范围内堆放物品,是,110116,
十支队-怀柔执法队,G111京漠线K93+186安岭梁进京2,在公路上及公路用地范围内摆摊设点,是,110116,
十支队-怀柔执法队,G111京漠线K93+186安岭梁进京2,在公路范围内擅自移动井盖,否,110116,
十支队-怀柔执法队,G111京漠线K93+186安岭梁进京2,擅自占用、挖掘公路,是,110116,
十支队-怀柔执法队,G111京漠线K93+186安岭梁进京2,在公路用地范围内设置公路标志以外的其他标志,是,110116,
十支队-怀柔执法队,G111京漠线K93+186安岭梁进京2,遮挡公路附属设施或者利用公路附属设施架设管道、悬挂物品，可能危及公路安全,是,110116,
十支队-怀柔执法队,G111京漠线K93+186安岭梁进京2,车辆装载物触地拖行、掉落、遗洒或者飘散，造成公路路面损坏、污染,是,110116,
十支队-怀柔执法队,G111京漠线K93+248安岭梁进京1,在公路上及公路用地范围内堆放物品,是,110116,
十支队-怀柔执法队,G111京漠线K93+248安岭梁进京1,在公路上及公路用地范围内摆摊设点,是,110116,
十支队-怀柔执法队,G111京漠线K93+248安岭梁进京1,在公路范围内擅自移动井盖,否,110116,
十支队-怀柔执法队,G111京漠线K93+248安岭梁进京1,擅自占用、挖掘公路,是,110116,
十支队-怀柔执法队,G111京漠线K93+248安岭梁进京1,在公路用地范围内设置公路标志以外的其他标志,是,110116,
十支队-怀柔执法队,G111京漠线K93+248安岭梁进京1,遮挡公路附属设施或者利用公路附属设施架设管道、悬挂物品，可能危及公路安全,是,110116,
十支队-怀柔执法队,G111京漠线K93+248安岭梁进京1,车辆装载物触地拖行、掉落、遗洒或者飘散，造成公路路面损坏、污染,是,110116,
十支队-怀柔执法队,G111京漠线K93+449安岭梁进京入口进京,在公路上及公路用地范围内堆放物品,是,110116,
十支队-怀柔执法队,G111京漠线K93+449安岭梁进京入口进京,在公路上及公路用地范围内摆摊设点,是,110116,
十支队-怀柔执法队,G111京漠线K93+449安岭梁进京入口进京,在公路范围内擅自移动井盖,否,110116,
十支队-怀柔执法队,G111京漠线K93+449安岭梁进京入口进京,擅自占用、挖掘公路,是,110116,
十支队-怀柔执法队,G111京漠线K93+449安岭梁进京入口进京,在公路用地范围内设置公路标志以外的其他标志,是,110116,
十支队-怀柔执法队,G111京漠线K93+449安岭梁进京入口进京,遮挡公路附属设施或者利用公路附属设施架设管道、悬挂物品，可能危及公路安全,是,110116,
十支队-怀柔执法队,G111京漠线K93+449安岭梁进京入口进京,车辆装载物触地拖行、掉落、遗洒或者飘散，造成公路路面损坏、污染,是,110116,
十支队-怀柔执法队,G111京漠线K93+539安岭梁出京入口,在公路上及公路用地范围内堆放物品,是,110116,
十支队-怀柔执法队,G111京漠线K93+539安岭梁出京入口,在公路上及公路用地范围内摆摊设点,是,110116,
十支队-怀柔执法队,G111京漠线K93+539安岭梁出京入口,在公路范围内擅自移动井盖,否,110116,
十支队-怀柔执法队,G111京漠线K93+539安岭梁出京入口,擅自占用、挖掘公路,是,110116,
十支队-怀柔执法队,G111京漠线K93+539安岭梁出京入口,在公路用地范围内设置公路标志以外的其他标志,是,110116,
十支队-怀柔执法队,G111京漠线K93+539安岭梁出京入口,遮挡公路附属设施或者利用公路附属设施架设管道、悬挂物品，可能危及公路安全,是,110116,
十支队-怀柔执法队,G111京漠线K93+539安岭梁出京入口,车辆装载物触地拖行、掉落、遗洒或者飘散，造成公路路面损坏、污染,是,110116,
十支队-怀柔执法队,G111京漠线K93+709安岭梁出京1,在公路上及公路用地范围内堆放物品,是,110116,
十支队-怀柔执法队,G111京漠线K93+709安岭梁出京1,在公路上及公路用地范围内摆摊设点,是,110116,
十支队-怀柔执法队,G111京漠线K93+709安岭梁出京1,在公路范围内擅自移动井盖,否,110116,
十支队-怀柔执法队,G111京漠线K93+709安岭梁出京1,擅自占用、挖掘公路,是,110116,
十支队-怀柔执法队,G111京漠线K93+709安岭梁出京1,在公路用地范围内设置公路标志以外的其他标志,是,110116,
十支队-怀柔执法队,G111京漠线K93+709安岭梁出京1,遮挡公路附属设施或者利用公路附属设施架设管道、悬挂物品，可能危及公路安全,是,110116,
十支队-怀柔执法队,G111京漠线K93+709安岭梁出京1,车辆装载物触地拖行、掉落、遗洒或者飘散，造成公路路面损坏、污染,是,110116,
十支队-怀柔执法队,G111京漠线K93+842安岭梁出京2,在公路上及公路用地范围内堆放物品,是,110116,
十支队-怀柔执法队,G111京漠线K93+842安岭梁出京2,在公路上及公路用地范围内摆摊设点,是,110116,
十支队-怀柔执法队,G111京漠线K93+842安岭梁出京2,在公路范围内擅自移动井盖,否,110116,
十支队-怀柔执法队,G111京漠线K93+842安岭梁出京2,擅自占用、挖掘公路,是,110116,
十支队-怀柔执法队,G111京漠线K93+842安岭梁出京2,在公路用地范围内设置公路标志以外的其他标志,是,110116,
十支队-怀柔执法队,G111京漠线K93+842安岭梁出京2,遮挡公路附属设施或者利用公路附属设施架设管道、悬挂物品，可能危及公路安全,是,110116,
十支队-怀柔执法队,G111京漠线K93+842安岭梁出京2,车辆装载物触地拖行、掉落、遗洒或者飘散，造成公路路面损坏、污染,是,110116,
十支队-怀柔执法队,G111京漠线K93+995安岭梁出京3,在公路上及公路用地范围内堆放物品,是,110116,
十支队-怀柔执法队,G111京漠线K93+995安岭梁出京3,在公路上及公路用地范围内摆摊设点,是,110116,
十支队-怀柔执法队,G111京漠线K93+995安岭梁出京3,在公路范围内擅自移动井盖,否,110116,
十支队-怀柔执法队,G111京漠线K93+995安岭梁出京3,擅自占用、挖掘公路,是,110116,
十支队-怀柔执法队,G111京漠线K93+995安岭梁出京3,在公路用地范围内设置公路标志以外的其他标志,是,110116,
十支队-怀柔执法队,G111京漠线K93+995安岭梁出京3,遮挡公路附属设施或者利用公路附属设施架设管道、悬挂物品，可能危及公路安全,是,110116,
十支队-怀柔执法队,G111京漠线K93+995安岭梁出京3,车辆装载物触地拖行、掉落、遗洒或者飘散，造成公路路面损坏、污染,是,110116,
十支队-怀柔执法队,G111京漠线K94+143安岭梁出京4,在公路上及公路用地范围内堆放物品,是,110116,
十支队-怀柔执法队,G111京漠线K94+143安岭梁出京4,在公路上及公路用地范围内摆摊设点,是,110116,
十支队-怀柔执法队,G111京漠线K94+143安岭梁出京4,在公路范围内擅自移动井盖,否,110116,
十支队-怀柔执法队,G111京漠线K94+143安岭梁出京4,擅自占用、挖掘公路,是,110116,
十支队-怀柔执法队,G111京漠线K94+143安岭梁出京4,在公路用地范围内设置公路标志以外的其他标志,是,110116,
十支队-怀柔执法队,G111京漠线K94+143安岭梁出京4,遮挡公路附属设施或者利用公路附属设施架设管道、悬挂物品，可能危及公路安全,是,110116,
十支队-怀柔执法队,G111京漠线K94+143安岭梁出京4,车辆装载物触地拖行、掉落、遗洒或者飘散，造成公路路面损坏、污染,是,110116,
十支队-怀柔执法队,G111京漠线K94+285安岭梁出京5,在公路上及公路用地范围内堆放物品,是,110116,
十支队-怀柔执法队,G111京漠线K94+285安岭梁出京5,在公路上及公路用地范围内摆摊设点,是,110116,
十支队-怀柔执法队,G111京漠线K94+285安岭梁出京5,在公路范围内擅自移动井盖,否,110116,
十支队-怀柔执法队,G111京漠线K94+285安岭梁出京5,擅自占用、挖掘公路,是,110116,
十支队-怀柔执法队,G111京漠线K94+285安岭梁出京5,在公路用地范围内设置公路标志以外的其他标志,是,110116,
十支队-怀柔执法队,G111京漠线K94+285安岭梁出京5,遮挡公路附属设施或者利用公路附属设施架设管道、悬挂物品，可能危及公路安全,是,110116,
十支队-怀柔执法队,G111京漠线K94+285安岭梁出京5,车辆装载物触地拖行、掉落、遗洒或者飘散，造成公路路面损坏、污染,是,110116,
十支队-怀柔执法队,G111京漠线K94+442安岭梁出京6,在公路上及公路用地范围内堆放物品,是,110116,
十支队-怀柔执法队,G111京漠线K94+442安岭梁出京6,在公路上及公路用地范围内摆摊设点,是,110116,
十支队-怀柔执法队,G111京漠线K94+442安岭梁出京6,在公路范围内擅自移动井盖,否,110116,
十支队-怀柔执法队,G111京漠线K94+442安岭梁出京6,擅自占用、挖掘公路,是,110116,
十支队-怀柔执法队,G111京漠线K94+442安岭梁出京6,在公路用地范围内设置公路标志以外的其他标志,是,110116,
十支队-怀柔执法队,G111京漠线K94+442安岭梁出京6,遮挡公路附属设施或者利用公路附属设施架设管道、悬挂物品，可能危及公路安全,是,110116,
十支队-怀柔执法队,G111京漠线K94+442安岭梁出京6,车辆装载物触地拖行、掉落、遗洒或者飘散，造成公路路面损坏、污染,是,110116,
十支队-怀柔执法队,G111京漠线K94+537安岭梁出京7,在公路上及公路用地范围内堆放物品,是,110116,
十支队-怀柔执法队,G111京漠线K94+537安岭梁出京7,在公路上及公路用地范围内摆摊设点,是,110116,
十支队-怀柔执法队,G111京漠线K94+537安岭梁出京7,在公路范围内擅自移动井盖,否,110116,
十支队-怀柔执法队,G111京漠线K94+537安岭梁出京7,擅自占用、挖掘公路,是,110116,
十支队-怀柔执法队,G111京漠线K94+537安岭梁出京7,在公路用地范围内设置公路标志以外的其他标志,是,110116,
十支队-怀柔执法队,G111京漠线K94+537安岭梁出京7,遮挡公路附属设施或者利用公路附属设施架设管道、悬挂物品，可能危及公路安全,是,110116,
十支队-怀柔执法队,G111京漠线K94+537安岭梁出京7,车辆装载物触地拖行、掉落、遗洒或者飘散，造成公路路面损坏、污染,是,110116,
十支队-怀柔执法队,G111京漠线K94+842安岭梁出京出口球机,在公路上及公路用地范围内堆放物品,是,110116,
十支队-怀柔执法队,G111京漠线K94+842安岭梁出京出口球机,在公路上及公路用地范围内摆摊设点,是,110116,
十支队-怀柔执法队,G111京漠线K94+842安岭梁出京出口球机,在公路范围内擅自移动井盖,否,110116,
十支队-怀柔执法队,G111京漠线K94+842安岭梁出京出口球机,擅自占用、挖掘公路,是,110116,
十支队-怀柔执法队,G111京漠线K94+842安岭梁出京出口球机,在公路用地范围内设置公路标志以外的其他标志,是,110116,
十支队-怀柔执法队,G111京漠线K94+842安岭梁出京出口球机,遮挡公路附属设施或者利用公路附属设施架设管道、悬挂物品，可能危及公路安全,是,110116,
十支队-怀柔执法队,G111京漠线K94+842安岭梁出京出口球机,车辆装载物触地拖行、掉落、遗洒或者飘散，造成公路路面损坏、污染,是,110116,
十支队-通州执法队,G1京哈高速道路K0+130四方桥出京（固定）,在公路上及公路用地范围内堆放物品,是,110112,
十支队-通州执法队,G1京哈高速道路K0+130四方桥出京（固定）,在公路上及公路用地范围内摆摊设点,是,110112,
十支队-通州执法队,G1京哈高速道路K0+130四方桥出京（固定）,在公路范围内擅自移动井盖,否,110112,
十支队-通州执法队,G1京哈高速道路K0+130四方桥出京（固定）,擅自占用、挖掘公路,是,110112,
十支队-通州执法队,G1京哈高速道路K0+130四方桥出京（固定）,在公路用地范围内设置公路标志以外的其他标志,是,110112,
十支队-通州执法队,G1京哈高速道路K0+130四方桥出京（固定）,遮挡公路附属设施或者利用公路附属设施架设管道、悬挂物品，可能危及公路安全,是,110112,
十支队-通州执法队,G1京哈高速道路K0+130四方桥出京（固定）,车辆装载物触地拖行、掉落、遗洒或者飘散，造成公路路面损坏、污染,是,110112,
十支队-通州执法队,G1京哈高速道路K0+130四方桥出京（可控）,在公路上及公路用地范围内堆放物品,是,110112,
十支队-通州执法队,G1京哈高速道路K0+130四方桥出京（可控）,在公路上及公路用地范围内摆摊设点,是,110112,
十支队-通州执法队,G1京哈高速道路K0+130四方桥出京（可控）,在公路范围内擅自移动井盖,否,110112,
十支队-通州执法队,G1京哈高速道路K0+130四方桥出京（可控）,擅自占用、挖掘公路,是,110112,
十支队-通州执法队,G1京哈高速道路K0+130四方桥出京（可控）,在公路用地范围内设置公路标志以外的其他标志,是,110112,
十支队-通州执法队,G1京哈高速道路K0+130四方桥出京（可控）,遮挡公路附属设施或者利用公路附属设施架设管道、悬挂物品，可能危及公路安全,是,110112,
十支队-通州执法队,G1京哈高速道路K0+130四方桥出京（可控）,车辆装载物触地拖行、掉落、遗洒或者飘散，造成公路路面损坏、污染,是,110112,
十支队-通州执法队,G1京哈高速道路K1+500垡头桥出口出京（可控）,在公路上及公路用地范围内堆放物品,是,110112,
十支队-通州执法队,G1京哈高速道路K1+500垡头桥出口出京（可控）,在公路上及公路用地范围内摆摊设点,是,110112,
十支队-通州执法队,G1京哈高速道路K1+500垡头桥出口出京（可控）,在公路范围内擅自移动井盖,否,110112,
十支队-通州执法队,G1京哈高速道路K1+500垡头桥出口出京（可控）,擅自占用、挖掘公路,是,110112,
十支队-通州执法队,G1京哈高速道路K1+500垡头桥出口出京（可控）,在公路用地范围内设置公路标志以外的其他标志,是,110112,
十支队-通州执法队,G1京哈高速道路K1+500垡头桥出口出京（可控）,遮挡公路附属设施或者利用公路附属设施架设管道、悬挂物品，可能危及公路安全,是,110112,
十支队-通州执法队,G1京哈高速道路K1+500垡头桥出口出京（可控）,车辆装载物触地拖行、掉落、遗洒或者飘散，造成公路路面损坏、污染,是,110112,
十支队-通州执法队,G1京哈高速道路K17+984施园桥东出京（固定）,在公路上及公路用地范围内堆放物品,是,110112,
十支队-通州执法队,G1京哈高速道路K17+984施园桥东出京（固定）,在公路上及公路用地范围内摆摊设点,是,110112,
十支队-通州执法队,G1京哈高速道路K17+984施园桥东出京（固定）,在公路范围内擅自移动井盖,否,110112,
十支队-通州执法队,G1京哈高速道路K17+984施园桥东出京（固定）,擅自占用、挖掘公路,是,110112,
十支队-通州执法队,G1京哈高速道路K17+984施园桥东出京（固定）,在公路用地范围内设置公路标志以外的其他标志,是,110112,
十支队-通州执法队,G1京哈高速道路K17+984施园桥东出京（固定）,遮挡公路附属设施或者利用公路附属设施架设管道、悬挂物品，可能危及公路安全,是,110112,
十支队-通州执法队,G1京哈高速道路K17+984施园桥东出京（固定）,车辆装载物触地拖行、掉落、遗洒或者飘散，造成公路路面损坏、污染,是,110112,
十支队-通州执法队,G1京哈高速道路K19+000张家湾一桥进京（固定）,在公路上及公路用地范围内堆放物品,是,110112,
十支队-通州执法队,G1京哈高速道路K19+000张家湾一桥进京（固定）,在公路上及公路用地范围内摆摊设点,是,110112,
十支队-通州执法队,G1京哈高速道路K19+000张家湾一桥进京（固定）,在公路范围内擅自移动井盖,否,110112,
十支队-通州执法队,G1京哈高速道路K19+000张家湾一桥进京（固定）,擅自占用、挖掘公路,是,110112,
十支队-通州执法队,G1京哈高速道路K19+000张家湾一桥进京（固定）,在公路用地范围内设置公路标志以外的其他标志,是,110112,
十支队-通州执法队,G1京哈高速道路K19+000张家湾一桥进京（固定）,遮挡公路附属设施或者利用公路附属设施架设管道、悬挂物品，可能危及公路安全,是,110112,
十支队-通州执法队,G1京哈高速道路K19+000张家湾一桥进京（固定）,车辆装载物触地拖行、掉落、遗洒或者飘散，造成公路路面损坏、污染,是,110112,
十支队-通州执法队,G1京哈高速道路K20+000何各庄桥西进京（可控）,在公路上及公路用地范围内堆放物品,是,110112,
十支队-通州执法队,G1京哈高速道路K20+000何各庄桥西进京（可控）,在公路上及公路用地范围内摆摊设点,是,110112,
十支队-通州执法队,G1京哈高速道路K20+000何各庄桥西进京（可控）,在公路范围内擅自移动井盖,否,110112,
十支队-通州执法队,G1京哈高速道路K20+000何各庄桥西进京（可控）,擅自占用、挖掘公路,是,110112,
十支队-通州执法队,G1京哈高速道路K20+000何各庄桥西进京（可控）,在公路用地范围内设置公路标志以外的其他标志,是,110112,
十支队-通州执法队,G1京哈高速道路K20+000何各庄桥西进京（可控）,遮挡公路附属设施或者利用公路附属设施架设管道、悬挂物品，可能危及公路安全,是,110112,
十支队-通州执法队,G1京哈高速道路K20+000何各庄桥西进京（可控）,车辆装载物触地拖行、掉落、遗洒或者飘散，造成公路路面损坏、污染,是,110112,
十支队-通州执法队,G1京哈高速道路K22+300海子洼桥西进京（可控）,在公路上及公路用地范围内堆放物品,是,110112,
十支队-通州执法队,G1京哈高速道路K22+300海子洼桥西进京（可控）,在公路上及公路用地范围内摆摊设点,是,110112,
十支队-通州执法队,G1京哈高速道路K22+300海子洼桥西进京（可控）,在公路范围内擅自移动井盖,否,110112,
十支队-通州执法队,G1京哈高速道路K22+300海子洼桥西进京（可控）,擅自占用、挖掘公路,是,110112,
十支队-通州执法队,G1京哈高速道路K22+300海子洼桥西进京（可控）,在公路用地范围内设置公路标志以外的其他标志,是,110112,
十支队-通州执法队,G1京哈高速道路K22+300海子洼桥西进京（可控）,遮挡公路附属设施或者利用公路附属设施架设管道、悬挂物品，可能危及公路安全,是,110112,
十支队-通州执法队,G1京哈高速道路K22+300海子洼桥西进京（可控）,车辆装载物触地拖行、掉落、遗洒或者飘散，造成公路路面损坏、污染,是,110112,
十支队-通州执法队,G1京哈高速道路K23+612海子洼桥东进京（固定）,在公路上及公路用地范围内堆放物品,是,110112,
十支队-通州执法队,G1京哈高速道路K23+612海子洼桥东进京（固定）,在公路上及公路用地范围内摆摊设点,是,110112,
十支队-通州执法队,G1京哈高速道路K23+612海子洼桥东进京（固定）,在公路范围内擅自移动井盖,否,110112,
十支队-通州执法队,G1京哈高速道路K23+612海子洼桥东进京（固定）,擅自占用、挖掘公路,是,110112,
十支队-通州执法队,G1京哈高速道路K23+612海子洼桥东进京（固定）,在公路用地范围内设置公路标志以外的其他标志,是,110112,
十支队-通州执法队,G1京哈高速道路K23+612海子洼桥东进京（固定）,遮挡公路附属设施或者利用公路附属设施架设管道、悬挂物品，可能危及公路安全,是,110112,
十支队-通州执法队,G1京哈高速道路K23+612海子洼桥东进京（固定）,车辆装载物触地拖行、掉落、遗洒或者飘散，造成公路路面损坏、污染,是,110112,
十支队-通州执法队,G1京哈高速道路K27+400儒林桥进京（可控）,在公路上及公路用地范围内堆放物品,是,110112,
十支队-通州执法队,G1京哈高速道路K27+400儒林桥进京（可控）,在公路上及公路用地范围内摆摊设点,是,110112,
十支队-通州执法队,G1京哈高速道路K27+400儒林桥进京（可控）,在公路范围内擅自移动井盖,否,110112,
十支队-通州执法队,G1京哈高速道路K27+400儒林桥进京（可控）,擅自占用、挖掘公路,是,110112,
十支队-通州执法队,G1京哈高速道路K27+400儒林桥进京（可控）,在公路用地范围内设置公路标志以外的其他标志,是,110112,
十支队-通州执法队,G1京哈高速道路K27+400儒林桥进京（可控）,遮挡公路附属设施或者利用公路附属设施架设管道、悬挂物品，可能危及公路安全,是,110112,
十支队-通州执法队,G1京哈高速道路K27+400儒林桥进京（可控）,车辆装载物触地拖行、掉落、遗洒或者飘散，造成公路路面损坏、污染,是,110112,
十支队-通州执法队,G1京哈高速道路K29+000郎府一桥西出京（可控）,在公路上及公路用地范围内堆放物品,是,110112,
十支队-通州执法队,G1京哈高速道路K29+000郎府一桥西出京（可控）,在公路上及公路用地范围内摆摊设点,是,110112,
十支队-通州执法队,G1京哈高速道路K29+000郎府一桥西出京（可控）,在公路范围内擅自移动井盖,否,110112,
十支队-通州执法队,G1京哈高速道路K29+000郎府一桥西出京（可控）,擅自占用、挖掘公路,是,110112,
十支队-通州执法队,G1京哈高速道路K29+000郎府一桥西出京（可控）,在公路用地范围内设置公路标志以外的其他标志,是,110112,
十支队-通州执法队,G1京哈高速道路K29+000郎府一桥西出京（可控）,遮挡公路附属设施或者利用公路附属设施架设管道、悬挂物品，可能危及公路安全,是,110112,
十支队-通州执法队,G1京哈高速道路K29+000郎府一桥西出京（可控）,车辆装载物触地拖行、掉落、遗洒或者飘散，造成公路路面损坏、污染,是,110112,
十支队-通州执法队,G1京哈高速道路K3+180王四营桥出京（固定）,在公路上及公路用地范围内堆放物品,是,110112,
十支队-通州执法队,G1京哈高速道路K3+180王四营桥出京（固定）,在公路上及公路用地范围内摆摊设点,是,110112,
十支队-通州执法队,G1京哈高速道路K3+180王四营桥出京（固定）,在公路范围内擅自移动井盖,否,110112,
十支队-通州执法队,G1京哈高速道路K3+180王四营桥出京（固定）,擅自占用、挖掘公路,是,110112,
十支队-通州执法队,G1京哈高速道路K3+180王四营桥出京（固定）,在公路用地范围内设置公路标志以外的其他标志,是,110112,
十支队-通州执法队,G1京哈高速道路K3+180王四营桥出京（固定）,遮挡公路附属设施或者利用公路附属设施架设管道、悬挂物品，可能危及公路安全,是,110112,
十支队-通州执法队,G1京哈高速道路K3+180王四营桥出京（固定）,车辆装载物触地拖行、掉落、遗洒或者飘散，造成公路路面损坏、污染,是,110112,
十支队-通州执法队,G1京哈高速道路K30+300郎府二桥出京（可控）,在公路上及公路用地范围内堆放物品,是,110112,
十支队-通州执法队,G1京哈高速道路K30+300郎府二桥出京（可控）,在公路上及公路用地范围内摆摊设点,是,110112,
十支队-通州执法队,G1京哈高速道路K30+300郎府二桥出京（可控）,在公路范围内擅自移动井盖,否,110112,
十支队-通州执法队,G1京哈高速道路K30+300郎府二桥出京（可控）,擅自占用、挖掘公路,是,110112,
十支队-通州执法队,G1京哈高速道路K30+300郎府二桥出京（可控）,在公路用地范围内设置公路标志以外的其他标志,是,110112,
十支队-通州执法队,G1京哈高速道路K30+300郎府二桥出京（可控）,遮挡公路附属设施或者利用公路附属设施架设管道、悬挂物品，可能危及公路安全,是,110112,
十支队-通州执法队,G1京哈高速道路K30+300郎府二桥出京（可控）,车辆装载物触地拖行、掉落、遗洒或者飘散，造成公路路面损坏、污染,是,110112,
十支队-通州执法队,G1京哈高速道路K31+300郎府三桥出京（可控）,在公路上及公路用地范围内堆放物品,是,110112,
十支队-通州执法队,G1京哈高速道路K31+300郎府三桥出京（可控）,在公路上及公路用地范围内摆摊设点,是,110112,
十支队-通州执法队,G1京哈高速道路K31+300郎府三桥出京（可控）,在公路范围内擅自移动井盖,否,110112,
十支队-通州执法队,G1京哈高速道路K31+300郎府三桥出京（可控）,擅自占用、挖掘公路,是,110112,
十支队-通州执法队,G1京哈高速道路K31+300郎府三桥出京（可控）,在公路用地范围内设置公路标志以外的其他标志,是,110112,
十支队-通州执法队,G1京哈高速道路K31+300郎府三桥出京（可控）,遮挡公路附属设施或者利用公路附属设施架设管道、悬挂物品，可能危及公路安全,是,110112,
十支队-通州执法队,G1京哈高速道路K31+300郎府三桥出京（可控）,车辆装载物触地拖行、掉落、遗洒或者飘散，造成公路路面损坏、污染,是,110112,
十支队-通州执法队,G1京哈高速道路K31+880郎府三桥进京（可控）,在公路上及公路用地范围内堆放物品,是,110112,
十支队-通州执法队,G1京哈高速道路K31+880郎府三桥进京（可控）,在公路上及公路用地范围内摆摊设点,是,110112,
十支队-通州执法队,G1京哈高速道路K31+880郎府三桥进京（可控）,在公路范围内擅自移动井盖,否,110112,
十支队-通州执法队,G1京哈高速道路K31+880郎府三桥进京（可控）,擅自占用、挖掘公路,是,110112,
十支队-通州执法队,G1京哈高速道路K31+880郎府三桥进京（可控）,在公路用地范围内设置公路标志以外的其他标志,是,110112,
十支队-通州执法队,G1京哈高速道路K31+880郎府三桥进京（可控）,遮挡公路附属设施或者利用公路附属设施架设管道、悬挂物品，可能危及公路安全,是,110112,
十支队-通州执法队,G1京哈高速道路K31+880郎府三桥进京（可控）,车辆装载物触地拖行、掉落、遗洒或者飘散，造成公路路面损坏、污染,是,110112,
十支队-通州执法队,G1京哈高速道路K33+300望君桥出京（可控）,在公路上及公路用地范围内堆放物品,是,110112,
十支队-通州执法队,G1京哈高速道路K33+300望君桥出京（可控）,在公路上及公路用地范围内摆摊设点,是,110112,
十支队-通州执法队,G1京哈高速道路K33+300望君桥出京（可控）,在公路范围内擅自移动井盖,否,110112,
十支队-通州执法队,G1京哈高速道路K33+300望君桥出京（可控）,擅自占用、挖掘公路,是,110112,
十支队-通州执法队,G1京哈高速道路K33+300望君桥出京（可控）,在公路用地范围内设置公路标志以外的其他标志,是,110112,
十支队-通州执法队,G1京哈高速道路K33+300望君桥出京（可控）,遮挡公路附属设施或者利用公路附属设施架设管道、悬挂物品，可能危及公路安全,是,110112,
十支队-通州执法队,G1京哈高速道路K33+300望君桥出京（可控）,车辆装载物触地拖行、掉落、遗洒或者飘散，造成公路路面损坏、污染,是,110112,
十支队-通州执法队,G1京哈高速道路K36+300王上桥进京（可控）,在公路上及公路用地范围内堆放物品,是,110112,
十支队-通州执法队,G1京哈高速道路K36+300王上桥进京（可控）,在公路上及公路用地范围内摆摊设点,是,110112,
十支队-通州执法队,G1京哈高速道路K36+300王上桥进京（可控）,在公路范围内擅自移动井盖,否,110112,
十支队-通州执法队,G1京哈高速道路K36+300王上桥进京（可控）,擅自占用、挖掘公路,是,110112,
十支队-通州执法队,G1京哈高速道路K36+300王上桥进京（可控）,在公路用地范围内设置公路标志以外的其他标志,是,110112,
十支队-通州执法队,G1京哈高速道路K36+300王上桥进京（可控）,遮挡公路附属设施或者利用公路附属设施架设管道、悬挂物品，可能危及公路安全,是,110112,
十支队-通州执法队,G1京哈高速道路K36+300王上桥进京（可控）,车辆装载物触地拖行、掉落、遗洒或者飘散，造成公路路面损坏、污染,是,110112,
十支队-通州执法队,G1京哈高速道路K37+520小灰店桥西出京（可控）,在公路上及公路用地范围内堆放物品,是,110112,
十支队-通州执法队,G1京哈高速道路K37+520小灰店桥西出京（可控）,在公路上及公路用地范围内摆摊设点,是,110112,
十支队-通州执法队,G1京哈高速道路K37+520小灰店桥西出京（可控）,在公路范围内擅自移动井盖,否,110112,
十支队-通州执法队,G1京哈高速道路K37+520小灰店桥西出京（可控）,擅自占用、挖掘公路,是,110112,
十支队-通州执法队,G1京哈高速道路K37+520小灰店桥西出京（可控）,在公路用地范围内设置公路标志以外的其他标志,是,110112,
十支队-通州执法队,G1京哈高速道路K37+520小灰店桥西出京（可控）,遮挡公路附属设施或者利用公路附属设施架设管道、悬挂物品，可能危及公路安全,是,110112,
十支队-通州执法队,G1京哈高速道路K37+520小灰店桥西出京（可控）,车辆装载物触地拖行、掉落、遗洒或者飘散，造成公路路面损坏、污染,是,110112,
十支队-通州执法队,G1京哈高速道路K4+800五方桥西进京（可控）,在公路上及公路用地范围内堆放物品,是,110112,
十支队-通州执法队,G1京哈高速道路K4+800五方桥西进京（可控）,在公路上及公路用地范围内摆摊设点,是,110112,
十支队-通州执法队,G1京哈高速道路K4+800五方桥西进京（可控）,在公路范围内擅自移动井盖,否,110112,
十支队-通州执法队,G1京哈高速道路K4+800五方桥西进京（可控）,擅自占用、挖掘公路,是,110112,
十支队-通州执法队,G1京哈高速道路K4+800五方桥西进京（可控）,在公路用地范围内设置公路标志以外的其他标志,是,110112,
十支队-通州执法队,G1京哈高速道路K4+800五方桥西进京（可控）,遮挡公路附属设施或者利用公路附属设施架设管道、悬挂物品，可能危及公路安全,是,110112,
十支队-通州执法队,G1京哈高速道路K4+800五方桥西进京（可控）,车辆装载物触地拖行、掉落、遗洒或者飘散，造成公路路面损坏、污染,是,110112,
十支队-平谷执法队,G230通武线K1007+200小东沟,在公路上及公路用地范围内堆放物品,是,110117,
十支队-平谷执法队,G230通武线K1007+200小东沟,在公路上及公路用地范围内摆摊设点,是,110117,
十支队-平谷执法队,G230通武线K1007+200小东沟,在公路范围内擅自移动井盖,否,110117,
十支队-平谷执法队,G230通武线K1007+200小东沟,擅自占用、挖掘公路,是,110117,
十支队-平谷执法队,G230通武线K1007+200小东沟,在公路用地范围内设置公路标志以外的其他标志,是,110117,
十支队-平谷执法队,G230通武线K1007+200小东沟,遮挡公路附属设施或者利用公路附属设施架设管道、悬挂物品，可能危及公路安全,是,110117,
十支队-平谷执法队,G230通武线K1007+200小东沟,车辆装载物触地拖行、掉落、遗洒或者飘散，造成公路路面损坏、污染,是,110117,
十支队-平谷执法队,G230通武线K1011+400东上营村北,在公路上及公路用地范围内堆放物品,是,110117,
十支队-平谷执法队,G230通武线K1011+400东上营村北,在公路上及公路用地范围内摆摊设点,是,110117,
十支队-平谷执法队,G230通武线K1011+400东上营村北,在公路范围内擅自移动井盖,否,110117,
十支队-平谷执法队,G230通武线K1011+400东上营村北,擅自占用、挖掘公路,是,110117,
十支队-平谷执法队,G230通武线K1011+400东上营村北,在公路用地范围内设置公路标志以外的其他标志,是,110117,
十支队-平谷执法队,G230通武线K1011+400东上营村北,遮挡公路附属设施或者利用公路附属设施架设管道、悬挂物品，可能危及公路安全,是,110117,
十支队-平谷执法队,G230通武线K1011+400东上营村北,车辆装载物触地拖行、掉落、遗洒或者飘散，造成公路路面损坏、污染,是,110117,
十支队-平谷执法队,G230通武线K1017+850黑豆峪,在公路上及公路用地范围内堆放物品,是,110117,
十支队-平谷执法队,G230通武线K1017+850黑豆峪,在公路上及公路用地范围内摆摊设点,是,110117,
十支队-平谷执法队,G230通武线K1017+850黑豆峪,在公路范围内擅自移动井盖,否,110117,
十支队-平谷执法队,G230通武线K1017+850黑豆峪,擅自占用、挖掘公路,是,110117,
十支队-平谷执法队,G230通武线K1017+850黑豆峪,在公路用地范围内设置公路标志以外的其他标志,是,110117,
十支队-平谷执法队,G230通武线K1017+850黑豆峪,遮挡公路附属设施或者利用公路附属设施架设管道、悬挂物品，可能危及公路安全,是,110117,
十支队-平谷执法队,G230通武线K1017+850黑豆峪,车辆装载物触地拖行、掉落、遗洒或者飘散，造成公路路面损坏、污染,是,110117,
十支队-平谷执法队,G230通武线K1027+445京平高速出入口（非现）,在公路上及公路用地范围内堆放物品,是,110117,
十支队-平谷执法队,G230通武线K1027+445京平高速出入口（非现）,在公路上及公路用地范围内摆摊设点,是,110117,
十支队-平谷执法队,G230通武线K1027+445京平高速出入口（非现）,在公路范围内擅自移动井盖,否,110117,
十支队-平谷执法队,G230通武线K1027+445京平高速出入口（非现）,擅自占用、挖掘公路,是,110117,
十支队-平谷执法队,G230通武线K1027+445京平高速出入口（非现）,在公路用地范围内设置公路标志以外的其他标志,是,110117,
十支队-平谷执法队,G230通武线K1027+445京平高速出入口（非现）,遮挡公路附属设施或者利用公路附属设施架设管道、悬挂物品，可能危及公路安全,是,110117,
十支队-平谷执法队,G230通武线K1027+445京平高速出入口（非现）,车辆装载物触地拖行、掉落、遗洒或者飘散，造成公路路面损坏、污染,是,110117,
十支队-平谷执法队,G230通武线K1027+500京平高速出入口,在公路上及公路用地范围内堆放物品,是,110117,
十支队-平谷执法队,G230通武线K1027+500京平高速出入口,在公路上及公路用地范围内摆摊设点,是,110117,
十支队-平谷执法队,G230通武线K1027+500京平高速出入口,在公路范围内擅自移动井盖,否,110117,
十支队-平谷执法队,G230通武线K1027+500京平高速出入口,擅自占用、挖掘公路,是,110117,
十支队-平谷执法队,G230通武线K1027+500京平高速出入口,在公路用地范围内设置公路标志以外的其他标志,是,110117,
十支队-平谷执法队,G230通武线K1027+500京平高速出入口,遮挡公路附属设施或者利用公路附属设施架设管道、悬挂物品，可能危及公路安全,是,110117,
十支队-平谷执法队,G230通武线K1027+500京平高速出入口,车辆装载物触地拖行、掉落、遗洒或者飘散，造成公路路面损坏、污染,是,110117,
十支队-平谷执法队,G230通武线K1044+805大庄户村南,在公路上及公路用地范围内堆放物品,是,110117,
十支队-平谷执法队,G230通武线K1044+805大庄户村南,在公路上及公路用地范围内摆摊设点,是,110117,
十支队-平谷执法队,G230通武线K1044+805大庄户村南,在公路范围内擅自移动井盖,否,110117,
十支队-平谷执法队,G230通武线K1044+805大庄户村南,擅自占用、挖掘公路,是,110117,
十支队-平谷执法队,G230通武线K1044+805大庄户村南,在公路用地范围内设置公路标志以外的其他标志,是,110117,
十支队-平谷执法队,G230通武线K1044+805大庄户村南,遮挡公路附属设施或者利用公路附属设施架设管道、悬挂物品，可能危及公路安全,是,110117,
十支队-平谷执法队,G230通武线K1044+805大庄户村南,车辆装载物触地拖行、掉落、遗洒或者飘散，造成公路路面损坏、污染,是,110117,
十支队-平谷执法队,G230通武线K1045+890检查站,在公路上及公路用地范围内堆放物品,是,110117,
十支队-平谷执法队,G230通武线K1045+890检查站,在公路上及公路用地范围内摆摊设点,是,110117,
十支队-平谷执法队,G230通武线K1045+890检查站,在公路范围内擅自移动井盖,否,110117,
十支队-平谷执法队,G230通武线K1045+890检查站,擅自占用、挖掘公路,是,110117,
十支队-平谷执法队,G230通武线K1045+890检查站,在公路用地范围内设置公路标志以外的其他标志,是,110117,
十支队-平谷执法队,G230通武线K1045+890检查站,遮挡公路附属设施或者利用公路附属设施架设管道、悬挂物品，可能危及公路安全,是,110117,
十支队-平谷执法队,G230通武线K1045+890检查站,车辆装载物触地拖行、掉落、遗洒或者飘散，造成公路路面损坏、污染,是,110117,
十支队-通州执法队,G230通武线K1107+600京滨线路口,在公路上及公路用地范围内堆放物品,是,110112,11000000001313040455
十支队-通州执法队,G230通武线K1107+600京滨线路口,在公路上及公路用地范围内摆摊设点,是,110112,11000000001313040455
十支队-通州执法队,G230通武线K1107+600京滨线路口,在公路范围内擅自移动井盖,否,110112,11000000001313040455
十支队-通州执法队,G230通武线K1107+600京滨线路口,擅自占用、挖掘公路,是,110112,11000000001313040455
十支队-通州执法队,G230通武线K1107+600京滨线路口,在公路用地范围内设置公路标志以外的其他标志,是,110112,11000000001313040455
十支队-通州执法队,G230通武线K1107+600京滨线路口,遮挡公路附属设施或者利用公路附属设施架设管道、悬挂物品，可能危及公路安全,是,110112,11000000001313040455
十支队-通州执法队,G230通武线K1107+600京滨线路口,车辆装载物触地拖行、掉落、遗洒或者飘散，造成公路路面损坏、污染,是,110112,11000000001313040455
十支队-通州执法队,G230通武线K1109+200觅子店村西,在公路上及公路用地范围内堆放物品,是,110112,11000000001315678326
十支队-通州执法队,G230通武线K1109+200觅子店村西,在公路上及公路用地范围内摆摊设点,是,110112,11000000001315678326
十支队-通州执法队,G230通武线K1109+200觅子店村西,在公路范围内擅自移动井盖,否,110112,11000000001315678326
十支队-通州执法队,G230通武线K1109+200觅子店村西,擅自占用、挖掘公路,是,110112,11000000001315678326
十支队-通州执法队,G230通武线K1109+200觅子店村西,在公路用地范围内设置公路标志以外的其他标志,是,110112,11000000001315678326
十支队-通州执法队,G230通武线K1109+200觅子店村西,遮挡公路附属设施或者利用公路附属设施架设管道、悬挂物品，可能危及公路安全,是,110112,11000000001315678326
十支队-通州执法队,G230通武线K1109+200觅子店村西,车辆装载物触地拖行、掉落、遗洒或者飘散，造成公路路面损坏、污染,是,110112,11000000001315678326
十支队-通州执法队,G230通武线K1112+500与孔兴路交叉路口南侧,在公路上及公路用地范围内堆放物品,是,110112,11000000001317381298
十支队-通州执法队,G230通武线K1112+500与孔兴路交叉路口南侧,在公路上及公路用地范围内摆摊设点,是,110112,11000000001317381298
十支队-通州执法队,G230通武线K1112+500与孔兴路交叉路口南侧,在公路范围内擅自移动井盖,否,110112,11000000001317381298
十支队-通州执法队,G230通武线K1112+500与孔兴路交叉路口南侧,擅自占用、挖掘公路,是,110112,11000000001317381298
十支队-通州执法队,G230通武线K1112+500与孔兴路交叉路口南侧,在公路用地范围内设置公路标志以外的其他标志,是,110112,11000000001317381298
十支队-通州执法队,G230通武线K1112+500与孔兴路交叉路口南侧,遮挡公路附属设施或者利用公路附属设施架设管道、悬挂物品，可能危及公路安全,是,110112,11000000001317381298
十支队-通州执法队,G230通武线K1112+500与孔兴路交叉路口南侧,车辆装载物触地拖行、掉落、遗洒或者飘散，造成公路路面损坏、污染,是,110112,11000000001317381298
十支队-通州执法队,G230通武线K1115+050永乐店01,在公路上及公路用地范围内堆放物品,是,110112,11000000001315559123
十支队-通州执法队,G230通武线K1115+050永乐店01,在公路上及公路用地范围内摆摊设点,是,110112,11000000001315559123
十支队-通州执法队,G230通武线K1115+050永乐店01,在公路范围内擅自移动井盖,否,110112,11000000001315559123
十支队-通州执法队,G230通武线K1115+050永乐店01,擅自占用、挖掘公路,是,110112,11000000001315559123
十支队-通州执法队,G230通武线K1115+050永乐店01,在公路用地范围内设置公路标志以外的其他标志,是,110112,11000000001315559123
十支队-通州执法队,G230通武线K1115+050永乐店01,遮挡公路附属设施或者利用公路附属设施架设管道、悬挂物品，可能危及公路安全,是,110112,11000000001315559123
十支队-通州执法队,G230通武线K1115+050永乐店01,车辆装载物触地拖行、掉落、遗洒或者飘散，造成公路路面损坏、污染,是,110112,11000000001315559123
十支队-密云执法队,G234兴阳线K102+950大关桥,在公路上及公路用地范围内堆放物品,是,110118,
十支队-密云执法队,G234兴阳线K102+950大关桥,在公路上及公路用地范围内摆摊设点,是,110118,
十支队-密云执法队,G234兴阳线K102+950大关桥,在公路范围内擅自移动井盖,否,110118,
十支队-密云执法队,G234兴阳线K102+950大关桥,擅自占用、挖掘公路,是,110118,
十支队-密云执法队,G234兴阳线K102+950大关桥,在公路用地范围内设置公路标志以外的其他标志,是,110118,
十支队-密云执法队,G234兴阳线K102+950大关桥,遮挡公路附属设施或者利用公路附属设施架设管道、悬挂物品，可能危及公路安全,是,110118,
十支队-密云执法队,G234兴阳线K102+950大关桥,车辆装载物触地拖行、掉落、遗洒或者飘散，造成公路路面损坏、污染,是,110118,
十支队-密云执法队,G234兴阳线K105+180横岺根隧道 阳江方向,在公路上及公路用地范围内堆放物品,是,110118,
十支队-密云执法队,G234兴阳线K105+180横岺根隧道 阳江方向,在公路上及公路用地范围内摆摊设点,是,110118,
十支队-密云执法队,G234兴阳线K105+180横岺根隧道 阳江方向,在公路范围内擅自移动井盖,否,110118,
十支队-密云执法队,G234兴阳线K105+180横岺根隧道 阳江方向,擅自占用、挖掘公路,是,110118,
十支队-密云执法队,G234兴阳线K105+180横岺根隧道 阳江方向,在公路用地范围内设置公路标志以外的其他标志,是,110118,
十支队-密云执法队,G234兴阳线K105+180横岺根隧道 阳江方向,遮挡公路附属设施或者利用公路附属设施架设管道、悬挂物品，可能危及公路安全,是,110118,
十支队-密云执法队,G234兴阳线K105+180横岺根隧道 阳江方向,车辆装载物触地拖行、掉落、遗洒或者飘散，造成公路路面损坏、污染,是,110118,
十支队-密云执法队,G234兴阳线K105+688横岺根隧道 兴隆方向,在公路上及公路用地范围内堆放物品,是,110118,
十支队-密云执法队,G234兴阳线K105+688横岺根隧道 兴隆方向,在公路上及公路用地范围内摆摊设点,是,110118,
十支队-密云执法队,G234兴阳线K105+688横岺根隧道 兴隆方向,在公路范围内擅自移动井盖,否,110118,
十支队-密云执法队,G234兴阳线K105+688横岺根隧道 兴隆方向,擅自占用、挖掘公路,是,110118,
十支队-密云执法队,G234兴阳线K105+688横岺根隧道 兴隆方向,在公路用地范围内设置公路标志以外的其他标志,是,110118,
十支队-密云执法队,G234兴阳线K105+688横岺根隧道 兴隆方向,遮挡公路附属设施或者利用公路附属设施架设管道、悬挂物品，可能危及公路安全,是,110118,
十支队-密云执法队,G234兴阳线K105+688横岺根隧道 兴隆方向,车辆装载物触地拖行、掉落、遗洒或者飘散，造成公路路面损坏、污染,是,110118,
十支队-密云执法队,G234兴阳线K116+194四合堂,在公路上及公路用地范围内堆放物品,是,110118,
十支队-密云执法队,G234兴阳线K116+194四合堂,在公路上及公路用地范围内摆摊设点,是,110118,
十支队-密云执法队,G234兴阳线K116+194四合堂,在公路范围内擅自移动井盖,否,110118,
十支队-密云执法队,G234兴阳线K116+194四合堂,擅自占用、挖掘公路,是,110118,
十支队-密云执法队,G234兴阳线K116+194四合堂,在公路用地范围内设置公路标志以外的其他标志,是,110118,
十支队-密云执法队,G234兴阳线K116+194四合堂,遮挡公路附属设施或者利用公路附属设施架设管道、悬挂物品，可能危及公路安全,是,110118,
十支队-密云执法队,G234兴阳线K116+194四合堂,车辆装载物触地拖行、掉落、遗洒或者飘散，造成公路路面损坏、污染,是,110118,
十支队-怀柔执法队,G234兴阳线K129+760东峪,在公路上及公路用地范围内堆放物品,是,110116,
十支队-怀柔执法队,G234兴阳线K129+760东峪,在公路上及公路用地范围内摆摊设点,是,110116,
十支队-怀柔执法队,G234兴阳线K129+760东峪,在公路范围内擅自移动井盖,否,110116,
十支队-怀柔执法队,G234兴阳线K129+760东峪,擅自占用、挖掘公路,是,110116,
十支队-怀柔执法队,G234兴阳线K129+760东峪,在公路用地范围内设置公路标志以外的其他标志,是,110116,
十支队-怀柔执法队,G234兴阳线K129+760东峪,遮挡公路附属设施或者利用公路附属设施架设管道、悬挂物品，可能危及公路安全,是,110116,
十支队-怀柔执法队,G234兴阳线K129+760东峪,车辆装载物触地拖行、掉落、遗洒或者飘散，造成公路路面损坏、污染,是,110116,
十支队-怀柔执法队,G234兴阳线K134+810柏查子,在公路上及公路用地范围内堆放物品,是,110116,
十支队-怀柔执法队,G234兴阳线K134+810柏查子,在公路上及公路用地范围内摆摊设点,是,110116,
十支队-怀柔执法队,G234兴阳线K134+810柏查子,在公路范围内擅自移动井盖,否,110116,
十支队-怀柔执法队,G234兴阳线K134+810柏查子,擅自占用、挖掘公路,是,110116,
十支队-怀柔执法队,G234兴阳线K134+810柏查子,在公路用地范围内设置公路标志以外的其他标志,是,110116,
十支队-怀柔执法队,G234兴阳线K134+810柏查子,遮挡公路附属设施或者利用公路附属设施架设管道、悬挂物品，可能危及公路安全,是,110116,
十支队-怀柔执法队,G234兴阳线K134+810柏查子,车辆装载物触地拖行、掉落、遗洒或者飘散，造成公路路面损坏、污染,是,110116,
十支队-怀柔执法队,G234兴阳线K147+670崎峰茶,在公路上及公路用地范围内堆放物品,是,110116,
十支队-怀柔执法队,G234兴阳线K147+670崎峰茶,在公路上及公路用地范围内摆摊设点,是,110116,
十支队-怀柔执法队,G234兴阳线K147+670崎峰茶,在公路范围内擅自移动井盖,否,110116,
十支队-怀柔执法队,G234兴阳线K147+670崎峰茶,擅自占用、挖掘公路,是,110116,
十支队-怀柔执法队,G234兴阳线K147+670崎峰茶,在公路用地范围内设置公路标志以外的其他标志,是,110116,
十支队-怀柔执法队,G234兴阳线K147+670崎峰茶,遮挡公路附属设施或者利用公路附属设施架设管道、悬挂物品，可能危及公路安全,是,110116,
十支队-怀柔执法队,G234兴阳线K147+670崎峰茶,车辆装载物触地拖行、掉落、遗洒或者飘散，造成公路路面损坏、污染,是,110116,
十支队-怀柔执法队,G234兴阳线K156+570范崎路口,在公路上及公路用地范围内堆放物品,是,110116,
十支队-怀柔执法队,G234兴阳线K156+570范崎路口,在公路上及公路用地范围内摆摊设点,是,110116,
十支队-怀柔执法队,G234兴阳线K156+570范崎路口,在公路范围内擅自移动井盖,否,110116,
十支队-怀柔执法队,G234兴阳线K156+570范崎路口,擅自占用、挖掘公路,是,110116,
十支队-怀柔执法队,G234兴阳线K156+570范崎路口,在公路用地范围内设置公路标志以外的其他标志,是,110116,
十支队-怀柔执法队,G234兴阳线K156+570范崎路口,遮挡公路附属设施或者利用公路附属设施架设管道、悬挂物品，可能危及公路安全,是,110116,
十支队-怀柔执法队,G234兴阳线K156+570范崎路口,车辆装载物触地拖行、掉落、遗洒或者飘散，造成公路路面损坏、污染,是,110116,
十支队-密云执法队,G234兴阳线K31+625墙子路,在公路上及公路用地范围内堆放物品,是,110118,
十支队-密云执法队,G234兴阳线K31+625墙子路,在公路上及公路用地范围内摆摊设点,是,110118,
十支队-密云执法队,G234兴阳线K31+625墙子路,在公路范围内擅自移动井盖,否,110118,
十支队-密云执法队,G234兴阳线K31+625墙子路,擅自占用、挖掘公路,是,110118,
十支队-密云执法队,G234兴阳线K31+625墙子路,在公路用地范围内设置公路标志以外的其他标志,是,110118,
十支队-密云执法队,G234兴阳线K31+625墙子路,遮挡公路附属设施或者利用公路附属设施架设管道、悬挂物品，可能危及公路安全,是,110118,
十支队-密云执法队,G234兴阳线K31+625墙子路,车辆装载物触地拖行、掉落、遗洒或者飘散，造成公路路面损坏、污染,是,110118,
十支队-密云执法队,G234兴阳线K36+426苍术会,在公路上及公路用地范围内堆放物品,是,110118,
十支队-密云执法队,G234兴阳线K36+426苍术会,在公路上及公路用地范围内摆摊设点,是,110118,
十支队-密云执法队,G234兴阳线K36+426苍术会,在公路范围内擅自移动井盖,否,110118,
十支队-密云执法队,G234兴阳线K36+426苍术会,擅自占用、挖掘公路,是,110118,
十支队-密云执法队,G234兴阳线K36+426苍术会,在公路用地范围内设置公路标志以外的其他标志,是,110118,
十支队-密云执法队,G234兴阳线K36+426苍术会,遮挡公路附属设施或者利用公路附属设施架设管道、悬挂物品，可能危及公路安全,是,110118,
十支队-密云执法队,G234兴阳线K36+426苍术会,车辆装载物触地拖行、掉落、遗洒或者飘散，造成公路路面损坏、污染,是,110118,
十支队-密云执法队,G234兴阳线K53+020松树峪南 阳江方向,在公路上及公路用地范围内堆放物品,是,110118,
十支队-密云执法队,G234兴阳线K53+020松树峪南 阳江方向,在公路上及公路用地范围内摆摊设点,是,110118,
十支队-密云执法队,G234兴阳线K53+020松树峪南 阳江方向,在公路范围内擅自移动井盖,否,110118,
十支队-密云执法队,G234兴阳线K53+020松树峪南 阳江方向,擅自占用、挖掘公路,是,110118,
十支队-密云执法队,G234兴阳线K53+020松树峪南 阳江方向,在公路用地范围内设置公路标志以外的其他标志,是,110118,
十支队-密云执法队,G234兴阳线K53+020松树峪南 阳江方向,遮挡公路附属设施或者利用公路附属设施架设管道、悬挂物品，可能危及公路安全,是,110118,
十支队-密云执法队,G234兴阳线K53+020松树峪南 阳江方向,车辆装载物触地拖行、掉落、遗洒或者飘散，造成公路路面损坏、污染,是,110118,
十支队-密云执法队,G234兴阳线K75+798不老屯,在公路上及公路用地范围内堆放物品,是,110118,
十支队-密云执法队,G234兴阳线K75+798不老屯,在公路上及公路用地范围内摆摊设点,是,110118,
十支队-密云执法队,G234兴阳线K75+798不老屯,在公路范围内擅自移动井盖,否,110118,
十支队-密云执法队,G234兴阳线K75+798不老屯,擅自占用、挖掘公路,是,110118,
十支队-密云执法队,G234兴阳线K75+798不老屯,在公路用地范围内设置公路标志以外的其他标志,是,110118,
十支队-密云执法队,G234兴阳线K75+798不老屯,遮挡公路附属设施或者利用公路附属设施架设管道、悬挂物品，可能危及公路安全,是,110118,
十支队-密云执法队,G234兴阳线K75+798不老屯,车辆装载物触地拖行、掉落、遗洒或者飘散，造成公路路面损坏、污染,是,110118,
十支队-密云执法队,G234兴阳线K89+494石佛,在公路上及公路用地范围内堆放物品,是,110118,
十支队-密云执法队,G234兴阳线K89+494石佛,在公路上及公路用地范围内摆摊设点,是,110118,
十支队-密云执法队,G234兴阳线K89+494石佛,在公路范围内擅自移动井盖,否,110118,
十支队-密云执法队,G234兴阳线K89+494石佛,擅自占用、挖掘公路,是,110118,
十支队-密云执法队,G234兴阳线K89+494石佛,在公路用地范围内设置公路标志以外的其他标志,是,110118,
十支队-密云执法队,G234兴阳线K89+494石佛,遮挡公路附属设施或者利用公路附属设施架设管道、悬挂物品，可能危及公路安全,是,110118,
十支队-密云执法队,G234兴阳线K89+494石佛,车辆装载物触地拖行、掉落、遗洒或者飘散，造成公路路面损坏、污染,是,110118,
十支队-密云执法队,G234兴阳线K96+427高家岭村,在公路上及公路用地范围内堆放物品,是,110118,
十支队-密云执法队,G234兴阳线K96+427高家岭村,在公路上及公路用地范围内摆摊设点,是,110118,
十支队-密云执法队,G234兴阳线K96+427高家岭村,在公路范围内擅自移动井盖,否,110118,
十支队-密云执法队,G234兴阳线K96+427高家岭村,擅自占用、挖掘公路,是,110118,
十支队-密云执法队,G234兴阳线K96+427高家岭村,在公路用地范围内设置公路标志以外的其他标志,是,110118,
十支队-密云执法队,G234兴阳线K96+427高家岭村,遮挡公路附属设施或者利用公路附属设施架设管道、悬挂物品，可能危及公路安全,是,110118,
十支队-密云执法队,G234兴阳线K96+427高家岭村,车辆装载物触地拖行、掉落、遗洒或者飘散，造成公路路面损坏、污染,是,110118,
十支队-通州执法队,G2京沪高速上行K0+000出京十八里店桥附近,在公路上及公路用地范围内堆放物品,是,110112,
十支队-通州执法队,G2京沪高速上行K0+000出京十八里店桥附近,在公路上及公路用地范围内摆摊设点,是,110112,
十支队-通州执法队,G2京沪高速上行K0+000出京十八里店桥附近,在公路范围内擅自移动井盖,否,110112,
十支队-通州执法队,G2京沪高速上行K0+000出京十八里店桥附近,擅自占用、挖掘公路,是,110112,
十支队-通州执法队,G2京沪高速上行K0+000出京十八里店桥附近,在公路用地范围内设置公路标志以外的其他标志,是,110112,
十支队-通州执法队,G2京沪高速上行K0+000出京十八里店桥附近,遮挡公路附属设施或者利用公路附属设施架设管道、悬挂物品，可能危及公路安全,是,110112,
十支队-通州执法队,G2京沪高速上行K0+000出京十八里店桥附近,车辆装载物触地拖行、掉落、遗洒或者飘散，造成公路路面损坏、污染,是,110112,
十支队-通州执法队,G2京沪高速上行K20+500出京方向,在公路上及公路用地范围内堆放物品,是,110112,
十支队-通州执法队,G2京沪高速上行K20+500出京方向,在公路上及公路用地范围内摆摊设点,是,110112,
十支队-通州执法队,G2京沪高速上行K20+500出京方向,在公路范围内擅自移动井盖,否,110112,
十支队-通州执法队,G2京沪高速上行K20+500出京方向,擅自占用、挖掘公路,是,110112,
十支队-通州执法队,G2京沪高速上行K20+500出京方向,在公路用地范围内设置公路标志以外的其他标志,是,110112,
十支队-通州执法队,G2京沪高速上行K20+500出京方向,遮挡公路附属设施或者利用公路附属设施架设管道、悬挂物品，可能危及公路安全,是,110112,
十支队-通州执法队,G2京沪高速上行K20+500出京方向,车辆装载物触地拖行、掉落、遗洒或者飘散，造成公路路面损坏、污染,是,110112,
十支队-通州执法队,G2京沪高速上行K25+700出京采育收费站附近,在公路上及公路用地范围内堆放物品,是,110112,
十支队-通州执法队,G2京沪高速上行K25+700出京采育收费站附近,在公路上及公路用地范围内摆摊设点,是,110112,
十支队-通州执法队,G2京沪高速上行K25+700出京采育收费站附近,在公路范围内擅自移动井盖,否,110112,
十支队-通州执法队,G2京沪高速上行K25+700出京采育收费站附近,擅自占用、挖掘公路,是,110112,
十支队-通州执法队,G2京沪高速上行K25+700出京采育收费站附近,在公路用地范围内设置公路标志以外的其他标志,是,110112,
十支队-通州执法队,G2京沪高速上行K25+700出京采育收费站附近,遮挡公路附属设施或者利用公路附属设施架设管道、悬挂物品，可能危及公路安全,是,110112,
十支队-通州执法队,G2京沪高速上行K25+700出京采育收费站附近,车辆装载物触地拖行、掉落、遗洒或者飘散，造成公路路面损坏、污染,是,110112,
十支队-通州执法队,G2京沪高速上行K32出京方向,在公路上及公路用地范围内堆放物品,是,110112,
十支队-通州执法队,G2京沪高速上行K32出京方向,在公路上及公路用地范围内摆摊设点,是,110112,
十支队-通州执法队,G2京沪高速上行K32出京方向,在公路范围内擅自移动井盖,否,110112,
十支队-通州执法队,G2京沪高速上行K32出京方向,擅自占用、挖掘公路,是,110112,
十支队-通州执法队,G2京沪高速上行K32出京方向,在公路用地范围内设置公路标志以外的其他标志,是,110112,
十支队-通州执法队,G2京沪高速上行K32出京方向,遮挡公路附属设施或者利用公路附属设施架设管道、悬挂物品，可能危及公路安全,是,110112,
十支队-通州执法队,G2京沪高速上行K32出京方向,车辆装载物触地拖行、掉落、遗洒或者飘散，造成公路路面损坏、污染,是,110112,
十支队-通州执法队,G2京沪高速上行K33出京方向,在公路上及公路用地范围内堆放物品,是,110112,
十支队-通州执法队,G2京沪高速上行K33出京方向,在公路上及公路用地范围内摆摊设点,是,110112,
十支队-通州执法队,G2京沪高速上行K33出京方向,在公路范围内擅自移动井盖,否,110112,
十支队-通州执法队,G2京沪高速上行K33出京方向,擅自占用、挖掘公路,是,110112,
十支队-通州执法队,G2京沪高速上行K33出京方向,在公路用地范围内设置公路标志以外的其他标志,是,110112,
十支队-通州执法队,G2京沪高速上行K33出京方向,遮挡公路附属设施或者利用公路附属设施架设管道、悬挂物品，可能危及公路安全,是,110112,
十支队-通州执法队,G2京沪高速上行K33出京方向,车辆装载物触地拖行、掉落、遗洒或者飘散，造成公路路面损坏、污染,是,110112,
十支队-通州执法队,G2京沪高速上行K34出京方向,在公路上及公路用地范围内堆放物品,是,110112,
十支队-通州执法队,G2京沪高速上行K34出京方向,在公路上及公路用地范围内摆摊设点,是,110112,
十支队-通州执法队,G2京沪高速上行K34出京方向,在公路范围内擅自移动井盖,否,110112,
十支队-通州执法队,G2京沪高速上行K34出京方向,擅自占用、挖掘公路,是,110112,
十支队-通州执法队,G2京沪高速上行K34出京方向,在公路用地范围内设置公路标志以外的其他标志,是,110112,
十支队-通州执法队,G2京沪高速上行K34出京方向,遮挡公路附属设施或者利用公路附属设施架设管道、悬挂物品，可能危及公路安全,是,110112,
十支队-通州执法队,G2京沪高速上行K34出京方向,车辆装载物触地拖行、掉落、遗洒或者飘散，造成公路路面损坏、污染,是,110112,
十支队-通州执法队,G2京沪高速上行K35出京方向,在公路上及公路用地范围内堆放物品,是,110112,
十支队-通州执法队,G2京沪高速上行K35出京方向,在公路上及公路用地范围内摆摊设点,是,110112,
十支队-通州执法队,G2京沪高速上行K35出京方向,在公路范围内擅自移动井盖,否,110112,
十支队-通州执法队,G2京沪高速上行K35出京方向,擅自占用、挖掘公路,是,110112,
十支队-通州执法队,G2京沪高速上行K35出京方向,在公路用地范围内设置公路标志以外的其他标志,是,110112,
十支队-通州执法队,G2京沪高速上行K35出京方向,遮挡公路附属设施或者利用公路附属设施架设管道、悬挂物品，可能危及公路安全,是,110112,
十支队-通州执法队,G2京沪高速上行K35出京方向,车辆装载物触地拖行、掉落、遗洒或者飘散，造成公路路面损坏、污染,是,110112,
十支队-通州执法队,G2京沪高速上行K36出京方向,在公路上及公路用地范围内堆放物品,是,110112,
十支队-通州执法队,G2京沪高速上行K36出京方向,在公路上及公路用地范围内摆摊设点,是,110112,
十支队-通州执法队,G2京沪高速上行K36出京方向,在公路范围内擅自移动井盖,否,110112,
十支队-通州执法队,G2京沪高速上行K36出京方向,擅自占用、挖掘公路,是,110112,
十支队-通州执法队,G2京沪高速上行K36出京方向,在公路用地范围内设置公路标志以外的其他标志,是,110112,
十支队-通州执法队,G2京沪高速上行K36出京方向,遮挡公路附属设施或者利用公路附属设施架设管道、悬挂物品，可能危及公路安全,是,110112,
十支队-通州执法队,G2京沪高速上行K36出京方向,车辆装载物触地拖行、掉落、遗洒或者飘散，造成公路路面损坏、污染,是,110112,
十支队-通州执法队,G2京沪高速上行K37出京廊坊检查站附近,在公路上及公路用地范围内堆放物品,是,110112,
十支队-通州执法队,G2京沪高速上行K37出京廊坊检查站附近,在公路上及公路用地范围内摆摊设点,是,110112,
十支队-通州执法队,G2京沪高速上行K37出京廊坊检查站附近,在公路范围内擅自移动井盖,否,110112,
十支队-通州执法队,G2京沪高速上行K37出京廊坊检查站附近,擅自占用、挖掘公路,是,110112,
十支队-通州执法队,G2京沪高速上行K37出京廊坊检查站附近,在公路用地范围内设置公路标志以外的其他标志,是,110112,
十支队-通州执法队,G2京沪高速上行K37出京廊坊检查站附近,遮挡公路附属设施或者利用公路附属设施架设管道、悬挂物品，可能危及公路安全,是,110112,
十支队-通州执法队,G2京沪高速上行K37出京廊坊检查站附近,车辆装载物触地拖行、掉落、遗洒或者飘散，造成公路路面损坏、污染,是,110112,
十支队-通州执法队,G2京沪高速上行K38出京廊坊收费站附近,在公路上及公路用地范围内堆放物品,是,110112,
十支队-通州执法队,G2京沪高速上行K38出京廊坊收费站附近,在公路上及公路用地范围内摆摊设点,是,110112,
十支队-通州执法队,G2京沪高速上行K38出京廊坊收费站附近,在公路范围内擅自移动井盖,否,110112,
十支队-通州执法队,G2京沪高速上行K38出京廊坊收费站附近,擅自占用、挖掘公路,是,110112,
十支队-通州执法队,G2京沪高速上行K38出京廊坊收费站附近,在公路用地范围内设置公路标志以外的其他标志,是,110112,
十支队-通州执法队,G2京沪高速上行K38出京廊坊收费站附近,遮挡公路附属设施或者利用公路附属设施架设管道、悬挂物品，可能危及公路安全,是,110112,
十支队-通州执法队,G2京沪高速上行K38出京廊坊收费站附近,车辆装载物触地拖行、掉落、遗洒或者飘散，造成公路路面损坏、污染,是,110112,
十支队-通州执法队,G2京沪高速上行K7出京方向,在公路上及公路用地范围内堆放物品,是,110112,
十支队-通州执法队,G2京沪高速上行K7出京方向,在公路上及公路用地范围内摆摊设点,是,110112,
十支队-通州执法队,G2京沪高速上行K7出京方向,在公路范围内擅自移动井盖,否,110112,
十支队-通州执法队,G2京沪高速上行K7出京方向,擅自占用、挖掘公路,是,110112,
十支队-通州执法队,G2京沪高速上行K7出京方向,在公路用地范围内设置公路标志以外的其他标志,是,110112,
十支队-通州执法队,G2京沪高速上行K7出京方向,遮挡公路附属设施或者利用公路附属设施架设管道、悬挂物品，可能危及公路安全,是,110112,
十支队-通州执法队,G2京沪高速上行K7出京方向,车辆装载物触地拖行、掉落、遗洒或者飘散，造成公路路面损坏、污染,是,110112,
十支队-通州执法队,G2京沪高速上行K8出京方向,在公路上及公路用地范围内堆放物品,是,110112,
十支队-通州执法队,G2京沪高速上行K8出京方向,在公路上及公路用地范围内摆摊设点,是,110112,
十支队-通州执法队,G2京沪高速上行K8出京方向,在公路范围内擅自移动井盖,否,110112,
十支队-通州执法队,G2京沪高速上行K8出京方向,擅自占用、挖掘公路,是,110112,
十支队-通州执法队,G2京沪高速上行K8出京方向,在公路用地范围内设置公路标志以外的其他标志,是,110112,
十支队-通州执法队,G2京沪高速上行K8出京方向,遮挡公路附属设施或者利用公路附属设施架设管道、悬挂物品，可能危及公路安全,是,110112,
十支队-通州执法队,G2京沪高速上行K8出京方向,车辆装载物触地拖行、掉落、遗洒或者飘散，造成公路路面损坏、污染,是,110112,
十支队-通州执法队,G2京沪高速上行K9出京方向,在公路上及公路用地范围内堆放物品,是,110112,
十支队-通州执法队,G2京沪高速上行K9出京方向,在公路上及公路用地范围内摆摊设点,是,110112,
十支队-通州执法队,G2京沪高速上行K9出京方向,在公路范围内擅自移动井盖,否,110112,
十支队-通州执法队,G2京沪高速上行K9出京方向,擅自占用、挖掘公路,是,110112,
十支队-通州执法队,G2京沪高速上行K9出京方向,在公路用地范围内设置公路标志以外的其他标志,是,110112,
十支队-通州执法队,G2京沪高速上行K9出京方向,遮挡公路附属设施或者利用公路附属设施架设管道、悬挂物品，可能危及公路安全,是,110112,
十支队-通州执法队,G2京沪高速上行K9出京方向,车辆装载物触地拖行、掉落、遗洒或者飘散，造成公路路面损坏、污染,是,110112,
十支队-通州执法队,G2京沪高速下行K39进京方向,在公路上及公路用地范围内堆放物品,是,110112,
十支队-通州执法队,G2京沪高速下行K39进京方向,在公路上及公路用地范围内摆摊设点,是,110112,
十支队-通州执法队,G2京沪高速下行K39进京方向,在公路范围内擅自移动井盖,否,110112,
十支队-通州执法队,G2京沪高速下行K39进京方向,擅自占用、挖掘公路,是,110112,
十支队-通州执法队,G2京沪高速下行K39进京方向,在公路用地范围内设置公路标志以外的其他标志,是,110112,
十支队-通州执法队,G2京沪高速下行K39进京方向,遮挡公路附属设施或者利用公路附属设施架设管道、悬挂物品，可能危及公路安全,是,110112,
十支队-通州执法队,G2京沪高速下行K39进京方向,车辆装载物触地拖行、掉落、遗洒或者飘散，造成公路路面损坏、污染,是,110112,
十支队-通州执法队,G2京沪高速下行K40进京方向,在公路上及公路用地范围内堆放物品,是,110112,
十支队-通州执法队,G2京沪高速下行K40进京方向,在公路上及公路用地范围内摆摊设点,是,110112,
十支队-通州执法队,G2京沪高速下行K40进京方向,在公路范围内擅自移动井盖,否,110112,
十支队-通州执法队,G2京沪高速下行K40进京方向,擅自占用、挖掘公路,是,110112,
十支队-通州执法队,G2京沪高速下行K40进京方向,在公路用地范围内设置公路标志以外的其他标志,是,110112,
十支队-通州执法队,G2京沪高速下行K40进京方向,遮挡公路附属设施或者利用公路附属设施架设管道、悬挂物品，可能危及公路安全,是,110112,
十支队-通州执法队,G2京沪高速下行K40进京方向,车辆装载物触地拖行、掉落、遗洒或者飘散，造成公路路面损坏、污染,是,110112,
十支队-通州执法队,G2京沪高速下行K41+300进京方向,在公路上及公路用地范围内堆放物品,是,110112,
十支队-通州执法队,G2京沪高速下行K41+300进京方向,在公路上及公路用地范围内摆摊设点,是,110112,
十支队-通州执法队,G2京沪高速下行K41+300进京方向,在公路范围内擅自移动井盖,否,110112,
十支队-通州执法队,G2京沪高速下行K41+300进京方向,擅自占用、挖掘公路,是,110112,
十支队-通州执法队,G2京沪高速下行K41+300进京方向,在公路用地范围内设置公路标志以外的其他标志,是,110112,
十支队-通州执法队,G2京沪高速下行K41+300进京方向,遮挡公路附属设施或者利用公路附属设施架设管道、悬挂物品，可能危及公路安全,是,110112,
十支队-通州执法队,G2京沪高速下行K41+300进京方向,车辆装载物触地拖行、掉落、遗洒或者飘散，造成公路路面损坏、污染,是,110112,
十支队-怀柔执法队,G335承塔线K101+700转年,在公路上及公路用地范围内堆放物品,是,110116,
十支队-怀柔执法队,G335承塔线K101+700转年,在公路上及公路用地范围内摆摊设点,是,110116,
十支队-怀柔执法队,G335承塔线K101+700转年,在公路范围内擅自移动井盖,否,110116,
十支队-怀柔执法队,G335承塔线K101+700转年,擅自占用、挖掘公路,是,110116,
十支队-怀柔执法队,G335承塔线K101+700转年,在公路用地范围内设置公路标志以外的其他标志,是,110116,
十支队-怀柔执法队,G335承塔线K101+700转年,遮挡公路附属设施或者利用公路附属设施架设管道、悬挂物品，可能危及公路安全,是,110116,
十支队-怀柔执法队,G335承塔线K101+700转年,车辆装载物触地拖行、掉落、遗洒或者飘散，造成公路路面损坏、污染,是,110116,
十支队-怀柔执法队,G335承塔线K107+380宝山寺,在公路上及公路用地范围内堆放物品,是,110116,
十支队-怀柔执法队,G335承塔线K107+380宝山寺,在公路上及公路用地范围内摆摊设点,是,110116,
十支队-怀柔执法队,G335承塔线K107+380宝山寺,在公路范围内擅自移动井盖,否,110116,
十支队-怀柔执法队,G335承塔线K107+380宝山寺,擅自占用、挖掘公路,是,110116,
十支队-怀柔执法队,G335承塔线K107+380宝山寺,在公路用地范围内设置公路标志以外的其他标志,是,110116,
十支队-怀柔执法队,G335承塔线K107+380宝山寺,遮挡公路附属设施或者利用公路附属设施架设管道、悬挂物品，可能危及公路安全,是,110116,
十支队-怀柔执法队,G335承塔线K107+380宝山寺,车辆装载物触地拖行、掉落、遗洒或者飘散，造成公路路面损坏、污染,是,110116,
十支队-怀柔执法队,G335承塔线K75+930市界 出京,在公路上及公路用地范围内堆放物品,是,110116,
十支队-怀柔执法队,G335承塔线K75+930市界 出京,在公路上及公路用地范围内摆摊设点,是,110116,
十支队-怀柔执法队,G335承塔线K75+930市界 出京,在公路范围内擅自移动井盖,否,110116,
十支队-怀柔执法队,G335承塔线K75+930市界 出京,擅自占用、挖掘公路,是,110116,
十支队-怀柔执法队,G335承塔线K75+930市界 出京,在公路用地范围内设置公路标志以外的其他标志,是,110116,
十支队-怀柔执法队,G335承塔线K75+930市界 出京,遮挡公路附属设施或者利用公路附属设施架设管道、悬挂物品，可能危及公路安全,是,110116,
十支队-怀柔执法队,G335承塔线K75+930市界 出京,车辆装载物触地拖行、掉落、遗洒或者飘散，造成公路路面损坏、污染,是,110116,
十支队-怀柔执法队,G335承塔线K75+930市界 进京,在公路上及公路用地范围内堆放物品,是,110116,
十支队-怀柔执法队,G335承塔线K75+930市界 进京,在公路上及公路用地范围内摆摊设点,是,110116,
十支队-怀柔执法队,G335承塔线K75+930市界 进京,在公路范围内擅自移动井盖,否,110116,
十支队-怀柔执法队,G335承塔线K75+930市界 进京,擅自占用、挖掘公路,是,110116,
十支队-怀柔执法队,G335承塔线K75+930市界 进京,在公路用地范围内设置公路标志以外的其他标志,是,110116,
十支队-怀柔执法队,G335承塔线K75+930市界 进京,遮挡公路附属设施或者利用公路附属设施架设管道、悬挂物品，可能危及公路安全,是,110116,
十支队-怀柔执法队,G335承塔线K75+930市界 进京,车辆装载物触地拖行、掉落、遗洒或者飘散，造成公路路面损坏、污染,是,110116,
十支队-怀柔执法队,G335承塔线K77+640北湾承德方向,在公路上及公路用地范围内堆放物品,是,110116,
十支队-怀柔执法队,G335承塔线K77+640北湾承德方向,在公路上及公路用地范围内摆摊设点,是,110116,
十支队-怀柔执法队,G335承塔线K77+640北湾承德方向,在公路范围内擅自移动井盖,否,110116,
十支队-怀柔执法队,G335承塔线K77+640北湾承德方向,擅自占用、挖掘公路,是,110116,
十支队-怀柔执法队,G335承塔线K77+640北湾承德方向,在公路用地范围内设置公路标志以外的其他标志,是,110116,
十支队-怀柔执法队,G335承塔线K77+640北湾承德方向,遮挡公路附属设施或者利用公路附属设施架设管道、悬挂物品，可能危及公路安全,是,110116,
十支队-怀柔执法队,G335承塔线K77+640北湾承德方向,车辆装载物触地拖行、掉落、遗洒或者飘散，造成公路路面损坏、污染,是,110116,
十支队-怀柔执法队,G335承塔线K81+800长哨营,在公路上及公路用地范围内堆放物品,是,110116,
十支队-怀柔执法队,G335承塔线K81+800长哨营,在公路上及公路用地范围内摆摊设点,是,110116,
十支队-怀柔执法队,G335承塔线K81+800长哨营,在公路范围内擅自移动井盖,否,110116,
十支队-怀柔执法队,G335承塔线K81+800长哨营,擅自占用、挖掘公路,是,110116,
十支队-怀柔执法队,G335承塔线K81+800长哨营,在公路用地范围内设置公路标志以外的其他标志,是,110116,
十支队-怀柔执法队,G335承塔线K81+800长哨营,遮挡公路附属设施或者利用公路附属设施架设管道、悬挂物品，可能危及公路安全,是,110116,
十支队-怀柔执法队,G335承塔线K81+800长哨营,车辆装载物触地拖行、掉落、遗洒或者飘散，造成公路路面损坏、污染,是,110116,
十支队-怀柔执法队,G335承塔线K95+750庄户沟门,在公路上及公路用地范围内堆放物品,是,110116,
十支队-怀柔执法队,G335承塔线K95+750庄户沟门,在公路上及公路用地范围内摆摊设点,是,110116,
十支队-怀柔执法队,G335承塔线K95+750庄户沟门,在公路范围内擅自移动井盖,否,110116,
十支队-怀柔执法队,G335承塔线K95+750庄户沟门,擅自占用、挖掘公路,是,110116,
十支队-怀柔执法队,G335承塔线K95+750庄户沟门,在公路用地范围内设置公路标志以外的其他标志,是,110116,
十支队-怀柔执法队,G335承塔线K95+750庄户沟门,遮挡公路附属设施或者利用公路附属设施架设管道、悬挂物品，可能危及公路安全,是,110116,
十支队-怀柔执法队,G335承塔线K95+750庄户沟门,车辆装载物触地拖行、掉落、遗洒或者飘散，造成公路路面损坏、污染,是,110116,
十支队-通州执法队,G4501东六环道路 K29+650小庞各庄桥北下行（可控）,在公路上及公路用地范围内堆放物品,是,110112,
十支队-通州执法队,G4501东六环道路 K29+650小庞各庄桥北下行（可控）,在公路上及公路用地范围内摆摊设点,是,110112,
十支队-通州执法队,G4501东六环道路 K29+650小庞各庄桥北下行（可控）,在公路范围内擅自移动井盖,否,110112,
十支队-通州执法队,G4501东六环道路 K29+650小庞各庄桥北下行（可控）,擅自占用、挖掘公路,是,110112,
十支队-通州执法队,G4501东六环道路 K29+650小庞各庄桥北下行（可控）,在公路用地范围内设置公路标志以外的其他标志,是,110112,
十支队-通州执法队,G4501东六环道路 K29+650小庞各庄桥北下行（可控）,遮挡公路附属设施或者利用公路附属设施架设管道、悬挂物品，可能危及公路安全,是,110112,
十支队-通州执法队,G4501东六环道路 K29+650小庞各庄桥北下行（可控）,车辆装载物触地拖行、掉落、遗洒或者飘散，造成公路路面损坏、污染,是,110112,
十支队-通州执法队,G4501东六环道路K28+100王辛庄桥北下行（可控）,在公路上及公路用地范围内堆放物品,是,110112,
十支队-通州执法队,G4501东六环道路K28+100王辛庄桥北下行（可控）,在公路上及公路用地范围内摆摊设点,是,110112,
十支队-通州执法队,G4501东六环道路K28+100王辛庄桥北下行（可控）,在公路范围内擅自移动井盖,否,110112,
十支队-通州执法队,G4501东六环道路K28+100王辛庄桥北下行（可控）,擅自占用、挖掘公路,是,110112,
十支队-通州执法队,G4501东六环道路K28+100王辛庄桥北下行（可控）,在公路用地范围内设置公路标志以外的其他标志,是,110112,
十支队-通州执法队,G4501东六环道路K28+100王辛庄桥北下行（可控）,遮挡公路附属设施或者利用公路附属设施架设管道、悬挂物品，可能危及公路安全,是,110112,
十支队-通州执法队,G4501东六环道路K28+100王辛庄桥北下行（可控）,车辆装载物触地拖行、掉落、遗洒或者飘散，造成公路路面损坏、污染,是,110112,
十支队-通州执法队,G4501东六环道路K29+270通营桥上行下行（可控）,在公路上及公路用地范围内堆放物品,是,110112,
十支队-通州执法队,G4501东六环道路K29+270通营桥上行下行（可控）,在公路上及公路用地范围内摆摊设点,是,110112,
十支队-通州执法队,G4501东六环道路K29+270通营桥上行下行（可控）,在公路范围内擅自移动井盖,否,110112,
十支队-通州执法队,G4501东六环道路K29+270通营桥上行下行（可控）,擅自占用、挖掘公路,是,110112,
十支队-通州执法队,G4501东六环道路K29+270通营桥上行下行（可控）,在公路用地范围内设置公路标志以外的其他标志,是,110112,
十支队-通州执法队,G4501东六环道路K29+270通营桥上行下行（可控）,遮挡公路附属设施或者利用公路附属设施架设管道、悬挂物品，可能危及公路安全,是,110112,
十支队-通州执法队,G4501东六环道路K29+270通营桥上行下行（可控）,车辆装载物触地拖行、掉落、遗洒或者飘散，造成公路路面损坏、污染,是,110112,
十支队-通州执法队,G4501东六环道路K30+990徐辛庄桥下行（可控）,在公路上及公路用地范围内堆放物品,是,110112,
十支队-通州执法队,G4501东六环道路K30+990徐辛庄桥下行（可控）,在公路上及公路用地范围内摆摊设点,是,110112,
十支队-通州执法队,G4501东六环道路K30+990徐辛庄桥下行（可控）,在公路范围内擅自移动井盖,否,110112,
十支队-通州执法队,G4501东六环道路K30+990徐辛庄桥下行（可控）,擅自占用、挖掘公路,是,110112,
十支队-通州执法队,G4501东六环道路K30+990徐辛庄桥下行（可控）,在公路用地范围内设置公路标志以外的其他标志,是,110112,
十支队-通州执法队,G4501东六环道路K30+990徐辛庄桥下行（可控）,遮挡公路附属设施或者利用公路附属设施架设管道、悬挂物品，可能危及公路安全,是,110112,
十支队-通州执法队,G4501东六环道路K30+990徐辛庄桥下行（可控）,车辆装载物触地拖行、掉落、遗洒或者飘散，造成公路路面损坏、污染,是,110112,
十支队-通州执法队,G4501东六环道路K32+050大庞村南桥南上行（可控）,在公路上及公路用地范围内堆放物品,是,110112,
十支队-通州执法队,G4501东六环道路K32+050大庞村南桥南上行（可控）,在公路上及公路用地范围内摆摊设点,是,110112,
十支队-通州执法队,G4501东六环道路K32+050大庞村南桥南上行（可控）,在公路范围内擅自移动井盖,否,110112,
十支队-通州执法队,G4501东六环道路K32+050大庞村南桥南上行（可控）,擅自占用、挖掘公路,是,110112,
十支队-通州执法队,G4501东六环道路K32+050大庞村南桥南上行（可控）,在公路用地范围内设置公路标志以外的其他标志,是,110112,
十支队-通州执法队,G4501东六环道路K32+050大庞村南桥南上行（可控）,遮挡公路附属设施或者利用公路附属设施架设管道、悬挂物品，可能危及公路安全,是,110112,
十支队-通州执法队,G4501东六环道路K32+050大庞村南桥南上行（可控）,车辆装载物触地拖行、掉落、遗洒或者飘散，造成公路路面损坏、污染,是,110112,
十支队-通州执法队,G4501东六环道路K33+000东坝河桥北下行（可控）,在公路上及公路用地范围内堆放物品,是,110112,
十支队-通州执法队,G4501东六环道路K33+000东坝河桥北下行（可控）,在公路上及公路用地范围内摆摊设点,是,110112,
十支队-通州执法队,G4501东六环道路K33+000东坝河桥北下行（可控）,在公路范围内擅自移动井盖,否,110112,
十支队-通州执法队,G4501东六环道路K33+000东坝河桥北下行（可控）,擅自占用、挖掘公路,是,110112,
十支队-通州执法队,G4501东六环道路K33+000东坝河桥北下行（可控）,在公路用地范围内设置公路标志以外的其他标志,是,110112,
十支队-通州执法队,G4501东六环道路K33+000东坝河桥北下行（可控）,遮挡公路附属设施或者利用公路附属设施架设管道、悬挂物品，可能危及公路安全,是,110112,
十支队-通州执法队,G4501东六环道路K33+000东坝河桥北下行（可控）,车辆装载物触地拖行、掉落、遗洒或者飘散，造成公路路面损坏、污染,是,110112,
十支队-通州执法队,G4501东六环道路K34+000疃里北桥北下行（可控）,在公路上及公路用地范围内堆放物品,是,110112,
十支队-通州执法队,G4501东六环道路K34+000疃里北桥北下行（可控）,在公路上及公路用地范围内摆摊设点,是,110112,
十支队-通州执法队,G4501东六环道路K34+000疃里北桥北下行（可控）,在公路范围内擅自移动井盖,否,110112,
十支队-通州执法队,G4501东六环道路K34+000疃里北桥北下行（可控）,擅自占用、挖掘公路,是,110112,
十支队-通州执法队,G4501东六环道路K34+000疃里北桥北下行（可控）,在公路用地范围内设置公路标志以外的其他标志,是,110112,
十支队-通州执法队,G4501东六环道路K34+000疃里北桥北下行（可控）,遮挡公路附属设施或者利用公路附属设施架设管道、悬挂物品，可能危及公路安全,是,110112,
十支队-通州执法队,G4501东六环道路K34+000疃里北桥北下行（可控）,车辆装载物触地拖行、掉落、遗洒或者飘散，造成公路路面损坏、污染,是,110112,
十支队-通州执法队,G4501东六环道路K34+790疃里桥下行（可控）,在公路上及公路用地范围内堆放物品,是,110112,
十支队-通州执法队,G4501东六环道路K34+790疃里桥下行（可控）,在公路上及公路用地范围内摆摊设点,是,110112,
十支队-通州执法队,G4501东六环道路K34+790疃里桥下行（可控）,在公路范围内擅自移动井盖,否,110112,
十支队-通州执法队,G4501东六环道路K34+790疃里桥下行（可控）,擅自占用、挖掘公路,是,110112,
十支队-通州执法队,G4501东六环道路K34+790疃里桥下行（可控）,在公路用地范围内设置公路标志以外的其他标志,是,110112,
十支队-通州执法队,G4501东六环道路K34+790疃里桥下行（可控）,遮挡公路附属设施或者利用公路附属设施架设管道、悬挂物品，可能危及公路安全,是,110112,
十支队-通州执法队,G4501东六环道路K34+790疃里桥下行（可控）,车辆装载物触地拖行、掉落、遗洒或者飘散，造成公路路面损坏、污染,是,110112,
十支队-通州执法队,G4501东六环道路K36+750六合桥南上行（可控）,在公路上及公路用地范围内堆放物品,是,110112,
十支队-通州执法队,G4501东六环道路K36+750六合桥南上行（可控）,在公路上及公路用地范围内摆摊设点,是,110112,
十支队-通州执法队,G4501东六环道路K36+750六合桥南上行（可控）,在公路范围内擅自移动井盖,否,110112,
十支队-通州执法队,G4501东六环道路K36+750六合桥南上行（可控）,擅自占用、挖掘公路,是,110112,
十支队-通州执法队,G4501东六环道路K36+750六合桥南上行（可控）,在公路用地范围内设置公路标志以外的其他标志,是,110112,
十支队-通州执法队,G4501东六环道路K36+750六合桥南上行（可控）,遮挡公路附属设施或者利用公路附属设施架设管道、悬挂物品，可能危及公路安全,是,110112,
十支队-通州执法队,G4501东六环道路K36+750六合桥南上行（可控）,车辆装载物触地拖行、掉落、遗洒或者飘散，造成公路路面损坏、污染,是,110112,
十支队-通州执法队,G4501东六环道路K38+520古城西桥北下行（可控）,在公路上及公路用地范围内堆放物品,是,110112,
十支队-通州执法队,G4501东六环道路K38+520古城西桥北下行（可控）,在公路上及公路用地范围内摆摊设点,是,110112,
十支队-通州执法队,G4501东六环道路K38+520古城西桥北下行（可控）,在公路范围内擅自移动井盖,否,110112,
十支队-通州执法队,G4501东六环道路K38+520古城西桥北下行（可控）,擅自占用、挖掘公路,是,110112,
十支队-通州执法队,G4501东六环道路K38+520古城西桥北下行（可控）,在公路用地范围内设置公路标志以外的其他标志,是,110112,
十支队-通州执法队,G4501东六环道路K38+520古城西桥北下行（可控）,遮挡公路附属设施或者利用公路附属设施架设管道、悬挂物品，可能危及公路安全,是,110112,
十支队-通州执法队,G4501东六环道路K38+520古城西桥北下行（可控）,车辆装载物触地拖行、掉落、遗洒或者飘散，造成公路路面损坏、污染,是,110112,
十支队-通州执法队,G4501东六环道路K39+300玉带河大街桥北上行（可控）,在公路上及公路用地范围内堆放物品,是,110112,
十支队-通州执法队,G4501东六环道路K39+300玉带河大街桥北上行（可控）,在公路上及公路用地范围内摆摊设点,是,110112,
十支队-通州执法队,G4501东六环道路K39+300玉带河大街桥北上行（可控）,在公路范围内擅自移动井盖,否,110112,
十支队-通州执法队,G4501东六环道路K39+300玉带河大街桥北上行（可控）,擅自占用、挖掘公路,是,110112,
十支队-通州执法队,G4501东六环道路K39+300玉带河大街桥北上行（可控）,在公路用地范围内设置公路标志以外的其他标志,是,110112,
十支队-通州执法队,G4501东六环道路K39+300玉带河大街桥北上行（可控）,遮挡公路附属设施或者利用公路附属设施架设管道、悬挂物品，可能危及公路安全,是,110112,
十支队-通州执法队,G4501东六环道路K39+300玉带河大街桥北上行（可控）,车辆装载物触地拖行、掉落、遗洒或者飘散，造成公路路面损坏、污染,是,110112,
十支队-通州执法队,G4501东六环道路K40+250羊驼桥北下行（可控）,在公路上及公路用地范围内堆放物品,是,110112,
十支队-通州执法队,G4501东六环道路K40+250羊驼桥北下行（可控）,在公路上及公路用地范围内摆摊设点,是,110112,
十支队-通州执法队,G4501东六环道路K40+250羊驼桥北下行（可控）,在公路范围内擅自移动井盖,否,110112,
十支队-通州执法队,G4501东六环道路K40+250羊驼桥北下行（可控）,擅自占用、挖掘公路,是,110112,
十支队-通州执法队,G4501东六环道路K40+250羊驼桥北下行（可控）,在公路用地范围内设置公路标志以外的其他标志,是,110112,
十支队-通州执法队,G4501东六环道路K40+250羊驼桥北下行（可控）,遮挡公路附属设施或者利用公路附属设施架设管道、悬挂物品，可能危及公路安全,是,110112,
十支队-通州执法队,G4501东六环道路K40+250羊驼桥北下行（可控）,车辆装载物触地拖行、掉落、遗洒或者飘散，造成公路路面损坏、污染,是,110112,
十支队-通州执法队,G4501东六环道路K41+780潞阳桥南上行（可控）,在公路上及公路用地范围内堆放物品,是,110112,
十支队-通州执法队,G4501东六环道路K41+780潞阳桥南上行（可控）,在公路上及公路用地范围内摆摊设点,是,110112,
十支队-通州执法队,G4501东六环道路K41+780潞阳桥南上行（可控）,在公路范围内擅自移动井盖,否,110112,
十支队-通州执法队,G4501东六环道路K41+780潞阳桥南上行（可控）,擅自占用、挖掘公路,是,110112,
十支队-通州执法队,G4501东六环道路K41+780潞阳桥南上行（可控）,在公路用地范围内设置公路标志以外的其他标志,是,110112,
十支队-通州执法队,G4501东六环道路K41+780潞阳桥南上行（可控）,遮挡公路附属设施或者利用公路附属设施架设管道、悬挂物品，可能危及公路安全,是,110112,
十支队-通州执法队,G4501东六环道路K41+780潞阳桥南上行（可控）,车辆装载物触地拖行、掉落、遗洒或者飘散，造成公路路面损坏、污染,是,110112,
十支队-通州执法队,G4501东六环道路K42+370小圣庙桥南下行（可控）,在公路上及公路用地范围内堆放物品,是,110112,
十支队-通州执法队,G4501东六环道路K42+370小圣庙桥南下行（可控）,在公路上及公路用地范围内摆摊设点,是,110112,
十支队-通州执法队,G4501东六环道路K42+370小圣庙桥南下行（可控）,在公路范围内擅自移动井盖,否,110112,
十支队-通州执法队,G4501东六环道路K42+370小圣庙桥南下行（可控）,擅自占用、挖掘公路,是,110112,
十支队-通州执法队,G4501东六环道路K42+370小圣庙桥南下行（可控）,在公路用地范围内设置公路标志以外的其他标志,是,110112,
十支队-通州执法队,G4501东六环道路K42+370小圣庙桥南下行（可控）,遮挡公路附属设施或者利用公路附属设施架设管道、悬挂物品，可能危及公路安全,是,110112,
十支队-通州执法队,G4501东六环道路K42+370小圣庙桥南下行（可控）,车辆装载物触地拖行、掉落、遗洒或者飘散，造成公路路面损坏、污染,是,110112,
十支队-通州执法队,G4501东六环道路K46+830张家湾通道桥南上行（可控）,在公路上及公路用地范围内堆放物品,是,110112,
十支队-通州执法队,G4501东六环道路K46+830张家湾通道桥南上行（可控）,在公路上及公路用地范围内摆摊设点,是,110112,
十支队-通州执法队,G4501东六环道路K46+830张家湾通道桥南上行（可控）,在公路范围内擅自移动井盖,否,110112,
十支队-通州执法队,G4501东六环道路K46+830张家湾通道桥南上行（可控）,擅自占用、挖掘公路,是,110112,
十支队-通州执法队,G4501东六环道路K46+830张家湾通道桥南上行（可控）,在公路用地范围内设置公路标志以外的其他标志,是,110112,
十支队-通州执法队,G4501东六环道路K46+830张家湾通道桥南上行（可控）,遮挡公路附属设施或者利用公路附属设施架设管道、悬挂物品，可能危及公路安全,是,110112,
十支队-通州执法队,G4501东六环道路K46+830张家湾通道桥南上行（可控）,车辆装载物触地拖行、掉落、遗洒或者飘散，造成公路路面损坏、污染,是,110112,
十支队-通州执法队,G4501东六环广场K27+200北窑上桥桥下（可控）,在公路上及公路用地范围内堆放物品,是,110112,
十支队-通州执法队,G4501东六环广场K27+200北窑上桥桥下（可控）,在公路上及公路用地范围内摆摊设点,是,110112,
十支队-通州执法队,G4501东六环广场K27+200北窑上桥桥下（可控）,在公路范围内擅自移动井盖,否,110112,
十支队-通州执法队,G4501东六环广场K27+200北窑上桥桥下（可控）,擅自占用、挖掘公路,是,110112,
十支队-通州执法队,G4501东六环广场K27+200北窑上桥桥下（可控）,在公路用地范围内设置公路标志以外的其他标志,是,110112,
十支队-通州执法队,G4501东六环广场K27+200北窑上桥桥下（可控）,遮挡公路附属设施或者利用公路附属设施架设管道、悬挂物品，可能危及公路安全,是,110112,
十支队-通州执法队,G4501东六环广场K27+200北窑上桥桥下（可控）,车辆装载物触地拖行、掉落、遗洒或者飘散，造成公路路面损坏、污染,是,110112,
十支队-通州执法队,G4501东六环广场K31+000徐辛庄外环出口下行（可控）,在公路上及公路用地范围内堆放物品,是,110112,
十支队-通州执法队,G4501东六环广场K31+000徐辛庄外环出口下行（可控）,在公路上及公路用地范围内摆摊设点,是,110112,
十支队-通州执法队,G4501东六环广场K31+000徐辛庄外环出口下行（可控）,在公路范围内擅自移动井盖,否,110112,
十支队-通州执法队,G4501东六环广场K31+000徐辛庄外环出口下行（可控）,擅自占用、挖掘公路,是,110112,
十支队-通州执法队,G4501东六环广场K31+000徐辛庄外环出口下行（可控）,在公路用地范围内设置公路标志以外的其他标志,是,110112,
十支队-通州执法队,G4501东六环广场K31+000徐辛庄外环出口下行（可控）,遮挡公路附属设施或者利用公路附属设施架设管道、悬挂物品，可能危及公路安全,是,110112,
十支队-通州执法队,G4501东六环广场K31+000徐辛庄外环出口下行（可控）,车辆装载物触地拖行、掉落、遗洒或者飘散，造成公路路面损坏、污染,是,110112,
十支队-通州执法队,G4501东六环广场K35+000潞苑北街双向出口（可控）,在公路上及公路用地范围内堆放物品,是,110112,
十支队-通州执法队,G4501东六环广场K35+000潞苑北街双向出口（可控）,在公路上及公路用地范围内摆摊设点,是,110112,
十支队-通州执法队,G4501东六环广场K35+000潞苑北街双向出口（可控）,在公路范围内擅自移动井盖,否,110112,
十支队-通州执法队,G4501东六环广场K35+000潞苑北街双向出口（可控）,擅自占用、挖掘公路,是,110112,
十支队-通州执法队,G4501东六环广场K35+000潞苑北街双向出口（可控）,在公路用地范围内设置公路标志以外的其他标志,是,110112,
十支队-通州执法队,G4501东六环广场K35+000潞苑北街双向出口（可控）,遮挡公路附属设施或者利用公路附属设施架设管道、悬挂物品，可能危及公路安全,是,110112,
十支队-通州执法队,G4501东六环广场K35+000潞苑北街双向出口（可控）,车辆装载物触地拖行、掉落、遗洒或者飘散，造成公路路面损坏、污染,是,110112,
十支队-通州执法队,G4501东六环广场K35+000潞苑北街双向入口（可控）,在公路上及公路用地范围内堆放物品,是,110112,
十支队-通州执法队,G4501东六环广场K35+000潞苑北街双向入口（可控）,在公路上及公路用地范围内摆摊设点,是,110112,
十支队-通州执法队,G4501东六环广场K35+000潞苑北街双向入口（可控）,在公路范围内擅自移动井盖,否,110112,
十支队-通州执法队,G4501东六环广场K35+000潞苑北街双向入口（可控）,擅自占用、挖掘公路,是,110112,
十支队-通州执法队,G4501东六环广场K35+000潞苑北街双向入口（可控）,在公路用地范围内设置公路标志以外的其他标志,是,110112,
十支队-通州执法队,G4501东六环广场K35+000潞苑北街双向入口（可控）,遮挡公路附属设施或者利用公路附属设施架设管道、悬挂物品，可能危及公路安全,是,110112,
十支队-通州执法队,G4501东六环广场K35+000潞苑北街双向入口（可控）,车辆装载物触地拖行、掉落、遗洒或者飘散，造成公路路面损坏、污染,是,110112,
十支队-通州执法队,G4501东六环广场K40+500羊驼桥桥下（可控）,在公路上及公路用地范围内堆放物品,是,110112,
十支队-通州执法队,G4501东六环广场K40+500羊驼桥桥下（可控）,在公路上及公路用地范围内摆摊设点,是,110112,
十支队-通州执法队,G4501东六环广场K40+500羊驼桥桥下（可控）,在公路范围内擅自移动井盖,否,110112,
十支队-通州执法队,G4501东六环广场K40+500羊驼桥桥下（可控）,擅自占用、挖掘公路,是,110112,
十支队-通州执法队,G4501东六环广场K40+500羊驼桥桥下（可控）,在公路用地范围内设置公路标志以外的其他标志,是,110112,
十支队-通州执法队,G4501东六环广场K40+500羊驼桥桥下（可控）,遮挡公路附属设施或者利用公路附属设施架设管道、悬挂物品，可能危及公路安全,是,110112,
十支队-通州执法队,G4501东六环广场K40+500羊驼桥桥下（可控）,车辆装载物触地拖行、掉落、遗洒或者飘散，造成公路路面损坏、污染,是,110112,
十支队-通州执法队,G4501东六环广场K46+050张家湾北双向出口（可控）,在公路上及公路用地范围内堆放物品,是,110112,
十支队-通州执法队,G4501东六环广场K46+050张家湾北双向出口（可控）,在公路上及公路用地范围内摆摊设点,是,110112,
十支队-通州执法队,G4501东六环广场K46+050张家湾北双向出口（可控）,在公路范围内擅自移动井盖,否,110112,
十支队-通州执法队,G4501东六环广场K46+050张家湾北双向出口（可控）,擅自占用、挖掘公路,是,110112,
十支队-通州执法队,G4501东六环广场K46+050张家湾北双向出口（可控）,在公路用地范围内设置公路标志以外的其他标志,是,110112,
十支队-通州执法队,G4501东六环广场K46+050张家湾北双向出口（可控）,遮挡公路附属设施或者利用公路附属设施架设管道、悬挂物品，可能危及公路安全,是,110112,
十支队-通州执法队,G4501东六环广场K46+050张家湾北双向出口（可控）,车辆装载物触地拖行、掉落、遗洒或者飘散，造成公路路面损坏、污染,是,110112,
十支队-通州执法队,G4501东六环广场K46+050张家湾北双向出口反向（可控）,在公路上及公路用地范围内堆放物品,是,110112,
十支队-通州执法队,G4501东六环广场K46+050张家湾北双向出口反向（可控）,在公路上及公路用地范围内摆摊设点,是,110112,
十支队-通州执法队,G4501东六环广场K46+050张家湾北双向出口反向（可控）,在公路范围内擅自移动井盖,否,110112,
十支队-通州执法队,G4501东六环广场K46+050张家湾北双向出口反向（可控）,擅自占用、挖掘公路,是,110112,
十支队-通州执法队,G4501东六环广场K46+050张家湾北双向出口反向（可控）,在公路用地范围内设置公路标志以外的其他标志,是,110112,
十支队-通州执法队,G4501东六环广场K46+050张家湾北双向出口反向（可控）,遮挡公路附属设施或者利用公路附属设施架设管道、悬挂物品，可能危及公路安全,是,110112,
十支队-通州执法队,G4501东六环广场K46+050张家湾北双向出口反向（可控）,车辆装载物触地拖行、掉落、遗洒或者飘散，造成公路路面损坏、污染,是,110112,
十支队-通州执法队,G4501东六环广场K46+050张家湾北双向入口（可控）,在公路上及公路用地范围内堆放物品,是,110112,
十支队-通州执法队,G4501东六环广场K46+050张家湾北双向入口（可控）,在公路上及公路用地范围内摆摊设点,是,110112,
十支队-通州执法队,G4501东六环广场K46+050张家湾北双向入口（可控）,在公路范围内擅自移动井盖,否,110112,
十支队-通州执法队,G4501东六环广场K46+050张家湾北双向入口（可控）,擅自占用、挖掘公路,是,110112,
十支队-通州执法队,G4501东六环广场K46+050张家湾北双向入口（可控）,在公路用地范围内设置公路标志以外的其他标志,是,110112,
十支队-通州执法队,G4501东六环广场K46+050张家湾北双向入口（可控）,遮挡公路附属设施或者利用公路附属设施架设管道、悬挂物品，可能危及公路安全,是,110112,
十支队-通州执法队,G4501东六环广场K46+050张家湾北双向入口（可控）,车辆装载物触地拖行、掉落、遗洒或者飘散，造成公路路面损坏、污染,是,110112,
十支队-通州执法队,G4501东六环广场K46+050张家湾北双向入口反向（可控）,在公路上及公路用地范围内堆放物品,是,110112,
十支队-通州执法队,G4501东六环广场K46+050张家湾北双向入口反向（可控）,在公路上及公路用地范围内摆摊设点,是,110112,
十支队-通州执法队,G4501东六环广场K46+050张家湾北双向入口反向（可控）,在公路范围内擅自移动井盖,否,110112,
十支队-通州执法队,G4501东六环广场K46+050张家湾北双向入口反向（可控）,擅自占用、挖掘公路,是,110112,
十支队-通州执法队,G4501东六环广场K46+050张家湾北双向入口反向（可控）,在公路用地范围内设置公路标志以外的其他标志,是,110112,
十支队-通州执法队,G4501东六环广场K46+050张家湾北双向入口反向（可控）,遮挡公路附属设施或者利用公路附属设施架设管道、悬挂物品，可能危及公路安全,是,110112,
十支队-通州执法队,G4501东六环广场K46+050张家湾北双向入口反向（可控）,车辆装载物触地拖行、掉落、遗洒或者飘散，造成公路路面损坏、污染,是,110112,
十支队-通州执法队,G4501东六环广场K48+000张家湾双向入口（可控）,在公路上及公路用地范围内堆放物品,是,110112,
十支队-通州执法队,G4501东六环广场K48+000张家湾双向入口（可控）,在公路上及公路用地范围内摆摊设点,是,110112,
十支队-通州执法队,G4501东六环广场K48+000张家湾双向入口（可控）,在公路范围内擅自移动井盖,否,110112,
十支队-通州执法队,G4501东六环广场K48+000张家湾双向入口（可控）,擅自占用、挖掘公路,是,110112,
十支队-通州执法队,G4501东六环广场K48+000张家湾双向入口（可控）,在公路用地范围内设置公路标志以外的其他标志,是,110112,
十支队-通州执法队,G4501东六环广场K48+000张家湾双向入口（可控）,遮挡公路附属设施或者利用公路附属设施架设管道、悬挂物品，可能危及公路安全,是,110112,
十支队-通州执法队,G4501东六环广场K48+000张家湾双向入口（可控）,车辆装载物触地拖行、掉落、遗洒或者飘散，造成公路路面损坏、污染,是,110112,
十支队-顺义执法队,G4501东六环匝道K23+700李天桥匝道（固定）,在公路上及公路用地范围内堆放物品,是,110113,
十支队-顺义执法队,G4501东六环匝道K23+700李天桥匝道（固定）,在公路上及公路用地范围内摆摊设点,是,110113,
十支队-顺义执法队,G4501东六环匝道K23+700李天桥匝道（固定）,在公路范围内擅自移动井盖,否,110113,
十支队-顺义执法队,G4501东六环匝道K23+700李天桥匝道（固定）,擅自占用、挖掘公路,是,110113,
十支队-顺义执法队,G4501东六环匝道K23+700李天桥匝道（固定）,在公路用地范围内设置公路标志以外的其他标志,是,110113,
十支队-顺义执法队,G4501东六环匝道K23+700李天桥匝道（固定）,遮挡公路附属设施或者利用公路附属设施架设管道、悬挂物品，可能危及公路安全,是,110113,
十支队-顺义执法队,G4501东六环匝道K23+700李天桥匝道（固定）,车辆装载物触地拖行、掉落、遗洒或者飘散，造成公路路面损坏、污染,是,110113,
十支队-顺义执法队,G4501东六环匝道K23+750李天桥匝道（固定）,在公路上及公路用地范围内堆放物品,是,110113,
十支队-顺义执法队,G4501东六环匝道K23+750李天桥匝道（固定）,在公路上及公路用地范围内摆摊设点,是,110113,
十支队-顺义执法队,G4501东六环匝道K23+750李天桥匝道（固定）,在公路范围内擅自移动井盖,否,110113,
十支队-顺义执法队,G4501东六环匝道K23+750李天桥匝道（固定）,擅自占用、挖掘公路,是,110113,
十支队-顺义执法队,G4501东六环匝道K23+750李天桥匝道（固定）,在公路用地范围内设置公路标志以外的其他标志,是,110113,
十支队-顺义执法队,G4501东六环匝道K23+750李天桥匝道（固定）,遮挡公路附属设施或者利用公路附属设施架设管道、悬挂物品，可能危及公路安全,是,110113,
十支队-顺义执法队,G4501东六环匝道K23+750李天桥匝道（固定）,车辆装载物触地拖行、掉落、遗洒或者飘散，造成公路路面损坏、污染,是,110113,
十支队-顺义执法队,G4501东六环匝道K23+800李天桥匝道（固定）,在公路上及公路用地范围内堆放物品,是,110113,
十支队-顺义执法队,G4501东六环匝道K23+800李天桥匝道（固定）,在公路上及公路用地范围内摆摊设点,是,110113,
十支队-顺义执法队,G4501东六环匝道K23+800李天桥匝道（固定）,在公路范围内擅自移动井盖,否,110113,
十支队-顺义执法队,G4501东六环匝道K23+800李天桥匝道（固定）,擅自占用、挖掘公路,是,110113,
十支队-顺义执法队,G4501东六环匝道K23+800李天桥匝道（固定）,在公路用地范围内设置公路标志以外的其他标志,是,110113,
十支队-顺义执法队,G4501东六环匝道K23+800李天桥匝道（固定）,遮挡公路附属设施或者利用公路附属设施架设管道、悬挂物品，可能危及公路安全,是,110113,
十支队-顺义执法队,G4501东六环匝道K23+800李天桥匝道（固定）,车辆装载物触地拖行、掉落、遗洒或者飘散，造成公路路面损坏、污染,是,110113,
十支队-顺义执法队,G4501东六环匝道K24+200李天桥匝道（固定）,在公路上及公路用地范围内堆放物品,是,110113,
十支队-顺义执法队,G4501东六环匝道K24+200李天桥匝道（固定）,在公路上及公路用地范围内摆摊设点,是,110113,
十支队-顺义执法队,G4501东六环匝道K24+200李天桥匝道（固定）,在公路范围内擅自移动井盖,否,110113,
十支队-顺义执法队,G4501东六环匝道K24+200李天桥匝道（固定）,擅自占用、挖掘公路,是,110113,
十支队-顺义执法队,G4501东六环匝道K24+200李天桥匝道（固定）,在公路用地范围内设置公路标志以外的其他标志,是,110113,
十支队-顺义执法队,G4501东六环匝道K24+200李天桥匝道（固定）,遮挡公路附属设施或者利用公路附属设施架设管道、悬挂物品，可能危及公路安全,是,110113,
十支队-顺义执法队,G4501东六环匝道K24+200李天桥匝道（固定）,车辆装载物触地拖行、掉落、遗洒或者飘散，造成公路路面损坏、污染,是,110113,
十支队-顺义执法队,G4501东六环匝道K24+300李天桥匝道（固定）,在公路上及公路用地范围内堆放物品,是,110113,
十支队-顺义执法队,G4501东六环匝道K24+300李天桥匝道（固定）,在公路上及公路用地范围内摆摊设点,是,110113,
十支队-顺义执法队,G4501东六环匝道K24+300李天桥匝道（固定）,在公路范围内擅自移动井盖,否,110113,
十支队-顺义执法队,G4501东六环匝道K24+300李天桥匝道（固定）,擅自占用、挖掘公路,是,110113,
十支队-顺义执法队,G4501东六环匝道K24+300李天桥匝道（固定）,在公路用地范围内设置公路标志以外的其他标志,是,110113,
十支队-顺义执法队,G4501东六环匝道K24+300李天桥匝道（固定）,遮挡公路附属设施或者利用公路附属设施架设管道、悬挂物品，可能危及公路安全,是,110113,
十支队-顺义执法队,G4501东六环匝道K24+300李天桥匝道（固定）,车辆装载物触地拖行、掉落、遗洒或者飘散，造成公路路面损坏、污染,是,110113,
十支队-顺义执法队,G4501东六环匝道KK23+900李天桥匝道（固定）,在公路上及公路用地范围内堆放物品,是,110113,
十支队-顺义执法队,G4501东六环匝道KK23+900李天桥匝道（固定）,在公路上及公路用地范围内摆摊设点,是,110113,
十支队-顺义执法队,G4501东六环匝道KK23+900李天桥匝道（固定）,在公路范围内擅自移动井盖,否,110113,
十支队-顺义执法队,G4501东六环匝道KK23+900李天桥匝道（固定）,擅自占用、挖掘公路,是,110113,
十支队-顺义执法队,G4501东六环匝道KK23+900李天桥匝道（固定）,在公路用地范围内设置公路标志以外的其他标志,是,110113,
十支队-顺义执法队,G4501东六环匝道KK23+900李天桥匝道（固定）,遮挡公路附属设施或者利用公路附属设施架设管道、悬挂物品，可能危及公路安全,是,110113,
十支队-顺义执法队,G4501东六环匝道KK23+900李天桥匝道（固定）,车辆装载物触地拖行、掉落、遗洒或者飘散，造成公路路面损坏、污染,是,110113,
十支队-通州执法队,G4501南六环道路K52+115南六环次渠加油站北内环(可控),在公路上及公路用地范围内堆放物品,是,110112,
十支队-通州执法队,G4501南六环道路K52+115南六环次渠加油站北内环(可控),在公路上及公路用地范围内摆摊设点,是,110112,
十支队-通州执法队,G4501南六环道路K52+115南六环次渠加油站北内环(可控),在公路范围内擅自移动井盖,否,110112,
十支队-通州执法队,G4501南六环道路K52+115南六环次渠加油站北内环(可控),擅自占用、挖掘公路,是,110112,
十支队-通州执法队,G4501南六环道路K52+115南六环次渠加油站北内环(可控),在公路用地范围内设置公路标志以外的其他标志,是,110112,
十支队-通州执法队,G4501南六环道路K52+115南六环次渠加油站北内环(可控),遮挡公路附属设施或者利用公路附属设施架设管道、悬挂物品，可能危及公路安全,是,110112,
十支队-通州执法队,G4501南六环道路K52+115南六环次渠加油站北内环(可控),车辆装载物触地拖行、掉落、遗洒或者飘散，造成公路路面损坏、污染,是,110112,
十支队-通州执法队,G4501南六环道路K53+100南六环次渠站外环(可控),在公路上及公路用地范围内堆放物品,是,110112,
十支队-通州执法队,G4501南六环道路K53+100南六环次渠站外环(可控),在公路上及公路用地范围内摆摊设点,是,110112,
十支队-通州执法队,G4501南六环道路K53+100南六环次渠站外环(可控),在公路范围内擅自移动井盖,否,110112,
十支队-通州执法队,G4501南六环道路K53+100南六环次渠站外环(可控),擅自占用、挖掘公路,是,110112,
十支队-通州执法队,G4501南六环道路K53+100南六环次渠站外环(可控),在公路用地范围内设置公路标志以外的其他标志,是,110112,
十支队-通州执法队,G4501南六环道路K53+100南六环次渠站外环(可控),遮挡公路附属设施或者利用公路附属设施架设管道、悬挂物品，可能危及公路安全,是,110112,
十支队-通州执法队,G4501南六环道路K53+100南六环次渠站外环(可控),车辆装载物触地拖行、掉落、遗洒或者飘散，造成公路路面损坏、污染,是,110112,
十支队-通州执法队,G4501南六环道路K54+000南六环徐庄桥北外环(可控),在公路上及公路用地范围内堆放物品,是,110112,
十支队-通州执法队,G4501南六环道路K54+000南六环徐庄桥北外环(可控),在公路上及公路用地范围内摆摊设点,是,110112,
十支队-通州执法队,G4501南六环道路K54+000南六环徐庄桥北外环(可控),在公路范围内擅自移动井盖,否,110112,
十支队-通州执法队,G4501南六环道路K54+000南六环徐庄桥北外环(可控),擅自占用、挖掘公路,是,110112,
十支队-通州执法队,G4501南六环道路K54+000南六环徐庄桥北外环(可控),在公路用地范围内设置公路标志以外的其他标志,是,110112,
十支队-通州执法队,G4501南六环道路K54+000南六环徐庄桥北外环(可控),遮挡公路附属设施或者利用公路附属设施架设管道、悬挂物品，可能危及公路安全,是,110112,
十支队-通州执法队,G4501南六环道路K54+000南六环徐庄桥北外环(可控),车辆装载物触地拖行、掉落、遗洒或者飘散，造成公路路面损坏、污染,是,110112,
十支队-通州执法队,G4501南六环道路K54+700南六环徐庄桥外环(可控),在公路上及公路用地范围内堆放物品,是,110112,
十支队-通州执法队,G4501南六环道路K54+700南六环徐庄桥外环(可控),在公路上及公路用地范围内摆摊设点,是,110112,
十支队-通州执法队,G4501南六环道路K54+700南六环徐庄桥外环(可控),在公路范围内擅自移动井盖,否,110112,
十支队-通州执法队,G4501南六环道路K54+700南六环徐庄桥外环(可控),擅自占用、挖掘公路,是,110112,
十支队-通州执法队,G4501南六环道路K54+700南六环徐庄桥外环(可控),在公路用地范围内设置公路标志以外的其他标志,是,110112,
十支队-通州执法队,G4501南六环道路K54+700南六环徐庄桥外环(可控),遮挡公路附属设施或者利用公路附属设施架设管道、悬挂物品，可能危及公路安全,是,110112,
十支队-通州执法队,G4501南六环道路K54+700南六环徐庄桥外环(可控),车辆装载物触地拖行、掉落、遗洒或者飘散，造成公路路面损坏、污染,是,110112,
十支队-通州执法队,G4501南六环道路K55+600南六环徐庄桥南1KM内环(可控),在公路上及公路用地范围内堆放物品,是,110112,
十支队-通州执法队,G4501南六环道路K55+600南六环徐庄桥南1KM内环(可控),在公路上及公路用地范围内摆摊设点,是,110112,
十支队-通州执法队,G4501南六环道路K55+600南六环徐庄桥南1KM内环(可控),在公路范围内擅自移动井盖,否,110112,
十支队-通州执法队,G4501南六环道路K55+600南六环徐庄桥南1KM内环(可控),擅自占用、挖掘公路,是,110112,
十支队-通州执法队,G4501南六环道路K55+600南六环徐庄桥南1KM内环(可控),在公路用地范围内设置公路标志以外的其他标志,是,110112,
十支队-通州执法队,G4501南六环道路K55+600南六环徐庄桥南1KM内环(可控),遮挡公路附属设施或者利用公路附属设施架设管道、悬挂物品，可能危及公路安全,是,110112,
十支队-通州执法队,G4501南六环道路K55+600南六环徐庄桥南1KM内环(可控),车辆装载物触地拖行、掉落、遗洒或者飘散，造成公路路面损坏、污染,是,110112,
十支队-通州执法队,G4501南六环道路K56+700南六环高古庄桥北内环(可控),在公路上及公路用地范围内堆放物品,是,110112,
十支队-通州执法队,G4501南六环道路K56+700南六环高古庄桥北内环(可控),在公路上及公路用地范围内摆摊设点,是,110112,
十支队-通州执法队,G4501南六环道路K56+700南六环高古庄桥北内环(可控),在公路范围内擅自移动井盖,否,110112,
十支队-通州执法队,G4501南六环道路K56+700南六环高古庄桥北内环(可控),擅自占用、挖掘公路,是,110112,
十支队-通州执法队,G4501南六环道路K56+700南六环高古庄桥北内环(可控),在公路用地范围内设置公路标志以外的其他标志,是,110112,
十支队-通州执法队,G4501南六环道路K56+700南六环高古庄桥北内环(可控),遮挡公路附属设施或者利用公路附属设施架设管道、悬挂物品，可能危及公路安全,是,110112,
十支队-通州执法队,G4501南六环道路K56+700南六环高古庄桥北内环(可控),车辆装载物触地拖行、掉落、遗洒或者飘散，造成公路路面损坏、污染,是,110112,
十支队-通州执法队,G4501南六环道路K57+620南六环高古庄桥南1KM外环(可控),在公路上及公路用地范围内堆放物品,是,110112,
十支队-通州执法队,G4501南六环道路K57+620南六环高古庄桥南1KM外环(可控),在公路上及公路用地范围内摆摊设点,是,110112,
十支队-通州执法队,G4501南六环道路K57+620南六环高古庄桥南1KM外环(可控),在公路范围内擅自移动井盖,否,110112,
十支队-通州执法队,G4501南六环道路K57+620南六环高古庄桥南1KM外环(可控),擅自占用、挖掘公路,是,110112,
十支队-通州执法队,G4501南六环道路K57+620南六环高古庄桥南1KM外环(可控),在公路用地范围内设置公路标志以外的其他标志,是,110112,
十支队-通州执法队,G4501南六环道路K57+620南六环高古庄桥南1KM外环(可控),遮挡公路附属设施或者利用公路附属设施架设管道、悬挂物品，可能危及公路安全,是,110112,
十支队-通州执法队,G4501南六环道路K57+620南六环高古庄桥南1KM外环(可控),车辆装载物触地拖行、掉落、遗洒或者飘散，造成公路路面损坏、污染,是,110112,
十支队-通州执法队,G4501南六环道路K58+650南六环团瓢庄桥北外环(可控),在公路上及公路用地范围内堆放物品,是,110112,
十支队-通州执法队,G4501南六环道路K58+650南六环团瓢庄桥北外环(可控),在公路上及公路用地范围内摆摊设点,是,110112,
十支队-通州执法队,G4501南六环道路K58+650南六环团瓢庄桥北外环(可控),在公路范围内擅自移动井盖,否,110112,
十支队-通州执法队,G4501南六环道路K58+650南六环团瓢庄桥北外环(可控),擅自占用、挖掘公路,是,110112,
十支队-通州执法队,G4501南六环道路K58+650南六环团瓢庄桥北外环(可控),在公路用地范围内设置公路标志以外的其他标志,是,110112,
十支队-通州执法队,G4501南六环道路K58+650南六环团瓢庄桥北外环(可控),遮挡公路附属设施或者利用公路附属设施架设管道、悬挂物品，可能危及公路安全,是,110112,
十支队-通州执法队,G4501南六环道路K58+650南六环团瓢庄桥北外环(可控),车辆装载物触地拖行、掉落、遗洒或者飘散，造成公路路面损坏、污染,是,110112,
十支队-通州执法队,G4501南六环道路K59+700南六环团瓢庄桥南外环(可控),在公路上及公路用地范围内堆放物品,是,110112,
十支队-通州执法队,G4501南六环道路K59+700南六环团瓢庄桥南外环(可控),在公路上及公路用地范围内摆摊设点,是,110112,
十支队-通州执法队,G4501南六环道路K59+700南六环团瓢庄桥南外环(可控),在公路范围内擅自移动井盖,否,110112,
十支队-通州执法队,G4501南六环道路K59+700南六环团瓢庄桥南外环(可控),擅自占用、挖掘公路,是,110112,
十支队-通州执法队,G4501南六环道路K59+700南六环团瓢庄桥南外环(可控),在公路用地范围内设置公路标志以外的其他标志,是,110112,
十支队-通州执法队,G4501南六环道路K59+700南六环团瓢庄桥南外环(可控),遮挡公路附属设施或者利用公路附属设施架设管道、悬挂物品，可能危及公路安全,是,110112,
十支队-通州执法队,G4501南六环道路K59+700南六环团瓢庄桥南外环(可控),车辆装载物触地拖行、掉落、遗洒或者飘散，造成公路路面损坏、污染,是,110112,
十支队-通州执法队,G4501南六环道路K60+600南六环马驹桥6号桥北内环(可控),在公路上及公路用地范围内堆放物品,是,110112,
十支队-通州执法队,G4501南六环道路K60+600南六环马驹桥6号桥北内环(可控),在公路上及公路用地范围内摆摊设点,是,110112,
十支队-通州执法队,G4501南六环道路K60+600南六环马驹桥6号桥北内环(可控),在公路范围内擅自移动井盖,否,110112,
十支队-通州执法队,G4501南六环道路K60+600南六环马驹桥6号桥北内环(可控),擅自占用、挖掘公路,是,110112,
十支队-通州执法队,G4501南六环道路K60+600南六环马驹桥6号桥北内环(可控),在公路用地范围内设置公路标志以外的其他标志,是,110112,
十支队-通州执法队,G4501南六环道路K60+600南六环马驹桥6号桥北内环(可控),遮挡公路附属设施或者利用公路附属设施架设管道、悬挂物品，可能危及公路安全,是,110112,
十支队-通州执法队,G4501南六环道路K60+600南六环马驹桥6号桥北内环(可控),车辆装载物触地拖行、掉落、遗洒或者飘散，造成公路路面损坏、污染,是,110112,
十支队-通州执法队,G4501南六环道路K61+670南六环马驹桥5号桥北外环(可控),在公路上及公路用地范围内堆放物品,是,110112,
十支队-通州执法队,G4501南六环道路K61+670南六环马驹桥5号桥北外环(可控),在公路上及公路用地范围内摆摊设点,是,110112,
十支队-通州执法队,G4501南六环道路K61+670南六环马驹桥5号桥北外环(可控),在公路范围内擅自移动井盖,否,110112,
十支队-通州执法队,G4501南六环道路K61+670南六环马驹桥5号桥北外环(可控),擅自占用、挖掘公路,是,110112,
十支队-通州执法队,G4501南六环道路K61+670南六环马驹桥5号桥北外环(可控),在公路用地范围内设置公路标志以外的其他标志,是,110112,
十支队-通州执法队,G4501南六环道路K61+670南六环马驹桥5号桥北外环(可控),遮挡公路附属设施或者利用公路附属设施架设管道、悬挂物品，可能危及公路安全,是,110112,
十支队-通州执法队,G4501南六环道路K61+670南六环马驹桥5号桥北外环(可控),车辆装载物触地拖行、掉落、遗洒或者飘散，造成公路路面损坏、污染,是,110112,
十支队-通州执法队,G4501南六环道路K66+250太和东外环(可控),在公路上及公路用地范围内堆放物品,是,110112,
十支队-通州执法队,G4501南六环道路K66+250太和东外环(可控),在公路上及公路用地范围内摆摊设点,是,110112,
十支队-通州执法队,G4501南六环道路K66+250太和东外环(可控),在公路范围内擅自移动井盖,否,110112,
十支队-通州执法队,G4501南六环道路K66+250太和东外环(可控),擅自占用、挖掘公路,是,110112,
十支队-通州执法队,G4501南六环道路K66+250太和东外环(可控),在公路用地范围内设置公路标志以外的其他标志,是,110112,
十支队-通州执法队,G4501南六环道路K66+250太和东外环(可控),遮挡公路附属设施或者利用公路附属设施架设管道、悬挂物品，可能危及公路安全,是,110112,
十支队-通州执法队,G4501南六环道路K66+250太和东外环(可控),车辆装载物触地拖行、掉落、遗洒或者飘散，造成公路路面损坏、污染,是,110112,
十支队-通州执法队,G4501南六环广场K53+100次渠入口广场外环(可控),在公路上及公路用地范围内堆放物品,是,110112,
十支队-通州执法队,G4501南六环广场K53+100次渠入口广场外环(可控),在公路上及公路用地范围内摆摊设点,是,110112,
十支队-通州执法队,G4501南六环广场K53+100次渠入口广场外环(可控),在公路范围内擅自移动井盖,否,110112,
十支队-通州执法队,G4501南六环广场K53+100次渠入口广场外环(可控),擅自占用、挖掘公路,是,110112,
十支队-通州执法队,G4501南六环广场K53+100次渠入口广场外环(可控),在公路用地范围内设置公路标志以外的其他标志,是,110112,
十支队-通州执法队,G4501南六环广场K53+100次渠入口广场外环(可控),遮挡公路附属设施或者利用公路附属设施架设管道、悬挂物品，可能危及公路安全,是,110112,
十支队-通州执法队,G4501南六环广场K53+100次渠入口广场外环(可控),车辆装载物触地拖行、掉落、遗洒或者飘散，造成公路路面损坏、污染,是,110112,
十支队-通州执法队,G4501南六环广场K53+350次渠出口广场外环(可控),在公路上及公路用地范围内堆放物品,是,110112,
十支队-通州执法队,G4501南六环广场K53+350次渠出口广场外环(可控),在公路上及公路用地范围内摆摊设点,是,110112,
十支队-通州执法队,G4501南六环广场K53+350次渠出口广场外环(可控),在公路范围内擅自移动井盖,否,110112,
十支队-通州执法队,G4501南六环广场K53+350次渠出口广场外环(可控),擅自占用、挖掘公路,是,110112,
十支队-通州执法队,G4501南六环广场K53+350次渠出口广场外环(可控),在公路用地范围内设置公路标志以外的其他标志,是,110112,
十支队-通州执法队,G4501南六环广场K53+350次渠出口广场外环(可控),遮挡公路附属设施或者利用公路附属设施架设管道、悬挂物品，可能危及公路安全,是,110112,
十支队-通州执法队,G4501南六环广场K53+350次渠出口广场外环(可控),车辆装载物触地拖行、掉落、遗洒或者飘散，造成公路路面损坏、污染,是,110112,
十支队-通州执法队,G4501南六环广场K61+000马驹桥东2入口外环(可控),在公路上及公路用地范围内堆放物品,是,110112,
十支队-通州执法队,G4501南六环广场K61+000马驹桥东2入口外环(可控),在公路上及公路用地范围内摆摊设点,是,110112,
十支队-通州执法队,G4501南六环广场K61+000马驹桥东2入口外环(可控),在公路范围内擅自移动井盖,否,110112,
十支队-通州执法队,G4501南六环广场K61+000马驹桥东2入口外环(可控),擅自占用、挖掘公路,是,110112,
十支队-通州执法队,G4501南六环广场K61+000马驹桥东2入口外环(可控),在公路用地范围内设置公路标志以外的其他标志,是,110112,
十支队-通州执法队,G4501南六环广场K61+000马驹桥东2入口外环(可控),遮挡公路附属设施或者利用公路附属设施架设管道、悬挂物品，可能危及公路安全,是,110112,
十支队-通州执法队,G4501南六环广场K61+000马驹桥东2入口外环(可控),车辆装载物触地拖行、掉落、遗洒或者飘散，造成公路路面损坏、污染,是,110112,
十支队-通州执法队,G4501南六环广场K61+500马驹桥东1入口外环(可控),在公路上及公路用地范围内堆放物品,是,110112,
十支队-通州执法队,G4501南六环广场K61+500马驹桥东1入口外环(可控),在公路上及公路用地范围内摆摊设点,是,110112,
十支队-通州执法队,G4501南六环广场K61+500马驹桥东1入口外环(可控),在公路范围内擅自移动井盖,否,110112,
十支队-通州执法队,G4501南六环广场K61+500马驹桥东1入口外环(可控),擅自占用、挖掘公路,是,110112,
十支队-通州执法队,G4501南六环广场K61+500马驹桥东1入口外环(可控),在公路用地范围内设置公路标志以外的其他标志,是,110112,
十支队-通州执法队,G4501南六环广场K61+500马驹桥东1入口外环(可控),遮挡公路附属设施或者利用公路附属设施架设管道、悬挂物品，可能危及公路安全,是,110112,
十支队-通州执法队,G4501南六环广场K61+500马驹桥东1入口外环(可控),车辆装载物触地拖行、掉落、遗洒或者飘散，造成公路路面损坏、污染,是,110112,
十支队-通州执法队,G4501南六环广场K61+500马驹桥东出口内环(可控),在公路上及公路用地范围内堆放物品,是,110112,
十支队-通州执法队,G4501南六环广场K61+500马驹桥东出口内环(可控),在公路上及公路用地范围内摆摊设点,是,110112,
十支队-通州执法队,G4501南六环广场K61+500马驹桥东出口内环(可控),在公路范围内擅自移动井盖,否,110112,
十支队-通州执法队,G4501南六环广场K61+500马驹桥东出口内环(可控),擅自占用、挖掘公路,是,110112,
十支队-通州执法队,G4501南六环广场K61+500马驹桥东出口内环(可控),在公路用地范围内设置公路标志以外的其他标志,是,110112,
十支队-通州执法队,G4501南六环广场K61+500马驹桥东出口内环(可控),遮挡公路附属设施或者利用公路附属设施架设管道、悬挂物品，可能危及公路安全,是,110112,
十支队-通州执法队,G4501南六环广场K61+500马驹桥东出口内环(可控),车辆装载物触地拖行、掉落、遗洒或者飘散，造成公路路面损坏、污染,是,110112,
十支队-密云执法队,G45大广高速道路K115+880黑古沿隧道南进京（可控）,在公路上及公路用地范围内堆放物品,是,110118,
十支队-密云执法队,G45大广高速道路K115+880黑古沿隧道南进京（可控）,在公路上及公路用地范围内摆摊设点,是,110118,
十支队-密云执法队,G45大广高速道路K115+880黑古沿隧道南进京（可控）,在公路范围内擅自移动井盖,否,110118,
十支队-密云执法队,G45大广高速道路K115+880黑古沿隧道南进京（可控）,擅自占用、挖掘公路,是,110118,
十支队-密云执法队,G45大广高速道路K115+880黑古沿隧道南进京（可控）,在公路用地范围内设置公路标志以外的其他标志,是,110118,
十支队-密云执法队,G45大广高速道路K115+880黑古沿隧道南进京（可控）,遮挡公路附属设施或者利用公路附属设施架设管道、悬挂物品，可能危及公路安全,是,110118,
十支队-密云执法队,G45大广高速道路K115+880黑古沿隧道南进京（可控）,车辆装载物触地拖行、掉落、遗洒或者飘散，造成公路路面损坏、污染,是,110118,
十支队-密云执法队,G45大广高速道路K123+400横城子隧道南路中（可控）,在公路上及公路用地范围内堆放物品,是,110118,
十支队-密云执法队,G45大广高速道路K123+400横城子隧道南路中（可控）,在公路上及公路用地范围内摆摊设点,是,110118,
十支队-密云执法队,G45大广高速道路K123+400横城子隧道南路中（可控）,在公路范围内擅自移动井盖,否,110118,
十支队-密云执法队,G45大广高速道路K123+400横城子隧道南路中（可控）,擅自占用、挖掘公路,是,110118,
十支队-密云执法队,G45大广高速道路K123+400横城子隧道南路中（可控）,在公路用地范围内设置公路标志以外的其他标志,是,110118,
十支队-密云执法队,G45大广高速道路K123+400横城子隧道南路中（可控）,遮挡公路附属设施或者利用公路附属设施架设管道、悬挂物品，可能危及公路安全,是,110118,
十支队-密云执法队,G45大广高速道路K123+400横城子隧道南路中（可控）,车辆装载物触地拖行、掉落、遗洒或者飘散，造成公路路面损坏、污染,是,110118,
十支队-密云执法队,G45大广高速道路K123+980横城子隧道北进京（可控）,在公路上及公路用地范围内堆放物品,是,110118,
十支队-密云执法队,G45大广高速道路K123+980横城子隧道北进京（可控）,在公路上及公路用地范围内摆摊设点,是,110118,
十支队-密云执法队,G45大广高速道路K123+980横城子隧道北进京（可控）,在公路范围内擅自移动井盖,否,110118,
十支队-密云执法队,G45大广高速道路K123+980横城子隧道北进京（可控）,擅自占用、挖掘公路,是,110118,
十支队-密云执法队,G45大广高速道路K123+980横城子隧道北进京（可控）,在公路用地范围内设置公路标志以外的其他标志,是,110118,
十支队-密云执法队,G45大广高速道路K123+980横城子隧道北进京（可控）,遮挡公路附属设施或者利用公路附属设施架设管道、悬挂物品，可能危及公路安全,是,110118,
十支队-密云执法队,G45大广高速道路K123+980横城子隧道北进京（可控）,车辆装载物触地拖行、掉落、遗洒或者飘散，造成公路路面损坏、污染,是,110118,
十支队-密云执法队,G45大广高速道路K129+500麒麟楼隧道南出京（可控）,在公路上及公路用地范围内堆放物品,是,110118,
十支队-密云执法队,G45大广高速道路K129+500麒麟楼隧道南出京（可控）,在公路上及公路用地范围内摆摊设点,是,110118,
十支队-密云执法队,G45大广高速道路K129+500麒麟楼隧道南出京（可控）,在公路范围内擅自移动井盖,否,110118,
十支队-密云执法队,G45大广高速道路K129+500麒麟楼隧道南出京（可控）,擅自占用、挖掘公路,是,110118,
十支队-密云执法队,G45大广高速道路K129+500麒麟楼隧道南出京（可控）,在公路用地范围内设置公路标志以外的其他标志,是,110118,
十支队-密云执法队,G45大广高速道路K129+500麒麟楼隧道南出京（可控）,遮挡公路附属设施或者利用公路附属设施架设管道、悬挂物品，可能危及公路安全,是,110118,
十支队-密云执法队,G45大广高速道路K129+500麒麟楼隧道南出京（可控）,车辆装载物触地拖行、掉落、遗洒或者飘散，造成公路路面损坏、污染,是,110118,
十支队-密云执法队,G45大广高速道路K73+860羊山隧道西出京（可控）,在公路上及公路用地范围内堆放物品,是,110118,
十支队-密云执法队,G45大广高速道路K73+860羊山隧道西出京（可控）,在公路上及公路用地范围内摆摊设点,是,110118,
十支队-密云执法队,G45大广高速道路K73+860羊山隧道西出京（可控）,在公路范围内擅自移动井盖,否,110118,
十支队-密云执法队,G45大广高速道路K73+860羊山隧道西出京（可控）,擅自占用、挖掘公路,是,110118,
十支队-密云执法队,G45大广高速道路K73+860羊山隧道西出京（可控）,在公路用地范围内设置公路标志以外的其他标志,是,110118,
十支队-密云执法队,G45大广高速道路K73+860羊山隧道西出京（可控）,遮挡公路附属设施或者利用公路附属设施架设管道、悬挂物品，可能危及公路安全,是,110118,
十支队-密云执法队,G45大广高速道路K73+860羊山隧道西出京（可控）,车辆装载物触地拖行、掉落、遗洒或者飘散，造成公路路面损坏、污染,是,110118,
十支队-密云执法队,G45大广高速道路K76+390邓家湾隧道西进京（可控）,在公路上及公路用地范围内堆放物品,是,110118,
十支队-密云执法队,G45大广高速道路K76+390邓家湾隧道西进京（可控）,在公路上及公路用地范围内摆摊设点,是,110118,
十支队-密云执法队,G45大广高速道路K76+390邓家湾隧道西进京（可控）,在公路范围内擅自移动井盖,否,110118,
十支队-密云执法队,G45大广高速道路K76+390邓家湾隧道西进京（可控）,擅自占用、挖掘公路,是,110118,
十支队-密云执法队,G45大广高速道路K76+390邓家湾隧道西进京（可控）,在公路用地范围内设置公路标志以外的其他标志,是,110118,
十支队-密云执法队,G45大广高速道路K76+390邓家湾隧道西进京（可控）,遮挡公路附属设施或者利用公路附属设施架设管道、悬挂物品，可能危及公路安全,是,110118,
十支队-密云执法队,G45大广高速道路K76+390邓家湾隧道西进京（可控）,车辆装载物触地拖行、掉落、遗洒或者飘散，造成公路路面损坏、污染,是,110118,
十支队-密云执法队,G45大广高速道路K77+000邓家湾隧道东出京（可控）,在公路上及公路用地范围内堆放物品,是,110118,
十支队-密云执法队,G45大广高速道路K77+000邓家湾隧道东出京（可控）,在公路上及公路用地范围内摆摊设点,是,110118,
十支队-密云执法队,G45大广高速道路K77+000邓家湾隧道东出京（可控）,在公路范围内擅自移动井盖,否,110118,
十支队-密云执法队,G45大广高速道路K77+000邓家湾隧道东出京（可控）,擅自占用、挖掘公路,是,110118,
十支队-密云执法队,G45大广高速道路K77+000邓家湾隧道东出京（可控）,在公路用地范围内设置公路标志以外的其他标志,是,110118,
十支队-密云执法队,G45大广高速道路K77+000邓家湾隧道东出京（可控）,遮挡公路附属设施或者利用公路附属设施架设管道、悬挂物品，可能危及公路安全,是,110118,
十支队-密云执法队,G45大广高速道路K77+000邓家湾隧道东出京（可控）,车辆装载物触地拖行、掉落、遗洒或者飘散，造成公路路面损坏、污染,是,110118,
十支队-密云执法队,G45大广高速道路K82+400金鼎湖1号隧道东路中（可控）,在公路上及公路用地范围内堆放物品,是,110118,
十支队-密云执法队,G45大广高速道路K82+400金鼎湖1号隧道东路中（可控）,在公路上及公路用地范围内摆摊设点,是,110118,
十支队-密云执法队,G45大广高速道路K82+400金鼎湖1号隧道东路中（可控）,在公路范围内擅自移动井盖,否,110118,
十支队-密云执法队,G45大广高速道路K82+400金鼎湖1号隧道东路中（可控）,擅自占用、挖掘公路,是,110118,
十支队-密云执法队,G45大广高速道路K82+400金鼎湖1号隧道东路中（可控）,在公路用地范围内设置公路标志以外的其他标志,是,110118,
十支队-密云执法队,G45大广高速道路K82+400金鼎湖1号隧道东路中（可控）,遮挡公路附属设施或者利用公路附属设施架设管道、悬挂物品，可能危及公路安全,是,110118,
十支队-密云执法队,G45大广高速道路K82+400金鼎湖1号隧道东路中（可控）,车辆装载物触地拖行、掉落、遗洒或者飘散，造成公路路面损坏、污染,是,110118,
十支队-密云执法队,G45大广高速道路K83+750金鼎湖2号隧道东路中（可控）,在公路上及公路用地范围内堆放物品,是,110118,
十支队-密云执法队,G45大广高速道路K83+750金鼎湖2号隧道东路中（可控）,在公路上及公路用地范围内摆摊设点,是,110118,
十支队-密云执法队,G45大广高速道路K83+750金鼎湖2号隧道东路中（可控）,在公路范围内擅自移动井盖,否,110118,
十支队-密云执法队,G45大广高速道路K83+750金鼎湖2号隧道东路中（可控）,擅自占用、挖掘公路,是,110118,
十支队-密云执法队,G45大广高速道路K83+750金鼎湖2号隧道东路中（可控）,在公路用地范围内设置公路标志以外的其他标志,是,110118,
十支队-密云执法队,G45大广高速道路K83+750金鼎湖2号隧道东路中（可控）,遮挡公路附属设施或者利用公路附属设施架设管道、悬挂物品，可能危及公路安全,是,110118,
十支队-密云执法队,G45大广高速道路K83+750金鼎湖2号隧道东路中（可控）,车辆装载物触地拖行、掉落、遗洒或者飘散，造成公路路面损坏、污染,是,110118,
十支队-密云执法队,G45大广高速道路K89+030大城子桥西进京（可控）,在公路上及公路用地范围内堆放物品,是,110118,
十支队-密云执法队,G45大广高速道路K89+030大城子桥西进京（可控）,在公路上及公路用地范围内摆摊设点,是,110118,
十支队-密云执法队,G45大广高速道路K89+030大城子桥西进京（可控）,在公路范围内擅自移动井盖,否,110118,
十支队-密云执法队,G45大广高速道路K89+030大城子桥西进京（可控）,擅自占用、挖掘公路,是,110118,
十支队-密云执法队,G45大广高速道路K89+030大城子桥西进京（可控）,在公路用地范围内设置公路标志以外的其他标志,是,110118,
十支队-密云执法队,G45大广高速道路K89+030大城子桥西进京（可控）,遮挡公路附属设施或者利用公路附属设施架设管道、悬挂物品，可能危及公路安全,是,110118,
十支队-密云执法队,G45大广高速道路K89+030大城子桥西进京（可控）,车辆装载物触地拖行、掉落、遗洒或者飘散，造成公路路面损坏、污染,是,110118,
十支队-密云执法队,G45大广高速道路K97+960西圈1号隧道北出京（可控）,在公路上及公路用地范围内堆放物品,是,110118,
十支队-密云执法队,G45大广高速道路K97+960西圈1号隧道北出京（可控）,在公路上及公路用地范围内摆摊设点,是,110118,
十支队-密云执法队,G45大广高速道路K97+960西圈1号隧道北出京（可控）,在公路范围内擅自移动井盖,否,110118,
十支队-密云执法队,G45大广高速道路K97+960西圈1号隧道北出京（可控）,擅自占用、挖掘公路,是,110118,
十支队-密云执法队,G45大广高速道路K97+960西圈1号隧道北出京（可控）,在公路用地范围内设置公路标志以外的其他标志,是,110118,
十支队-密云执法队,G45大广高速道路K97+960西圈1号隧道北出京（可控）,遮挡公路附属设施或者利用公路附属设施架设管道、悬挂物品，可能危及公路安全,是,110118,
十支队-密云执法队,G45大广高速道路K97+960西圈1号隧道北出京（可控）,车辆装载物触地拖行、掉落、遗洒或者飘散，造成公路路面损坏、污染,是,110118,
十支队-密云执法队,G45大广高速道路K98+330西圈2号隧道南出京（固定）,在公路上及公路用地范围内堆放物品,是,110118,
十支队-密云执法队,G45大广高速道路K98+330西圈2号隧道南出京（固定）,在公路上及公路用地范围内摆摊设点,是,110118,
十支队-密云执法队,G45大广高速道路K98+330西圈2号隧道南出京（固定）,在公路范围内擅自移动井盖,否,110118,
十支队-密云执法队,G45大广高速道路K98+330西圈2号隧道南出京（固定）,擅自占用、挖掘公路,是,110118,
十支队-密云执法队,G45大广高速道路K98+330西圈2号隧道南出京（固定）,在公路用地范围内设置公路标志以外的其他标志,是,110118,
十支队-密云执法队,G45大广高速道路K98+330西圈2号隧道南出京（固定）,遮挡公路附属设施或者利用公路附属设施架设管道、悬挂物品，可能危及公路安全,是,110118,
十支队-密云执法队,G45大广高速道路K98+330西圈2号隧道南出京（固定）,车辆装载物触地拖行、掉落、遗洒或者飘散，造成公路路面损坏、污染,是,110118,
十支队-密云执法队,G45大广高速道路K98+330西圈2号隧道南出京（可控）,在公路上及公路用地范围内堆放物品,是,110118,
十支队-密云执法队,G45大广高速道路K98+330西圈2号隧道南出京（可控）,在公路上及公路用地范围内摆摊设点,是,110118,
十支队-密云执法队,G45大广高速道路K98+330西圈2号隧道南出京（可控）,在公路范围内擅自移动井盖,否,110118,
十支队-密云执法队,G45大广高速道路K98+330西圈2号隧道南出京（可控）,擅自占用、挖掘公路,是,110118,
十支队-密云执法队,G45大广高速道路K98+330西圈2号隧道南出京（可控）,在公路用地范围内设置公路标志以外的其他标志,是,110118,
十支队-密云执法队,G45大广高速道路K98+330西圈2号隧道南出京（可控）,遮挡公路附属设施或者利用公路附属设施架设管道、悬挂物品，可能危及公路安全,是,110118,
十支队-密云执法队,G45大广高速道路K98+330西圈2号隧道南出京（可控）,车辆装载物触地拖行、掉落、遗洒或者飘散，造成公路路面损坏、污染,是,110118,
十支队-密云执法队,G45大广高速道路K99+030西圈2号隧道北进京（可控）,在公路上及公路用地范围内堆放物品,是,110118,
十支队-密云执法队,G45大广高速道路K99+030西圈2号隧道北进京（可控）,在公路上及公路用地范围内摆摊设点,是,110118,
十支队-密云执法队,G45大广高速道路K99+030西圈2号隧道北进京（可控）,在公路范围内擅自移动井盖,否,110118,
十支队-密云执法队,G45大广高速道路K99+030西圈2号隧道北进京（可控）,擅自占用、挖掘公路,是,110118,
十支队-密云执法队,G45大广高速道路K99+030西圈2号隧道北进京（可控）,在公路用地范围内设置公路标志以外的其他标志,是,110118,
十支队-密云执法队,G45大广高速道路K99+030西圈2号隧道北进京（可控）,遮挡公路附属设施或者利用公路附属设施架设管道、悬挂物品，可能危及公路安全,是,110118,
十支队-密云执法队,G45大广高速道路K99+030西圈2号隧道北进京（可控）,车辆装载物触地拖行、掉落、遗洒或者飘散，造成公路路面损坏、污染,是,110118,
十支队-密云执法队,G45大广高速隧道K117+024黑古沿隧道出京入洞（可控）,在公路上及公路用地范围内堆放物品,是,110118,
十支队-密云执法队,G45大广高速隧道K117+024黑古沿隧道出京入洞（可控）,在公路上及公路用地范围内摆摊设点,是,110118,
十支队-密云执法队,G45大广高速隧道K117+024黑古沿隧道出京入洞（可控）,在公路范围内擅自移动井盖,否,110118,
十支队-密云执法队,G45大广高速隧道K117+024黑古沿隧道出京入洞（可控）,擅自占用、挖掘公路,是,110118,
十支队-密云执法队,G45大广高速隧道K117+024黑古沿隧道出京入洞（可控）,在公路用地范围内设置公路标志以外的其他标志,是,110118,
十支队-密云执法队,G45大广高速隧道K117+024黑古沿隧道出京入洞（可控）,遮挡公路附属设施或者利用公路附属设施架设管道、悬挂物品，可能危及公路安全,是,110118,
十支队-密云执法队,G45大广高速隧道K117+024黑古沿隧道出京入洞（可控）,车辆装载物触地拖行、掉落、遗洒或者飘散，造成公路路面损坏、污染,是,110118,
十支队-密云执法队,G45大广高速隧道K117+024黑古沿隧道进京出洞（可控）,在公路上及公路用地范围内堆放物品,是,110118,
十支队-密云执法队,G45大广高速隧道K117+024黑古沿隧道进京出洞（可控）,在公路上及公路用地范围内摆摊设点,是,110118,
十支队-密云执法队,G45大广高速隧道K117+024黑古沿隧道进京出洞（可控）,在公路范围内擅自移动井盖,否,110118,
十支队-密云执法队,G45大广高速隧道K117+024黑古沿隧道进京出洞（可控）,擅自占用、挖掘公路,是,110118,
十支队-密云执法队,G45大广高速隧道K117+024黑古沿隧道进京出洞（可控）,在公路用地范围内设置公路标志以外的其他标志,是,110118,
十支队-密云执法队,G45大广高速隧道K117+024黑古沿隧道进京出洞（可控）,遮挡公路附属设施或者利用公路附属设施架设管道、悬挂物品，可能危及公路安全,是,110118,
十支队-密云执法队,G45大广高速隧道K117+024黑古沿隧道进京出洞（可控）,车辆装载物触地拖行、掉落、遗洒或者飘散，造成公路路面损坏、污染,是,110118,
十支队-密云执法队,G45大广高速隧道K117+188黑古沿隧道出京出洞（可控）,在公路上及公路用地范围内堆放物品,是,110118,
十支队-密云执法队,G45大广高速隧道K117+188黑古沿隧道出京出洞（可控）,在公路上及公路用地范围内摆摊设点,是,110118,
十支队-密云执法队,G45大广高速隧道K117+188黑古沿隧道出京出洞（可控）,在公路范围内擅自移动井盖,否,110118,
十支队-密云执法队,G45大广高速隧道K117+188黑古沿隧道出京出洞（可控）,擅自占用、挖掘公路,是,110118,
十支队-密云执法队,G45大广高速隧道K117+188黑古沿隧道出京出洞（可控）,在公路用地范围内设置公路标志以外的其他标志,是,110118,
十支队-密云执法队,G45大广高速隧道K117+188黑古沿隧道出京出洞（可控）,遮挡公路附属设施或者利用公路附属设施架设管道、悬挂物品，可能危及公路安全,是,110118,
十支队-密云执法队,G45大广高速隧道K117+188黑古沿隧道出京出洞（可控）,车辆装载物触地拖行、掉落、遗洒或者飘散，造成公路路面损坏、污染,是,110118,
十支队-密云执法队,G45大广高速隧道K117+188黑古沿隧道进京入洞（可控）,在公路上及公路用地范围内堆放物品,是,110118,
十支队-密云执法队,G45大广高速隧道K117+188黑古沿隧道进京入洞（可控）,在公路上及公路用地范围内摆摊设点,是,110118,
十支队-密云执法队,G45大广高速隧道K117+188黑古沿隧道进京入洞（可控）,在公路范围内擅自移动井盖,否,110118,
十支队-密云执法队,G45大广高速隧道K117+188黑古沿隧道进京入洞（可控）,擅自占用、挖掘公路,是,110118,
十支队-密云执法队,G45大广高速隧道K117+188黑古沿隧道进京入洞（可控）,在公路用地范围内设置公路标志以外的其他标志,是,110118,
十支队-密云执法队,G45大广高速隧道K117+188黑古沿隧道进京入洞（可控）,遮挡公路附属设施或者利用公路附属设施架设管道、悬挂物品，可能危及公路安全,是,110118,
十支队-密云执法队,G45大广高速隧道K117+188黑古沿隧道进京入洞（可控）,车辆装载物触地拖行、掉落、遗洒或者飘散，造成公路路面损坏、污染,是,110118,
十支队-密云执法队,G45大广高速隧道K123+606横城子隧道进京出洞（可控）,在公路上及公路用地范围内堆放物品,是,110118,
十支队-密云执法队,G45大广高速隧道K123+606横城子隧道进京出洞（可控）,在公路上及公路用地范围内摆摊设点,是,110118,
十支队-密云执法队,G45大广高速隧道K123+606横城子隧道进京出洞（可控）,在公路范围内擅自移动井盖,否,110118,
十支队-密云执法队,G45大广高速隧道K123+606横城子隧道进京出洞（可控）,擅自占用、挖掘公路,是,110118,
十支队-密云执法队,G45大广高速隧道K123+606横城子隧道进京出洞（可控）,在公路用地范围内设置公路标志以外的其他标志,是,110118,
十支队-密云执法队,G45大广高速隧道K123+606横城子隧道进京出洞（可控）,遮挡公路附属设施或者利用公路附属设施架设管道、悬挂物品，可能危及公路安全,是,110118,
十支队-密云执法队,G45大广高速隧道K123+606横城子隧道进京出洞（可控）,车辆装载物触地拖行、掉落、遗洒或者飘散，造成公路路面损坏、污染,是,110118,
十支队-密云执法队,G45大广高速隧道K123+607横城子隧道出京入洞（可控）,在公路上及公路用地范围内堆放物品,是,110118,
十支队-密云执法队,G45大广高速隧道K123+607横城子隧道出京入洞（可控）,在公路上及公路用地范围内摆摊设点,是,110118,
十支队-密云执法队,G45大广高速隧道K123+607横城子隧道出京入洞（可控）,在公路范围内擅自移动井盖,否,110118,
十支队-密云执法队,G45大广高速隧道K123+607横城子隧道出京入洞（可控）,擅自占用、挖掘公路,是,110118,
十支队-密云执法队,G45大广高速隧道K123+607横城子隧道出京入洞（可控）,在公路用地范围内设置公路标志以外的其他标志,是,110118,
十支队-密云执法队,G45大广高速隧道K123+607横城子隧道出京入洞（可控）,遮挡公路附属设施或者利用公路附属设施架设管道、悬挂物品，可能危及公路安全,是,110118,
十支队-密云执法队,G45大广高速隧道K123+607横城子隧道出京入洞（可控）,车辆装载物触地拖行、掉落、遗洒或者飘散，造成公路路面损坏、污染,是,110118,
十支队-密云执法队,G45大广高速隧道K123+800横城子隧道进京洞中（可控）,在公路上及公路用地范围内堆放物品,是,110118,
十支队-密云执法队,G45大广高速隧道K123+800横城子隧道进京洞中（可控）,在公路上及公路用地范围内摆摊设点,是,110118,
十支队-密云执法队,G45大广高速隧道K123+800横城子隧道进京洞中（可控）,在公路范围内擅自移动井盖,否,110118,
十支队-密云执法队,G45大广高速隧道K123+800横城子隧道进京洞中（可控）,擅自占用、挖掘公路,是,110118,
十支队-密云执法队,G45大广高速隧道K123+800横城子隧道进京洞中（可控）,在公路用地范围内设置公路标志以外的其他标志,是,110118,
十支队-密云执法队,G45大广高速隧道K123+800横城子隧道进京洞中（可控）,遮挡公路附属设施或者利用公路附属设施架设管道、悬挂物品，可能危及公路安全,是,110118,
十支队-密云执法队,G45大广高速隧道K123+800横城子隧道进京洞中（可控）,车辆装载物触地拖行、掉落、遗洒或者飘散，造成公路路面损坏、污染,是,110118,
十支队-密云执法队,G45大广高速隧道K123+850横城子隧道出京洞中（可控）,在公路上及公路用地范围内堆放物品,是,110118,
十支队-密云执法队,G45大广高速隧道K123+850横城子隧道出京洞中（可控）,在公路上及公路用地范围内摆摊设点,是,110118,
十支队-密云执法队,G45大广高速隧道K123+850横城子隧道出京洞中（可控）,在公路范围内擅自移动井盖,否,110118,
十支队-密云执法队,G45大广高速隧道K123+850横城子隧道出京洞中（可控）,擅自占用、挖掘公路,是,110118,
十支队-密云执法队,G45大广高速隧道K123+850横城子隧道出京洞中（可控）,在公路用地范围内设置公路标志以外的其他标志,是,110118,
十支队-密云执法队,G45大广高速隧道K123+850横城子隧道出京洞中（可控）,遮挡公路附属设施或者利用公路附属设施架设管道、悬挂物品，可能危及公路安全,是,110118,
十支队-密云执法队,G45大广高速隧道K123+850横城子隧道出京洞中（可控）,车辆装载物触地拖行、掉落、遗洒或者飘散，造成公路路面损坏、污染,是,110118,
十支队-密云执法队,G45大广高速隧道K123+975横城子隧道进京入洞（可控）,在公路上及公路用地范围内堆放物品,是,110118,
十支队-密云执法队,G45大广高速隧道K123+975横城子隧道进京入洞（可控）,在公路上及公路用地范围内摆摊设点,是,110118,
十支队-密云执法队,G45大广高速隧道K123+975横城子隧道进京入洞（可控）,在公路范围内擅自移动井盖,否,110118,
十支队-密云执法队,G45大广高速隧道K123+975横城子隧道进京入洞（可控）,擅自占用、挖掘公路,是,110118,
十支队-密云执法队,G45大广高速隧道K123+975横城子隧道进京入洞（可控）,在公路用地范围内设置公路标志以外的其他标志,是,110118,
十支队-密云执法队,G45大广高速隧道K123+975横城子隧道进京入洞（可控）,遮挡公路附属设施或者利用公路附属设施架设管道、悬挂物品，可能危及公路安全,是,110118,
十支队-密云执法队,G45大广高速隧道K123+975横城子隧道进京入洞（可控）,车辆装载物触地拖行、掉落、遗洒或者飘散，造成公路路面损坏、污染,是,110118,
十支队-密云执法队,G45大广高速隧道K124+005横城子隧道出京出洞（可控）,在公路上及公路用地范围内堆放物品,是,110118,
十支队-密云执法队,G45大广高速隧道K124+005横城子隧道出京出洞（可控）,在公路上及公路用地范围内摆摊设点,是,110118,
十支队-密云执法队,G45大广高速隧道K124+005横城子隧道出京出洞（可控）,在公路范围内擅自移动井盖,否,110118,
十支队-密云执法队,G45大广高速隧道K124+005横城子隧道出京出洞（可控）,擅自占用、挖掘公路,是,110118,
十支队-密云执法队,G45大广高速隧道K124+005横城子隧道出京出洞（可控）,在公路用地范围内设置公路标志以外的其他标志,是,110118,
十支队-密云执法队,G45大广高速隧道K124+005横城子隧道出京出洞（可控）,遮挡公路附属设施或者利用公路附属设施架设管道、悬挂物品，可能危及公路安全,是,110118,
十支队-密云执法队,G45大广高速隧道K124+005横城子隧道出京出洞（可控）,车辆装载物触地拖行、掉落、遗洒或者飘散，造成公路路面损坏、污染,是,110118,
十支队-密云执法队,G45大广高速隧道K74+100羊山隧道进京出洞（可控）,在公路上及公路用地范围内堆放物品,是,110118,
十支队-密云执法队,G45大广高速隧道K74+100羊山隧道进京出洞（可控）,在公路上及公路用地范围内摆摊设点,是,110118,
十支队-密云执法队,G45大广高速隧道K74+100羊山隧道进京出洞（可控）,在公路范围内擅自移动井盖,否,110118,
十支队-密云执法队,G45大广高速隧道K74+100羊山隧道进京出洞（可控）,擅自占用、挖掘公路,是,110118,
十支队-密云执法队,G45大广高速隧道K74+100羊山隧道进京出洞（可控）,在公路用地范围内设置公路标志以外的其他标志,是,110118,
十支队-密云执法队,G45大广高速隧道K74+100羊山隧道进京出洞（可控）,遮挡公路附属设施或者利用公路附属设施架设管道、悬挂物品，可能危及公路安全,是,110118,
十支队-密云执法队,G45大广高速隧道K74+100羊山隧道进京出洞（可控）,车辆装载物触地拖行、掉落、遗洒或者飘散，造成公路路面损坏、污染,是,110118,
十支队-密云执法队,G45大广高速隧道K74+123羊山隧道出京入洞（可控）,在公路上及公路用地范围内堆放物品,是,110118,
十支队-密云执法队,G45大广高速隧道K74+123羊山隧道出京入洞（可控）,在公路上及公路用地范围内摆摊设点,是,110118,
十支队-密云执法队,G45大广高速隧道K74+123羊山隧道出京入洞（可控）,在公路范围内擅自移动井盖,否,110118,
十支队-密云执法队,G45大广高速隧道K74+123羊山隧道出京入洞（可控）,擅自占用、挖掘公路,是,110118,
十支队-密云执法队,G45大广高速隧道K74+123羊山隧道出京入洞（可控）,在公路用地范围内设置公路标志以外的其他标志,是,110118,
十支队-密云执法队,G45大广高速隧道K74+123羊山隧道出京入洞（可控）,遮挡公路附属设施或者利用公路附属设施架设管道、悬挂物品，可能危及公路安全,是,110118,
十支队-密云执法队,G45大广高速隧道K74+123羊山隧道出京入洞（可控）,车辆装载物触地拖行、掉落、遗洒或者飘散，造成公路路面损坏、污染,是,110118,
十支队-密云执法队,G45大广高速隧道K74+320羊山隧道出京出洞（可控）,在公路上及公路用地范围内堆放物品,是,110118,
十支队-密云执法队,G45大广高速隧道K74+320羊山隧道出京出洞（可控）,在公路上及公路用地范围内摆摊设点,是,110118,
十支队-密云执法队,G45大广高速隧道K74+320羊山隧道出京出洞（可控）,在公路范围内擅自移动井盖,否,110118,
十支队-密云执法队,G45大广高速隧道K74+320羊山隧道出京出洞（可控）,擅自占用、挖掘公路,是,110118,
十支队-密云执法队,G45大广高速隧道K74+320羊山隧道出京出洞（可控）,在公路用地范围内设置公路标志以外的其他标志,是,110118,
十支队-密云执法队,G45大广高速隧道K74+320羊山隧道出京出洞（可控）,遮挡公路附属设施或者利用公路附属设施架设管道、悬挂物品，可能危及公路安全,是,110118,
十支队-密云执法队,G45大广高速隧道K74+320羊山隧道出京出洞（可控）,车辆装载物触地拖行、掉落、遗洒或者飘散，造成公路路面损坏、污染,是,110118,
十支队-密云执法队,G45大广高速隧道K74+325羊山隧道进京入洞（可控）,在公路上及公路用地范围内堆放物品,是,110118,
十支队-密云执法队,G45大广高速隧道K74+325羊山隧道进京入洞（可控）,在公路上及公路用地范围内摆摊设点,是,110118,
十支队-密云执法队,G45大广高速隧道K74+325羊山隧道进京入洞（可控）,在公路范围内擅自移动井盖,否,110118,
十支队-密云执法队,G45大广高速隧道K74+325羊山隧道进京入洞（可控）,擅自占用、挖掘公路,是,110118,
十支队-密云执法队,G45大广高速隧道K74+325羊山隧道进京入洞（可控）,在公路用地范围内设置公路标志以外的其他标志,是,110118,
十支队-密云执法队,G45大广高速隧道K74+325羊山隧道进京入洞（可控）,遮挡公路附属设施或者利用公路附属设施架设管道、悬挂物品，可能危及公路安全,是,110118,
十支队-密云执法队,G45大广高速隧道K74+325羊山隧道进京入洞（可控）,车辆装载物触地拖行、掉落、遗洒或者飘散，造成公路路面损坏、污染,是,110118,
十支队-密云执法队,G45大广高速隧道K76+650邓家湾隧道出京入洞（可控）,在公路上及公路用地范围内堆放物品,是,110118,
十支队-密云执法队,G45大广高速隧道K76+650邓家湾隧道出京入洞（可控）,在公路上及公路用地范围内摆摊设点,是,110118,
十支队-密云执法队,G45大广高速隧道K76+650邓家湾隧道出京入洞（可控）,在公路范围内擅自移动井盖,否,110118,
十支队-密云执法队,G45大广高速隧道K76+650邓家湾隧道出京入洞（可控）,擅自占用、挖掘公路,是,110118,
十支队-密云执法队,G45大广高速隧道K76+650邓家湾隧道出京入洞（可控）,在公路用地范围内设置公路标志以外的其他标志,是,110118,
十支队-密云执法队,G45大广高速隧道K76+650邓家湾隧道出京入洞（可控）,遮挡公路附属设施或者利用公路附属设施架设管道、悬挂物品，可能危及公路安全,是,110118,
十支队-密云执法队,G45大广高速隧道K76+650邓家湾隧道出京入洞（可控）,车辆装载物触地拖行、掉落、遗洒或者飘散，造成公路路面损坏、污染,是,110118,
十支队-密云执法队,G45大广高速隧道K76+760邓家湾隧道进京出洞（可控）,在公路上及公路用地范围内堆放物品,是,110118,
十支队-密云执法队,G45大广高速隧道K76+760邓家湾隧道进京出洞（可控）,在公路上及公路用地范围内摆摊设点,是,110118,
十支队-密云执法队,G45大广高速隧道K76+760邓家湾隧道进京出洞（可控）,在公路范围内擅自移动井盖,否,110118,
十支队-密云执法队,G45大广高速隧道K76+760邓家湾隧道进京出洞（可控）,擅自占用、挖掘公路,是,110118,
十支队-密云执法队,G45大广高速隧道K76+760邓家湾隧道进京出洞（可控）,在公路用地范围内设置公路标志以外的其他标志,是,110118,
十支队-密云执法队,G45大广高速隧道K76+760邓家湾隧道进京出洞（可控）,遮挡公路附属设施或者利用公路附属设施架设管道、悬挂物品，可能危及公路安全,是,110118,
十支队-密云执法队,G45大广高速隧道K76+760邓家湾隧道进京出洞（可控）,车辆装载物触地拖行、掉落、遗洒或者飘散，造成公路路面损坏、污染,是,110118,
十支队-密云执法队,G45大广高速隧道K77+033邓家湾隧道出京出洞（可控）,在公路上及公路用地范围内堆放物品,是,110118,
十支队-密云执法队,G45大广高速隧道K77+033邓家湾隧道出京出洞（可控）,在公路上及公路用地范围内摆摊设点,是,110118,
十支队-密云执法队,G45大广高速隧道K77+033邓家湾隧道出京出洞（可控）,在公路范围内擅自移动井盖,否,110118,
十支队-密云执法队,G45大广高速隧道K77+033邓家湾隧道出京出洞（可控）,擅自占用、挖掘公路,是,110118,
十支队-密云执法队,G45大广高速隧道K77+033邓家湾隧道出京出洞（可控）,在公路用地范围内设置公路标志以外的其他标志,是,110118,
十支队-密云执法队,G45大广高速隧道K77+033邓家湾隧道出京出洞（可控）,遮挡公路附属设施或者利用公路附属设施架设管道、悬挂物品，可能危及公路安全,是,110118,
十支队-密云执法队,G45大广高速隧道K77+033邓家湾隧道出京出洞（可控）,车辆装载物触地拖行、掉落、遗洒或者飘散，造成公路路面损坏、污染,是,110118,
十支队-密云执法队,G45大广高速隧道K77+095邓家湾隧道进京入洞（可控）,在公路上及公路用地范围内堆放物品,是,110118,
十支队-密云执法队,G45大广高速隧道K77+095邓家湾隧道进京入洞（可控）,在公路上及公路用地范围内摆摊设点,是,110118,
十支队-密云执法队,G45大广高速隧道K77+095邓家湾隧道进京入洞（可控）,在公路范围内擅自移动井盖,否,110118,
十支队-密云执法队,G45大广高速隧道K77+095邓家湾隧道进京入洞（可控）,擅自占用、挖掘公路,是,110118,
十支队-密云执法队,G45大广高速隧道K77+095邓家湾隧道进京入洞（可控）,在公路用地范围内设置公路标志以外的其他标志,是,110118,
十支队-密云执法队,G45大广高速隧道K77+095邓家湾隧道进京入洞（可控）,遮挡公路附属设施或者利用公路附属设施架设管道、悬挂物品，可能危及公路安全,是,110118,
十支队-密云执法队,G45大广高速隧道K77+095邓家湾隧道进京入洞（可控）,车辆装载物触地拖行、掉落、遗洒或者飘散，造成公路路面损坏、污染,是,110118,
十支队-密云执法队,G45大广高速隧道K82+150金鼎湖1号隧道出京入1（固定）,在公路上及公路用地范围内堆放物品,是,110118,
十支队-密云执法队,G45大广高速隧道K82+150金鼎湖1号隧道出京入1（固定）,在公路上及公路用地范围内摆摊设点,是,110118,
十支队-密云执法队,G45大广高速隧道K82+150金鼎湖1号隧道出京入1（固定）,在公路范围内擅自移动井盖,否,110118,
十支队-密云执法队,G45大广高速隧道K82+150金鼎湖1号隧道出京入1（固定）,擅自占用、挖掘公路,是,110118,
十支队-密云执法队,G45大广高速隧道K82+150金鼎湖1号隧道出京入1（固定）,在公路用地范围内设置公路标志以外的其他标志,是,110118,
十支队-密云执法队,G45大广高速隧道K82+150金鼎湖1号隧道出京入1（固定）,遮挡公路附属设施或者利用公路附属设施架设管道、悬挂物品，可能危及公路安全,是,110118,
十支队-密云执法队,G45大广高速隧道K82+150金鼎湖1号隧道出京入1（固定）,车辆装载物触地拖行、掉落、遗洒或者飘散，造成公路路面损坏、污染,是,110118,
十支队-密云执法队,G45大广高速隧道K82+150金鼎湖1号隧道出京入2（固定）,在公路上及公路用地范围内堆放物品,是,110118,
十支队-密云执法队,G45大广高速隧道K82+150金鼎湖1号隧道出京入2（固定）,在公路上及公路用地范围内摆摊设点,是,110118,
十支队-密云执法队,G45大广高速隧道K82+150金鼎湖1号隧道出京入2（固定）,在公路范围内擅自移动井盖,否,110118,
十支队-密云执法队,G45大广高速隧道K82+150金鼎湖1号隧道出京入2（固定）,擅自占用、挖掘公路,是,110118,
十支队-密云执法队,G45大广高速隧道K82+150金鼎湖1号隧道出京入2（固定）,在公路用地范围内设置公路标志以外的其他标志,是,110118,
十支队-密云执法队,G45大广高速隧道K82+150金鼎湖1号隧道出京入2（固定）,遮挡公路附属设施或者利用公路附属设施架设管道、悬挂物品，可能危及公路安全,是,110118,
十支队-密云执法队,G45大广高速隧道K82+150金鼎湖1号隧道出京入2（固定）,车辆装载物触地拖行、掉落、遗洒或者飘散，造成公路路面损坏、污染,是,110118,
十支队-密云执法队,G45大广高速隧道K82+160金鼎湖1号隧道进京出洞（可控）,在公路上及公路用地范围内堆放物品,是,110118,
十支队-密云执法队,G45大广高速隧道K82+160金鼎湖1号隧道进京出洞（可控）,在公路上及公路用地范围内摆摊设点,是,110118,
十支队-密云执法队,G45大广高速隧道K82+160金鼎湖1号隧道进京出洞（可控）,在公路范围内擅自移动井盖,否,110118,
十支队-密云执法队,G45大广高速隧道K82+160金鼎湖1号隧道进京出洞（可控）,擅自占用、挖掘公路,是,110118,
十支队-密云执法队,G45大广高速隧道K82+160金鼎湖1号隧道进京出洞（可控）,在公路用地范围内设置公路标志以外的其他标志,是,110118,
十支队-密云执法队,G45大广高速隧道K82+160金鼎湖1号隧道进京出洞（可控）,遮挡公路附属设施或者利用公路附属设施架设管道、悬挂物品，可能危及公路安全,是,110118,
十支队-密云执法队,G45大广高速隧道K82+160金鼎湖1号隧道进京出洞（可控）,车辆装载物触地拖行、掉落、遗洒或者飘散，造成公路路面损坏、污染,是,110118,
十支队-密云执法队,G45大广高速隧道K82+180金鼎湖1号隧道进京出1（固定）,在公路上及公路用地范围内堆放物品,是,110118,
十支队-密云执法队,G45大广高速隧道K82+180金鼎湖1号隧道进京出1（固定）,在公路上及公路用地范围内摆摊设点,是,110118,
十支队-密云执法队,G45大广高速隧道K82+180金鼎湖1号隧道进京出1（固定）,在公路范围内擅自移动井盖,否,110118,
十支队-密云执法队,G45大广高速隧道K82+180金鼎湖1号隧道进京出1（固定）,擅自占用、挖掘公路,是,110118,
十支队-密云执法队,G45大广高速隧道K82+180金鼎湖1号隧道进京出1（固定）,在公路用地范围内设置公路标志以外的其他标志,是,110118,
十支队-密云执法队,G45大广高速隧道K82+180金鼎湖1号隧道进京出1（固定）,遮挡公路附属设施或者利用公路附属设施架设管道、悬挂物品，可能危及公路安全,是,110118,
十支队-密云执法队,G45大广高速隧道K82+180金鼎湖1号隧道进京出1（固定）,车辆装载物触地拖行、掉落、遗洒或者飘散，造成公路路面损坏、污染,是,110118,
十支队-密云执法队,G45大广高速隧道K82+180金鼎湖1号隧道进京出2（固定）,在公路上及公路用地范围内堆放物品,是,110118,
十支队-密云执法队,G45大广高速隧道K82+180金鼎湖1号隧道进京出2（固定）,在公路上及公路用地范围内摆摊设点,是,110118,
十支队-密云执法队,G45大广高速隧道K82+180金鼎湖1号隧道进京出2（固定）,在公路范围内擅自移动井盖,否,110118,
十支队-密云执法队,G45大广高速隧道K82+180金鼎湖1号隧道进京出2（固定）,擅自占用、挖掘公路,是,110118,
十支队-密云执法队,G45大广高速隧道K82+180金鼎湖1号隧道进京出2（固定）,在公路用地范围内设置公路标志以外的其他标志,是,110118,
十支队-密云执法队,G45大广高速隧道K82+180金鼎湖1号隧道进京出2（固定）,遮挡公路附属设施或者利用公路附属设施架设管道、悬挂物品，可能危及公路安全,是,110118,
十支队-密云执法队,G45大广高速隧道K82+180金鼎湖1号隧道进京出2（固定）,车辆装载物触地拖行、掉落、遗洒或者飘散，造成公路路面损坏、污染,是,110118,
十支队-密云执法队,G45大广高速隧道K82+185金鼎湖1号隧道出京入洞（可控）,在公路上及公路用地范围内堆放物品,是,110118,
十支队-密云执法队,G45大广高速隧道K82+185金鼎湖1号隧道出京入洞（可控）,在公路上及公路用地范围内摆摊设点,是,110118,
十支队-密云执法队,G45大广高速隧道K82+185金鼎湖1号隧道出京入洞（可控）,在公路范围内擅自移动井盖,否,110118,
十支队-密云执法队,G45大广高速隧道K82+185金鼎湖1号隧道出京入洞（可控）,擅自占用、挖掘公路,是,110118,
十支队-密云执法队,G45大广高速隧道K82+185金鼎湖1号隧道出京入洞（可控）,在公路用地范围内设置公路标志以外的其他标志,是,110118,
十支队-密云执法队,G45大广高速隧道K82+185金鼎湖1号隧道出京入洞（可控）,遮挡公路附属设施或者利用公路附属设施架设管道、悬挂物品，可能危及公路安全,是,110118,
十支队-密云执法队,G45大广高速隧道K82+185金鼎湖1号隧道出京入洞（可控）,车辆装载物触地拖行、掉落、遗洒或者飘散，造成公路路面损坏、污染,是,110118,
十支队-密云执法队,G45大广高速隧道K82+430金鼎湖1号隧道出京出洞（可控）,在公路上及公路用地范围内堆放物品,是,110118,
十支队-密云执法队,G45大广高速隧道K82+430金鼎湖1号隧道出京出洞（可控）,在公路上及公路用地范围内摆摊设点,是,110118,
十支队-密云执法队,G45大广高速隧道K82+430金鼎湖1号隧道出京出洞（可控）,在公路范围内擅自移动井盖,否,110118,
十支队-密云执法队,G45大广高速隧道K82+430金鼎湖1号隧道出京出洞（可控）,擅自占用、挖掘公路,是,110118,
十支队-密云执法队,G45大广高速隧道K82+430金鼎湖1号隧道出京出洞（可控）,在公路用地范围内设置公路标志以外的其他标志,是,110118,
十支队-密云执法队,G45大广高速隧道K82+430金鼎湖1号隧道出京出洞（可控）,遮挡公路附属设施或者利用公路附属设施架设管道、悬挂物品，可能危及公路安全,是,110118,
十支队-密云执法队,G45大广高速隧道K82+430金鼎湖1号隧道出京出洞（可控）,车辆装载物触地拖行、掉落、遗洒或者飘散，造成公路路面损坏、污染,是,110118,
十支队-密云执法队,G45大广高速隧道K82+433金鼎湖1号隧道进京入洞（可控）,在公路上及公路用地范围内堆放物品,是,110118,
十支队-密云执法队,G45大广高速隧道K82+433金鼎湖1号隧道进京入洞（可控）,在公路上及公路用地范围内摆摊设点,是,110118,
十支队-密云执法队,G45大广高速隧道K82+433金鼎湖1号隧道进京入洞（可控）,在公路范围内擅自移动井盖,否,110118,
十支队-密云执法队,G45大广高速隧道K82+433金鼎湖1号隧道进京入洞（可控）,擅自占用、挖掘公路,是,110118,
十支队-密云执法队,G45大广高速隧道K82+433金鼎湖1号隧道进京入洞（可控）,在公路用地范围内设置公路标志以外的其他标志,是,110118,
十支队-密云执法队,G45大广高速隧道K82+433金鼎湖1号隧道进京入洞（可控）,遮挡公路附属设施或者利用公路附属设施架设管道、悬挂物品，可能危及公路安全,是,110118,
十支队-密云执法队,G45大广高速隧道K82+433金鼎湖1号隧道进京入洞（可控）,车辆装载物触地拖行、掉落、遗洒或者飘散，造成公路路面损坏、污染,是,110118,
十支队-密云执法队,G45大广高速隧道K82+820金鼎湖2号隧道出京（固定）,在公路上及公路用地范围内堆放物品,是,110118,
十支队-密云执法队,G45大广高速隧道K82+820金鼎湖2号隧道出京（固定）,在公路上及公路用地范围内摆摊设点,是,110118,
十支队-密云执法队,G45大广高速隧道K82+820金鼎湖2号隧道出京（固定）,在公路范围内擅自移动井盖,否,110118,
十支队-密云执法队,G45大广高速隧道K82+820金鼎湖2号隧道出京（固定）,擅自占用、挖掘公路,是,110118,
十支队-密云执法队,G45大广高速隧道K82+820金鼎湖2号隧道出京（固定）,在公路用地范围内设置公路标志以外的其他标志,是,110118,
十支队-密云执法队,G45大广高速隧道K82+820金鼎湖2号隧道出京（固定）,遮挡公路附属设施或者利用公路附属设施架设管道、悬挂物品，可能危及公路安全,是,110118,
十支队-密云执法队,G45大广高速隧道K82+820金鼎湖2号隧道出京（固定）,车辆装载物触地拖行、掉落、遗洒或者飘散，造成公路路面损坏、污染,是,110118,
十支队-密云执法队,G45大广高速隧道K82+820金鼎湖2号隧道进京（固定）,在公路上及公路用地范围内堆放物品,是,110118,
十支队-密云执法队,G45大广高速隧道K82+820金鼎湖2号隧道进京（固定）,在公路上及公路用地范围内摆摊设点,是,110118,
十支队-密云执法队,G45大广高速隧道K82+820金鼎湖2号隧道进京（固定）,在公路范围内擅自移动井盖,否,110118,
十支队-密云执法队,G45大广高速隧道K82+820金鼎湖2号隧道进京（固定）,擅自占用、挖掘公路,是,110118,
十支队-密云执法队,G45大广高速隧道K82+820金鼎湖2号隧道进京（固定）,在公路用地范围内设置公路标志以外的其他标志,是,110118,
十支队-密云执法队,G45大广高速隧道K82+820金鼎湖2号隧道进京（固定）,遮挡公路附属设施或者利用公路附属设施架设管道、悬挂物品，可能危及公路安全,是,110118,
十支队-密云执法队,G45大广高速隧道K82+820金鼎湖2号隧道进京（固定）,车辆装载物触地拖行、掉落、遗洒或者飘散，造成公路路面损坏、污染,是,110118,
十支队-密云执法队,G45大广高速隧道K82+880金鼎湖2号隧道出京（固定）,在公路上及公路用地范围内堆放物品,是,110118,
十支队-密云执法队,G45大广高速隧道K82+880金鼎湖2号隧道出京（固定）,在公路上及公路用地范围内摆摊设点,是,110118,
十支队-密云执法队,G45大广高速隧道K82+880金鼎湖2号隧道出京（固定）,在公路范围内擅自移动井盖,否,110118,
十支队-密云执法队,G45大广高速隧道K82+880金鼎湖2号隧道出京（固定）,擅自占用、挖掘公路,是,110118,
十支队-密云执法队,G45大广高速隧道K82+880金鼎湖2号隧道出京（固定）,在公路用地范围内设置公路标志以外的其他标志,是,110118,
十支队-密云执法队,G45大广高速隧道K82+880金鼎湖2号隧道出京（固定）,遮挡公路附属设施或者利用公路附属设施架设管道、悬挂物品，可能危及公路安全,是,110118,
十支队-密云执法队,G45大广高速隧道K82+880金鼎湖2号隧道出京（固定）,车辆装载物触地拖行、掉落、遗洒或者飘散，造成公路路面损坏、污染,是,110118,
十支队-密云执法队,G45大广高速隧道K82+880金鼎湖2号隧道进京（固定）,在公路上及公路用地范围内堆放物品,是,110118,
十支队-密云执法队,G45大广高速隧道K82+880金鼎湖2号隧道进京（固定）,在公路上及公路用地范围内摆摊设点,是,110118,
十支队-密云执法队,G45大广高速隧道K82+880金鼎湖2号隧道进京（固定）,在公路范围内擅自移动井盖,否,110118,
十支队-密云执法队,G45大广高速隧道K82+880金鼎湖2号隧道进京（固定）,擅自占用、挖掘公路,是,110118,
十支队-密云执法队,G45大广高速隧道K82+880金鼎湖2号隧道进京（固定）,在公路用地范围内设置公路标志以外的其他标志,是,110118,
十支队-密云执法队,G45大广高速隧道K82+880金鼎湖2号隧道进京（固定）,遮挡公路附属设施或者利用公路附属设施架设管道、悬挂物品，可能危及公路安全,是,110118,
十支队-密云执法队,G45大广高速隧道K82+880金鼎湖2号隧道进京（固定）,车辆装载物触地拖行、掉落、遗洒或者飘散，造成公路路面损坏、污染,是,110118,
十支队-密云执法队,G45大广高速隧道K82+925金鼎湖2号隧道进京人洞2（可控）,在公路上及公路用地范围内堆放物品,是,110118,
十支队-密云执法队,G45大广高速隧道K82+925金鼎湖2号隧道进京人洞2（可控）,在公路上及公路用地范围内摆摊设点,是,110118,
十支队-密云执法队,G45大广高速隧道K82+925金鼎湖2号隧道进京人洞2（可控）,在公路范围内擅自移动井盖,否,110118,
十支队-密云执法队,G45大广高速隧道K82+925金鼎湖2号隧道进京人洞2（可控）,擅自占用、挖掘公路,是,110118,
十支队-密云执法队,G45大广高速隧道K82+925金鼎湖2号隧道进京人洞2（可控）,在公路用地范围内设置公路标志以外的其他标志,是,110118,
十支队-密云执法队,G45大广高速隧道K82+925金鼎湖2号隧道进京人洞2（可控）,遮挡公路附属设施或者利用公路附属设施架设管道、悬挂物品，可能危及公路安全,是,110118,
十支队-密云执法队,G45大广高速隧道K82+925金鼎湖2号隧道进京人洞2（可控）,车辆装载物触地拖行、掉落、遗洒或者飘散，造成公路路面损坏、污染,是,110118,
十支队-密云执法队,G45大广高速隧道K82+930金鼎湖2号隧道出京人洞1（可控）,在公路上及公路用地范围内堆放物品,是,110118,
十支队-密云执法队,G45大广高速隧道K82+930金鼎湖2号隧道出京人洞1（可控）,在公路上及公路用地范围内摆摊设点,是,110118,
十支队-密云执法队,G45大广高速隧道K82+930金鼎湖2号隧道出京人洞1（可控）,在公路范围内擅自移动井盖,否,110118,
十支队-密云执法队,G45大广高速隧道K82+930金鼎湖2号隧道出京人洞1（可控）,擅自占用、挖掘公路,是,110118,
十支队-密云执法队,G45大广高速隧道K82+930金鼎湖2号隧道出京人洞1（可控）,在公路用地范围内设置公路标志以外的其他标志,是,110118,
十支队-密云执法队,G45大广高速隧道K82+930金鼎湖2号隧道出京人洞1（可控）,遮挡公路附属设施或者利用公路附属设施架设管道、悬挂物品，可能危及公路安全,是,110118,
十支队-密云执法队,G45大广高速隧道K82+930金鼎湖2号隧道出京人洞1（可控）,车辆装载物触地拖行、掉落、遗洒或者飘散，造成公路路面损坏、污染,是,110118,
十支队-密云执法队,G45大广高速隧道K82+970金鼎湖2号隧道出京（固定）,在公路上及公路用地范围内堆放物品,是,110118,
十支队-密云执法队,G45大广高速隧道K82+970金鼎湖2号隧道出京（固定）,在公路上及公路用地范围内摆摊设点,是,110118,
十支队-密云执法队,G45大广高速隧道K82+970金鼎湖2号隧道出京（固定）,在公路范围内擅自移动井盖,否,110118,
十支队-密云执法队,G45大广高速隧道K82+970金鼎湖2号隧道出京（固定）,擅自占用、挖掘公路,是,110118,
十支队-密云执法队,G45大广高速隧道K82+970金鼎湖2号隧道出京（固定）,在公路用地范围内设置公路标志以外的其他标志,是,110118,
十支队-密云执法队,G45大广高速隧道K82+970金鼎湖2号隧道出京（固定）,遮挡公路附属设施或者利用公路附属设施架设管道、悬挂物品，可能危及公路安全,是,110118,
十支队-密云执法队,G45大广高速隧道K82+970金鼎湖2号隧道出京（固定）,车辆装载物触地拖行、掉落、遗洒或者飘散，造成公路路面损坏、污染,是,110118,
十支队-密云执法队,G45大广高速隧道K82+970金鼎湖2号隧道进京（固定）,在公路上及公路用地范围内堆放物品,是,110118,
十支队-密云执法队,G45大广高速隧道K82+970金鼎湖2号隧道进京（固定）,在公路上及公路用地范围内摆摊设点,是,110118,
十支队-密云执法队,G45大广高速隧道K82+970金鼎湖2号隧道进京（固定）,在公路范围内擅自移动井盖,否,110118,
十支队-密云执法队,G45大广高速隧道K82+970金鼎湖2号隧道进京（固定）,擅自占用、挖掘公路,是,110118,
十支队-密云执法队,G45大广高速隧道K82+970金鼎湖2号隧道进京（固定）,在公路用地范围内设置公路标志以外的其他标志,是,110118,
十支队-密云执法队,G45大广高速隧道K82+970金鼎湖2号隧道进京（固定）,遮挡公路附属设施或者利用公路附属设施架设管道、悬挂物品，可能危及公路安全,是,110118,
十支队-密云执法队,G45大广高速隧道K82+970金鼎湖2号隧道进京（固定）,车辆装载物触地拖行、掉落、遗洒或者飘散，造成公路路面损坏、污染,是,110118,
十支队-密云执法队,G45大广高速隧道K83+020金鼎湖2号隧道出京（固定）,在公路上及公路用地范围内堆放物品,是,110118,
十支队-密云执法队,G45大广高速隧道K83+020金鼎湖2号隧道出京（固定）,在公路上及公路用地范围内摆摊设点,是,110118,
十支队-密云执法队,G45大广高速隧道K83+020金鼎湖2号隧道出京（固定）,在公路范围内擅自移动井盖,否,110118,
十支队-密云执法队,G45大广高速隧道K83+020金鼎湖2号隧道出京（固定）,擅自占用、挖掘公路,是,110118,
十支队-密云执法队,G45大广高速隧道K83+020金鼎湖2号隧道出京（固定）,在公路用地范围内设置公路标志以外的其他标志,是,110118,
十支队-密云执法队,G45大广高速隧道K83+020金鼎湖2号隧道出京（固定）,遮挡公路附属设施或者利用公路附属设施架设管道、悬挂物品，可能危及公路安全,是,110118,
十支队-密云执法队,G45大广高速隧道K83+020金鼎湖2号隧道出京（固定）,车辆装载物触地拖行、掉落、遗洒或者飘散，造成公路路面损坏、污染,是,110118,
十支队-密云执法队,G45大广高速隧道K83+020金鼎湖2号隧道进京（固定）,在公路上及公路用地范围内堆放物品,是,110118,
十支队-密云执法队,G45大广高速隧道K83+020金鼎湖2号隧道进京（固定）,在公路上及公路用地范围内摆摊设点,是,110118,
十支队-密云执法队,G45大广高速隧道K83+020金鼎湖2号隧道进京（固定）,在公路范围内擅自移动井盖,否,110118,
十支队-密云执法队,G45大广高速隧道K83+020金鼎湖2号隧道进京（固定）,擅自占用、挖掘公路,是,110118,
十支队-密云执法队,G45大广高速隧道K83+020金鼎湖2号隧道进京（固定）,在公路用地范围内设置公路标志以外的其他标志,是,110118,
十支队-密云执法队,G45大广高速隧道K83+020金鼎湖2号隧道进京（固定）,遮挡公路附属设施或者利用公路附属设施架设管道、悬挂物品，可能危及公路安全,是,110118,
十支队-密云执法队,G45大广高速隧道K83+020金鼎湖2号隧道进京（固定）,车辆装载物触地拖行、掉落、遗洒或者飘散，造成公路路面损坏、污染,是,110118,
十支队-密云执法队,G45大广高速隧道K83+080金鼎湖2号隧道出京（固定）,在公路上及公路用地范围内堆放物品,是,110118,
十支队-密云执法队,G45大广高速隧道K83+080金鼎湖2号隧道出京（固定）,在公路上及公路用地范围内摆摊设点,是,110118,
十支队-密云执法队,G45大广高速隧道K83+080金鼎湖2号隧道出京（固定）,在公路范围内擅自移动井盖,否,110118,
十支队-密云执法队,G45大广高速隧道K83+080金鼎湖2号隧道出京（固定）,擅自占用、挖掘公路,是,110118,
十支队-密云执法队,G45大广高速隧道K83+080金鼎湖2号隧道出京（固定）,在公路用地范围内设置公路标志以外的其他标志,是,110118,
十支队-密云执法队,G45大广高速隧道K83+080金鼎湖2号隧道出京（固定）,遮挡公路附属设施或者利用公路附属设施架设管道、悬挂物品，可能危及公路安全,是,110118,
十支队-密云执法队,G45大广高速隧道K83+080金鼎湖2号隧道出京（固定）,车辆装载物触地拖行、掉落、遗洒或者飘散，造成公路路面损坏、污染,是,110118,
十支队-密云执法队,G45大广高速隧道K83+080金鼎湖2号隧道进京（固定）,在公路上及公路用地范围内堆放物品,是,110118,
十支队-密云执法队,G45大广高速隧道K83+080金鼎湖2号隧道进京（固定）,在公路上及公路用地范围内摆摊设点,是,110118,
十支队-密云执法队,G45大广高速隧道K83+080金鼎湖2号隧道进京（固定）,在公路范围内擅自移动井盖,否,110118,
十支队-密云执法队,G45大广高速隧道K83+080金鼎湖2号隧道进京（固定）,擅自占用、挖掘公路,是,110118,
十支队-密云执法队,G45大广高速隧道K83+080金鼎湖2号隧道进京（固定）,在公路用地范围内设置公路标志以外的其他标志,是,110118,
十支队-密云执法队,G45大广高速隧道K83+080金鼎湖2号隧道进京（固定）,遮挡公路附属设施或者利用公路附属设施架设管道、悬挂物品，可能危及公路安全,是,110118,
十支队-密云执法队,G45大广高速隧道K83+080金鼎湖2号隧道进京（固定）,车辆装载物触地拖行、掉落、遗洒或者飘散，造成公路路面损坏、污染,是,110118,
十支队-密云执法队,G45大广高速隧道K83+150金鼎湖2号隧道出京（固定）,在公路上及公路用地范围内堆放物品,是,110118,
十支队-密云执法队,G45大广高速隧道K83+150金鼎湖2号隧道出京（固定）,在公路上及公路用地范围内摆摊设点,是,110118,
十支队-密云执法队,G45大广高速隧道K83+150金鼎湖2号隧道出京（固定）,在公路范围内擅自移动井盖,否,110118,
十支队-密云执法队,G45大广高速隧道K83+150金鼎湖2号隧道出京（固定）,擅自占用、挖掘公路,是,110118,
十支队-密云执法队,G45大广高速隧道K83+150金鼎湖2号隧道出京（固定）,在公路用地范围内设置公路标志以外的其他标志,是,110118,
十支队-密云执法队,G45大广高速隧道K83+150金鼎湖2号隧道出京（固定）,遮挡公路附属设施或者利用公路附属设施架设管道、悬挂物品，可能危及公路安全,是,110118,
十支队-密云执法队,G45大广高速隧道K83+150金鼎湖2号隧道出京（固定）,车辆装载物触地拖行、掉落、遗洒或者飘散，造成公路路面损坏、污染,是,110118,
十支队-密云执法队,G45大广高速隧道K83+150金鼎湖2号隧道进京（固定）,在公路上及公路用地范围内堆放物品,是,110118,
十支队-密云执法队,G45大广高速隧道K83+150金鼎湖2号隧道进京（固定）,在公路上及公路用地范围内摆摊设点,是,110118,
十支队-密云执法队,G45大广高速隧道K83+150金鼎湖2号隧道进京（固定）,在公路范围内擅自移动井盖,否,110118,
十支队-密云执法队,G45大广高速隧道K83+150金鼎湖2号隧道进京（固定）,擅自占用、挖掘公路,是,110118,
十支队-密云执法队,G45大广高速隧道K83+150金鼎湖2号隧道进京（固定）,在公路用地范围内设置公路标志以外的其他标志,是,110118,
十支队-密云执法队,G45大广高速隧道K83+150金鼎湖2号隧道进京（固定）,遮挡公路附属设施或者利用公路附属设施架设管道、悬挂物品，可能危及公路安全,是,110118,
十支队-密云执法队,G45大广高速隧道K83+150金鼎湖2号隧道进京（固定）,车辆装载物触地拖行、掉落、遗洒或者飘散，造成公路路面损坏、污染,是,110118,
十支队-密云执法队,G45大广高速隧道K83+195金鼎湖2号隧道进京车洞（可控）,在公路上及公路用地范围内堆放物品,是,110118,
十支队-密云执法队,G45大广高速隧道K83+195金鼎湖2号隧道进京车洞（可控）,在公路上及公路用地范围内摆摊设点,是,110118,
十支队-密云执法队,G45大广高速隧道K83+195金鼎湖2号隧道进京车洞（可控）,在公路范围内擅自移动井盖,否,110118,
十支队-密云执法队,G45大广高速隧道K83+195金鼎湖2号隧道进京车洞（可控）,擅自占用、挖掘公路,是,110118,
十支队-密云执法队,G45大广高速隧道K83+195金鼎湖2号隧道进京车洞（可控）,在公路用地范围内设置公路标志以外的其他标志,是,110118,
十支队-密云执法队,G45大广高速隧道K83+195金鼎湖2号隧道进京车洞（可控）,遮挡公路附属设施或者利用公路附属设施架设管道、悬挂物品，可能危及公路安全,是,110118,
十支队-密云执法队,G45大广高速隧道K83+195金鼎湖2号隧道进京车洞（可控）,车辆装载物触地拖行、掉落、遗洒或者飘散，造成公路路面损坏、污染,是,110118,
十支队-密云执法队,G45大广高速隧道K83+200金鼎湖2号隧道出京车洞（可控）,在公路上及公路用地范围内堆放物品,是,110118,
十支队-密云执法队,G45大广高速隧道K83+200金鼎湖2号隧道出京车洞（可控）,在公路上及公路用地范围内摆摊设点,是,110118,
十支队-密云执法队,G45大广高速隧道K83+200金鼎湖2号隧道出京车洞（可控）,在公路范围内擅自移动井盖,否,110118,
十支队-密云执法队,G45大广高速隧道K83+200金鼎湖2号隧道出京车洞（可控）,擅自占用、挖掘公路,是,110118,
十支队-密云执法队,G45大广高速隧道K83+200金鼎湖2号隧道出京车洞（可控）,在公路用地范围内设置公路标志以外的其他标志,是,110118,
十支队-密云执法队,G45大广高速隧道K83+200金鼎湖2号隧道出京车洞（可控）,遮挡公路附属设施或者利用公路附属设施架设管道、悬挂物品，可能危及公路安全,是,110118,
十支队-密云执法队,G45大广高速隧道K83+200金鼎湖2号隧道出京车洞（可控）,车辆装载物触地拖行、掉落、遗洒或者飘散，造成公路路面损坏、污染,是,110118,
十支队-密云执法队,G45大广高速隧道K83+300金鼎湖2号隧道出京（固定）,在公路上及公路用地范围内堆放物品,是,110118,
十支队-密云执法队,G45大广高速隧道K83+300金鼎湖2号隧道出京（固定）,在公路上及公路用地范围内摆摊设点,是,110118,
十支队-密云执法队,G45大广高速隧道K83+300金鼎湖2号隧道出京（固定）,在公路范围内擅自移动井盖,否,110118,
十支队-密云执法队,G45大广高速隧道K83+300金鼎湖2号隧道出京（固定）,擅自占用、挖掘公路,是,110118,
十支队-密云执法队,G45大广高速隧道K83+300金鼎湖2号隧道出京（固定）,在公路用地范围内设置公路标志以外的其他标志,是,110118,
十支队-密云执法队,G45大广高速隧道K83+300金鼎湖2号隧道出京（固定）,遮挡公路附属设施或者利用公路附属设施架设管道、悬挂物品，可能危及公路安全,是,110118,
十支队-密云执法队,G45大广高速隧道K83+300金鼎湖2号隧道出京（固定）,车辆装载物触地拖行、掉落、遗洒或者飘散，造成公路路面损坏、污染,是,110118,
十支队-密云执法队,G45大广高速隧道K83+300金鼎湖2号隧道进京（固定）,在公路上及公路用地范围内堆放物品,是,110118,
十支队-密云执法队,G45大广高速隧道K83+300金鼎湖2号隧道进京（固定）,在公路上及公路用地范围内摆摊设点,是,110118,
十支队-密云执法队,G45大广高速隧道K83+300金鼎湖2号隧道进京（固定）,在公路范围内擅自移动井盖,否,110118,
十支队-密云执法队,G45大广高速隧道K83+300金鼎湖2号隧道进京（固定）,擅自占用、挖掘公路,是,110118,
十支队-密云执法队,G45大广高速隧道K83+300金鼎湖2号隧道进京（固定）,在公路用地范围内设置公路标志以外的其他标志,是,110118,
十支队-密云执法队,G45大广高速隧道K83+300金鼎湖2号隧道进京（固定）,遮挡公路附属设施或者利用公路附属设施架设管道、悬挂物品，可能危及公路安全,是,110118,
十支队-密云执法队,G45大广高速隧道K83+300金鼎湖2号隧道进京（固定）,车辆装载物触地拖行、掉落、遗洒或者飘散，造成公路路面损坏、污染,是,110118,
十支队-密云执法队,G45大广高速隧道K83+335金鼎湖2号隧道进京人洞1（可控）,在公路上及公路用地范围内堆放物品,是,110118,
十支队-密云执法队,G45大广高速隧道K83+335金鼎湖2号隧道进京人洞1（可控）,在公路上及公路用地范围内摆摊设点,是,110118,
十支队-密云执法队,G45大广高速隧道K83+335金鼎湖2号隧道进京人洞1（可控）,在公路范围内擅自移动井盖,否,110118,
十支队-密云执法队,G45大广高速隧道K83+335金鼎湖2号隧道进京人洞1（可控）,擅自占用、挖掘公路,是,110118,
十支队-密云执法队,G45大广高速隧道K83+335金鼎湖2号隧道进京人洞1（可控）,在公路用地范围内设置公路标志以外的其他标志,是,110118,
十支队-密云执法队,G45大广高速隧道K83+335金鼎湖2号隧道进京人洞1（可控）,遮挡公路附属设施或者利用公路附属设施架设管道、悬挂物品，可能危及公路安全,是,110118,
十支队-密云执法队,G45大广高速隧道K83+335金鼎湖2号隧道进京人洞1（可控）,车辆装载物触地拖行、掉落、遗洒或者飘散，造成公路路面损坏、污染,是,110118,
十支队-密云执法队,G45大广高速隧道K83+340金鼎湖2号隧道出京人洞2（可控）,在公路上及公路用地范围内堆放物品,是,110118,
十支队-密云执法队,G45大广高速隧道K83+340金鼎湖2号隧道出京人洞2（可控）,在公路上及公路用地范围内摆摊设点,是,110118,
十支队-密云执法队,G45大广高速隧道K83+340金鼎湖2号隧道出京人洞2（可控）,在公路范围内擅自移动井盖,否,110118,
十支队-密云执法队,G45大广高速隧道K83+340金鼎湖2号隧道出京人洞2（可控）,擅自占用、挖掘公路,是,110118,
十支队-密云执法队,G45大广高速隧道K83+340金鼎湖2号隧道出京人洞2（可控）,在公路用地范围内设置公路标志以外的其他标志,是,110118,
十支队-密云执法队,G45大广高速隧道K83+340金鼎湖2号隧道出京人洞2（可控）,遮挡公路附属设施或者利用公路附属设施架设管道、悬挂物品，可能危及公路安全,是,110118,
十支队-密云执法队,G45大广高速隧道K83+340金鼎湖2号隧道出京人洞2（可控）,车辆装载物触地拖行、掉落、遗洒或者飘散，造成公路路面损坏、污染,是,110118,
十支队-密云执法队,G45大广高速隧道K83+360金鼎湖2号隧道出京（固定）,在公路上及公路用地范围内堆放物品,是,110118,
十支队-密云执法队,G45大广高速隧道K83+360金鼎湖2号隧道出京（固定）,在公路上及公路用地范围内摆摊设点,是,110118,
十支队-密云执法队,G45大广高速隧道K83+360金鼎湖2号隧道出京（固定）,在公路范围内擅自移动井盖,否,110118,
十支队-密云执法队,G45大广高速隧道K83+360金鼎湖2号隧道出京（固定）,擅自占用、挖掘公路,是,110118,
十支队-密云执法队,G45大广高速隧道K83+360金鼎湖2号隧道出京（固定）,在公路用地范围内设置公路标志以外的其他标志,是,110118,
十支队-密云执法队,G45大广高速隧道K83+360金鼎湖2号隧道出京（固定）,遮挡公路附属设施或者利用公路附属设施架设管道、悬挂物品，可能危及公路安全,是,110118,
十支队-密云执法队,G45大广高速隧道K83+360金鼎湖2号隧道出京（固定）,车辆装载物触地拖行、掉落、遗洒或者飘散，造成公路路面损坏、污染,是,110118,
十支队-密云执法队,G45大广高速隧道K83+360金鼎湖2号隧道进京（固定）,在公路上及公路用地范围内堆放物品,是,110118,
十支队-密云执法队,G45大广高速隧道K83+360金鼎湖2号隧道进京（固定）,在公路上及公路用地范围内摆摊设点,是,110118,
十支队-密云执法队,G45大广高速隧道K83+360金鼎湖2号隧道进京（固定）,在公路范围内擅自移动井盖,否,110118,
十支队-密云执法队,G45大广高速隧道K83+360金鼎湖2号隧道进京（固定）,擅自占用、挖掘公路,是,110118,
十支队-密云执法队,G45大广高速隧道K83+360金鼎湖2号隧道进京（固定）,在公路用地范围内设置公路标志以外的其他标志,是,110118,
十支队-密云执法队,G45大广高速隧道K83+360金鼎湖2号隧道进京（固定）,遮挡公路附属设施或者利用公路附属设施架设管道、悬挂物品，可能危及公路安全,是,110118,
十支队-密云执法队,G45大广高速隧道K83+360金鼎湖2号隧道进京（固定）,车辆装载物触地拖行、掉落、遗洒或者飘散，造成公路路面损坏、污染,是,110118,
十支队-密云执法队,G45大广高速隧道K83+410金鼎湖2号隧道出京（固定）,在公路上及公路用地范围内堆放物品,是,110118,
十支队-密云执法队,G45大广高速隧道K83+410金鼎湖2号隧道出京（固定）,在公路上及公路用地范围内摆摊设点,是,110118,
十支队-密云执法队,G45大广高速隧道K83+410金鼎湖2号隧道出京（固定）,在公路范围内擅自移动井盖,否,110118,
十支队-密云执法队,G45大广高速隧道K83+410金鼎湖2号隧道出京（固定）,擅自占用、挖掘公路,是,110118,
十支队-密云执法队,G45大广高速隧道K83+410金鼎湖2号隧道出京（固定）,在公路用地范围内设置公路标志以外的其他标志,是,110118,
十支队-密云执法队,G45大广高速隧道K83+410金鼎湖2号隧道出京（固定）,遮挡公路附属设施或者利用公路附属设施架设管道、悬挂物品，可能危及公路安全,是,110118,
十支队-密云执法队,G45大广高速隧道K83+410金鼎湖2号隧道出京（固定）,车辆装载物触地拖行、掉落、遗洒或者飘散，造成公路路面损坏、污染,是,110118,
十支队-密云执法队,G45大广高速隧道K83+410金鼎湖2号隧道进京（固定）,在公路上及公路用地范围内堆放物品,是,110118,
十支队-密云执法队,G45大广高速隧道K83+410金鼎湖2号隧道进京（固定）,在公路上及公路用地范围内摆摊设点,是,110118,
十支队-密云执法队,G45大广高速隧道K83+410金鼎湖2号隧道进京（固定）,在公路范围内擅自移动井盖,否,110118,
十支队-密云执法队,G45大广高速隧道K83+410金鼎湖2号隧道进京（固定）,擅自占用、挖掘公路,是,110118,
十支队-密云执法队,G45大广高速隧道K83+410金鼎湖2号隧道进京（固定）,在公路用地范围内设置公路标志以外的其他标志,是,110118,
十支队-密云执法队,G45大广高速隧道K83+410金鼎湖2号隧道进京（固定）,遮挡公路附属设施或者利用公路附属设施架设管道、悬挂物品，可能危及公路安全,是,110118,
十支队-密云执法队,G45大广高速隧道K83+410金鼎湖2号隧道进京（固定）,车辆装载物触地拖行、掉落、遗洒或者飘散，造成公路路面损坏、污染,是,110118,
十支队-密云执法队,G45大广高速隧道K83+720金鼎湖2号隧道进京入1（固定）,在公路上及公路用地范围内堆放物品,是,110118,
十支队-密云执法队,G45大广高速隧道K83+720金鼎湖2号隧道进京入1（固定）,在公路上及公路用地范围内摆摊设点,是,110118,
十支队-密云执法队,G45大广高速隧道K83+720金鼎湖2号隧道进京入1（固定）,在公路范围内擅自移动井盖,否,110118,
十支队-密云执法队,G45大广高速隧道K83+720金鼎湖2号隧道进京入1（固定）,擅自占用、挖掘公路,是,110118,
十支队-密云执法队,G45大广高速隧道K83+720金鼎湖2号隧道进京入1（固定）,在公路用地范围内设置公路标志以外的其他标志,是,110118,
十支队-密云执法队,G45大广高速隧道K83+720金鼎湖2号隧道进京入1（固定）,遮挡公路附属设施或者利用公路附属设施架设管道、悬挂物品，可能危及公路安全,是,110118,
十支队-密云执法队,G45大广高速隧道K83+720金鼎湖2号隧道进京入1（固定）,车辆装载物触地拖行、掉落、遗洒或者飘散，造成公路路面损坏、污染,是,110118,
十支队-密云执法队,G45大广高速隧道K83+720金鼎湖2号隧道进京入2（固定）,在公路上及公路用地范围内堆放物品,是,110118,
十支队-密云执法队,G45大广高速隧道K83+720金鼎湖2号隧道进京入2（固定）,在公路上及公路用地范围内摆摊设点,是,110118,
十支队-密云执法队,G45大广高速隧道K83+720金鼎湖2号隧道进京入2（固定）,在公路范围内擅自移动井盖,否,110118,
十支队-密云执法队,G45大广高速隧道K83+720金鼎湖2号隧道进京入2（固定）,擅自占用、挖掘公路,是,110118,
十支队-密云执法队,G45大广高速隧道K83+720金鼎湖2号隧道进京入2（固定）,在公路用地范围内设置公路标志以外的其他标志,是,110118,
十支队-密云执法队,G45大广高速隧道K83+720金鼎湖2号隧道进京入2（固定）,遮挡公路附属设施或者利用公路附属设施架设管道、悬挂物品，可能危及公路安全,是,110118,
十支队-密云执法队,G45大广高速隧道K83+720金鼎湖2号隧道进京入2（固定）,车辆装载物触地拖行、掉落、遗洒或者飘散，造成公路路面损坏、污染,是,110118,
十支队-密云执法队,G45大广高速隧道K83+755金鼎湖2号隧道出京出1（固定）,在公路上及公路用地范围内堆放物品,是,110118,
十支队-密云执法队,G45大广高速隧道K83+755金鼎湖2号隧道出京出1（固定）,在公路上及公路用地范围内摆摊设点,是,110118,
十支队-密云执法队,G45大广高速隧道K83+755金鼎湖2号隧道出京出1（固定）,在公路范围内擅自移动井盖,否,110118,
十支队-密云执法队,G45大广高速隧道K83+755金鼎湖2号隧道出京出1（固定）,擅自占用、挖掘公路,是,110118,
十支队-密云执法队,G45大广高速隧道K83+755金鼎湖2号隧道出京出1（固定）,在公路用地范围内设置公路标志以外的其他标志,是,110118,
十支队-密云执法队,G45大广高速隧道K83+755金鼎湖2号隧道出京出1（固定）,遮挡公路附属设施或者利用公路附属设施架设管道、悬挂物品，可能危及公路安全,是,110118,
十支队-密云执法队,G45大广高速隧道K83+755金鼎湖2号隧道出京出1（固定）,车辆装载物触地拖行、掉落、遗洒或者飘散，造成公路路面损坏、污染,是,110118,
十支队-密云执法队,G45大广高速隧道K83+755金鼎湖2号隧道出京出2（固定）,在公路上及公路用地范围内堆放物品,是,110118,
十支队-密云执法队,G45大广高速隧道K83+755金鼎湖2号隧道出京出2（固定）,在公路上及公路用地范围内摆摊设点,是,110118,
十支队-密云执法队,G45大广高速隧道K83+755金鼎湖2号隧道出京出2（固定）,在公路范围内擅自移动井盖,否,110118,
十支队-密云执法队,G45大广高速隧道K83+755金鼎湖2号隧道出京出2（固定）,擅自占用、挖掘公路,是,110118,
十支队-密云执法队,G45大广高速隧道K83+755金鼎湖2号隧道出京出2（固定）,在公路用地范围内设置公路标志以外的其他标志,是,110118,
十支队-密云执法队,G45大广高速隧道K83+755金鼎湖2号隧道出京出2（固定）,遮挡公路附属设施或者利用公路附属设施架设管道、悬挂物品，可能危及公路安全,是,110118,
十支队-密云执法队,G45大广高速隧道K83+755金鼎湖2号隧道出京出2（固定）,车辆装载物触地拖行、掉落、遗洒或者飘散，造成公路路面损坏、污染,是,110118,
十支队-密云执法队,G45大广高速隧道K96+838苍术会隧道进京入洞（可控）,在公路上及公路用地范围内堆放物品,是,110118,
十支队-密云执法队,G45大广高速隧道K96+838苍术会隧道进京入洞（可控）,在公路上及公路用地范围内摆摊设点,是,110118,
十支队-密云执法队,G45大广高速隧道K96+838苍术会隧道进京入洞（可控）,在公路范围内擅自移动井盖,否,110118,
十支队-密云执法队,G45大广高速隧道K96+838苍术会隧道进京入洞（可控）,擅自占用、挖掘公路,是,110118,
十支队-密云执法队,G45大广高速隧道K96+838苍术会隧道进京入洞（可控）,在公路用地范围内设置公路标志以外的其他标志,是,110118,
十支队-密云执法队,G45大广高速隧道K96+838苍术会隧道进京入洞（可控）,遮挡公路附属设施或者利用公路附属设施架设管道、悬挂物品，可能危及公路安全,是,110118,
十支队-密云执法队,G45大广高速隧道K96+838苍术会隧道进京入洞（可控）,车辆装载物触地拖行、掉落、遗洒或者飘散，造成公路路面损坏、污染,是,110118,
十支队-密云执法队,G45大广高速隧道K96+849苍术会隧道出京入洞（可控）,在公路上及公路用地范围内堆放物品,是,110118,
十支队-密云执法队,G45大广高速隧道K96+849苍术会隧道出京入洞（可控）,在公路上及公路用地范围内摆摊设点,是,110118,
十支队-密云执法队,G45大广高速隧道K96+849苍术会隧道出京入洞（可控）,在公路范围内擅自移动井盖,否,110118,
十支队-密云执法队,G45大广高速隧道K96+849苍术会隧道出京入洞（可控）,擅自占用、挖掘公路,是,110118,
十支队-密云执法队,G45大广高速隧道K96+849苍术会隧道出京入洞（可控）,在公路用地范围内设置公路标志以外的其他标志,是,110118,
十支队-密云执法队,G45大广高速隧道K96+849苍术会隧道出京入洞（可控）,遮挡公路附属设施或者利用公路附属设施架设管道、悬挂物品，可能危及公路安全,是,110118,
十支队-密云执法队,G45大广高速隧道K96+849苍术会隧道出京入洞（可控）,车辆装载物触地拖行、掉落、遗洒或者飘散，造成公路路面损坏、污染,是,110118,
十支队-密云执法队,G45大广高速隧道K97+060苍术会隧道出京出洞（可控）,在公路上及公路用地范围内堆放物品,是,110118,
十支队-密云执法队,G45大广高速隧道K97+060苍术会隧道出京出洞（可控）,在公路上及公路用地范围内摆摊设点,是,110118,
十支队-密云执法队,G45大广高速隧道K97+060苍术会隧道出京出洞（可控）,在公路范围内擅自移动井盖,否,110118,
十支队-密云执法队,G45大广高速隧道K97+060苍术会隧道出京出洞（可控）,擅自占用、挖掘公路,是,110118,
十支队-密云执法队,G45大广高速隧道K97+060苍术会隧道出京出洞（可控）,在公路用地范围内设置公路标志以外的其他标志,是,110118,
十支队-密云执法队,G45大广高速隧道K97+060苍术会隧道出京出洞（可控）,遮挡公路附属设施或者利用公路附属设施架设管道、悬挂物品，可能危及公路安全,是,110118,
十支队-密云执法队,G45大广高速隧道K97+060苍术会隧道出京出洞（可控）,车辆装载物触地拖行、掉落、遗洒或者飘散，造成公路路面损坏、污染,是,110118,
十支队-密云执法队,G45大广高速隧道K97+075苍术会隧道进京出洞（可控）,在公路上及公路用地范围内堆放物品,是,110118,
十支队-密云执法队,G45大广高速隧道K97+075苍术会隧道进京出洞（可控）,在公路上及公路用地范围内摆摊设点,是,110118,
十支队-密云执法队,G45大广高速隧道K97+075苍术会隧道进京出洞（可控）,在公路范围内擅自移动井盖,否,110118,
十支队-密云执法队,G45大广高速隧道K97+075苍术会隧道进京出洞（可控）,擅自占用、挖掘公路,是,110118,
十支队-密云执法队,G45大广高速隧道K97+075苍术会隧道进京出洞（可控）,在公路用地范围内设置公路标志以外的其他标志,是,110118,
十支队-密云执法队,G45大广高速隧道K97+075苍术会隧道进京出洞（可控）,遮挡公路附属设施或者利用公路附属设施架设管道、悬挂物品，可能危及公路安全,是,110118,
十支队-密云执法队,G45大广高速隧道K97+075苍术会隧道进京出洞（可控）,车辆装载物触地拖行、掉落、遗洒或者飘散，造成公路路面损坏、污染,是,110118,
十支队-密云执法队,G45大广高速隧道K97+391西圈1号隧道出京入洞（可控）,在公路上及公路用地范围内堆放物品,是,110118,
十支队-密云执法队,G45大广高速隧道K97+391西圈1号隧道出京入洞（可控）,在公路上及公路用地范围内摆摊设点,是,110118,
十支队-密云执法队,G45大广高速隧道K97+391西圈1号隧道出京入洞（可控）,在公路范围内擅自移动井盖,否,110118,
十支队-密云执法队,G45大广高速隧道K97+391西圈1号隧道出京入洞（可控）,擅自占用、挖掘公路,是,110118,
十支队-密云执法队,G45大广高速隧道K97+391西圈1号隧道出京入洞（可控）,在公路用地范围内设置公路标志以外的其他标志,是,110118,
十支队-密云执法队,G45大广高速隧道K97+391西圈1号隧道出京入洞（可控）,遮挡公路附属设施或者利用公路附属设施架设管道、悬挂物品，可能危及公路安全,是,110118,
十支队-密云执法队,G45大广高速隧道K97+391西圈1号隧道出京入洞（可控）,车辆装载物触地拖行、掉落、遗洒或者飘散，造成公路路面损坏、污染,是,110118,
十支队-密云执法队,G45大广高速隧道K97+397西圈1号隧道进京出洞（可控）,在公路上及公路用地范围内堆放物品,是,110118,
十支队-密云执法队,G45大广高速隧道K97+397西圈1号隧道进京出洞（可控）,在公路上及公路用地范围内摆摊设点,是,110118,
十支队-密云执法队,G45大广高速隧道K97+397西圈1号隧道进京出洞（可控）,在公路范围内擅自移动井盖,否,110118,
十支队-密云执法队,G45大广高速隧道K97+397西圈1号隧道进京出洞（可控）,擅自占用、挖掘公路,是,110118,
十支队-密云执法队,G45大广高速隧道K97+397西圈1号隧道进京出洞（可控）,在公路用地范围内设置公路标志以外的其他标志,是,110118,
十支队-密云执法队,G45大广高速隧道K97+397西圈1号隧道进京出洞（可控）,遮挡公路附属设施或者利用公路附属设施架设管道、悬挂物品，可能危及公路安全,是,110118,
十支队-密云执法队,G45大广高速隧道K97+397西圈1号隧道进京出洞（可控）,车辆装载物触地拖行、掉落、遗洒或者飘散，造成公路路面损坏、污染,是,110118,
十支队-密云执法队,G45大广高速隧道K97+801西圈1号隧道出京出洞（可控）,在公路上及公路用地范围内堆放物品,是,110118,
十支队-密云执法队,G45大广高速隧道K97+801西圈1号隧道出京出洞（可控）,在公路上及公路用地范围内摆摊设点,是,110118,
十支队-密云执法队,G45大广高速隧道K97+801西圈1号隧道出京出洞（可控）,在公路范围内擅自移动井盖,否,110118,
十支队-密云执法队,G45大广高速隧道K97+801西圈1号隧道出京出洞（可控）,擅自占用、挖掘公路,是,110118,
十支队-密云执法队,G45大广高速隧道K97+801西圈1号隧道出京出洞（可控）,在公路用地范围内设置公路标志以外的其他标志,是,110118,
十支队-密云执法队,G45大广高速隧道K97+801西圈1号隧道出京出洞（可控）,遮挡公路附属设施或者利用公路附属设施架设管道、悬挂物品，可能危及公路安全,是,110118,
十支队-密云执法队,G45大广高速隧道K97+801西圈1号隧道出京出洞（可控）,车辆装载物触地拖行、掉落、遗洒或者飘散，造成公路路面损坏、污染,是,110118,
十支队-密云执法队,G45大广高速隧道K97+858西圈1号隧道进京入洞（可控）,在公路上及公路用地范围内堆放物品,是,110118,
十支队-密云执法队,G45大广高速隧道K97+858西圈1号隧道进京入洞（可控）,在公路上及公路用地范围内摆摊设点,是,110118,
十支队-密云执法队,G45大广高速隧道K97+858西圈1号隧道进京入洞（可控）,在公路范围内擅自移动井盖,否,110118,
十支队-密云执法队,G45大广高速隧道K97+858西圈1号隧道进京入洞（可控）,擅自占用、挖掘公路,是,110118,
十支队-密云执法队,G45大广高速隧道K97+858西圈1号隧道进京入洞（可控）,在公路用地范围内设置公路标志以外的其他标志,是,110118,
十支队-密云执法队,G45大广高速隧道K97+858西圈1号隧道进京入洞（可控）,遮挡公路附属设施或者利用公路附属设施架设管道、悬挂物品，可能危及公路安全,是,110118,
十支队-密云执法队,G45大广高速隧道K97+858西圈1号隧道进京入洞（可控）,车辆装载物触地拖行、掉落、遗洒或者飘散，造成公路路面损坏、污染,是,110118,
十支队-密云执法队,G45大广高速隧道K98+690西圈2号隧道进京出洞（可控）,在公路上及公路用地范围内堆放物品,是,110118,
十支队-密云执法队,G45大广高速隧道K98+690西圈2号隧道进京出洞（可控）,在公路上及公路用地范围内摆摊设点,是,110118,
十支队-密云执法队,G45大广高速隧道K98+690西圈2号隧道进京出洞（可控）,在公路范围内擅自移动井盖,否,110118,
十支队-密云执法队,G45大广高速隧道K98+690西圈2号隧道进京出洞（可控）,擅自占用、挖掘公路,是,110118,
十支队-密云执法队,G45大广高速隧道K98+690西圈2号隧道进京出洞（可控）,在公路用地范围内设置公路标志以外的其他标志,是,110118,
十支队-密云执法队,G45大广高速隧道K98+690西圈2号隧道进京出洞（可控）,遮挡公路附属设施或者利用公路附属设施架设管道、悬挂物品，可能危及公路安全,是,110118,
十支队-密云执法队,G45大广高速隧道K98+690西圈2号隧道进京出洞（可控）,车辆装载物触地拖行、掉落、遗洒或者飘散，造成公路路面损坏、污染,是,110118,
十支队-密云执法队,G45大广高速隧道K98+719西圈2号隧道出京入洞（可控）,在公路上及公路用地范围内堆放物品,是,110118,
十支队-密云执法队,G45大广高速隧道K98+719西圈2号隧道出京入洞（可控）,在公路上及公路用地范围内摆摊设点,是,110118,
十支队-密云执法队,G45大广高速隧道K98+719西圈2号隧道出京入洞（可控）,在公路范围内擅自移动井盖,否,110118,
十支队-密云执法队,G45大广高速隧道K98+719西圈2号隧道出京入洞（可控）,擅自占用、挖掘公路,是,110118,
十支队-密云执法队,G45大广高速隧道K98+719西圈2号隧道出京入洞（可控）,在公路用地范围内设置公路标志以外的其他标志,是,110118,
十支队-密云执法队,G45大广高速隧道K98+719西圈2号隧道出京入洞（可控）,遮挡公路附属设施或者利用公路附属设施架设管道、悬挂物品，可能危及公路安全,是,110118,
十支队-密云执法队,G45大广高速隧道K98+719西圈2号隧道出京入洞（可控）,车辆装载物触地拖行、掉落、遗洒或者飘散，造成公路路面损坏、污染,是,110118,
十支队-密云执法队,G45大广高速隧道K98+920西圈2号隧道出京出洞（可控）,在公路上及公路用地范围内堆放物品,是,110118,
十支队-密云执法队,G45大广高速隧道K98+920西圈2号隧道出京出洞（可控）,在公路上及公路用地范围内摆摊设点,是,110118,
十支队-密云执法队,G45大广高速隧道K98+920西圈2号隧道出京出洞（可控）,在公路范围内擅自移动井盖,否,110118,
十支队-密云执法队,G45大广高速隧道K98+920西圈2号隧道出京出洞（可控）,擅自占用、挖掘公路,是,110118,
十支队-密云执法队,G45大广高速隧道K98+920西圈2号隧道出京出洞（可控）,在公路用地范围内设置公路标志以外的其他标志,是,110118,
十支队-密云执法队,G45大广高速隧道K98+920西圈2号隧道出京出洞（可控）,遮挡公路附属设施或者利用公路附属设施架设管道、悬挂物品，可能危及公路安全,是,110118,
十支队-密云执法队,G45大广高速隧道K98+920西圈2号隧道出京出洞（可控）,车辆装载物触地拖行、掉落、遗洒或者飘散，造成公路路面损坏、污染,是,110118,
十支队-密云执法队,G45大广高速隧道K98+970西圈2号隧道进京入洞（可控）,在公路上及公路用地范围内堆放物品,是,110118,
十支队-密云执法队,G45大广高速隧道K98+970西圈2号隧道进京入洞（可控）,在公路上及公路用地范围内摆摊设点,是,110118,
十支队-密云执法队,G45大广高速隧道K98+970西圈2号隧道进京入洞（可控）,在公路范围内擅自移动井盖,否,110118,
十支队-密云执法队,G45大广高速隧道K98+970西圈2号隧道进京入洞（可控）,擅自占用、挖掘公路,是,110118,
十支队-密云执法队,G45大广高速隧道K98+970西圈2号隧道进京入洞（可控）,在公路用地范围内设置公路标志以外的其他标志,是,110118,
十支队-密云执法队,G45大广高速隧道K98+970西圈2号隧道进京入洞（可控）,遮挡公路附属设施或者利用公路附属设施架设管道、悬挂物品，可能危及公路安全,是,110118,
十支队-密云执法队,G45大广高速隧道K98+970西圈2号隧道进京入洞（可控）,车辆装载物触地拖行、掉落、遗洒或者飘散，造成公路路面损坏、污染,是,110118,
十支队-通州执法队,G509唐通线K222+800小灰店桥,在公路上及公路用地范围内堆放物品,是,110112,
十支队-通州执法队,G509唐通线K222+800小灰店桥,在公路上及公路用地范围内摆摊设点,是,110112,
十支队-通州执法队,G509唐通线K222+800小灰店桥,在公路范围内擅自移动井盖,否,110112,
十支队-通州执法队,G509唐通线K222+800小灰店桥,擅自占用、挖掘公路,是,110112,
十支队-通州执法队,G509唐通线K222+800小灰店桥,在公路用地范围内设置公路标志以外的其他标志,是,110112,
十支队-通州执法队,G509唐通线K222+800小灰店桥,遮挡公路附属设施或者利用公路附属设施架设管道、悬挂物品，可能危及公路安全,是,110112,
十支队-通州执法队,G509唐通线K222+800小灰店桥,车辆装载物触地拖行、掉落、遗洒或者飘散，造成公路路面损坏、污染,是,110112,
十支队-通州执法队,G509唐通线K225+890西集环岛东,在公路上及公路用地范围内堆放物品,是,110112,11000000001317013373
十支队-通州执法队,G509唐通线K225+890西集环岛东,在公路上及公路用地范围内摆摊设点,是,110112,11000000001317013373
十支队-通州执法队,G509唐通线K225+890西集环岛东,在公路范围内擅自移动井盖,否,110112,11000000001317013373
十支队-通州执法队,G509唐通线K225+890西集环岛东,擅自占用、挖掘公路,是,110112,11000000001317013373
十支队-通州执法队,G509唐通线K225+890西集环岛东,在公路用地范围内设置公路标志以外的其他标志,是,110112,11000000001317013373
十支队-通州执法队,G509唐通线K225+890西集环岛东,遮挡公路附属设施或者利用公路附属设施架设管道、悬挂物品，可能危及公路安全,是,110112,11000000001317013373
十支队-通州执法队,G509唐通线K225+890西集环岛东,车辆装载物触地拖行、掉落、遗洒或者飘散，造成公路路面损坏、污染,是,110112,11000000001317013373
十支队-通州执法队,G509唐通线K228+500杜柳棵 通州城区方向,在公路上及公路用地范围内堆放物品,是,110112,
十支队-通州执法队,G509唐通线K228+500杜柳棵 通州城区方向,在公路上及公路用地范围内摆摊设点,是,110112,
十支队-通州执法队,G509唐通线K228+500杜柳棵 通州城区方向,在公路范围内擅自移动井盖,否,110112,
十支队-通州执法队,G509唐通线K228+500杜柳棵 通州城区方向,擅自占用、挖掘公路,是,110112,
十支队-通州执法队,G509唐通线K228+500杜柳棵 通州城区方向,在公路用地范围内设置公路标志以外的其他标志,是,110112,
十支队-通州执法队,G509唐通线K228+500杜柳棵 通州城区方向,遮挡公路附属设施或者利用公路附属设施架设管道、悬挂物品，可能危及公路安全,是,110112,
十支队-通州执法队,G509唐通线K228+500杜柳棵 通州城区方向,车辆装载物触地拖行、掉落、遗洒或者飘散，造成公路路面损坏、污染,是,110112,
十支队-通州执法队,G509唐通线K228+600杜柳棵 02,在公路上及公路用地范围内堆放物品,是,110112,
十支队-通州执法队,G509唐通线K228+600杜柳棵 02,在公路上及公路用地范围内摆摊设点,是,110112,
十支队-通州执法队,G509唐通线K228+600杜柳棵 02,在公路范围内擅自移动井盖,否,110112,
十支队-通州执法队,G509唐通线K228+600杜柳棵 02,擅自占用、挖掘公路,是,110112,
十支队-通州执法队,G509唐通线K228+600杜柳棵 02,在公路用地范围内设置公路标志以外的其他标志,是,110112,
十支队-通州执法队,G509唐通线K228+600杜柳棵 02,遮挡公路附属设施或者利用公路附属设施架设管道、悬挂物品，可能危及公路安全,是,110112,
十支队-通州执法队,G509唐通线K228+600杜柳棵 02,车辆装载物触地拖行、掉落、遗洒或者飘散，造成公路路面损坏、污染,是,110112,
十支队-通州执法队,G509唐通线K234+240北运河桥,在公路上及公路用地范围内堆放物品,是,110112,11000000001313774709
十支队-通州执法队,G509唐通线K234+240北运河桥,在公路上及公路用地范围内摆摊设点,是,110112,11000000001313774709
十支队-通州执法队,G509唐通线K234+240北运河桥,在公路范围内擅自移动井盖,否,110112,11000000001313774709
十支队-通州执法队,G509唐通线K234+240北运河桥,擅自占用、挖掘公路,是,110112,11000000001313774709
十支队-通州执法队,G509唐通线K234+240北运河桥,在公路用地范围内设置公路标志以外的其他标志,是,110112,11000000001313774709
十支队-通州执法队,G509唐通线K234+240北运河桥,遮挡公路附属设施或者利用公路附属设施架设管道、悬挂物品，可能危及公路安全,是,110112,11000000001313774709
十支队-通州执法队,G509唐通线K234+240北运河桥,车辆装载物触地拖行、掉落、遗洒或者飘散，造成公路路面损坏、污染,是,110112,11000000001313774709
十支队-通州执法队,K1+000(上行-十八里店桥南),在公路上及公路用地范围内堆放物品,是,110112,
十支队-通州执法队,K1+000(上行-十八里店桥南),在公路上及公路用地范围内摆摊设点,是,110112,
十支队-通州执法队,K1+000(上行-十八里店桥南),在公路范围内擅自移动井盖,否,110112,
十支队-通州执法队,K1+000(上行-十八里店桥南),擅自占用、挖掘公路,是,110112,
十支队-通州执法队,K1+000(上行-十八里店桥南),在公路用地范围内设置公路标志以外的其他标志,是,110112,
十支队-通州执法队,K1+000(上行-十八里店桥南),遮挡公路附属设施或者利用公路附属设施架设管道、悬挂物品，可能危及公路安全,是,110112,
十支队-通州执法队,K1+000(上行-十八里店桥南),车辆装载物触地拖行、掉落、遗洒或者飘散，造成公路路面损坏、污染,是,110112,
十支队-通州执法队,K2+000(上行+十八里店桥南),在公路上及公路用地范围内堆放物品,是,110112,
十支队-通州执法队,K2+000(上行+十八里店桥南),在公路上及公路用地范围内摆摊设点,是,110112,
十支队-通州执法队,K2+000(上行+十八里店桥南),在公路范围内擅自移动井盖,否,110112,
十支队-通州执法队,K2+000(上行+十八里店桥南),擅自占用、挖掘公路,是,110112,
十支队-通州执法队,K2+000(上行+十八里店桥南),在公路用地范围内设置公路标志以外的其他标志,是,110112,
十支队-通州执法队,K2+000(上行+十八里店桥南),遮挡公路附属设施或者利用公路附属设施架设管道、悬挂物品，可能危及公路安全,是,110112,
十支队-通州执法队,K2+000(上行+十八里店桥南),车辆装载物触地拖行、掉落、遗洒或者飘散，造成公路路面损坏、污染,是,110112,
十支队-通州执法队,K3+000(上行-大羊坊桥北),在公路上及公路用地范围内堆放物品,是,110112,
十支队-通州执法队,K3+000(上行-大羊坊桥北),在公路上及公路用地范围内摆摊设点,是,110112,
十支队-通州执法队,K3+000(上行-大羊坊桥北),在公路范围内擅自移动井盖,否,110112,
十支队-通州执法队,K3+000(上行-大羊坊桥北),擅自占用、挖掘公路,是,110112,
十支队-通州执法队,K3+000(上行-大羊坊桥北),在公路用地范围内设置公路标志以外的其他标志,是,110112,
十支队-通州执法队,K3+000(上行-大羊坊桥北),遮挡公路附属设施或者利用公路附属设施架设管道、悬挂物品，可能危及公路安全,是,110112,
十支队-通州执法队,K3+000(上行-大羊坊桥北),车辆装载物触地拖行、掉落、遗洒或者飘散，造成公路路面损坏、污染,是,110112,
十支队-通州执法队,K4+000(上行-大羊坊桥南),在公路上及公路用地范围内堆放物品,是,110112,
十支队-通州执法队,K4+000(上行-大羊坊桥南),在公路上及公路用地范围内摆摊设点,是,110112,
十支队-通州执法队,K4+000(上行-大羊坊桥南),在公路范围内擅自移动井盖,否,110112,
十支队-通州执法队,K4+000(上行-大羊坊桥南),擅自占用、挖掘公路,是,110112,
十支队-通州执法队,K4+000(上行-大羊坊桥南),在公路用地范围内设置公路标志以外的其他标志,是,110112,
十支队-通州执法队,K4+000(上行-大羊坊桥南),遮挡公路附属设施或者利用公路附属设施架设管道、悬挂物品，可能危及公路安全,是,110112,
十支队-通州执法队,K4+000(上行-大羊坊桥南),车辆装载物触地拖行、掉落、遗洒或者飘散，造成公路路面损坏、污染,是,110112,
十支队-通州执法队,K5+000(上行-大羊坊收费站南),在公路上及公路用地范围内堆放物品,是,110112,
十支队-通州执法队,K5+000(上行-大羊坊收费站南),在公路上及公路用地范围内摆摊设点,是,110112,
十支队-通州执法队,K5+000(上行-大羊坊收费站南),在公路范围内擅自移动井盖,否,110112,
十支队-通州执法队,K5+000(上行-大羊坊收费站南),擅自占用、挖掘公路,是,110112,
十支队-通州执法队,K5+000(上行-大羊坊收费站南),在公路用地范围内设置公路标志以外的其他标志,是,110112,
十支队-通州执法队,K5+000(上行-大羊坊收费站南),遮挡公路附属设施或者利用公路附属设施架设管道、悬挂物品，可能危及公路安全,是,110112,
十支队-通州执法队,K5+000(上行-大羊坊收费站南),车辆装载物触地拖行、掉落、遗洒或者飘散，造成公路路面损坏、污染,是,110112,
十支队-顺义执法队,S12机场高速K0+500三元桥出京,在公路上及公路用地范围内堆放物品,是,110113,
十支队-顺义执法队,S12机场高速K0+500三元桥出京,在公路上及公路用地范围内摆摊设点,是,110113,
十支队-顺义执法队,S12机场高速K0+500三元桥出京,在公路范围内擅自移动井盖,否,110113,
十支队-顺义执法队,S12机场高速K0+500三元桥出京,擅自占用、挖掘公路,是,110113,
十支队-顺义执法队,S12机场高速K0+500三元桥出京,在公路用地范围内设置公路标志以外的其他标志,是,110113,
十支队-顺义执法队,S12机场高速K0+500三元桥出京,遮挡公路附属设施或者利用公路附属设施架设管道、悬挂物品，可能危及公路安全,是,110113,
十支队-顺义执法队,S12机场高速K0+500三元桥出京,车辆装载物触地拖行、掉落、遗洒或者飘散，造成公路路面损坏、污染,是,110113,
十支队-顺义执法队,S12机场高速K1+500四元桥出京,在公路上及公路用地范围内堆放物品,是,110113,
十支队-顺义执法队,S12机场高速K1+500四元桥出京,在公路上及公路用地范围内摆摊设点,是,110113,
十支队-顺义执法队,S12机场高速K1+500四元桥出京,在公路范围内擅自移动井盖,否,110113,
十支队-顺义执法队,S12机场高速K1+500四元桥出京,擅自占用、挖掘公路,是,110113,
十支队-顺义执法队,S12机场高速K1+500四元桥出京,在公路用地范围内设置公路标志以外的其他标志,是,110113,
十支队-顺义执法队,S12机场高速K1+500四元桥出京,遮挡公路附属设施或者利用公路附属设施架设管道、悬挂物品，可能危及公路安全,是,110113,
十支队-顺义执法队,S12机场高速K1+500四元桥出京,车辆装载物触地拖行、掉落、遗洒或者飘散，造成公路路面损坏、污染,是,110113,
十支队-顺义执法队,S12机场高速K1+900四元桥防汛,在公路上及公路用地范围内堆放物品,是,110113,
十支队-顺义执法队,S12机场高速K1+900四元桥防汛,在公路上及公路用地范围内摆摊设点,是,110113,
十支队-顺义执法队,S12机场高速K1+900四元桥防汛,在公路范围内擅自移动井盖,否,110113,
十支队-顺义执法队,S12机场高速K1+900四元桥防汛,擅自占用、挖掘公路,是,110113,
十支队-顺义执法队,S12机场高速K1+900四元桥防汛,在公路用地范围内设置公路标志以外的其他标志,是,110113,
十支队-顺义执法队,S12机场高速K1+900四元桥防汛,遮挡公路附属设施或者利用公路附属设施架设管道、悬挂物品，可能危及公路安全,是,110113,
十支队-顺义执法队,S12机场高速K1+900四元桥防汛,车辆装载物触地拖行、掉落、遗洒或者飘散，造成公路路面损坏、污染,是,110113,
十支队-顺义执法队,S12机场高速K11+300苇沟收费站进京出口外广场,在公路上及公路用地范围内堆放物品,是,110113,
十支队-顺义执法队,S12机场高速K11+300苇沟收费站进京出口外广场,在公路上及公路用地范围内摆摊设点,是,110113,
十支队-顺义执法队,S12机场高速K11+300苇沟收费站进京出口外广场,在公路范围内擅自移动井盖,否,110113,
十支队-顺义执法队,S12机场高速K11+300苇沟收费站进京出口外广场,擅自占用、挖掘公路,是,110113,
十支队-顺义执法队,S12机场高速K11+300苇沟收费站进京出口外广场,在公路用地范围内设置公路标志以外的其他标志,是,110113,
十支队-顺义执法队,S12机场高速K11+300苇沟收费站进京出口外广场,遮挡公路附属设施或者利用公路附属设施架设管道、悬挂物品，可能危及公路安全,是,110113,
十支队-顺义执法队,S12机场高速K11+300苇沟收费站进京出口外广场,车辆装载物触地拖行、掉落、遗洒或者飘散，造成公路路面损坏、污染,是,110113,
十支队-顺义执法队,S12机场高速K11+450苇沟收费站出京出口外广场,在公路上及公路用地范围内堆放物品,是,110113,
十支队-顺义执法队,S12机场高速K11+450苇沟收费站出京出口外广场,在公路上及公路用地范围内摆摊设点,是,110113,
十支队-顺义执法队,S12机场高速K11+450苇沟收费站出京出口外广场,在公路范围内擅自移动井盖,否,110113,
十支队-顺义执法队,S12机场高速K11+450苇沟收费站出京出口外广场,擅自占用、挖掘公路,是,110113,
十支队-顺义执法队,S12机场高速K11+450苇沟收费站出京出口外广场,在公路用地范围内设置公路标志以外的其他标志,是,110113,
十支队-顺义执法队,S12机场高速K11+450苇沟收费站出京出口外广场,遮挡公路附属设施或者利用公路附属设施架设管道、悬挂物品，可能危及公路安全,是,110113,
十支队-顺义执法队,S12机场高速K11+450苇沟收费站出京出口外广场,车辆装载物触地拖行、掉落、遗洒或者飘散，造成公路路面损坏、污染,是,110113,
十支队-顺义执法队,S12机场高速K11+490苇沟进京,在公路上及公路用地范围内堆放物品,是,110113,
十支队-顺义执法队,S12机场高速K11+490苇沟进京,在公路上及公路用地范围内摆摊设点,是,110113,
十支队-顺义执法队,S12机场高速K11+490苇沟进京,在公路范围内擅自移动井盖,否,110113,
十支队-顺义执法队,S12机场高速K11+490苇沟进京,擅自占用、挖掘公路,是,110113,
十支队-顺义执法队,S12机场高速K11+490苇沟进京,在公路用地范围内设置公路标志以外的其他标志,是,110113,
十支队-顺义执法队,S12机场高速K11+490苇沟进京,遮挡公路附属设施或者利用公路附属设施架设管道、悬挂物品，可能危及公路安全,是,110113,
十支队-顺义执法队,S12机场高速K11+490苇沟进京,车辆装载物触地拖行、掉落、遗洒或者飘散，造成公路路面损坏、污染,是,110113,
十支队-顺义执法队,S12机场高速K12+500温渝桥出京,在公路上及公路用地范围内堆放物品,是,110113,
十支队-顺义执法队,S12机场高速K12+500温渝桥出京,在公路上及公路用地范围内摆摊设点,是,110113,
十支队-顺义执法队,S12机场高速K12+500温渝桥出京,在公路范围内擅自移动井盖,否,110113,
十支队-顺义执法队,S12机场高速K12+500温渝桥出京,擅自占用、挖掘公路,是,110113,
十支队-顺义执法队,S12机场高速K12+500温渝桥出京,在公路用地范围内设置公路标志以外的其他标志,是,110113,
十支队-顺义执法队,S12机场高速K12+500温渝桥出京,遮挡公路附属设施或者利用公路附属设施架设管道、悬挂物品，可能危及公路安全,是,110113,
十支队-顺义执法队,S12机场高速K12+500温渝桥出京,车辆装载物触地拖行、掉落、遗洒或者飘散，造成公路路面损坏、污染,是,110113,
十支队-顺义执法队,S12机场高速K13+800机场南线出京,在公路上及公路用地范围内堆放物品,是,110113,
十支队-顺义执法队,S12机场高速K13+800机场南线出京,在公路上及公路用地范围内摆摊设点,是,110113,
十支队-顺义执法队,S12机场高速K13+800机场南线出京,在公路范围内擅自移动井盖,否,110113,
十支队-顺义执法队,S12机场高速K13+800机场南线出京,擅自占用、挖掘公路,是,110113,
十支队-顺义执法队,S12机场高速K13+800机场南线出京,在公路用地范围内设置公路标志以外的其他标志,是,110113,
十支队-顺义执法队,S12机场高速K13+800机场南线出京,遮挡公路附属设施或者利用公路附属设施架设管道、悬挂物品，可能危及公路安全,是,110113,
十支队-顺义执法队,S12机场高速K13+800机场南线出京,车辆装载物触地拖行、掉落、遗洒或者飘散，造成公路路面损坏、污染,是,110113,
十支队-顺义执法队,S12机场高速K14+600杨林收费站出口内广场,在公路上及公路用地范围内堆放物品,是,110113,
十支队-顺义执法队,S12机场高速K14+600杨林收费站出口内广场,在公路上及公路用地范围内摆摊设点,是,110113,
十支队-顺义执法队,S12机场高速K14+600杨林收费站出口内广场,在公路范围内擅自移动井盖,否,110113,
十支队-顺义执法队,S12机场高速K14+600杨林收费站出口内广场,擅自占用、挖掘公路,是,110113,
十支队-顺义执法队,S12机场高速K14+600杨林收费站出口内广场,在公路用地范围内设置公路标志以外的其他标志,是,110113,
十支队-顺义执法队,S12机场高速K14+600杨林收费站出口内广场,遮挡公路附属设施或者利用公路附属设施架设管道、悬挂物品，可能危及公路安全,是,110113,
十支队-顺义执法队,S12机场高速K14+600杨林收费站出口内广场,车辆装载物触地拖行、掉落、遗洒或者飘散，造成公路路面损坏、污染,是,110113,
十支队-顺义执法队,S12机场高速K14+900杨林出口,在公路上及公路用地范围内堆放物品,是,110113,
十支队-顺义执法队,S12机场高速K14+900杨林出口,在公路上及公路用地范围内摆摊设点,是,110113,
十支队-顺义执法队,S12机场高速K14+900杨林出口,在公路范围内擅自移动井盖,否,110113,
十支队-顺义执法队,S12机场高速K14+900杨林出口,擅自占用、挖掘公路,是,110113,
十支队-顺义执法队,S12机场高速K14+900杨林出口,在公路用地范围内设置公路标志以外的其他标志,是,110113,
十支队-顺义执法队,S12机场高速K14+900杨林出口,遮挡公路附属设施或者利用公路附属设施架设管道、悬挂物品，可能危及公路安全,是,110113,
十支队-顺义执法队,S12机场高速K14+900杨林出口,车辆装载物触地拖行、掉落、遗洒或者飘散，造成公路路面损坏、污染,是,110113,
十支队-顺义执法队,S12机场高速K15+860迎宾桥出京,在公路上及公路用地范围内堆放物品,是,110113,
十支队-顺义执法队,S12机场高速K15+860迎宾桥出京,在公路上及公路用地范围内摆摊设点,是,110113,
十支队-顺义执法队,S12机场高速K15+860迎宾桥出京,在公路范围内擅自移动井盖,否,110113,
十支队-顺义执法队,S12机场高速K15+860迎宾桥出京,擅自占用、挖掘公路,是,110113,
十支队-顺义执法队,S12机场高速K15+860迎宾桥出京,在公路用地范围内设置公路标志以外的其他标志,是,110113,
十支队-顺义执法队,S12机场高速K15+860迎宾桥出京,遮挡公路附属设施或者利用公路附属设施架设管道、悬挂物品，可能危及公路安全,是,110113,
十支队-顺义执法队,S12机场高速K15+860迎宾桥出京,车辆装载物触地拖行、掉落、遗洒或者飘散，造成公路路面损坏、污染,是,110113,
十支队-顺义执法队,S12机场高速K16+200迎宾桥出京,在公路上及公路用地范围内堆放物品,是,110113,
十支队-顺义执法队,S12机场高速K16+200迎宾桥出京,在公路上及公路用地范围内摆摊设点,是,110113,
十支队-顺义执法队,S12机场高速K16+200迎宾桥出京,在公路范围内擅自移动井盖,否,110113,
十支队-顺义执法队,S12机场高速K16+200迎宾桥出京,擅自占用、挖掘公路,是,110113,
十支队-顺义执法队,S12机场高速K16+200迎宾桥出京,在公路用地范围内设置公路标志以外的其他标志,是,110113,
十支队-顺义执法队,S12机场高速K16+200迎宾桥出京,遮挡公路附属设施或者利用公路附属设施架设管道、悬挂物品，可能危及公路安全,是,110113,
十支队-顺义执法队,S12机场高速K16+200迎宾桥出京,车辆装载物触地拖行、掉落、遗洒或者飘散，造成公路路面损坏、污染,是,110113,
十支队-顺义执法队,S12机场高速K16+530华谊桥出京,在公路上及公路用地范围内堆放物品,是,110113,
十支队-顺义执法队,S12机场高速K16+530华谊桥出京,在公路上及公路用地范围内摆摊设点,是,110113,
十支队-顺义执法队,S12机场高速K16+530华谊桥出京,在公路范围内擅自移动井盖,否,110113,
十支队-顺义执法队,S12机场高速K16+530华谊桥出京,擅自占用、挖掘公路,是,110113,
十支队-顺义执法队,S12机场高速K16+530华谊桥出京,在公路用地范围内设置公路标志以外的其他标志,是,110113,
十支队-顺义执法队,S12机场高速K16+530华谊桥出京,遮挡公路附属设施或者利用公路附属设施架设管道、悬挂物品，可能危及公路安全,是,110113,
十支队-顺义执法队,S12机场高速K16+530华谊桥出京,车辆装载物触地拖行、掉落、遗洒或者飘散，造成公路路面损坏、污染,是,110113,
十支队-顺义执法队,S12机场高速K18+050滑行东桥进京,在公路上及公路用地范围内堆放物品,是,110113,
十支队-顺义执法队,S12机场高速K18+050滑行东桥进京,在公路上及公路用地范围内摆摊设点,是,110113,
十支队-顺义执法队,S12机场高速K18+050滑行东桥进京,在公路范围内擅自移动井盖,否,110113,
十支队-顺义执法队,S12机场高速K18+050滑行东桥进京,擅自占用、挖掘公路,是,110113,
十支队-顺义执法队,S12机场高速K18+050滑行东桥进京,在公路用地范围内设置公路标志以外的其他标志,是,110113,
十支队-顺义执法队,S12机场高速K18+050滑行东桥进京,遮挡公路附属设施或者利用公路附属设施架设管道、悬挂物品，可能危及公路安全,是,110113,
十支队-顺义执法队,S12机场高速K18+050滑行东桥进京,车辆装载物触地拖行、掉落、遗洒或者飘散，造成公路路面损坏、污染,是,110113,
十支队-顺义执法队,S12机场高速K18+677航空桥出京,在公路上及公路用地范围内堆放物品,是,110113,
十支队-顺义执法队,S12机场高速K18+677航空桥出京,在公路上及公路用地范围内摆摊设点,是,110113,
十支队-顺义执法队,S12机场高速K18+677航空桥出京,在公路范围内擅自移动井盖,否,110113,
十支队-顺义执法队,S12机场高速K18+677航空桥出京,擅自占用、挖掘公路,是,110113,
十支队-顺义执法队,S12机场高速K18+677航空桥出京,在公路用地范围内设置公路标志以外的其他标志,是,110113,
十支队-顺义执法队,S12机场高速K18+677航空桥出京,遮挡公路附属设施或者利用公路附属设施架设管道、悬挂物品，可能危及公路安全,是,110113,
十支队-顺义执法队,S12机场高速K18+677航空桥出京,车辆装载物触地拖行、掉落、遗洒或者飘散，造成公路路面损坏、污染,是,110113,
十支队-顺义执法队,S12机场高速K2+005四元桥进京,在公路上及公路用地范围内堆放物品,是,110113,
十支队-顺义执法队,S12机场高速K2+005四元桥进京,在公路上及公路用地范围内摆摊设点,是,110113,
十支队-顺义执法队,S12机场高速K2+005四元桥进京,在公路范围内擅自移动井盖,否,110113,
十支队-顺义执法队,S12机场高速K2+005四元桥进京,擅自占用、挖掘公路,是,110113,
十支队-顺义执法队,S12机场高速K2+005四元桥进京,在公路用地范围内设置公路标志以外的其他标志,是,110113,
十支队-顺义执法队,S12机场高速K2+005四元桥进京,遮挡公路附属设施或者利用公路附属设施架设管道、悬挂物品，可能危及公路安全,是,110113,
十支队-顺义执法队,S12机场高速K2+005四元桥进京,车辆装载物触地拖行、掉落、遗洒或者飘散，造成公路路面损坏、污染,是,110113,
十支队-顺义执法队,S12机场高速K2+100四元桥防汛,在公路上及公路用地范围内堆放物品,是,110113,
十支队-顺义执法队,S12机场高速K2+100四元桥防汛,在公路上及公路用地范围内摆摊设点,是,110113,
十支队-顺义执法队,S12机场高速K2+100四元桥防汛,在公路范围内擅自移动井盖,否,110113,
十支队-顺义执法队,S12机场高速K2+100四元桥防汛,擅自占用、挖掘公路,是,110113,
十支队-顺义执法队,S12机场高速K2+100四元桥防汛,在公路用地范围内设置公路标志以外的其他标志,是,110113,
十支队-顺义执法队,S12机场高速K2+100四元桥防汛,遮挡公路附属设施或者利用公路附属设施架设管道、悬挂物品，可能危及公路安全,是,110113,
十支队-顺义执法队,S12机场高速K2+100四元桥防汛,车辆装载物触地拖行、掉落、遗洒或者飘散，造成公路路面损坏、污染,是,110113,
十支队-顺义执法队,S12机场高速K2+396四元桥进京,在公路上及公路用地范围内堆放物品,是,110113,
十支队-顺义执法队,S12机场高速K2+396四元桥进京,在公路上及公路用地范围内摆摊设点,是,110113,
十支队-顺义执法队,S12机场高速K2+396四元桥进京,在公路范围内擅自移动井盖,否,110113,
十支队-顺义执法队,S12机场高速K2+396四元桥进京,擅自占用、挖掘公路,是,110113,
十支队-顺义执法队,S12机场高速K2+396四元桥进京,在公路用地范围内设置公路标志以外的其他标志,是,110113,
十支队-顺义执法队,S12机场高速K2+396四元桥进京,遮挡公路附属设施或者利用公路附属设施架设管道、悬挂物品，可能危及公路安全,是,110113,
十支队-顺义执法队,S12机场高速K2+396四元桥进京,车辆装载物触地拖行、掉落、遗洒或者飘散，造成公路路面损坏、污染,是,110113,
十支队-顺义执法队,S12机场高速K3+500将台桥出京,在公路上及公路用地范围内堆放物品,是,110113,
十支队-顺义执法队,S12机场高速K3+500将台桥出京,在公路上及公路用地范围内摆摊设点,是,110113,
十支队-顺义执法队,S12机场高速K3+500将台桥出京,在公路范围内擅自移动井盖,否,110113,
十支队-顺义执法队,S12机场高速K3+500将台桥出京,擅自占用、挖掘公路,是,110113,
十支队-顺义执法队,S12机场高速K3+500将台桥出京,在公路用地范围内设置公路标志以外的其他标志,是,110113,
十支队-顺义执法队,S12机场高速K3+500将台桥出京,遮挡公路附属设施或者利用公路附属设施架设管道、悬挂物品，可能危及公路安全,是,110113,
十支队-顺义执法队,S12机场高速K3+500将台桥出京,车辆装载物触地拖行、掉落、遗洒或者飘散，造成公路路面损坏、污染,是,110113,
十支队-顺义执法队,S12机场高速K4+700大山子桥出京,在公路上及公路用地范围内堆放物品,是,110113,
十支队-顺义执法队,S12机场高速K4+700大山子桥出京,在公路上及公路用地范围内摆摊设点,是,110113,
十支队-顺义执法队,S12机场高速K4+700大山子桥出京,在公路范围内擅自移动井盖,否,110113,
十支队-顺义执法队,S12机场高速K4+700大山子桥出京,擅自占用、挖掘公路,是,110113,
十支队-顺义执法队,S12机场高速K4+700大山子桥出京,在公路用地范围内设置公路标志以外的其他标志,是,110113,
十支队-顺义执法队,S12机场高速K4+700大山子桥出京,遮挡公路附属设施或者利用公路附属设施架设管道、悬挂物品，可能危及公路安全,是,110113,
十支队-顺义执法队,S12机场高速K4+700大山子桥出京,车辆装载物触地拖行、掉落、遗洒或者飘散，造成公路路面损坏、污染,是,110113,
十支队-顺义执法队,S12机场高速K5+256大山子进京,在公路上及公路用地范围内堆放物品,是,110113,
十支队-顺义执法队,S12机场高速K5+256大山子进京,在公路上及公路用地范围内摆摊设点,是,110113,
十支队-顺义执法队,S12机场高速K5+256大山子进京,在公路范围内擅自移动井盖,否,110113,
十支队-顺义执法队,S12机场高速K5+256大山子进京,擅自占用、挖掘公路,是,110113,
十支队-顺义执法队,S12机场高速K5+256大山子进京,在公路用地范围内设置公路标志以外的其他标志,是,110113,
十支队-顺义执法队,S12机场高速K5+256大山子进京,遮挡公路附属设施或者利用公路附属设施架设管道、悬挂物品，可能危及公路安全,是,110113,
十支队-顺义执法队,S12机场高速K5+256大山子进京,车辆装载物触地拖行、掉落、遗洒或者飘散，造成公路路面损坏、污染,是,110113,
十支队-顺义执法队,S12机场高速K5+750五元桥出京,在公路上及公路用地范围内堆放物品,是,110113,
十支队-顺义执法队,S12机场高速K5+750五元桥出京,在公路上及公路用地范围内摆摊设点,是,110113,
十支队-顺义执法队,S12机场高速K5+750五元桥出京,在公路范围内擅自移动井盖,否,110113,
十支队-顺义执法队,S12机场高速K5+750五元桥出京,擅自占用、挖掘公路,是,110113,
十支队-顺义执法队,S12机场高速K5+750五元桥出京,在公路用地范围内设置公路标志以外的其他标志,是,110113,
十支队-顺义执法队,S12机场高速K5+750五元桥出京,遮挡公路附属设施或者利用公路附属设施架设管道、悬挂物品，可能危及公路安全,是,110113,
十支队-顺义执法队,S12机场高速K5+750五元桥出京,车辆装载物触地拖行、掉落、遗洒或者飘散，造成公路路面损坏、污染,是,110113,
十支队-顺义执法队,S12机场高速K6+320五元桥出京,在公路上及公路用地范围内堆放物品,是,110113,
十支队-顺义执法队,S12机场高速K6+320五元桥出京,在公路上及公路用地范围内摆摊设点,是,110113,
十支队-顺义执法队,S12机场高速K6+320五元桥出京,在公路范围内擅自移动井盖,否,110113,
十支队-顺义执法队,S12机场高速K6+320五元桥出京,擅自占用、挖掘公路,是,110113,
十支队-顺义执法队,S12机场高速K6+320五元桥出京,在公路用地范围内设置公路标志以外的其他标志,是,110113,
十支队-顺义执法队,S12机场高速K6+320五元桥出京,遮挡公路附属设施或者利用公路附属设施架设管道、悬挂物品，可能危及公路安全,是,110113,
十支队-顺义执法队,S12机场高速K6+320五元桥出京,车辆装载物触地拖行、掉落、遗洒或者飘散，造成公路路面损坏、污染,是,110113,
十支队-顺义执法队,S12机场高速K7+000五元桥进京,在公路上及公路用地范围内堆放物品,是,110113,
十支队-顺义执法队,S12机场高速K7+000五元桥进京,在公路上及公路用地范围内摆摊设点,是,110113,
十支队-顺义执法队,S12机场高速K7+000五元桥进京,在公路范围内擅自移动井盖,否,110113,
十支队-顺义执法队,S12机场高速K7+000五元桥进京,擅自占用、挖掘公路,是,110113,
十支队-顺义执法队,S12机场高速K7+000五元桥进京,在公路用地范围内设置公路标志以外的其他标志,是,110113,
十支队-顺义执法队,S12机场高速K7+000五元桥进京,遮挡公路附属设施或者利用公路附属设施架设管道、悬挂物品，可能危及公路安全,是,110113,
十支队-顺义执法队,S12机场高速K7+000五元桥进京,车辆装载物触地拖行、掉落、遗洒或者飘散，造成公路路面损坏、污染,是,110113,
十支队-顺义执法队,S12机场高速K7+500北小河桥进京,在公路上及公路用地范围内堆放物品,是,110113,
十支队-顺义执法队,S12机场高速K7+500北小河桥进京,在公路上及公路用地范围内摆摊设点,是,110113,
十支队-顺义执法队,S12机场高速K7+500北小河桥进京,在公路范围内擅自移动井盖,否,110113,
十支队-顺义执法队,S12机场高速K7+500北小河桥进京,擅自占用、挖掘公路,是,110113,
十支队-顺义执法队,S12机场高速K7+500北小河桥进京,在公路用地范围内设置公路标志以外的其他标志,是,110113,
十支队-顺义执法队,S12机场高速K7+500北小河桥进京,遮挡公路附属设施或者利用公路附属设施架设管道、悬挂物品，可能危及公路安全,是,110113,
十支队-顺义执法队,S12机场高速K7+500北小河桥进京,车辆装载物触地拖行、掉落、遗洒或者飘散，造成公路路面损坏、污染,是,110113,
十支队-顺义执法队,S12机场高速K8+590北皋桥进京,在公路上及公路用地范围内堆放物品,是,110113,
十支队-顺义执法队,S12机场高速K8+590北皋桥进京,在公路上及公路用地范围内摆摊设点,是,110113,
十支队-顺义执法队,S12机场高速K8+590北皋桥进京,在公路范围内擅自移动井盖,否,110113,
十支队-顺义执法队,S12机场高速K8+590北皋桥进京,擅自占用、挖掘公路,是,110113,
十支队-顺义执法队,S12机场高速K8+590北皋桥进京,在公路用地范围内设置公路标志以外的其他标志,是,110113,
十支队-顺义执法队,S12机场高速K8+590北皋桥进京,遮挡公路附属设施或者利用公路附属设施架设管道、悬挂物品，可能危及公路安全,是,110113,
十支队-顺义执法队,S12机场高速K8+590北皋桥进京,车辆装载物触地拖行、掉落、遗洒或者飘散，造成公路路面损坏、污染,是,110113,
十支队-顺义执法队,S12机场高速K8+650北皋收费站进京出口内广场,在公路上及公路用地范围内堆放物品,是,110113,
十支队-顺义执法队,S12机场高速K8+650北皋收费站进京出口内广场,在公路上及公路用地范围内摆摊设点,是,110113,
十支队-顺义执法队,S12机场高速K8+650北皋收费站进京出口内广场,在公路范围内擅自移动井盖,否,110113,
十支队-顺义执法队,S12机场高速K8+650北皋收费站进京出口内广场,擅自占用、挖掘公路,是,110113,
十支队-顺义执法队,S12机场高速K8+650北皋收费站进京出口内广场,在公路用地范围内设置公路标志以外的其他标志,是,110113,
十支队-顺义执法队,S12机场高速K8+650北皋收费站进京出口内广场,遮挡公路附属设施或者利用公路附属设施架设管道、悬挂物品，可能危及公路安全,是,110113,
十支队-顺义执法队,S12机场高速K8+650北皋收费站进京出口内广场,车辆装载物触地拖行、掉落、遗洒或者飘散，造成公路路面损坏、污染,是,110113,
十支队-顺义执法队,S12机场高速K8+750北皋收费站出京出口外广场,在公路上及公路用地范围内堆放物品,是,110113,
十支队-顺义执法队,S12机场高速K8+750北皋收费站出京出口外广场,在公路上及公路用地范围内摆摊设点,是,110113,
十支队-顺义执法队,S12机场高速K8+750北皋收费站出京出口外广场,在公路范围内擅自移动井盖,否,110113,
十支队-顺义执法队,S12机场高速K8+750北皋收费站出京出口外广场,擅自占用、挖掘公路,是,110113,
十支队-顺义执法队,S12机场高速K8+750北皋收费站出京出口外广场,在公路用地范围内设置公路标志以外的其他标志,是,110113,
十支队-顺义执法队,S12机场高速K8+750北皋收费站出京出口外广场,遮挡公路附属设施或者利用公路附属设施架设管道、悬挂物品，可能危及公路安全,是,110113,
十支队-顺义执法队,S12机场高速K8+750北皋收费站出京出口外广场,车辆装载物触地拖行、掉落、遗洒或者飘散，造成公路路面损坏、污染,是,110113,
十支队-顺义执法队,S12机场高速K9+680北皋出京,在公路上及公路用地范围内堆放物品,是,110113,
十支队-顺义执法队,S12机场高速K9+680北皋出京,在公路上及公路用地范围内摆摊设点,是,110113,
十支队-顺义执法队,S12机场高速K9+680北皋出京,在公路范围内擅自移动井盖,否,110113,
十支队-顺义执法队,S12机场高速K9+680北皋出京,擅自占用、挖掘公路,是,110113,
十支队-顺义执法队,S12机场高速K9+680北皋出京,在公路用地范围内设置公路标志以外的其他标志,是,110113,
十支队-顺义执法队,S12机场高速K9+680北皋出京,遮挡公路附属设施或者利用公路附属设施架设管道、悬挂物品，可能危及公路安全,是,110113,
十支队-顺义执法队,S12机场高速K9+680北皋出京,车辆装载物触地拖行、掉落、遗洒或者飘散，造成公路路面损坏、污染,是,110113,
十支队-通州执法队,S15京津高速道路K0+985五环匝道50米进京（可控）,在公路上及公路用地范围内堆放物品,是,110112,
十支队-通州执法队,S15京津高速道路K0+985五环匝道50米进京（可控）,在公路上及公路用地范围内摆摊设点,是,110112,
十支队-通州执法队,S15京津高速道路K0+985五环匝道50米进京（可控）,在公路范围内擅自移动井盖,否,110112,
十支队-通州执法队,S15京津高速道路K0+985五环匝道50米进京（可控）,擅自占用、挖掘公路,是,110112,
十支队-通州执法队,S15京津高速道路K0+985五环匝道50米进京（可控）,在公路用地范围内设置公路标志以外的其他标志,是,110112,
十支队-通州执法队,S15京津高速道路K0+985五环匝道50米进京（可控）,遮挡公路附属设施或者利用公路附属设施架设管道、悬挂物品，可能危及公路安全,是,110112,
十支队-通州执法队,S15京津高速道路K0+985五环匝道50米进京（可控）,车辆装载物触地拖行、掉落、遗洒或者飘散，造成公路路面损坏、污染,是,110112,
十支队-通州执法队,S15京津高速道路K1+400化工桥出京（可控）,在公路上及公路用地范围内堆放物品,是,110112,
十支队-通州执法队,S15京津高速道路K1+400化工桥出京（可控）,在公路上及公路用地范围内摆摊设点,是,110112,
十支队-通州执法队,S15京津高速道路K1+400化工桥出京（可控）,在公路范围内擅自移动井盖,否,110112,
十支队-通州执法队,S15京津高速道路K1+400化工桥出京（可控）,擅自占用、挖掘公路,是,110112,
十支队-通州执法队,S15京津高速道路K1+400化工桥出京（可控）,在公路用地范围内设置公路标志以外的其他标志,是,110112,
十支队-通州执法队,S15京津高速道路K1+400化工桥出京（可控）,遮挡公路附属设施或者利用公路附属设施架设管道、悬挂物品，可能危及公路安全,是,110112,
十支队-通州执法队,S15京津高速道路K1+400化工桥出京（可控）,车辆装载物触地拖行、掉落、遗洒或者飘散，造成公路路面损坏、污染,是,110112,
十支队-通州执法队,S15京津高速道路K11+750祥田桥南150米进京（可控）,在公路上及公路用地范围内堆放物品,是,110112,
十支队-通州执法队,S15京津高速道路K11+750祥田桥南150米进京（可控）,在公路上及公路用地范围内摆摊设点,是,110112,
十支队-通州执法队,S15京津高速道路K11+750祥田桥南150米进京（可控）,在公路范围内擅自移动井盖,否,110112,
十支队-通州执法队,S15京津高速道路K11+750祥田桥南150米进京（可控）,擅自占用、挖掘公路,是,110112,
十支队-通州执法队,S15京津高速道路K11+750祥田桥南150米进京（可控）,在公路用地范围内设置公路标志以外的其他标志,是,110112,
十支队-通州执法队,S15京津高速道路K11+750祥田桥南150米进京（可控）,遮挡公路附属设施或者利用公路附属设施架设管道、悬挂物品，可能危及公路安全,是,110112,
十支队-通州执法队,S15京津高速道路K11+750祥田桥南150米进京（可控）,车辆装载物触地拖行、掉落、遗洒或者飘散，造成公路路面损坏、污染,是,110112,
十支队-通州执法队,S15京津高速道路K12+918高营桥出京（可控）,在公路上及公路用地范围内堆放物品,是,110112,
十支队-通州执法队,S15京津高速道路K12+918高营桥出京（可控）,在公路上及公路用地范围内摆摊设点,是,110112,
十支队-通州执法队,S15京津高速道路K12+918高营桥出京（可控）,在公路范围内擅自移动井盖,否,110112,
十支队-通州执法队,S15京津高速道路K12+918高营桥出京（可控）,擅自占用、挖掘公路,是,110112,
十支队-通州执法队,S15京津高速道路K12+918高营桥出京（可控）,在公路用地范围内设置公路标志以外的其他标志,是,110112,
十支队-通州执法队,S15京津高速道路K12+918高营桥出京（可控）,遮挡公路附属设施或者利用公路附属设施架设管道、悬挂物品，可能危及公路安全,是,110112,
十支队-通州执法队,S15京津高速道路K12+918高营桥出京（可控）,车辆装载物触地拖行、掉落、遗洒或者飘散，造成公路路面损坏、污染,是,110112,
十支队-通州执法队,S15京津高速道路K13+760牛堡屯一桥进京（可控）,在公路上及公路用地范围内堆放物品,是,110112,
十支队-通州执法队,S15京津高速道路K13+760牛堡屯一桥进京（可控）,在公路上及公路用地范围内摆摊设点,是,110112,
十支队-通州执法队,S15京津高速道路K13+760牛堡屯一桥进京（可控）,在公路范围内擅自移动井盖,否,110112,
十支队-通州执法队,S15京津高速道路K13+760牛堡屯一桥进京（可控）,擅自占用、挖掘公路,是,110112,
十支队-通州执法队,S15京津高速道路K13+760牛堡屯一桥进京（可控）,在公路用地范围内设置公路标志以外的其他标志,是,110112,
十支队-通州执法队,S15京津高速道路K13+760牛堡屯一桥进京（可控）,遮挡公路附属设施或者利用公路附属设施架设管道、悬挂物品，可能危及公路安全,是,110112,
十支队-通州执法队,S15京津高速道路K13+760牛堡屯一桥进京（可控）,车辆装载物触地拖行、掉落、遗洒或者飘散，造成公路路面损坏、污染,是,110112,
十支队-通州执法队,S15京津高速道路K14+520牛堡屯一桥东出京（可控）,在公路上及公路用地范围内堆放物品,是,110112,
十支队-通州执法队,S15京津高速道路K14+520牛堡屯一桥东出京（可控）,在公路上及公路用地范围内摆摊设点,是,110112,
十支队-通州执法队,S15京津高速道路K14+520牛堡屯一桥东出京（可控）,在公路范围内擅自移动井盖,否,110112,
十支队-通州执法队,S15京津高速道路K14+520牛堡屯一桥东出京（可控）,擅自占用、挖掘公路,是,110112,
十支队-通州执法队,S15京津高速道路K14+520牛堡屯一桥东出京（可控）,在公路用地范围内设置公路标志以外的其他标志,是,110112,
十支队-通州执法队,S15京津高速道路K14+520牛堡屯一桥东出京（可控）,遮挡公路附属设施或者利用公路附属设施架设管道、悬挂物品，可能危及公路安全,是,110112,
十支队-通州执法队,S15京津高速道路K14+520牛堡屯一桥东出京（可控）,车辆装载物触地拖行、掉落、遗洒或者飘散，造成公路路面损坏、污染,是,110112,
十支队-通州执法队,S15京津高速道路K15+872牛堡屯二桥进京（可控）,在公路上及公路用地范围内堆放物品,是,110112,
十支队-通州执法队,S15京津高速道路K15+872牛堡屯二桥进京（可控）,在公路上及公路用地范围内摆摊设点,是,110112,
十支队-通州执法队,S15京津高速道路K15+872牛堡屯二桥进京（可控）,在公路范围内擅自移动井盖,否,110112,
十支队-通州执法队,S15京津高速道路K15+872牛堡屯二桥进京（可控）,擅自占用、挖掘公路,是,110112,
十支队-通州执法队,S15京津高速道路K15+872牛堡屯二桥进京（可控）,在公路用地范围内设置公路标志以外的其他标志,是,110112,
十支队-通州执法队,S15京津高速道路K15+872牛堡屯二桥进京（可控）,遮挡公路附属设施或者利用公路附属设施架设管道、悬挂物品，可能危及公路安全,是,110112,
十支队-通州执法队,S15京津高速道路K15+872牛堡屯二桥进京（可控）,车辆装载物触地拖行、掉落、遗洒或者飘散，造成公路路面损坏、污染,是,110112,
十支队-通州执法队,S15京津高速道路K17+777于家务一桥进京（可控）,在公路上及公路用地范围内堆放物品,是,110112,
十支队-通州执法队,S15京津高速道路K17+777于家务一桥进京（可控）,在公路上及公路用地范围内摆摊设点,是,110112,
十支队-通州执法队,S15京津高速道路K17+777于家务一桥进京（可控）,在公路范围内擅自移动井盖,否,110112,
十支队-通州执法队,S15京津高速道路K17+777于家务一桥进京（可控）,擅自占用、挖掘公路,是,110112,
十支队-通州执法队,S15京津高速道路K17+777于家务一桥进京（可控）,在公路用地范围内设置公路标志以外的其他标志,是,110112,
十支队-通州执法队,S15京津高速道路K17+777于家务一桥进京（可控）,遮挡公路附属设施或者利用公路附属设施架设管道、悬挂物品，可能危及公路安全,是,110112,
十支队-通州执法队,S15京津高速道路K17+777于家务一桥进京（可控）,车辆装载物触地拖行、掉落、遗洒或者飘散，造成公路路面损坏、污染,是,110112,
十支队-通州执法队,S15京津高速道路K19+540于家务一桥出京（可控）,在公路上及公路用地范围内堆放物品,是,110112,
十支队-通州执法队,S15京津高速道路K19+540于家务一桥出京（可控）,在公路上及公路用地范围内摆摊设点,是,110112,
十支队-通州执法队,S15京津高速道路K19+540于家务一桥出京（可控）,在公路范围内擅自移动井盖,否,110112,
十支队-通州执法队,S15京津高速道路K19+540于家务一桥出京（可控）,擅自占用、挖掘公路,是,110112,
十支队-通州执法队,S15京津高速道路K19+540于家务一桥出京（可控）,在公路用地范围内设置公路标志以外的其他标志,是,110112,
十支队-通州执法队,S15京津高速道路K19+540于家务一桥出京（可控）,遮挡公路附属设施或者利用公路附属设施架设管道、悬挂物品，可能危及公路安全,是,110112,
十支队-通州执法队,S15京津高速道路K19+540于家务一桥出京（可控）,车辆装载物触地拖行、掉落、遗洒或者飘散，造成公路路面损坏、污染,是,110112,
十支队-通州执法队,S15京津高速道路K2+560马家堡桥进京（可控）,在公路上及公路用地范围内堆放物品,是,110112,
十支队-通州执法队,S15京津高速道路K2+560马家堡桥进京（可控）,在公路上及公路用地范围内摆摊设点,是,110112,
十支队-通州执法队,S15京津高速道路K2+560马家堡桥进京（可控）,在公路范围内擅自移动井盖,否,110112,
十支队-通州执法队,S15京津高速道路K2+560马家堡桥进京（可控）,擅自占用、挖掘公路,是,110112,
十支队-通州执法队,S15京津高速道路K2+560马家堡桥进京（可控）,在公路用地范围内设置公路标志以外的其他标志,是,110112,
十支队-通州执法队,S15京津高速道路K2+560马家堡桥进京（可控）,遮挡公路附属设施或者利用公路附属设施架设管道、悬挂物品，可能危及公路安全,是,110112,
十支队-通州执法队,S15京津高速道路K2+560马家堡桥进京（可控）,车辆装载物触地拖行、掉落、遗洒或者飘散，造成公路路面损坏、污染,是,110112,
十支队-通州执法队,S15京津高速道路K20+200于家务二桥进京（可控）,在公路上及公路用地范围内堆放物品,是,110112,
十支队-通州执法队,S15京津高速道路K20+200于家务二桥进京（可控）,在公路上及公路用地范围内摆摊设点,是,110112,
十支队-通州执法队,S15京津高速道路K20+200于家务二桥进京（可控）,在公路范围内擅自移动井盖,否,110112,
十支队-通州执法队,S15京津高速道路K20+200于家务二桥进京（可控）,擅自占用、挖掘公路,是,110112,
十支队-通州执法队,S15京津高速道路K20+200于家务二桥进京（可控）,在公路用地范围内设置公路标志以外的其他标志,是,110112,
十支队-通州执法队,S15京津高速道路K20+200于家务二桥进京（可控）,遮挡公路附属设施或者利用公路附属设施架设管道、悬挂物品，可能危及公路安全,是,110112,
十支队-通州执法队,S15京津高速道路K20+200于家务二桥进京（可控）,车辆装载物触地拖行、掉落、遗洒或者飘散，造成公路路面损坏、污染,是,110112,
十支队-通州执法队,S15京津高速道路K21+200神仙桥出京（可控）,在公路上及公路用地范围内堆放物品,是,110112,
十支队-通州执法队,S15京津高速道路K21+200神仙桥出京（可控）,在公路上及公路用地范围内摆摊设点,是,110112,
十支队-通州执法队,S15京津高速道路K21+200神仙桥出京（可控）,在公路范围内擅自移动井盖,否,110112,
十支队-通州执法队,S15京津高速道路K21+200神仙桥出京（可控）,擅自占用、挖掘公路,是,110112,
十支队-通州执法队,S15京津高速道路K21+200神仙桥出京（可控）,在公路用地范围内设置公路标志以外的其他标志,是,110112,
十支队-通州执法队,S15京津高速道路K21+200神仙桥出京（可控）,遮挡公路附属设施或者利用公路附属设施架设管道、悬挂物品，可能危及公路安全,是,110112,
十支队-通州执法队,S15京津高速道路K21+200神仙桥出京（可控）,车辆装载物触地拖行、掉落、遗洒或者飘散，造成公路路面损坏、污染,是,110112,
十支队-通州执法队,S15京津高速道路K22+200神仙桥西进京（可控）,在公路上及公路用地范围内堆放物品,是,110112,
十支队-通州执法队,S15京津高速道路K22+200神仙桥西进京（可控）,在公路上及公路用地范围内摆摊设点,是,110112,
十支队-通州执法队,S15京津高速道路K22+200神仙桥西进京（可控）,在公路范围内擅自移动井盖,否,110112,
十支队-通州执法队,S15京津高速道路K22+200神仙桥西进京（可控）,擅自占用、挖掘公路,是,110112,
十支队-通州执法队,S15京津高速道路K22+200神仙桥西进京（可控）,在公路用地范围内设置公路标志以外的其他标志,是,110112,
十支队-通州执法队,S15京津高速道路K22+200神仙桥西进京（可控）,遮挡公路附属设施或者利用公路附属设施架设管道、悬挂物品，可能危及公路安全,是,110112,
十支队-通州执法队,S15京津高速道路K22+200神仙桥西进京（可控）,车辆装载物触地拖行、掉落、遗洒或者飘散，造成公路路面损坏、污染,是,110112,
十支队-通州执法队,S15京津高速道路K23+200渠头桥出京（可控）,在公路上及公路用地范围内堆放物品,是,110112,
十支队-通州执法队,S15京津高速道路K23+200渠头桥出京（可控）,在公路上及公路用地范围内摆摊设点,是,110112,
十支队-通州执法队,S15京津高速道路K23+200渠头桥出京（可控）,在公路范围内擅自移动井盖,否,110112,
十支队-通州执法队,S15京津高速道路K23+200渠头桥出京（可控）,擅自占用、挖掘公路,是,110112,
十支队-通州执法队,S15京津高速道路K23+200渠头桥出京（可控）,在公路用地范围内设置公路标志以外的其他标志,是,110112,
十支队-通州执法队,S15京津高速道路K23+200渠头桥出京（可控）,遮挡公路附属设施或者利用公路附属设施架设管道、悬挂物品，可能危及公路安全,是,110112,
十支队-通州执法队,S15京津高速道路K23+200渠头桥出京（可控）,车辆装载物触地拖行、掉落、遗洒或者飘散，造成公路路面损坏、污染,是,110112,
十支队-通州执法队,S15京津高速道路K24+150渠头桥西进京（可控）,在公路上及公路用地范围内堆放物品,是,110112,
十支队-通州执法队,S15京津高速道路K24+150渠头桥西进京（可控）,在公路上及公路用地范围内摆摊设点,是,110112,
十支队-通州执法队,S15京津高速道路K24+150渠头桥西进京（可控）,在公路范围内擅自移动井盖,否,110112,
十支队-通州执法队,S15京津高速道路K24+150渠头桥西进京（可控）,擅自占用、挖掘公路,是,110112,
十支队-通州执法队,S15京津高速道路K24+150渠头桥西进京（可控）,在公路用地范围内设置公路标志以外的其他标志,是,110112,
十支队-通州执法队,S15京津高速道路K24+150渠头桥西进京（可控）,遮挡公路附属设施或者利用公路附属设施架设管道、悬挂物品，可能危及公路安全,是,110112,
十支队-通州执法队,S15京津高速道路K24+150渠头桥西进京（可控）,车辆装载物触地拖行、掉落、遗洒或者飘散，造成公路路面损坏、污染,是,110112,
十支队-通州执法队,S15京津高速道路K25+200南提寺一桥出京（可控）,在公路上及公路用地范围内堆放物品,是,110112,
十支队-通州执法队,S15京津高速道路K25+200南提寺一桥出京（可控）,在公路上及公路用地范围内摆摊设点,是,110112,
十支队-通州执法队,S15京津高速道路K25+200南提寺一桥出京（可控）,在公路范围内擅自移动井盖,否,110112,
十支队-通州执法队,S15京津高速道路K25+200南提寺一桥出京（可控）,擅自占用、挖掘公路,是,110112,
十支队-通州执法队,S15京津高速道路K25+200南提寺一桥出京（可控）,在公路用地范围内设置公路标志以外的其他标志,是,110112,
十支队-通州执法队,S15京津高速道路K25+200南提寺一桥出京（可控）,遮挡公路附属设施或者利用公路附属设施架设管道、悬挂物品，可能危及公路安全,是,110112,
十支队-通州执法队,S15京津高速道路K25+200南提寺一桥出京（可控）,车辆装载物触地拖行、掉落、遗洒或者飘散，造成公路路面损坏、污染,是,110112,
十支队-通州执法队,S15京津高速道路K26+200南提寺三桥进京（可控）,在公路上及公路用地范围内堆放物品,是,110112,
十支队-通州执法队,S15京津高速道路K26+200南提寺三桥进京（可控）,在公路上及公路用地范围内摆摊设点,是,110112,
十支队-通州执法队,S15京津高速道路K26+200南提寺三桥进京（可控）,在公路范围内擅自移动井盖,否,110112,
十支队-通州执法队,S15京津高速道路K26+200南提寺三桥进京（可控）,擅自占用、挖掘公路,是,110112,
十支队-通州执法队,S15京津高速道路K26+200南提寺三桥进京（可控）,在公路用地范围内设置公路标志以外的其他标志,是,110112,
十支队-通州执法队,S15京津高速道路K26+200南提寺三桥进京（可控）,遮挡公路附属设施或者利用公路附属设施架设管道、悬挂物品，可能危及公路安全,是,110112,
十支队-通州执法队,S15京津高速道路K26+200南提寺三桥进京（可控）,车辆装载物触地拖行、掉落、遗洒或者飘散，造成公路路面损坏、污染,是,110112,
十支队-通州执法队,S15京津高速道路K27+120德仁务一桥出京（可控）,在公路上及公路用地范围内堆放物品,是,110112,
十支队-通州执法队,S15京津高速道路K27+120德仁务一桥出京（可控）,在公路上及公路用地范围内摆摊设点,是,110112,
十支队-通州执法队,S15京津高速道路K27+120德仁务一桥出京（可控）,在公路范围内擅自移动井盖,否,110112,
十支队-通州执法队,S15京津高速道路K27+120德仁务一桥出京（可控）,擅自占用、挖掘公路,是,110112,
十支队-通州执法队,S15京津高速道路K27+120德仁务一桥出京（可控）,在公路用地范围内设置公路标志以外的其他标志,是,110112,
十支队-通州执法队,S15京津高速道路K27+120德仁务一桥出京（可控）,遮挡公路附属设施或者利用公路附属设施架设管道、悬挂物品，可能危及公路安全,是,110112,
十支队-通州执法队,S15京津高速道路K27+120德仁务一桥出京（可控）,车辆装载物触地拖行、掉落、遗洒或者飘散，造成公路路面损坏、污染,是,110112,
十支队-通州执法队,S15京津高速道路K28+150德仁务二桥出京（可控）,在公路上及公路用地范围内堆放物品,是,110112,
十支队-通州执法队,S15京津高速道路K28+150德仁务二桥出京（可控）,在公路上及公路用地范围内摆摊设点,是,110112,
十支队-通州执法队,S15京津高速道路K28+150德仁务二桥出京（可控）,在公路范围内擅自移动井盖,否,110112,
十支队-通州执法队,S15京津高速道路K28+150德仁务二桥出京（可控）,擅自占用、挖掘公路,是,110112,
十支队-通州执法队,S15京津高速道路K28+150德仁务二桥出京（可控）,在公路用地范围内设置公路标志以外的其他标志,是,110112,
十支队-通州执法队,S15京津高速道路K28+150德仁务二桥出京（可控）,遮挡公路附属设施或者利用公路附属设施架设管道、悬挂物品，可能危及公路安全,是,110112,
十支队-通州执法队,S15京津高速道路K28+150德仁务二桥出京（可控）,车辆装载物触地拖行、掉落、遗洒或者飘散，造成公路路面损坏、污染,是,110112,
十支队-通州执法队,S15京津高速道路K29+370永乐一桥进京（可控）,在公路上及公路用地范围内堆放物品,是,110112,
十支队-通州执法队,S15京津高速道路K29+370永乐一桥进京（可控）,在公路上及公路用地范围内摆摊设点,是,110112,
十支队-通州执法队,S15京津高速道路K29+370永乐一桥进京（可控）,在公路范围内擅自移动井盖,否,110112,
十支队-通州执法队,S15京津高速道路K29+370永乐一桥进京（可控）,擅自占用、挖掘公路,是,110112,
十支队-通州执法队,S15京津高速道路K29+370永乐一桥进京（可控）,在公路用地范围内设置公路标志以外的其他标志,是,110112,
十支队-通州执法队,S15京津高速道路K29+370永乐一桥进京（可控）,遮挡公路附属设施或者利用公路附属设施架设管道、悬挂物品，可能危及公路安全,是,110112,
十支队-通州执法队,S15京津高速道路K29+370永乐一桥进京（可控）,车辆装载物触地拖行、掉落、遗洒或者飘散，造成公路路面损坏、污染,是,110112,
十支队-通州执法队,S15京津高速道路K3+874东石桥出京（可控）,在公路上及公路用地范围内堆放物品,是,110112,
十支队-通州执法队,S15京津高速道路K3+874东石桥出京（可控）,在公路上及公路用地范围内摆摊设点,是,110112,
十支队-通州执法队,S15京津高速道路K3+874东石桥出京（可控）,在公路范围内擅自移动井盖,否,110112,
十支队-通州执法队,S15京津高速道路K3+874东石桥出京（可控）,擅自占用、挖掘公路,是,110112,
十支队-通州执法队,S15京津高速道路K3+874东石桥出京（可控）,在公路用地范围内设置公路标志以外的其他标志,是,110112,
十支队-通州执法队,S15京津高速道路K3+874东石桥出京（可控）,遮挡公路附属设施或者利用公路附属设施架设管道、悬挂物品，可能危及公路安全,是,110112,
十支队-通州执法队,S15京津高速道路K3+874东石桥出京（可控）,车辆装载物触地拖行、掉落、遗洒或者飘散，造成公路路面损坏、污染,是,110112,
十支队-通州执法队,S15京津高速道路K30+090永乐二桥出京（可控）,在公路上及公路用地范围内堆放物品,是,110112,
十支队-通州执法队,S15京津高速道路K30+090永乐二桥出京（可控）,在公路上及公路用地范围内摆摊设点,是,110112,
十支队-通州执法队,S15京津高速道路K30+090永乐二桥出京（可控）,在公路范围内擅自移动井盖,否,110112,
十支队-通州执法队,S15京津高速道路K30+090永乐二桥出京（可控）,擅自占用、挖掘公路,是,110112,
十支队-通州执法队,S15京津高速道路K30+090永乐二桥出京（可控）,在公路用地范围内设置公路标志以外的其他标志,是,110112,
十支队-通州执法队,S15京津高速道路K30+090永乐二桥出京（可控）,遮挡公路附属设施或者利用公路附属设施架设管道、悬挂物品，可能危及公路安全,是,110112,
十支队-通州执法队,S15京津高速道路K30+090永乐二桥出京（可控）,车辆装载物触地拖行、掉落、遗洒或者飘散，造成公路路面损坏、污染,是,110112,
十支队-通州执法队,S15京津高速道路K31+000永乐三桥进京（可控）,在公路上及公路用地范围内堆放物品,是,110112,
十支队-通州执法队,S15京津高速道路K31+000永乐三桥进京（可控）,在公路上及公路用地范围内摆摊设点,是,110112,
十支队-通州执法队,S15京津高速道路K31+000永乐三桥进京（可控）,在公路范围内擅自移动井盖,否,110112,
十支队-通州执法队,S15京津高速道路K31+000永乐三桥进京（可控）,擅自占用、挖掘公路,是,110112,
十支队-通州执法队,S15京津高速道路K31+000永乐三桥进京（可控）,在公路用地范围内设置公路标志以外的其他标志,是,110112,
十支队-通州执法队,S15京津高速道路K31+000永乐三桥进京（可控）,遮挡公路附属设施或者利用公路附属设施架设管道、悬挂物品，可能危及公路安全,是,110112,
十支队-通州执法队,S15京津高速道路K31+000永乐三桥进京（可控）,车辆装载物触地拖行、掉落、遗洒或者飘散，造成公路路面损坏、污染,是,110112,
十支队-通州执法队,S15京津高速道路K32+200永乐三桥东出京（可控）,在公路上及公路用地范围内堆放物品,是,110112,
十支队-通州执法队,S15京津高速道路K32+200永乐三桥东出京（可控）,在公路上及公路用地范围内摆摊设点,是,110112,
十支队-通州执法队,S15京津高速道路K32+200永乐三桥东出京（可控）,在公路范围内擅自移动井盖,否,110112,
十支队-通州执法队,S15京津高速道路K32+200永乐三桥东出京（可控）,擅自占用、挖掘公路,是,110112,
十支队-通州执法队,S15京津高速道路K32+200永乐三桥东出京（可控）,在公路用地范围内设置公路标志以外的其他标志,是,110112,
十支队-通州执法队,S15京津高速道路K32+200永乐三桥东出京（可控）,遮挡公路附属设施或者利用公路附属设施架设管道、悬挂物品，可能危及公路安全,是,110112,
十支队-通州执法队,S15京津高速道路K32+200永乐三桥东出京（可控）,车辆装载物触地拖行、掉落、遗洒或者飘散，造成公路路面损坏、污染,是,110112,
十支队-通州执法队,S15京津高速道路K32+600检查站进京（可控）,在公路上及公路用地范围内堆放物品,是,110112,
十支队-通州执法队,S15京津高速道路K32+600检查站进京（可控）,在公路上及公路用地范围内摆摊设点,是,110112,
十支队-通州执法队,S15京津高速道路K32+600检查站进京（可控）,在公路范围内擅自移动井盖,否,110112,
十支队-通州执法队,S15京津高速道路K32+600检查站进京（可控）,擅自占用、挖掘公路,是,110112,
十支队-通州执法队,S15京津高速道路K32+600检查站进京（可控）,在公路用地范围内设置公路标志以外的其他标志,是,110112,
十支队-通州执法队,S15京津高速道路K32+600检查站进京（可控）,遮挡公路附属设施或者利用公路附属设施架设管道、悬挂物品，可能危及公路安全,是,110112,
十支队-通州执法队,S15京津高速道路K32+600检查站进京（可控）,车辆装载物触地拖行、掉落、遗洒或者飘散，造成公路路面损坏、污染,是,110112,
十支队-通州执法队,S15京津高速道路K33+650检查站东出京（可控）,在公路上及公路用地范围内堆放物品,是,110112,
十支队-通州执法队,S15京津高速道路K33+650检查站东出京（可控）,在公路上及公路用地范围内摆摊设点,是,110112,
十支队-通州执法队,S15京津高速道路K33+650检查站东出京（可控）,在公路范围内擅自移动井盖,否,110112,
十支队-通州执法队,S15京津高速道路K33+650检查站东出京（可控）,擅自占用、挖掘公路,是,110112,
十支队-通州执法队,S15京津高速道路K33+650检查站东出京（可控）,在公路用地范围内设置公路标志以外的其他标志,是,110112,
十支队-通州执法队,S15京津高速道路K33+650检查站东出京（可控）,遮挡公路附属设施或者利用公路附属设施架设管道、悬挂物品，可能危及公路安全,是,110112,
十支队-通州执法队,S15京津高速道路K33+650检查站东出京（可控）,车辆装载物触地拖行、掉落、遗洒或者飘散，造成公路路面损坏、污染,是,110112,
十支队-通州执法队,S15京津高速道路K4+500东石桥进京（可控）,在公路上及公路用地范围内堆放物品,是,110112,
十支队-通州执法队,S15京津高速道路K4+500东石桥进京（可控）,在公路上及公路用地范围内摆摊设点,是,110112,
十支队-通州执法队,S15京津高速道路K4+500东石桥进京（可控）,在公路范围内擅自移动井盖,否,110112,
十支队-通州执法队,S15京津高速道路K4+500东石桥进京（可控）,擅自占用、挖掘公路,是,110112,
十支队-通州执法队,S15京津高速道路K4+500东石桥进京（可控）,在公路用地范围内设置公路标志以外的其他标志,是,110112,
十支队-通州执法队,S15京津高速道路K4+500东石桥进京（可控）,遮挡公路附属设施或者利用公路附属设施架设管道、悬挂物品，可能危及公路安全,是,110112,
十支队-通州执法队,S15京津高速道路K4+500东石桥进京（可控）,车辆装载物触地拖行、掉落、遗洒或者飘散，造成公路路面损坏、污染,是,110112,
十支队-通州执法队,S15京津高速道路K5+170桂家坟桥出京（可控）,在公路上及公路用地范围内堆放物品,是,110112,
十支队-通州执法队,S15京津高速道路K5+170桂家坟桥出京（可控）,在公路上及公路用地范围内摆摊设点,是,110112,
十支队-通州执法队,S15京津高速道路K5+170桂家坟桥出京（可控）,在公路范围内擅自移动井盖,否,110112,
十支队-通州执法队,S15京津高速道路K5+170桂家坟桥出京（可控）,擅自占用、挖掘公路,是,110112,
十支队-通州执法队,S15京津高速道路K5+170桂家坟桥出京（可控）,在公路用地范围内设置公路标志以外的其他标志,是,110112,
十支队-通州执法队,S15京津高速道路K5+170桂家坟桥出京（可控）,遮挡公路附属设施或者利用公路附属设施架设管道、悬挂物品，可能危及公路安全,是,110112,
十支队-通州执法队,S15京津高速道路K5+170桂家坟桥出京（可控）,车辆装载物触地拖行、掉落、遗洒或者飘散，造成公路路面损坏、污染,是,110112,
十支队-通州执法队,S15京津高速道路K6+246台湖站东进京（可控）,在公路上及公路用地范围内堆放物品,是,110112,
十支队-通州执法队,S15京津高速道路K6+246台湖站东进京（可控）,在公路上及公路用地范围内摆摊设点,是,110112,
十支队-通州执法队,S15京津高速道路K6+246台湖站东进京（可控）,在公路范围内擅自移动井盖,否,110112,
十支队-通州执法队,S15京津高速道路K6+246台湖站东进京（可控）,擅自占用、挖掘公路,是,110112,
十支队-通州执法队,S15京津高速道路K6+246台湖站东进京（可控）,在公路用地范围内设置公路标志以外的其他标志,是,110112,
十支队-通州执法队,S15京津高速道路K6+246台湖站东进京（可控）,遮挡公路附属设施或者利用公路附属设施架设管道、悬挂物品，可能危及公路安全,是,110112,
十支队-通州执法队,S15京津高速道路K6+246台湖站东进京（可控）,车辆装载物触地拖行、掉落、遗洒或者飘散，造成公路路面损坏、污染,是,110112,
十支队-通州执法队,S15京津高速道路K8+570麦庄桥东出京（可控）,在公路上及公路用地范围内堆放物品,是,110112,
十支队-通州执法队,S15京津高速道路K8+570麦庄桥东出京（可控）,在公路上及公路用地范围内摆摊设点,是,110112,
十支队-通州执法队,S15京津高速道路K8+570麦庄桥东出京（可控）,在公路范围内擅自移动井盖,否,110112,
十支队-通州执法队,S15京津高速道路K8+570麦庄桥东出京（可控）,擅自占用、挖掘公路,是,110112,
十支队-通州执法队,S15京津高速道路K8+570麦庄桥东出京（可控）,在公路用地范围内设置公路标志以外的其他标志,是,110112,
十支队-通州执法队,S15京津高速道路K8+570麦庄桥东出京（可控）,遮挡公路附属设施或者利用公路附属设施架设管道、悬挂物品，可能危及公路安全,是,110112,
十支队-通州执法队,S15京津高速道路K8+570麦庄桥东出京（可控）,车辆装载物触地拖行、掉落、遗洒或者飘散，造成公路路面损坏、污染,是,110112,
十支队-通州执法队,S15京津高速广场K13+600牛堡屯收费站出口出京（可控）,在公路上及公路用地范围内堆放物品,是,110112,
十支队-通州执法队,S15京津高速广场K13+600牛堡屯收费站出口出京（可控）,在公路上及公路用地范围内摆摊设点,是,110112,
十支队-通州执法队,S15京津高速广场K13+600牛堡屯收费站出口出京（可控）,在公路范围内擅自移动井盖,否,110112,
十支队-通州执法队,S15京津高速广场K13+600牛堡屯收费站出口出京（可控）,擅自占用、挖掘公路,是,110112,
十支队-通州执法队,S15京津高速广场K13+600牛堡屯收费站出口出京（可控）,在公路用地范围内设置公路标志以外的其他标志,是,110112,
十支队-通州执法队,S15京津高速广场K13+600牛堡屯收费站出口出京（可控）,遮挡公路附属设施或者利用公路附属设施架设管道、悬挂物品，可能危及公路安全,是,110112,
十支队-通州执法队,S15京津高速广场K13+600牛堡屯收费站出口出京（可控）,车辆装载物触地拖行、掉落、遗洒或者飘散，造成公路路面损坏、污染,是,110112,
十支队-通州执法队,S15京津高速广场K13+700牛堡屯收费站入口进京（可控）,在公路上及公路用地范围内堆放物品,是,110112,
十支队-通州执法队,S15京津高速广场K13+700牛堡屯收费站入口进京（可控）,在公路上及公路用地范围内摆摊设点,是,110112,
十支队-通州执法队,S15京津高速广场K13+700牛堡屯收费站入口进京（可控）,在公路范围内擅自移动井盖,否,110112,
十支队-通州执法队,S15京津高速广场K13+700牛堡屯收费站入口进京（可控）,擅自占用、挖掘公路,是,110112,
十支队-通州执法队,S15京津高速广场K13+700牛堡屯收费站入口进京（可控）,在公路用地范围内设置公路标志以外的其他标志,是,110112,
十支队-通州执法队,S15京津高速广场K13+700牛堡屯收费站入口进京（可控）,遮挡公路附属设施或者利用公路附属设施架设管道、悬挂物品，可能危及公路安全,是,110112,
十支队-通州执法队,S15京津高速广场K13+700牛堡屯收费站入口进京（可控）,车辆装载物触地拖行、掉落、遗洒或者飘散，造成公路路面损坏、污染,是,110112,
十支队-通州执法队,S15京津高速广场K14+100牛堡屯收费站出口进京（可控）,在公路上及公路用地范围内堆放物品,是,110112,
十支队-通州执法队,S15京津高速广场K14+100牛堡屯收费站出口进京（可控）,在公路上及公路用地范围内摆摊设点,是,110112,
十支队-通州执法队,S15京津高速广场K14+100牛堡屯收费站出口进京（可控）,在公路范围内擅自移动井盖,否,110112,
十支队-通州执法队,S15京津高速广场K14+100牛堡屯收费站出口进京（可控）,擅自占用、挖掘公路,是,110112,
十支队-通州执法队,S15京津高速广场K14+100牛堡屯收费站出口进京（可控）,在公路用地范围内设置公路标志以外的其他标志,是,110112,
十支队-通州执法队,S15京津高速广场K14+100牛堡屯收费站出口进京（可控）,遮挡公路附属设施或者利用公路附属设施架设管道、悬挂物品，可能危及公路安全,是,110112,
十支队-通州执法队,S15京津高速广场K14+100牛堡屯收费站出口进京（可控）,车辆装载物触地拖行、掉落、遗洒或者飘散，造成公路路面损坏、污染,是,110112,
十支队-通州执法队,S15京津高速广场K14+100牛堡屯收费站入口出京（可控）,在公路上及公路用地范围内堆放物品,是,110112,
十支队-通州执法队,S15京津高速广场K14+100牛堡屯收费站入口出京（可控）,在公路上及公路用地范围内摆摊设点,是,110112,
十支队-通州执法队,S15京津高速广场K14+100牛堡屯收费站入口出京（可控）,在公路范围内擅自移动井盖,否,110112,
十支队-通州执法队,S15京津高速广场K14+100牛堡屯收费站入口出京（可控）,擅自占用、挖掘公路,是,110112,
十支队-通州执法队,S15京津高速广场K14+100牛堡屯收费站入口出京（可控）,在公路用地范围内设置公路标志以外的其他标志,是,110112,
十支队-通州执法队,S15京津高速广场K14+100牛堡屯收费站入口出京（可控）,遮挡公路附属设施或者利用公路附属设施架设管道、悬挂物品，可能危及公路安全,是,110112,
十支队-通州执法队,S15京津高速广场K14+100牛堡屯收费站入口出京（可控）,车辆装载物触地拖行、掉落、遗洒或者飘散，造成公路路面损坏、污染,是,110112,
十支队-通州执法队,S15京津高速广场K17+720于家务收费站入口进京（可控）,在公路上及公路用地范围内堆放物品,是,110112,
十支队-通州执法队,S15京津高速广场K17+720于家务收费站入口进京（可控）,在公路上及公路用地范围内摆摊设点,是,110112,
十支队-通州执法队,S15京津高速广场K17+720于家务收费站入口进京（可控）,在公路范围内擅自移动井盖,否,110112,
十支队-通州执法队,S15京津高速广场K17+720于家务收费站入口进京（可控）,擅自占用、挖掘公路,是,110112,
十支队-通州执法队,S15京津高速广场K17+720于家务收费站入口进京（可控）,在公路用地范围内设置公路标志以外的其他标志,是,110112,
十支队-通州执法队,S15京津高速广场K17+720于家务收费站入口进京（可控）,遮挡公路附属设施或者利用公路附属设施架设管道、悬挂物品，可能危及公路安全,是,110112,
十支队-通州执法队,S15京津高速广场K17+720于家务收费站入口进京（可控）,车辆装载物触地拖行、掉落、遗洒或者飘散，造成公路路面损坏、污染,是,110112,
十支队-通州执法队,S15京津高速广场K17+930于家务收费站出口出京（可控）,在公路上及公路用地范围内堆放物品,是,110112,
十支队-通州执法队,S15京津高速广场K17+930于家务收费站出口出京（可控）,在公路上及公路用地范围内摆摊设点,是,110112,
十支队-通州执法队,S15京津高速广场K17+930于家务收费站出口出京（可控）,在公路范围内擅自移动井盖,否,110112,
十支队-通州执法队,S15京津高速广场K17+930于家务收费站出口出京（可控）,擅自占用、挖掘公路,是,110112,
十支队-通州执法队,S15京津高速广场K17+930于家务收费站出口出京（可控）,在公路用地范围内设置公路标志以外的其他标志,是,110112,
十支队-通州执法队,S15京津高速广场K17+930于家务收费站出口出京（可控）,遮挡公路附属设施或者利用公路附属设施架设管道、悬挂物品，可能危及公路安全,是,110112,
十支队-通州执法队,S15京津高速广场K17+930于家务收费站出口出京（可控）,车辆装载物触地拖行、掉落、遗洒或者飘散，造成公路路面损坏、污染,是,110112,
十支队-通州执法队,S15京津高速广场K18+750于家务收费站出口双向（可控）,在公路上及公路用地范围内堆放物品,是,110112,
十支队-通州执法队,S15京津高速广场K18+750于家务收费站出口双向（可控）,在公路上及公路用地范围内摆摊设点,是,110112,
十支队-通州执法队,S15京津高速广场K18+750于家务收费站出口双向（可控）,在公路范围内擅自移动井盖,否,110112,
十支队-通州执法队,S15京津高速广场K18+750于家务收费站出口双向（可控）,擅自占用、挖掘公路,是,110112,
十支队-通州执法队,S15京津高速广场K18+750于家务收费站出口双向（可控）,在公路用地范围内设置公路标志以外的其他标志,是,110112,
十支队-通州执法队,S15京津高速广场K18+750于家务收费站出口双向（可控）,遮挡公路附属设施或者利用公路附属设施架设管道、悬挂物品，可能危及公路安全,是,110112,
十支队-通州执法队,S15京津高速广场K18+750于家务收费站出口双向（可控）,车辆装载物触地拖行、掉落、遗洒或者飘散，造成公路路面损坏、污染,是,110112,
十支队-通州执法队,S15京津高速广场K18+850于家务收费站入口双向（可控）,在公路上及公路用地范围内堆放物品,是,110112,
十支队-通州执法队,S15京津高速广场K18+850于家务收费站入口双向（可控）,在公路上及公路用地范围内摆摊设点,是,110112,
十支队-通州执法队,S15京津高速广场K18+850于家务收费站入口双向（可控）,在公路范围内擅自移动井盖,否,110112,
十支队-通州执法队,S15京津高速广场K18+850于家务收费站入口双向（可控）,擅自占用、挖掘公路,是,110112,
十支队-通州执法队,S15京津高速广场K18+850于家务收费站入口双向（可控）,在公路用地范围内设置公路标志以外的其他标志,是,110112,
十支队-通州执法队,S15京津高速广场K18+850于家务收费站入口双向（可控）,遮挡公路附属设施或者利用公路附属设施架设管道、悬挂物品，可能危及公路安全,是,110112,
十支队-通州执法队,S15京津高速广场K18+850于家务收费站入口双向（可控）,车辆装载物触地拖行、掉落、遗洒或者飘散，造成公路路面损坏、污染,是,110112,
十支队-通州执法队,S15京津高速广场K28+805德仁务收费站入口进京（可控）,在公路上及公路用地范围内堆放物品,是,110112,
十支队-通州执法队,S15京津高速广场K28+805德仁务收费站入口进京（可控）,在公路上及公路用地范围内摆摊设点,是,110112,
十支队-通州执法队,S15京津高速广场K28+805德仁务收费站入口进京（可控）,在公路范围内擅自移动井盖,否,110112,
十支队-通州执法队,S15京津高速广场K28+805德仁务收费站入口进京（可控）,擅自占用、挖掘公路,是,110112,
十支队-通州执法队,S15京津高速广场K28+805德仁务收费站入口进京（可控）,在公路用地范围内设置公路标志以外的其他标志,是,110112,
十支队-通州执法队,S15京津高速广场K28+805德仁务收费站入口进京（可控）,遮挡公路附属设施或者利用公路附属设施架设管道、悬挂物品，可能危及公路安全,是,110112,
十支队-通州执法队,S15京津高速广场K28+805德仁务收费站入口进京（可控）,车辆装载物触地拖行、掉落、遗洒或者飘散，造成公路路面损坏、污染,是,110112,
十支队-通州执法队,S15京津高速广场K28+960德仁务收费站出口出京（可控）,在公路上及公路用地范围内堆放物品,是,110112,
十支队-通州执法队,S15京津高速广场K28+960德仁务收费站出口出京（可控）,在公路上及公路用地范围内摆摊设点,是,110112,
十支队-通州执法队,S15京津高速广场K28+960德仁务收费站出口出京（可控）,在公路范围内擅自移动井盖,否,110112,
十支队-通州执法队,S15京津高速广场K28+960德仁务收费站出口出京（可控）,擅自占用、挖掘公路,是,110112,
十支队-通州执法队,S15京津高速广场K28+960德仁务收费站出口出京（可控）,在公路用地范围内设置公路标志以外的其他标志,是,110112,
十支队-通州执法队,S15京津高速广场K28+960德仁务收费站出口出京（可控）,遮挡公路附属设施或者利用公路附属设施架设管道、悬挂物品，可能危及公路安全,是,110112,
十支队-通州执法队,S15京津高速广场K28+960德仁务收费站出口出京（可控）,车辆装载物触地拖行、掉落、遗洒或者飘散，造成公路路面损坏、污染,是,110112,
十支队-通州执法队,S15京津高速广场K29+180德仁务收费站出口进京（可控）,在公路上及公路用地范围内堆放物品,是,110112,
十支队-通州执法队,S15京津高速广场K29+180德仁务收费站出口进京（可控）,在公路上及公路用地范围内摆摊设点,是,110112,
十支队-通州执法队,S15京津高速广场K29+180德仁务收费站出口进京（可控）,在公路范围内擅自移动井盖,否,110112,
十支队-通州执法队,S15京津高速广场K29+180德仁务收费站出口进京（可控）,擅自占用、挖掘公路,是,110112,
十支队-通州执法队,S15京津高速广场K29+180德仁务收费站出口进京（可控）,在公路用地范围内设置公路标志以外的其他标志,是,110112,
十支队-通州执法队,S15京津高速广场K29+180德仁务收费站出口进京（可控）,遮挡公路附属设施或者利用公路附属设施架设管道、悬挂物品，可能危及公路安全,是,110112,
十支队-通州执法队,S15京津高速广场K29+180德仁务收费站出口进京（可控）,车辆装载物触地拖行、掉落、遗洒或者飘散，造成公路路面损坏、污染,是,110112,
十支队-通州执法队,S15京津高速广场K29+180德仁务收费站入口出京（可控）,在公路上及公路用地范围内堆放物品,是,110112,
十支队-通州执法队,S15京津高速广场K29+180德仁务收费站入口出京（可控）,在公路上及公路用地范围内摆摊设点,是,110112,
十支队-通州执法队,S15京津高速广场K29+180德仁务收费站入口出京（可控）,在公路范围内擅自移动井盖,否,110112,
十支队-通州执法队,S15京津高速广场K29+180德仁务收费站入口出京（可控）,擅自占用、挖掘公路,是,110112,
十支队-通州执法队,S15京津高速广场K29+180德仁务收费站入口出京（可控）,在公路用地范围内设置公路标志以外的其他标志,是,110112,
十支队-通州执法队,S15京津高速广场K29+180德仁务收费站入口出京（可控）,遮挡公路附属设施或者利用公路附属设施架设管道、悬挂物品，可能危及公路安全,是,110112,
十支队-通州执法队,S15京津高速广场K29+180德仁务收费站入口出京（可控）,车辆装载物触地拖行、掉落、遗洒或者飘散，造成公路路面损坏、污染,是,110112,
十支队-通州执法队,S15京津高速广场K5+600台湖收费站入口反向出京（可控）,在公路上及公路用地范围内堆放物品,是,110112,
十支队-通州执法队,S15京津高速广场K5+600台湖收费站入口反向出京（可控）,在公路上及公路用地范围内摆摊设点,是,110112,
十支队-通州执法队,S15京津高速广场K5+600台湖收费站入口反向出京（可控）,在公路范围内擅自移动井盖,否,110112,
十支队-通州执法队,S15京津高速广场K5+600台湖收费站入口反向出京（可控）,擅自占用、挖掘公路,是,110112,
十支队-通州执法队,S15京津高速广场K5+600台湖收费站入口反向出京（可控）,在公路用地范围内设置公路标志以外的其他标志,是,110112,
十支队-通州执法队,S15京津高速广场K5+600台湖收费站入口反向出京（可控）,遮挡公路附属设施或者利用公路附属设施架设管道、悬挂物品，可能危及公路安全,是,110112,
十支队-通州执法队,S15京津高速广场K5+600台湖收费站入口反向出京（可控）,车辆装载物触地拖行、掉落、遗洒或者飘散，造成公路路面损坏、污染,是,110112,
十支队-通州执法队,S15京津高速广场K5+650台湖收费站出口正向进京（可控）,在公路上及公路用地范围内堆放物品,是,110112,
十支队-通州执法队,S15京津高速广场K5+650台湖收费站出口正向进京（可控）,在公路上及公路用地范围内摆摊设点,是,110112,
十支队-通州执法队,S15京津高速广场K5+650台湖收费站出口正向进京（可控）,在公路范围内擅自移动井盖,否,110112,
十支队-通州执法队,S15京津高速广场K5+650台湖收费站出口正向进京（可控）,擅自占用、挖掘公路,是,110112,
十支队-通州执法队,S15京津高速广场K5+650台湖收费站出口正向进京（可控）,在公路用地范围内设置公路标志以外的其他标志,是,110112,
十支队-通州执法队,S15京津高速广场K5+650台湖收费站出口正向进京（可控）,遮挡公路附属设施或者利用公路附属设施架设管道、悬挂物品，可能危及公路安全,是,110112,
十支队-通州执法队,S15京津高速广场K5+650台湖收费站出口正向进京（可控）,车辆装载物触地拖行、掉落、遗洒或者飘散，造成公路路面损坏、污染,是,110112,
十支队-通州执法队,S15京津高速广场K5+800台湖收费站入口正向出京（可控）,在公路上及公路用地范围内堆放物品,是,110112,
十支队-通州执法队,S15京津高速广场K5+800台湖收费站入口正向出京（可控）,在公路上及公路用地范围内摆摊设点,是,110112,
十支队-通州执法队,S15京津高速广场K5+800台湖收费站入口正向出京（可控）,在公路范围内擅自移动井盖,否,110112,
十支队-通州执法队,S15京津高速广场K5+800台湖收费站入口正向出京（可控）,擅自占用、挖掘公路,是,110112,
十支队-通州执法队,S15京津高速广场K5+800台湖收费站入口正向出京（可控）,在公路用地范围内设置公路标志以外的其他标志,是,110112,
十支队-通州执法队,S15京津高速广场K5+800台湖收费站入口正向出京（可控）,遮挡公路附属设施或者利用公路附属设施架设管道、悬挂物品，可能危及公路安全,是,110112,
十支队-通州执法队,S15京津高速广场K5+800台湖收费站入口正向出京（可控）,车辆装载物触地拖行、掉落、遗洒或者飘散，造成公路路面损坏、污染,是,110112,
十支队-通州执法队,S15京津高速广场K5+850台湖收费站出口反向进京（可控）,在公路上及公路用地范围内堆放物品,是,110112,
十支队-通州执法队,S15京津高速广场K5+850台湖收费站出口反向进京（可控）,在公路上及公路用地范围内摆摊设点,是,110112,
十支队-通州执法队,S15京津高速广场K5+850台湖收费站出口反向进京（可控）,在公路范围内擅自移动井盖,否,110112,
十支队-通州执法队,S15京津高速广场K5+850台湖收费站出口反向进京（可控）,擅自占用、挖掘公路,是,110112,
十支队-通州执法队,S15京津高速广场K5+850台湖收费站出口反向进京（可控）,在公路用地范围内设置公路标志以外的其他标志,是,110112,
十支队-通州执法队,S15京津高速广场K5+850台湖收费站出口反向进京（可控）,遮挡公路附属设施或者利用公路附属设施架设管道、悬挂物品，可能危及公路安全,是,110112,
十支队-通州执法队,S15京津高速广场K5+850台湖收费站出口反向进京（可控）,车辆装载物触地拖行、掉落、遗洒或者飘散，造成公路路面损坏、污染,是,110112,
十支队-通州执法队,S201通顺路K0+120北关桥,在公路上及公路用地范围内堆放物品,是,110112,11000000001313297353
十支队-通州执法队,S201通顺路K0+120北关桥,在公路上及公路用地范围内摆摊设点,是,110112,11000000001313297353
十支队-通州执法队,S201通顺路K0+120北关桥,在公路范围内擅自移动井盖,否,110112,11000000001313297353
十支队-通州执法队,S201通顺路K0+120北关桥,擅自占用、挖掘公路,是,110112,11000000001313297353
十支队-通州执法队,S201通顺路K0+120北关桥,在公路用地范围内设置公路标志以外的其他标志,是,110112,11000000001313297353
十支队-通州执法队,S201通顺路K0+120北关桥,遮挡公路附属设施或者利用公路附属设施架设管道、悬挂物品，可能危及公路安全,是,110112,11000000001313297353
十支队-通州执法队,S201通顺路K0+120北关桥,车辆装载物触地拖行、掉落、遗洒或者飘散，造成公路路面损坏、污染,是,110112,11000000001313297353
十支队-顺义执法队,S201通顺路K12+870下行英各庄立交桥,在公路上及公路用地范围内堆放物品,是,110113,
十支队-顺义执法队,S201通顺路K12+870下行英各庄立交桥,在公路上及公路用地范围内摆摊设点,是,110113,
十支队-顺义执法队,S201通顺路K12+870下行英各庄立交桥,在公路范围内擅自移动井盖,否,110113,
十支队-顺义执法队,S201通顺路K12+870下行英各庄立交桥,擅自占用、挖掘公路,是,110113,
十支队-顺义执法队,S201通顺路K12+870下行英各庄立交桥,在公路用地范围内设置公路标志以外的其他标志,是,110113,
十支队-顺义执法队,S201通顺路K12+870下行英各庄立交桥,遮挡公路附属设施或者利用公路附属设施架设管道、悬挂物品，可能危及公路安全,是,110113,
十支队-顺义执法队,S201通顺路K12+870下行英各庄立交桥,车辆装载物触地拖行、掉落、遗洒或者飘散，造成公路路面损坏、污染,是,110113,
十支队-顺义执法队,S201通顺路K16+550上行后桥道班,在公路上及公路用地范围内堆放物品,是,110113,
十支队-顺义执法队,S201通顺路K16+550上行后桥道班,在公路上及公路用地范围内摆摊设点,是,110113,
十支队-顺义执法队,S201通顺路K16+550上行后桥道班,在公路范围内擅自移动井盖,否,110113,
十支队-顺义执法队,S201通顺路K16+550上行后桥道班,擅自占用、挖掘公路,是,110113,
十支队-顺义执法队,S201通顺路K16+550上行后桥道班,在公路用地范围内设置公路标志以外的其他标志,是,110113,
十支队-顺义执法队,S201通顺路K16+550上行后桥道班,遮挡公路附属设施或者利用公路附属设施架设管道、悬挂物品，可能危及公路安全,是,110113,
十支队-顺义执法队,S201通顺路K16+550上行后桥道班,车辆装载物触地拖行、掉落、遗洒或者飘散，造成公路路面损坏、污染,是,110113,
十支队-通州执法队,S201通顺路K2+580范庄泵站02,在公路上及公路用地范围内堆放物品,是,110112,11000000001318006676
十支队-通州执法队,S201通顺路K2+580范庄泵站02,在公路上及公路用地范围内摆摊设点,是,110112,11000000001318006676
十支队-通州执法队,S201通顺路K2+580范庄泵站02,在公路范围内擅自移动井盖,否,110112,11000000001318006676
十支队-通州执法队,S201通顺路K2+580范庄泵站02,擅自占用、挖掘公路,是,110112,11000000001318006676
十支队-通州执法队,S201通顺路K2+580范庄泵站02,在公路用地范围内设置公路标志以外的其他标志,是,110112,11000000001318006676
十支队-通州执法队,S201通顺路K2+580范庄泵站02,遮挡公路附属设施或者利用公路附属设施架设管道、悬挂物品，可能危及公路安全,是,110112,11000000001318006676
十支队-通州执法队,S201通顺路K2+580范庄泵站02,车辆装载物触地拖行、掉落、遗洒或者飘散，造成公路路面损坏、污染,是,110112,11000000001318006676
十支队-通州执法队,S201通顺路K2+680范庄泵站01,在公路上及公路用地范围内堆放物品,是,110112,11000000001319602276
十支队-通州执法队,S201通顺路K2+680范庄泵站01,在公路上及公路用地范围内摆摊设点,是,110112,11000000001319602276
十支队-通州执法队,S201通顺路K2+680范庄泵站01,在公路范围内擅自移动井盖,否,110112,11000000001319602276
十支队-通州执法队,S201通顺路K2+680范庄泵站01,擅自占用、挖掘公路,是,110112,11000000001319602276
十支队-通州执法队,S201通顺路K2+680范庄泵站01,在公路用地范围内设置公路标志以外的其他标志,是,110112,11000000001319602276
十支队-通州执法队,S201通顺路K2+680范庄泵站01,遮挡公路附属设施或者利用公路附属设施架设管道、悬挂物品，可能危及公路安全,是,110112,11000000001319602276
十支队-通州执法队,S201通顺路K2+680范庄泵站01,车辆装载物触地拖行、掉落、遗洒或者飘散，造成公路路面损坏、污染,是,110112,11000000001319602276
十支队-顺义执法队,S201通顺路K28+000上行白马路口北,在公路上及公路用地范围内堆放物品,是,110113,
十支队-顺义执法队,S201通顺路K28+000上行白马路口北,在公路上及公路用地范围内摆摊设点,是,110113,
十支队-顺义执法队,S201通顺路K28+000上行白马路口北,在公路范围内擅自移动井盖,否,110113,
十支队-顺义执法队,S201通顺路K28+000上行白马路口北,擅自占用、挖掘公路,是,110113,
十支队-顺义执法队,S201通顺路K28+000上行白马路口北,在公路用地范围内设置公路标志以外的其他标志,是,110113,
十支队-顺义执法队,S201通顺路K28+000上行白马路口北,遮挡公路附属设施或者利用公路附属设施架设管道、悬挂物品，可能危及公路安全,是,110113,
十支队-顺义执法队,S201通顺路K28+000上行白马路口北,车辆装载物触地拖行、掉落、遗洒或者飘散，造成公路路面损坏、污染,是,110113,
十支队-通州执法队,S201通顺路K7+500徐辛庄01,在公路上及公路用地范围内堆放物品,是,110112,11000000001311937920
十支队-通州执法队,S201通顺路K7+500徐辛庄01,在公路上及公路用地范围内摆摊设点,是,110112,11000000001311937920
十支队-通州执法队,S201通顺路K7+500徐辛庄01,在公路范围内擅自移动井盖,否,110112,11000000001311937920
十支队-通州执法队,S201通顺路K7+500徐辛庄01,擅自占用、挖掘公路,是,110112,11000000001311937920
十支队-通州执法队,S201通顺路K7+500徐辛庄01,在公路用地范围内设置公路标志以外的其他标志,是,110112,11000000001311937920
十支队-通州执法队,S201通顺路K7+500徐辛庄01,遮挡公路附属设施或者利用公路附属设施架设管道、悬挂物品，可能危及公路安全,是,110112,11000000001311937920
十支队-通州执法队,S201通顺路K7+500徐辛庄01,车辆装载物触地拖行、掉落、遗洒或者飘散，造成公路路面损坏、污染,是,110112,11000000001311937920
十支队-通州执法队,S201通顺路K9+870六环南,在公路上及公路用地范围内堆放物品,是,110112,11000000001315267076
十支队-通州执法队,S201通顺路K9+870六环南,在公路上及公路用地范围内摆摊设点,是,110112,11000000001315267076
十支队-通州执法队,S201通顺路K9+870六环南,在公路范围内擅自移动井盖,否,110112,11000000001315267076
十支队-通州执法队,S201通顺路K9+870六环南,擅自占用、挖掘公路,是,110112,11000000001315267076
十支队-通州执法队,S201通顺路K9+870六环南,在公路用地范围内设置公路标志以外的其他标志,是,110112,11000000001315267076
十支队-通州执法队,S201通顺路K9+870六环南,遮挡公路附属设施或者利用公路附属设施架设管道、悬挂物品，可能危及公路安全,是,110112,11000000001315267076
十支队-通州执法队,S201通顺路K9+870六环南,车辆装载物触地拖行、掉落、遗洒或者飘散，造成公路路面损坏、污染,是,110112,11000000001315267076
十支队-通州执法队,S202张采路K11+200牛堡屯道班,在公路上及公路用地范围内堆放物品,是,110112,
十支队-通州执法队,S202张采路K11+200牛堡屯道班,在公路上及公路用地范围内摆摊设点,是,110112,
十支队-通州执法队,S202张采路K11+200牛堡屯道班,在公路范围内擅自移动井盖,否,110112,
十支队-通州执法队,S202张采路K11+200牛堡屯道班,擅自占用、挖掘公路,是,110112,
十支队-通州执法队,S202张采路K11+200牛堡屯道班,在公路用地范围内设置公路标志以外的其他标志,是,110112,
十支队-通州执法队,S202张采路K11+200牛堡屯道班,遮挡公路附属设施或者利用公路附属设施架设管道、悬挂物品，可能危及公路安全,是,110112,
十支队-通州执法队,S202张采路K11+200牛堡屯道班,车辆装载物触地拖行、掉落、遗洒或者飘散，造成公路路面损坏、污染,是,110112,
十支队-通州执法队,S202张采路K14+830京津二通道北,在公路上及公路用地范围内堆放物品,是,110112,11000000001312786563
十支队-通州执法队,S202张采路K14+830京津二通道北,在公路上及公路用地范围内摆摊设点,是,110112,11000000001312786563
十支队-通州执法队,S202张采路K14+830京津二通道北,在公路范围内擅自移动井盖,否,110112,11000000001312786563
十支队-通州执法队,S202张采路K14+830京津二通道北,擅自占用、挖掘公路,是,110112,11000000001312786563
十支队-通州执法队,S202张采路K14+830京津二通道北,在公路用地范围内设置公路标志以外的其他标志,是,110112,11000000001312786563
十支队-通州执法队,S202张采路K14+830京津二通道北,遮挡公路附属设施或者利用公路附属设施架设管道、悬挂物品，可能危及公路安全,是,110112,11000000001312786563
十支队-通州执法队,S202张采路K14+830京津二通道北,车辆装载物触地拖行、掉落、遗洒或者飘散，造成公路路面损坏、污染,是,110112,11000000001312786563
十支队-通州执法队,S202张采路K17+500于家务乡路口南,在公路上及公路用地范围内堆放物品,是,110112,11000000001315912264
十支队-通州执法队,S202张采路K17+500于家务乡路口南,在公路上及公路用地范围内摆摊设点,是,110112,11000000001315912264
十支队-通州执法队,S202张采路K17+500于家务乡路口南,在公路范围内擅自移动井盖,否,110112,11000000001315912264
十支队-通州执法队,S202张采路K17+500于家务乡路口南,擅自占用、挖掘公路,是,110112,11000000001315912264
十支队-通州执法队,S202张采路K17+500于家务乡路口南,在公路用地范围内设置公路标志以外的其他标志,是,110112,11000000001315912264
十支队-通州执法队,S202张采路K17+500于家务乡路口南,遮挡公路附属设施或者利用公路附属设施架设管道、悬挂物品，可能危及公路安全,是,110112,11000000001315912264
十支队-通州执法队,S202张采路K17+500于家务乡路口南,车辆装载物触地拖行、掉落、遗洒或者飘散，造成公路路面损坏、污染,是,110112,11000000001315912264
十支队-通州执法队,S202张采路K23+503采林路口北,在公路上及公路用地范围内堆放物品,是,110112,11000000001319141840
十支队-通州执法队,S202张采路K23+503采林路口北,在公路上及公路用地范围内摆摊设点,是,110112,11000000001319141840
十支队-通州执法队,S202张采路K23+503采林路口北,在公路范围内擅自移动井盖,否,110112,11000000001319141840
十支队-通州执法队,S202张采路K23+503采林路口北,擅自占用、挖掘公路,是,110112,11000000001319141840
十支队-通州执法队,S202张采路K23+503采林路口北,在公路用地范围内设置公路标志以外的其他标志,是,110112,11000000001319141840
十支队-通州执法队,S202张采路K23+503采林路口北,遮挡公路附属设施或者利用公路附属设施架设管道、悬挂物品，可能危及公路安全,是,110112,11000000001319141840
十支队-通州执法队,S202张采路K23+503采林路口北,车辆装载物触地拖行、掉落、遗洒或者飘散，造成公路路面损坏、污染,是,110112,11000000001319141840
十支队-通州执法队,S202张采路K23+770采林路交叉口北,在公路上及公路用地范围内堆放物品,是,110112,
十支队-通州执法队,S202张采路K23+770采林路交叉口北,在公路上及公路用地范围内摆摊设点,是,110112,
十支队-通州执法队,S202张采路K23+770采林路交叉口北,在公路范围内擅自移动井盖,否,110112,
十支队-通州执法队,S202张采路K23+770采林路交叉口北,擅自占用、挖掘公路,是,110112,
十支队-通州执法队,S202张采路K23+770采林路交叉口北,在公路用地范围内设置公路标志以外的其他标志,是,110112,
十支队-通州执法队,S202张采路K23+770采林路交叉口北,遮挡公路附属设施或者利用公路附属设施架设管道、悬挂物品，可能危及公路安全,是,110112,
十支队-通州执法队,S202张采路K23+770采林路交叉口北,车辆装载物触地拖行、掉落、遗洒或者飘散，造成公路路面损坏、污染,是,110112,
十支队-通州执法队,S202张采路K6+030三间房村,在公路上及公路用地范围内堆放物品,是,110112,
十支队-通州执法队,S202张采路K6+030三间房村,在公路上及公路用地范围内摆摊设点,是,110112,
十支队-通州执法队,S202张采路K6+030三间房村,在公路范围内擅自移动井盖,否,110112,
十支队-通州执法队,S202张采路K6+030三间房村,擅自占用、挖掘公路,是,110112,
十支队-通州执法队,S202张采路K6+030三间房村,在公路用地范围内设置公路标志以外的其他标志,是,110112,
十支队-通州执法队,S202张采路K6+030三间房村,遮挡公路附属设施或者利用公路附属设施架设管道、悬挂物品，可能危及公路安全,是,110112,
十支队-通州执法队,S202张采路K6+030三间房村,车辆装载物触地拖行、掉落、遗洒或者飘散，造成公路路面损坏、污染,是,110112,
十支队-顺义执法队,S203顺密路K1+180下行顺平辅线路口北,在公路上及公路用地范围内堆放物品,是,110113,
十支队-顺义执法队,S203顺密路K1+180下行顺平辅线路口北,在公路上及公路用地范围内摆摊设点,是,110113,
十支队-顺义执法队,S203顺密路K1+180下行顺平辅线路口北,在公路范围内擅自移动井盖,否,110113,
十支队-顺义执法队,S203顺密路K1+180下行顺平辅线路口北,擅自占用、挖掘公路,是,110113,
十支队-顺义执法队,S203顺密路K1+180下行顺平辅线路口北,在公路用地范围内设置公路标志以外的其他标志,是,110113,
十支队-顺义执法队,S203顺密路K1+180下行顺平辅线路口北,遮挡公路附属设施或者利用公路附属设施架设管道、悬挂物品，可能危及公路安全,是,110113,
十支队-顺义执法队,S203顺密路K1+180下行顺平辅线路口北,车辆装载物触地拖行、掉落、遗洒或者飘散，造成公路路面损坏、污染,是,110113,
十支队-顺义执法队,S203顺密路K11+950下行昌金路口东,在公路上及公路用地范围内堆放物品,是,110113,
十支队-顺义执法队,S203顺密路K11+950下行昌金路口东,在公路上及公路用地范围内摆摊设点,是,110113,
十支队-顺义执法队,S203顺密路K11+950下行昌金路口东,在公路范围内擅自移动井盖,否,110113,
十支队-顺义执法队,S203顺密路K11+950下行昌金路口东,擅自占用、挖掘公路,是,110113,
十支队-顺义执法队,S203顺密路K11+950下行昌金路口东,在公路用地范围内设置公路标志以外的其他标志,是,110113,
十支队-顺义执法队,S203顺密路K11+950下行昌金路口东,遮挡公路附属设施或者利用公路附属设施架设管道、悬挂物品，可能危及公路安全,是,110113,
十支队-顺义执法队,S203顺密路K11+950下行昌金路口东,车辆装载物触地拖行、掉落、遗洒或者飘散，造成公路路面损坏、污染,是,110113,
十支队-密云执法队,S203顺密路K23+320钓鱼台,在公路上及公路用地范围内堆放物品,是,110118,
十支队-密云执法队,S203顺密路K23+320钓鱼台,在公路上及公路用地范围内摆摊设点,是,110118,
十支队-密云执法队,S203顺密路K23+320钓鱼台,在公路范围内擅自移动井盖,否,110118,
十支队-密云执法队,S203顺密路K23+320钓鱼台,擅自占用、挖掘公路,是,110118,
十支队-密云执法队,S203顺密路K23+320钓鱼台,在公路用地范围内设置公路标志以外的其他标志,是,110118,
十支队-密云执法队,S203顺密路K23+320钓鱼台,遮挡公路附属设施或者利用公路附属设施架设管道、悬挂物品，可能危及公路安全,是,110118,
十支队-密云执法队,S203顺密路K23+320钓鱼台,车辆装载物触地拖行、掉落、遗洒或者飘散，造成公路路面损坏、污染,是,110118,
十支队-密云执法队,S203顺密路K30+150密云桥,在公路上及公路用地范围内堆放物品,是,110118,
十支队-密云执法队,S203顺密路K30+150密云桥,在公路上及公路用地范围内摆摊设点,是,110118,
十支队-密云执法队,S203顺密路K30+150密云桥,在公路范围内擅自移动井盖,否,110118,
十支队-密云执法队,S203顺密路K30+150密云桥,擅自占用、挖掘公路,是,110118,
十支队-密云执法队,S203顺密路K30+150密云桥,在公路用地范围内设置公路标志以外的其他标志,是,110118,
十支队-密云执法队,S203顺密路K30+150密云桥,遮挡公路附属设施或者利用公路附属设施架设管道、悬挂物品，可能危及公路安全,是,110118,
十支队-密云执法队,S203顺密路K30+150密云桥,车辆装载物触地拖行、掉落、遗洒或者飘散，造成公路路面损坏、污染,是,110118,
十支队-顺义执法队,S203顺密路K5+700上行白马路口南,在公路上及公路用地范围内堆放物品,是,110113,
十支队-顺义执法队,S203顺密路K5+700上行白马路口南,在公路上及公路用地范围内摆摊设点,是,110113,
十支队-顺义执法队,S203顺密路K5+700上行白马路口南,在公路范围内擅自移动井盖,否,110113,
十支队-顺义执法队,S203顺密路K5+700上行白马路口南,擅自占用、挖掘公路,是,110113,
十支队-顺义执法队,S203顺密路K5+700上行白马路口南,在公路用地范围内设置公路标志以外的其他标志,是,110113,
十支队-顺义执法队,S203顺密路K5+700上行白马路口南,遮挡公路附属设施或者利用公路附属设施架设管道、悬挂物品，可能危及公路安全,是,110113,
十支队-顺义执法队,S203顺密路K5+700上行白马路口南,车辆装载物触地拖行、掉落、遗洒或者飘散，造成公路路面损坏、污染,是,110113,
十支队-密云执法队,S204密三路K18+000太保庄村南,在公路上及公路用地范围内堆放物品,是,110118,
十支队-密云执法队,S204密三路K18+000太保庄村南,在公路上及公路用地范围内摆摊设点,是,110118,
十支队-密云执法队,S204密三路K18+000太保庄村南,在公路范围内擅自移动井盖,否,110118,
十支队-密云执法队,S204密三路K18+000太保庄村南,擅自占用、挖掘公路,是,110118,
十支队-密云执法队,S204密三路K18+000太保庄村南,在公路用地范围内设置公路标志以外的其他标志,是,110118,
十支队-密云执法队,S204密三路K18+000太保庄村南,遮挡公路附属设施或者利用公路附属设施架设管道、悬挂物品，可能危及公路安全,是,110118,
十支队-密云执法队,S204密三路K18+000太保庄村南,车辆装载物触地拖行、掉落、遗洒或者飘散，造成公路路面损坏、污染,是,110118,
十支队-平谷执法队,S204密三路K24+350辛庄子,在公路上及公路用地范围内堆放物品,是,110117,
十支队-平谷执法队,S204密三路K24+350辛庄子,在公路上及公路用地范围内摆摊设点,是,110117,
十支队-平谷执法队,S204密三路K24+350辛庄子,在公路范围内擅自移动井盖,否,110117,
十支队-平谷执法队,S204密三路K24+350辛庄子,擅自占用、挖掘公路,是,110117,
十支队-平谷执法队,S204密三路K24+350辛庄子,在公路用地范围内设置公路标志以外的其他标志,是,110117,
十支队-平谷执法队,S204密三路K24+350辛庄子,遮挡公路附属设施或者利用公路附属设施架设管道、悬挂物品，可能危及公路安全,是,110117,
十支队-平谷执法队,S204密三路K24+350辛庄子,车辆装载物触地拖行、掉落、遗洒或者飘散，造成公路路面损坏、污染,是,110117,
十支队-平谷执法队,S204密三路K32+880峪口,在公路上及公路用地范围内堆放物品,是,110117,
十支队-平谷执法队,S204密三路K32+880峪口,在公路上及公路用地范围内摆摊设点,是,110117,
十支队-平谷执法队,S204密三路K32+880峪口,在公路范围内擅自移动井盖,否,110117,
十支队-平谷执法队,S204密三路K32+880峪口,擅自占用、挖掘公路,是,110117,
十支队-平谷执法队,S204密三路K32+880峪口,在公路用地范围内设置公路标志以外的其他标志,是,110117,
十支队-平谷执法队,S204密三路K32+880峪口,遮挡公路附属设施或者利用公路附属设施架设管道、悬挂物品，可能危及公路安全,是,110117,
十支队-平谷执法队,S204密三路K32+880峪口,车辆装载物触地拖行、掉落、遗洒或者飘散，造成公路路面损坏、污染,是,110117,
十支队-平谷执法队,S204密三路K42+010果各庄,在公路上及公路用地范围内堆放物品,是,110117,
十支队-平谷执法队,S204密三路K42+010果各庄,在公路上及公路用地范围内摆摊设点,是,110117,
十支队-平谷执法队,S204密三路K42+010果各庄,在公路范围内擅自移动井盖,否,110117,
十支队-平谷执法队,S204密三路K42+010果各庄,擅自占用、挖掘公路,是,110117,
十支队-平谷执法队,S204密三路K42+010果各庄,在公路用地范围内设置公路标志以外的其他标志,是,110117,
十支队-平谷执法队,S204密三路K42+010果各庄,遮挡公路附属设施或者利用公路附属设施架设管道、悬挂物品，可能危及公路安全,是,110117,
十支队-平谷执法队,S204密三路K42+010果各庄,车辆装载物触地拖行、掉落、遗洒或者飘散，造成公路路面损坏、污染,是,110117,
十支队-平谷执法队,S204密三路K44+070英城村西,在公路上及公路用地范围内堆放物品,是,110117,
十支队-平谷执法队,S204密三路K44+070英城村西,在公路上及公路用地范围内摆摊设点,是,110117,
十支队-平谷执法队,S204密三路K44+070英城村西,在公路范围内擅自移动井盖,否,110117,
十支队-平谷执法队,S204密三路K44+070英城村西,擅自占用、挖掘公路,是,110117,
十支队-平谷执法队,S204密三路K44+070英城村西,在公路用地范围内设置公路标志以外的其他标志,是,110117,
十支队-平谷执法队,S204密三路K44+070英城村西,遮挡公路附属设施或者利用公路附属设施架设管道、悬挂物品，可能危及公路安全,是,110117,
十支队-平谷执法队,S204密三路K44+070英城村西,车辆装载物触地拖行、掉落、遗洒或者飘散，造成公路路面损坏、污染,是,110117,
十支队-密云执法队,S205密关路K24+000新白河大桥,在公路上及公路用地范围内堆放物品,是,110118,
十支队-密云执法队,S205密关路K24+000新白河大桥,在公路上及公路用地范围内摆摊设点,是,110118,
十支队-密云执法队,S205密关路K24+000新白河大桥,在公路范围内擅自移动井盖,否,110118,
十支队-密云执法队,S205密关路K24+000新白河大桥,擅自占用、挖掘公路,是,110118,
十支队-密云执法队,S205密关路K24+000新白河大桥,在公路用地范围内设置公路标志以外的其他标志,是,110118,
十支队-密云执法队,S205密关路K24+000新白河大桥,遮挡公路附属设施或者利用公路附属设施架设管道、悬挂物品，可能危及公路安全,是,110118,
十支队-密云执法队,S205密关路K24+000新白河大桥,车辆装载物触地拖行、掉落、遗洒或者飘散，造成公路路面损坏、污染,是,110118,
十支队-平谷执法队,S206平三路K2+500东高村,在公路上及公路用地范围内堆放物品,是,110117,
十支队-平谷执法队,S206平三路K2+500东高村,在公路上及公路用地范围内摆摊设点,是,110117,
十支队-平谷执法队,S206平三路K2+500东高村,在公路范围内擅自移动井盖,否,110117,
十支队-平谷执法队,S206平三路K2+500东高村,擅自占用、挖掘公路,是,110117,
十支队-平谷执法队,S206平三路K2+500东高村,在公路用地范围内设置公路标志以外的其他标志,是,110117,
十支队-平谷执法队,S206平三路K2+500东高村,遮挡公路附属设施或者利用公路附属设施架设管道、悬挂物品，可能危及公路安全,是,110117,
十支队-平谷执法队,S206平三路K2+500东高村,车辆装载物触地拖行、掉落、遗洒或者飘散，造成公路路面损坏、污染,是,110117,
十支队-通州执法队,S207通清路K0+790京哈高速入口,在公路上及公路用地范围内堆放物品,是,110112,11000000001313090657
十支队-通州执法队,S207通清路K0+790京哈高速入口,在公路上及公路用地范围内摆摊设点,是,110112,11000000001313090657
十支队-通州执法队,S207通清路K0+790京哈高速入口,在公路范围内擅自移动井盖,否,110112,11000000001313090657
十支队-通州执法队,S207通清路K0+790京哈高速入口,擅自占用、挖掘公路,是,110112,11000000001313090657
十支队-通州执法队,S207通清路K0+790京哈高速入口,在公路用地范围内设置公路标志以外的其他标志,是,110112,11000000001313090657
十支队-通州执法队,S207通清路K0+790京哈高速入口,遮挡公路附属设施或者利用公路附属设施架设管道、悬挂物品，可能危及公路安全,是,110112,11000000001313090657
十支队-通州执法队,S207通清路K0+790京哈高速入口,车辆装载物触地拖行、掉落、遗洒或者飘散，造成公路路面损坏、污染,是,110112,11000000001313090657
十支队-通州执法队,S207通清路K8+880纪各庄桥,在公路上及公路用地范围内堆放物品,是,110112,11000000001311789144
十支队-通州执法队,S207通清路K8+880纪各庄桥,在公路上及公路用地范围内摆摊设点,是,110112,11000000001311789144
十支队-通州执法队,S207通清路K8+880纪各庄桥,在公路范围内擅自移动井盖,否,110112,11000000001311789144
十支队-通州执法队,S207通清路K8+880纪各庄桥,擅自占用、挖掘公路,是,110112,11000000001311789144
十支队-通州执法队,S207通清路K8+880纪各庄桥,在公路用地范围内设置公路标志以外的其他标志,是,110112,11000000001311789144
十支队-通州执法队,S207通清路K8+880纪各庄桥,遮挡公路附属设施或者利用公路附属设施架设管道、悬挂物品，可能危及公路安全,是,110112,11000000001311789144
十支队-通州执法队,S207通清路K8+880纪各庄桥,车辆装载物触地拖行、掉落、遗洒或者飘散，造成公路路面损坏、污染,是,110112,11000000001311789144
十支队-怀柔执法队,S213安四路K55+100九渡河,在公路上及公路用地范围内堆放物品,是,110116,
十支队-怀柔执法队,S213安四路K55+100九渡河,在公路上及公路用地范围内摆摊设点,是,110116,
十支队-怀柔执法队,S213安四路K55+100九渡河,在公路范围内擅自移动井盖,否,110116,
十支队-怀柔执法队,S213安四路K55+100九渡河,擅自占用、挖掘公路,是,110116,
十支队-怀柔执法队,S213安四路K55+100九渡河,在公路用地范围内设置公路标志以外的其他标志,是,110116,
十支队-怀柔执法队,S213安四路K55+100九渡河,遮挡公路附属设施或者利用公路附属设施架设管道、悬挂物品，可能危及公路安全,是,110116,
十支队-怀柔执法队,S213安四路K55+100九渡河,车辆装载物触地拖行、掉落、遗洒或者飘散，造成公路路面损坏、污染,是,110116,
十支队-怀柔执法队,S213安四路K62+080黄花城桥,在公路上及公路用地范围内堆放物品,是,110116,
十支队-怀柔执法队,S213安四路K62+080黄花城桥,在公路上及公路用地范围内摆摊设点,是,110116,
十支队-怀柔执法队,S213安四路K62+080黄花城桥,在公路范围内擅自移动井盖,否,110116,
十支队-怀柔执法队,S213安四路K62+080黄花城桥,擅自占用、挖掘公路,是,110116,
十支队-怀柔执法队,S213安四路K62+080黄花城桥,在公路用地范围内设置公路标志以外的其他标志,是,110116,
十支队-怀柔执法队,S213安四路K62+080黄花城桥,遮挡公路附属设施或者利用公路附属设施架设管道、悬挂物品，可能危及公路安全,是,110116,
十支队-怀柔执法队,S213安四路K62+080黄花城桥,车辆装载物触地拖行、掉落、遗洒或者飘散，造成公路路面损坏、污染,是,110116,
十支队-怀柔执法队,S213安四路K66+830二道关,在公路上及公路用地范围内堆放物品,是,110116,
十支队-怀柔执法队,S213安四路K66+830二道关,在公路上及公路用地范围内摆摊设点,是,110116,
十支队-怀柔执法队,S213安四路K66+830二道关,在公路范围内擅自移动井盖,否,110116,
十支队-怀柔执法队,S213安四路K66+830二道关,擅自占用、挖掘公路,是,110116,
十支队-怀柔执法队,S213安四路K66+830二道关,在公路用地范围内设置公路标志以外的其他标志,是,110116,
十支队-怀柔执法队,S213安四路K66+830二道关,遮挡公路附属设施或者利用公路附属设施架设管道、悬挂物品，可能危及公路安全,是,110116,
十支队-怀柔执法队,S213安四路K66+830二道关,车辆装载物触地拖行、掉落、遗洒或者飘散，造成公路路面损坏、污染,是,110116,
十支队-怀柔执法队,S213安四路K71+900杏树台,在公路上及公路用地范围内堆放物品,是,110116,
十支队-怀柔执法队,S213安四路K71+900杏树台,在公路上及公路用地范围内摆摊设点,是,110116,
十支队-怀柔执法队,S213安四路K71+900杏树台,在公路范围内擅自移动井盖,否,110116,
十支队-怀柔执法队,S213安四路K71+900杏树台,擅自占用、挖掘公路,是,110116,
十支队-怀柔执法队,S213安四路K71+900杏树台,在公路用地范围内设置公路标志以外的其他标志,是,110116,
十支队-怀柔执法队,S213安四路K71+900杏树台,遮挡公路附属设施或者利用公路附属设施架设管道、悬挂物品，可能危及公路安全,是,110116,
十支队-怀柔执法队,S213安四路K71+900杏树台,车辆装载物触地拖行、掉落、遗洒或者飘散，造成公路路面损坏、污染,是,110116,
十支队-通州执法队,S214壁富路K3+440与徐尹路交叉路口北,在公路上及公路用地范围内堆放物品,是,110112,11000000001318638290
十支队-通州执法队,S214壁富路K3+440与徐尹路交叉路口北,在公路上及公路用地范围内摆摊设点,是,110112,11000000001318638290
十支队-通州执法队,S214壁富路K3+440与徐尹路交叉路口北,在公路范围内擅自移动井盖,否,110112,11000000001318638290
十支队-通州执法队,S214壁富路K3+440与徐尹路交叉路口北,擅自占用、挖掘公路,是,110112,11000000001318638290
十支队-通州执法队,S214壁富路K3+440与徐尹路交叉路口北,在公路用地范围内设置公路标志以外的其他标志,是,110112,11000000001318638290
十支队-通州执法队,S214壁富路K3+440与徐尹路交叉路口北,遮挡公路附属设施或者利用公路附属设施架设管道、悬挂物品，可能危及公路安全,是,110112,11000000001318638290
十支队-通州执法队,S214壁富路K3+440与徐尹路交叉路口北,车辆装载物触地拖行、掉落、遗洒或者飘散，造成公路路面损坏、污染,是,110112,11000000001318638290
十支队-通州执法队,S221孔兴路K3+700小务02,在公路上及公路用地范围内堆放物品,是,110112,11000000001318547914
十支队-通州执法队,S221孔兴路K3+700小务02,在公路上及公路用地范围内摆摊设点,是,110112,11000000001318547914
十支队-通州执法队,S221孔兴路K3+700小务02,在公路范围内擅自移动井盖,否,110112,11000000001318547914
十支队-通州执法队,S221孔兴路K3+700小务02,擅自占用、挖掘公路,是,110112,11000000001318547914
十支队-通州执法队,S221孔兴路K3+700小务02,在公路用地范围内设置公路标志以外的其他标志,是,110112,11000000001318547914
十支队-通州执法队,S221孔兴路K3+700小务02,遮挡公路附属设施或者利用公路附属设施架设管道、悬挂物品，可能危及公路安全,是,110112,11000000001318547914
十支队-通州执法队,S221孔兴路K3+700小务02,车辆装载物触地拖行、掉落、遗洒或者飘散，造成公路路面损坏、污染,是,110112,11000000001318547914
十支队-通州执法队,S221孔兴路K9+760兴隆庄南,在公路上及公路用地范围内堆放物品,是,110112,11000000001314817506
十支队-通州执法队,S221孔兴路K9+760兴隆庄南,在公路上及公路用地范围内摆摊设点,是,110112,11000000001314817506
十支队-通州执法队,S221孔兴路K9+760兴隆庄南,在公路范围内擅自移动井盖,否,110112,11000000001314817506
十支队-通州执法队,S221孔兴路K9+760兴隆庄南,擅自占用、挖掘公路,是,110112,11000000001314817506
十支队-通州执法队,S221孔兴路K9+760兴隆庄南,在公路用地范围内设置公路标志以外的其他标志,是,110112,11000000001314817506
十支队-通州执法队,S221孔兴路K9+760兴隆庄南,遮挡公路附属设施或者利用公路附属设施架设管道、悬挂物品，可能危及公路安全,是,110112,11000000001314817506
十支队-通州执法队,S221孔兴路K9+760兴隆庄南,车辆装载物触地拖行、掉落、遗洒或者飘散，造成公路路面损坏、污染,是,110112,11000000001314817506
十支队-平谷执法队,S222崔杏路K1+650青阳屯村东,在公路上及公路用地范围内堆放物品,是,110117,
十支队-平谷执法队,S222崔杏路K1+650青阳屯村东,在公路上及公路用地范围内摆摊设点,是,110117,
十支队-平谷执法队,S222崔杏路K1+650青阳屯村东,在公路范围内擅自移动井盖,否,110117,
十支队-平谷执法队,S222崔杏路K1+650青阳屯村东,擅自占用、挖掘公路,是,110117,
十支队-平谷执法队,S222崔杏路K1+650青阳屯村东,在公路用地范围内设置公路标志以外的其他标志,是,110117,
十支队-平谷执法队,S222崔杏路K1+650青阳屯村东,遮挡公路附属设施或者利用公路附属设施架设管道、悬挂物品，可能危及公路安全,是,110117,
十支队-平谷执法队,S222崔杏路K1+650青阳屯村东,车辆装载物触地拖行、掉落、遗洒或者飘散，造成公路路面损坏、污染,是,110117,
十支队-通州执法队,S223漷永路K12+800德仁务村,在公路上及公路用地范围内堆放物品,是,110112,
十支队-通州执法队,S223漷永路K12+800德仁务村,在公路上及公路用地范围内摆摊设点,是,110112,
十支队-通州执法队,S223漷永路K12+800德仁务村,在公路范围内擅自移动井盖,否,110112,
十支队-通州执法队,S223漷永路K12+800德仁务村,擅自占用、挖掘公路,是,110112,
十支队-通州执法队,S223漷永路K12+800德仁务村,在公路用地范围内设置公路标志以外的其他标志,是,110112,
十支队-通州执法队,S223漷永路K12+800德仁务村,遮挡公路附属设施或者利用公路附属设施架设管道、悬挂物品，可能危及公路安全,是,110112,
十支队-通州执法队,S223漷永路K12+800德仁务村,车辆装载物触地拖行、掉落、遗洒或者飘散，造成公路路面损坏、污染,是,110112,
十支队-通州执法队,S223漷永路K19+300永乐店开发区,在公路上及公路用地范围内堆放物品,是,110112,
十支队-通州执法队,S223漷永路K19+300永乐店开发区,在公路上及公路用地范围内摆摊设点,是,110112,
十支队-通州执法队,S223漷永路K19+300永乐店开发区,在公路范围内擅自移动井盖,否,110112,
十支队-通州执法队,S223漷永路K19+300永乐店开发区,擅自占用、挖掘公路,是,110112,
十支队-通州执法队,S223漷永路K19+300永乐店开发区,在公路用地范围内设置公路标志以外的其他标志,是,110112,
十支队-通州执法队,S223漷永路K19+300永乐店开发区,遮挡公路附属设施或者利用公路附属设施架设管道、悬挂物品，可能危及公路安全,是,110112,
十支队-通州执法队,S223漷永路K19+300永乐店开发区,车辆装载物触地拖行、掉落、遗洒或者飘散，造成公路路面损坏、污染,是,110112,
十支队-顺义执法队,S224木燕路K10+730上行顺平路口北,在公路上及公路用地范围内堆放物品,是,110113,
十支队-顺义执法队,S224木燕路K10+730上行顺平路口北,在公路上及公路用地范围内摆摊设点,是,110113,
十支队-顺义执法队,S224木燕路K10+730上行顺平路口北,在公路范围内擅自移动井盖,否,110113,
十支队-顺义执法队,S224木燕路K10+730上行顺平路口北,擅自占用、挖掘公路,是,110113,
十支队-顺义执法队,S224木燕路K10+730上行顺平路口北,在公路用地范围内设置公路标志以外的其他标志,是,110113,
十支队-顺义执法队,S224木燕路K10+730上行顺平路口北,遮挡公路附属设施或者利用公路附属设施架设管道、悬挂物品，可能危及公路安全,是,110113,
十支队-顺义执法队,S224木燕路K10+730上行顺平路口北,车辆装载物触地拖行、掉落、遗洒或者飘散，造成公路路面损坏、污染,是,110113,
十支队-顺义执法队,S224木燕路K16+110下行顺平南线路口北,在公路上及公路用地范围内堆放物品,是,110113,
十支队-顺义执法队,S224木燕路K16+110下行顺平南线路口北,在公路上及公路用地范围内摆摊设点,是,110113,
十支队-顺义执法队,S224木燕路K16+110下行顺平南线路口北,在公路范围内擅自移动井盖,否,110113,
十支队-顺义执法队,S224木燕路K16+110下行顺平南线路口北,擅自占用、挖掘公路,是,110113,
十支队-顺义执法队,S224木燕路K16+110下行顺平南线路口北,在公路用地范围内设置公路标志以外的其他标志,是,110113,
十支队-顺义执法队,S224木燕路K16+110下行顺平南线路口北,遮挡公路附属设施或者利用公路附属设施架设管道、悬挂物品，可能危及公路安全,是,110113,
十支队-顺义执法队,S224木燕路K16+110下行顺平南线路口北,车辆装载物触地拖行、掉落、遗洒或者飘散，造成公路路面损坏、污染,是,110113,
十支队-顺义执法队,S224木燕路K22+310上行京平高速出口北,在公路上及公路用地范围内堆放物品,是,110113,
十支队-顺义执法队,S224木燕路K22+310上行京平高速出口北,在公路上及公路用地范围内摆摊设点,是,110113,
十支队-顺义执法队,S224木燕路K22+310上行京平高速出口北,在公路范围内擅自移动井盖,否,110113,
十支队-顺义执法队,S224木燕路K22+310上行京平高速出口北,擅自占用、挖掘公路,是,110113,
十支队-顺义执法队,S224木燕路K22+310上行京平高速出口北,在公路用地范围内设置公路标志以外的其他标志,是,110113,
十支队-顺义执法队,S224木燕路K22+310上行京平高速出口北,遮挡公路附属设施或者利用公路附属设施架设管道、悬挂物品，可能危及公路安全,是,110113,
十支队-顺义执法队,S224木燕路K22+310上行京平高速出口北,车辆装载物触地拖行、掉落、遗洒或者飘散，造成公路路面损坏、污染,是,110113,
十支队-顺义执法队,S224木燕路K24+800马庄村口 (出京),在公路上及公路用地范围内堆放物品,是,110113,
十支队-顺义执法队,S224木燕路K24+800马庄村口 (出京),在公路上及公路用地范围内摆摊设点,是,110113,
十支队-顺义执法队,S224木燕路K24+800马庄村口 (出京),在公路范围内擅自移动井盖,否,110113,
十支队-顺义执法队,S224木燕路K24+800马庄村口 (出京),擅自占用、挖掘公路,是,110113,
十支队-顺义执法队,S224木燕路K24+800马庄村口 (出京),在公路用地范围内设置公路标志以外的其他标志,是,110113,
十支队-顺义执法队,S224木燕路K24+800马庄村口 (出京),遮挡公路附属设施或者利用公路附属设施架设管道、悬挂物品，可能危及公路安全,是,110113,
十支队-顺义执法队,S224木燕路K24+800马庄村口 (出京),车辆装载物触地拖行、掉落、遗洒或者飘散，造成公路路面损坏、污染,是,110113,
十支队-顺义执法队,S224木燕路K24+800马庄村口 (进京),在公路上及公路用地范围内堆放物品,是,110113,
十支队-顺义执法队,S224木燕路K24+800马庄村口 (进京),在公路上及公路用地范围内摆摊设点,是,110113,
十支队-顺义执法队,S224木燕路K24+800马庄村口 (进京),在公路范围内擅自移动井盖,否,110113,
十支队-顺义执法队,S224木燕路K24+800马庄村口 (进京),擅自占用、挖掘公路,是,110113,
十支队-顺义执法队,S224木燕路K24+800马庄村口 (进京),在公路用地范围内设置公路标志以外的其他标志,是,110113,
十支队-顺义执法队,S224木燕路K24+800马庄村口 (进京),遮挡公路附属设施或者利用公路附属设施架设管道、悬挂物品，可能危及公路安全,是,110113,
十支队-顺义执法队,S224木燕路K24+800马庄村口 (进京),车辆装载物触地拖行、掉落、遗洒或者飘散，造成公路路面损坏、污染,是,110113,
十支队-顺义执法队,S224木燕路K24+800下行马庄村口,在公路上及公路用地范围内堆放物品,是,110113,
十支队-顺义执法队,S224木燕路K24+800下行马庄村口,在公路上及公路用地范围内摆摊设点,是,110113,
十支队-顺义执法队,S224木燕路K24+800下行马庄村口,在公路范围内擅自移动井盖,否,110113,
十支队-顺义执法队,S224木燕路K24+800下行马庄村口,擅自占用、挖掘公路,是,110113,
十支队-顺义执法队,S224木燕路K24+800下行马庄村口,在公路用地范围内设置公路标志以外的其他标志,是,110113,
十支队-顺义执法队,S224木燕路K24+800下行马庄村口,遮挡公路附属设施或者利用公路附属设施架设管道、悬挂物品，可能危及公路安全,是,110113,
十支队-顺义执法队,S224木燕路K24+800下行马庄村口,车辆装载物触地拖行、掉落、遗洒或者飘散，造成公路路面损坏、污染,是,110113,
十支队-顺义执法队,S224木燕路K3+000下行大秦铁路桥,在公路上及公路用地范围内堆放物品,是,110113,
十支队-顺义执法队,S224木燕路K3+000下行大秦铁路桥,在公路上及公路用地范围内摆摊设点,是,110113,
十支队-顺义执法队,S224木燕路K3+000下行大秦铁路桥,在公路范围内擅自移动井盖,否,110113,
十支队-顺义执法队,S224木燕路K3+000下行大秦铁路桥,擅自占用、挖掘公路,是,110113,
十支队-顺义执法队,S224木燕路K3+000下行大秦铁路桥,在公路用地范围内设置公路标志以外的其他标志,是,110113,
十支队-顺义执法队,S224木燕路K3+000下行大秦铁路桥,遮挡公路附属设施或者利用公路附属设施架设管道、悬挂物品，可能危及公路安全,是,110113,
十支队-顺义执法队,S224木燕路K3+000下行大秦铁路桥,车辆装载物触地拖行、掉落、遗洒或者飘散，造成公路路面损坏、污染,是,110113,
十支队-顺义执法队,S225机场东路K0+170下行顺平路口南,在公路上及公路用地范围内堆放物品,是,110113,
十支队-顺义执法队,S225机场东路K0+170下行顺平路口南,在公路上及公路用地范围内摆摊设点,是,110113,
十支队-顺义执法队,S225机场东路K0+170下行顺平路口南,在公路范围内擅自移动井盖,否,110113,
十支队-顺义执法队,S225机场东路K0+170下行顺平路口南,擅自占用、挖掘公路,是,110113,
十支队-顺义执法队,S225机场东路K0+170下行顺平路口南,在公路用地范围内设置公路标志以外的其他标志,是,110113,
十支队-顺义执法队,S225机场东路K0+170下行顺平路口南,遮挡公路附属设施或者利用公路附属设施架设管道、悬挂物品，可能危及公路安全,是,110113,
十支队-顺义执法队,S225机场东路K0+170下行顺平路口南,车辆装载物触地拖行、掉落、遗洒或者飘散，造成公路路面损坏、污染,是,110113,
十支队-顺义执法队,S225机场东路K5+000上行南环立交,在公路上及公路用地范围内堆放物品,是,110113,
十支队-顺义执法队,S225机场东路K5+000上行南环立交,在公路上及公路用地范围内摆摊设点,是,110113,
十支队-顺义执法队,S225机场东路K5+000上行南环立交,在公路范围内擅自移动井盖,否,110113,
十支队-顺义执法队,S225机场东路K5+000上行南环立交,擅自占用、挖掘公路,是,110113,
十支队-顺义执法队,S225机场东路K5+000上行南环立交,在公路用地范围内设置公路标志以外的其他标志,是,110113,
十支队-顺义执法队,S225机场东路K5+000上行南环立交,遮挡公路附属设施或者利用公路附属设施架设管道、悬挂物品，可能危及公路安全,是,110113,
十支队-顺义执法队,S225机场东路K5+000上行南环立交,车辆装载物触地拖行、掉落、遗洒或者飘散，造成公路路面损坏、污染,是,110113,
十支队-顺义执法队,S225机场东路K5+020下行南环立交,在公路上及公路用地范围内堆放物品,是,110113,
十支队-顺义执法队,S225机场东路K5+020下行南环立交,在公路上及公路用地范围内摆摊设点,是,110113,
十支队-顺义执法队,S225机场东路K5+020下行南环立交,在公路范围内擅自移动井盖,否,110113,
十支队-顺义执法队,S225机场东路K5+020下行南环立交,擅自占用、挖掘公路,是,110113,
十支队-顺义执法队,S225机场东路K5+020下行南环立交,在公路用地范围内设置公路标志以外的其他标志,是,110113,
十支队-顺义执法队,S225机场东路K5+020下行南环立交,遮挡公路附属设施或者利用公路附属设施架设管道、悬挂物品，可能危及公路安全,是,110113,
十支队-顺义执法队,S225机场东路K5+020下行南环立交,车辆装载物触地拖行、掉落、遗洒或者飘散，造成公路路面损坏、污染,是,110113,
十支队-顺义执法队,S225机场东路K6+900上行龙塘路口北,在公路上及公路用地范围内堆放物品,是,110113,
十支队-顺义执法队,S225机场东路K6+900上行龙塘路口北,在公路上及公路用地范围内摆摊设点,是,110113,
十支队-顺义执法队,S225机场东路K6+900上行龙塘路口北,在公路范围内擅自移动井盖,否,110113,
十支队-顺义执法队,S225机场东路K6+900上行龙塘路口北,擅自占用、挖掘公路,是,110113,
十支队-顺义执法队,S225机场东路K6+900上行龙塘路口北,在公路用地范围内设置公路标志以外的其他标志,是,110113,
十支队-顺义执法队,S225机场东路K6+900上行龙塘路口北,遮挡公路附属设施或者利用公路附属设施架设管道、悬挂物品，可能危及公路安全,是,110113,
十支队-顺义执法队,S225机场东路K6+900上行龙塘路口北,车辆装载物触地拖行、掉落、遗洒或者飘散，造成公路路面损坏、污染,是,110113,
十支队-顺义执法队,S225机场东路K7+900上行四纬路路口南,在公路上及公路用地范围内堆放物品,是,110113,
十支队-顺义执法队,S225机场东路K7+900上行四纬路路口南,在公路上及公路用地范围内摆摊设点,是,110113,
十支队-顺义执法队,S225机场东路K7+900上行四纬路路口南,在公路范围内擅自移动井盖,否,110113,
十支队-顺义执法队,S225机场东路K7+900上行四纬路路口南,擅自占用、挖掘公路,是,110113,
十支队-顺义执法队,S225机场东路K7+900上行四纬路路口南,在公路用地范围内设置公路标志以外的其他标志,是,110113,
十支队-顺义执法队,S225机场东路K7+900上行四纬路路口南,遮挡公路附属设施或者利用公路附属设施架设管道、悬挂物品，可能危及公路安全,是,110113,
十支队-顺义执法队,S225机场东路K7+900上行四纬路路口南,车辆装载物触地拖行、掉落、遗洒或者飘散，造成公路路面损坏、污染,是,110113,
十支队-通州执法队,S226马朱路K0+800漷马路交叉口北,在公路上及公路用地范围内堆放物品,是,110112,11000000001316686830
十支队-通州执法队,S226马朱路K0+800漷马路交叉口北,在公路上及公路用地范围内摆摊设点,是,110112,11000000001316686830
十支队-通州执法队,S226马朱路K0+800漷马路交叉口北,在公路范围内擅自移动井盖,否,110112,11000000001316686830
十支队-通州执法队,S226马朱路K0+800漷马路交叉口北,擅自占用、挖掘公路,是,110112,11000000001316686830
十支队-通州执法队,S226马朱路K0+800漷马路交叉口北,在公路用地范围内设置公路标志以外的其他标志,是,110112,11000000001316686830
十支队-通州执法队,S226马朱路K0+800漷马路交叉口北,遮挡公路附属设施或者利用公路附属设施架设管道、悬挂物品，可能危及公路安全,是,110112,11000000001316686830
十支队-通州执法队,S226马朱路K0+800漷马路交叉口北,车辆装载物触地拖行、掉落、遗洒或者飘散，造成公路路面损坏、污染,是,110112,11000000001316686830
十支队-怀柔执法队,S227杨雁路K0+550大秦铁路桥,在公路上及公路用地范围内堆放物品,是,110116,
十支队-怀柔执法队,S227杨雁路K0+550大秦铁路桥,在公路上及公路用地范围内摆摊设点,是,110116,
十支队-怀柔执法队,S227杨雁路K0+550大秦铁路桥,在公路范围内擅自移动井盖,否,110116,
十支队-怀柔执法队,S227杨雁路K0+550大秦铁路桥,擅自占用、挖掘公路,是,110116,
十支队-怀柔执法队,S227杨雁路K0+550大秦铁路桥,在公路用地范围内设置公路标志以外的其他标志,是,110116,
十支队-怀柔执法队,S227杨雁路K0+550大秦铁路桥,遮挡公路附属设施或者利用公路附属设施架设管道、悬挂物品，可能危及公路安全,是,110116,
十支队-怀柔执法队,S227杨雁路K0+550大秦铁路桥,车辆装载物触地拖行、掉落、遗洒或者飘散，造成公路路面损坏、污染,是,110116,
十支队-怀柔执法队,S227杨雁路K6+650京承铁路桥杨宋方向,在公路上及公路用地范围内堆放物品,是,110116,
十支队-怀柔执法队,S227杨雁路K6+650京承铁路桥杨宋方向,在公路上及公路用地范围内摆摊设点,是,110116,
十支队-怀柔执法队,S227杨雁路K6+650京承铁路桥杨宋方向,在公路范围内擅自移动井盖,否,110116,
十支队-怀柔执法队,S227杨雁路K6+650京承铁路桥杨宋方向,擅自占用、挖掘公路,是,110116,
十支队-怀柔执法队,S227杨雁路K6+650京承铁路桥杨宋方向,在公路用地范围内设置公路标志以外的其他标志,是,110116,
十支队-怀柔执法队,S227杨雁路K6+650京承铁路桥杨宋方向,遮挡公路附属设施或者利用公路附属设施架设管道、悬挂物品，可能危及公路安全,是,110116,
十支队-怀柔执法队,S227杨雁路K6+650京承铁路桥杨宋方向,车辆装载物触地拖行、掉落、遗洒或者飘散，造成公路路面损坏、污染,是,110116,
十支队-怀柔执法队,S227杨雁路K6+700京承铁路桥雁栖方向,在公路上及公路用地范围内堆放物品,是,110116,
十支队-怀柔执法队,S227杨雁路K6+700京承铁路桥雁栖方向,在公路上及公路用地范围内摆摊设点,是,110116,
十支队-怀柔执法队,S227杨雁路K6+700京承铁路桥雁栖方向,在公路范围内擅自移动井盖,否,110116,
十支队-怀柔执法队,S227杨雁路K6+700京承铁路桥雁栖方向,擅自占用、挖掘公路,是,110116,
十支队-怀柔执法队,S227杨雁路K6+700京承铁路桥雁栖方向,在公路用地范围内设置公路标志以外的其他标志,是,110116,
十支队-怀柔执法队,S227杨雁路K6+700京承铁路桥雁栖方向,遮挡公路附属设施或者利用公路附属设施架设管道、悬挂物品，可能危及公路安全,是,110116,
十支队-怀柔执法队,S227杨雁路K6+700京承铁路桥雁栖方向,车辆装载物触地拖行、掉落、遗洒或者飘散，造成公路路面损坏、污染,是,110116,
十支队-通州执法队,S229通怀路K4+420芙蓉路口东南侧01,在公路上及公路用地范围内堆放物品,是,110112,
十支队-通州执法队,S229通怀路K4+420芙蓉路口东南侧01,在公路上及公路用地范围内摆摊设点,是,110112,
十支队-通州执法队,S229通怀路K4+420芙蓉路口东南侧01,在公路范围内擅自移动井盖,否,110112,
十支队-通州执法队,S229通怀路K4+420芙蓉路口东南侧01,擅自占用、挖掘公路,是,110112,
十支队-通州执法队,S229通怀路K4+420芙蓉路口东南侧01,在公路用地范围内设置公路标志以外的其他标志,是,110112,
十支队-通州执法队,S229通怀路K4+420芙蓉路口东南侧01,遮挡公路附属设施或者利用公路附属设施架设管道、悬挂物品，可能危及公路安全,是,110112,
十支队-通州执法队,S229通怀路K4+420芙蓉路口东南侧01,车辆装载物触地拖行、掉落、遗洒或者飘散，造成公路路面损坏、污染,是,110112,
十支队-通州执法队,S229通怀路K4+420芙蓉路口东南侧02,在公路上及公路用地范围内堆放物品,是,110112,
十支队-通州执法队,S229通怀路K4+420芙蓉路口东南侧02,在公路上及公路用地范围内摆摊设点,是,110112,
十支队-通州执法队,S229通怀路K4+420芙蓉路口东南侧02,在公路范围内擅自移动井盖,否,110112,
十支队-通州执法队,S229通怀路K4+420芙蓉路口东南侧02,擅自占用、挖掘公路,是,110112,
十支队-通州执法队,S229通怀路K4+420芙蓉路口东南侧02,在公路用地范围内设置公路标志以外的其他标志,是,110112,
十支队-通州执法队,S229通怀路K4+420芙蓉路口东南侧02,遮挡公路附属设施或者利用公路附属设施架设管道、悬挂物品，可能危及公路安全,是,110112,
十支队-通州执法队,S229通怀路K4+420芙蓉路口东南侧02,车辆装载物触地拖行、掉落、遗洒或者飘散，造成公路路面损坏、污染,是,110112,
十支队-通州执法队,S229通怀路K4+420芙蓉路口东南侧03,在公路上及公路用地范围内堆放物品,是,110112,11000000001317241700
十支队-通州执法队,S229通怀路K4+420芙蓉路口东南侧03,在公路上及公路用地范围内摆摊设点,是,110112,11000000001317241700
十支队-通州执法队,S229通怀路K4+420芙蓉路口东南侧03,在公路范围内擅自移动井盖,否,110112,11000000001317241700
十支队-通州执法队,S229通怀路K4+420芙蓉路口东南侧03,擅自占用、挖掘公路,是,110112,11000000001317241700
十支队-通州执法队,S229通怀路K4+420芙蓉路口东南侧03,在公路用地范围内设置公路标志以外的其他标志,是,110112,11000000001317241700
十支队-通州执法队,S229通怀路K4+420芙蓉路口东南侧03,遮挡公路附属设施或者利用公路附属设施架设管道、悬挂物品，可能危及公路安全,是,110112,11000000001317241700
十支队-通州执法队,S229通怀路K4+420芙蓉路口东南侧03,车辆装载物触地拖行、掉落、遗洒或者飘散，造成公路路面损坏、污染,是,110112,11000000001317241700
十支队-通州执法队,S229通怀路K4+700厚德街路口西南侧01,在公路上及公路用地范围内堆放物品,是,110112,
十支队-通州执法队,S229通怀路K4+700厚德街路口西南侧01,在公路上及公路用地范围内摆摊设点,是,110112,
十支队-通州执法队,S229通怀路K4+700厚德街路口西南侧01,在公路范围内擅自移动井盖,否,110112,
十支队-通州执法队,S229通怀路K4+700厚德街路口西南侧01,擅自占用、挖掘公路,是,110112,
十支队-通州执法队,S229通怀路K4+700厚德街路口西南侧01,在公路用地范围内设置公路标志以外的其他标志,是,110112,
十支队-通州执法队,S229通怀路K4+700厚德街路口西南侧01,遮挡公路附属设施或者利用公路附属设施架设管道、悬挂物品，可能危及公路安全,是,110112,
十支队-通州执法队,S229通怀路K4+700厚德街路口西南侧01,车辆装载物触地拖行、掉落、遗洒或者飘散，造成公路路面损坏、污染,是,110112,
十支队-通州执法队,S229通怀路K4+700厚德街路口西南侧02,在公路上及公路用地范围内堆放物品,是,110112,
十支队-通州执法队,S229通怀路K4+700厚德街路口西南侧02,在公路上及公路用地范围内摆摊设点,是,110112,
十支队-通州执法队,S229通怀路K4+700厚德街路口西南侧02,在公路范围内擅自移动井盖,否,110112,
十支队-通州执法队,S229通怀路K4+700厚德街路口西南侧02,擅自占用、挖掘公路,是,110112,
十支队-通州执法队,S229通怀路K4+700厚德街路口西南侧02,在公路用地范围内设置公路标志以外的其他标志,是,110112,
十支队-通州执法队,S229通怀路K4+700厚德街路口西南侧02,遮挡公路附属设施或者利用公路附属设施架设管道、悬挂物品，可能危及公路安全,是,110112,
十支队-通州执法队,S229通怀路K4+700厚德街路口西南侧02,车辆装载物触地拖行、掉落、遗洒或者飘散，造成公路路面损坏、污染,是,110112,
十支队-通州执法队,S229通怀路K4+700厚德街路口西南侧03,在公路上及公路用地范围内堆放物品,是,110112,11000000001311014023
十支队-通州执法队,S229通怀路K4+700厚德街路口西南侧03,在公路上及公路用地范围内摆摊设点,是,110112,11000000001311014023
十支队-通州执法队,S229通怀路K4+700厚德街路口西南侧03,在公路范围内擅自移动井盖,否,110112,11000000001311014023
十支队-通州执法队,S229通怀路K4+700厚德街路口西南侧03,擅自占用、挖掘公路,是,110112,11000000001311014023
十支队-通州执法队,S229通怀路K4+700厚德街路口西南侧03,在公路用地范围内设置公路标志以外的其他标志,是,110112,11000000001311014023
十支队-通州执法队,S229通怀路K4+700厚德街路口西南侧03,遮挡公路附属设施或者利用公路附属设施架设管道、悬挂物品，可能危及公路安全,是,110112,11000000001311014023
十支队-通州执法队,S229通怀路K4+700厚德街路口西南侧03,车辆装载物触地拖行、掉落、遗洒或者飘散，造成公路路面损坏、污染,是,110112,11000000001311014023
十支队-通州执法队,S229通怀路K5+060仁政东街路口东南侧01,在公路上及公路用地范围内堆放物品,是,110112,11000000001313644548
十支队-通州执法队,S229通怀路K5+060仁政东街路口东南侧01,在公路上及公路用地范围内摆摊设点,是,110112,11000000001313644548
十支队-通州执法队,S229通怀路K5+060仁政东街路口东南侧01,在公路范围内擅自移动井盖,否,110112,11000000001313644548
十支队-通州执法队,S229通怀路K5+060仁政东街路口东南侧01,擅自占用、挖掘公路,是,110112,11000000001313644548
十支队-通州执法队,S229通怀路K5+060仁政东街路口东南侧01,在公路用地范围内设置公路标志以外的其他标志,是,110112,11000000001313644548
十支队-通州执法队,S229通怀路K5+060仁政东街路口东南侧01,遮挡公路附属设施或者利用公路附属设施架设管道、悬挂物品，可能危及公路安全,是,110112,11000000001313644548
十支队-通州执法队,S229通怀路K5+060仁政东街路口东南侧01,车辆装载物触地拖行、掉落、遗洒或者飘散，造成公路路面损坏、污染,是,110112,11000000001313644548
十支队-通州执法队,S229通怀路K5+060仁政东街路口东南侧02,在公路上及公路用地范围内堆放物品,是,110112,
十支队-通州执法队,S229通怀路K5+060仁政东街路口东南侧02,在公路上及公路用地范围内摆摊设点,是,110112,
十支队-通州执法队,S229通怀路K5+060仁政东街路口东南侧02,在公路范围内擅自移动井盖,否,110112,
十支队-通州执法队,S229通怀路K5+060仁政东街路口东南侧02,擅自占用、挖掘公路,是,110112,
十支队-通州执法队,S229通怀路K5+060仁政东街路口东南侧02,在公路用地范围内设置公路标志以外的其他标志,是,110112,
十支队-通州执法队,S229通怀路K5+060仁政东街路口东南侧02,遮挡公路附属设施或者利用公路附属设施架设管道、悬挂物品，可能危及公路安全,是,110112,
十支队-通州执法队,S229通怀路K5+060仁政东街路口东南侧02,车辆装载物触地拖行、掉落、遗洒或者飘散，造成公路路面损坏、污染,是,110112,
十支队-通州执法队,S229通怀路K5+060仁政东街路口东南侧03,在公路上及公路用地范围内堆放物品,是,110112,
十支队-通州执法队,S229通怀路K5+060仁政东街路口东南侧03,在公路上及公路用地范围内摆摊设点,是,110112,
十支队-通州执法队,S229通怀路K5+060仁政东街路口东南侧03,在公路范围内擅自移动井盖,否,110112,
十支队-通州执法队,S229通怀路K5+060仁政东街路口东南侧03,擅自占用、挖掘公路,是,110112,
十支队-通州执法队,S229通怀路K5+060仁政东街路口东南侧03,在公路用地范围内设置公路标志以外的其他标志,是,110112,
十支队-通州执法队,S229通怀路K5+060仁政东街路口东南侧03,遮挡公路附属设施或者利用公路附属设施架设管道、悬挂物品，可能危及公路安全,是,110112,
十支队-通州执法队,S229通怀路K5+060仁政东街路口东南侧03,车辆装载物触地拖行、掉落、遗洒或者飘散，造成公路路面损坏、污染,是,110112,
十支队-通州执法队,S229通怀路K5+380运河东大街路口东南侧01,在公路上及公路用地范围内堆放物品,是,110112,
十支队-通州执法队,S229通怀路K5+380运河东大街路口东南侧01,在公路上及公路用地范围内摆摊设点,是,110112,
十支队-通州执法队,S229通怀路K5+380运河东大街路口东南侧01,在公路范围内擅自移动井盖,否,110112,
十支队-通州执法队,S229通怀路K5+380运河东大街路口东南侧01,擅自占用、挖掘公路,是,110112,
十支队-通州执法队,S229通怀路K5+380运河东大街路口东南侧01,在公路用地范围内设置公路标志以外的其他标志,是,110112,
十支队-通州执法队,S229通怀路K5+380运河东大街路口东南侧01,遮挡公路附属设施或者利用公路附属设施架设管道、悬挂物品，可能危及公路安全,是,110112,
十支队-通州执法队,S229通怀路K5+380运河东大街路口东南侧01,车辆装载物触地拖行、掉落、遗洒或者飘散，造成公路路面损坏、污染,是,110112,
十支队-通州执法队,S229通怀路K5+380运河东大街路口东南侧02,在公路上及公路用地范围内堆放物品,是,110112,
十支队-通州执法队,S229通怀路K5+380运河东大街路口东南侧02,在公路上及公路用地范围内摆摊设点,是,110112,
十支队-通州执法队,S229通怀路K5+380运河东大街路口东南侧02,在公路范围内擅自移动井盖,否,110112,
十支队-通州执法队,S229通怀路K5+380运河东大街路口东南侧02,擅自占用、挖掘公路,是,110112,
十支队-通州执法队,S229通怀路K5+380运河东大街路口东南侧02,在公路用地范围内设置公路标志以外的其他标志,是,110112,
十支队-通州执法队,S229通怀路K5+380运河东大街路口东南侧02,遮挡公路附属设施或者利用公路附属设施架设管道、悬挂物品，可能危及公路安全,是,110112,
十支队-通州执法队,S229通怀路K5+380运河东大街路口东南侧02,车辆装载物触地拖行、掉落、遗洒或者飘散，造成公路路面损坏、污染,是,110112,
十支队-通州执法队,S229通怀路K5+820政通北街路口东南侧01,在公路上及公路用地范围内堆放物品,是,110112,
十支队-通州执法队,S229通怀路K5+820政通北街路口东南侧01,在公路上及公路用地范围内摆摊设点,是,110112,
十支队-通州执法队,S229通怀路K5+820政通北街路口东南侧01,在公路范围内擅自移动井盖,否,110112,
十支队-通州执法队,S229通怀路K5+820政通北街路口东南侧01,擅自占用、挖掘公路,是,110112,
十支队-通州执法队,S229通怀路K5+820政通北街路口东南侧01,在公路用地范围内设置公路标志以外的其他标志,是,110112,
十支队-通州执法队,S229通怀路K5+820政通北街路口东南侧01,遮挡公路附属设施或者利用公路附属设施架设管道、悬挂物品，可能危及公路安全,是,110112,
十支队-通州执法队,S229通怀路K5+820政通北街路口东南侧01,车辆装载物触地拖行、掉落、遗洒或者飘散，造成公路路面损坏、污染,是,110112,
十支队-通州执法队,S229通怀路K5+820政通北街路口东南侧02,在公路上及公路用地范围内堆放物品,是,110112,
十支队-通州执法队,S229通怀路K5+820政通北街路口东南侧02,在公路上及公路用地范围内摆摊设点,是,110112,
十支队-通州执法队,S229通怀路K5+820政通北街路口东南侧02,在公路范围内擅自移动井盖,否,110112,
十支队-通州执法队,S229通怀路K5+820政通北街路口东南侧02,擅自占用、挖掘公路,是,110112,
十支队-通州执法队,S229通怀路K5+820政通北街路口东南侧02,在公路用地范围内设置公路标志以外的其他标志,是,110112,
十支队-通州执法队,S229通怀路K5+820政通北街路口东南侧02,遮挡公路附属设施或者利用公路附属设施架设管道、悬挂物品，可能危及公路安全,是,110112,
十支队-通州执法队,S229通怀路K5+820政通北街路口东南侧02,车辆装载物触地拖行、掉落、遗洒或者飘散，造成公路路面损坏、污染,是,110112,
十支队-通州执法队,S229通怀路K5+820政通北街路口东南侧03,在公路上及公路用地范围内堆放物品,是,110112,11000000001315412928
十支队-通州执法队,S229通怀路K5+820政通北街路口东南侧03,在公路上及公路用地范围内摆摊设点,是,110112,11000000001315412928
十支队-通州执法队,S229通怀路K5+820政通北街路口东南侧03,在公路范围内擅自移动井盖,否,110112,11000000001315412928
十支队-通州执法队,S229通怀路K5+820政通北街路口东南侧03,擅自占用、挖掘公路,是,110112,11000000001315412928
十支队-通州执法队,S229通怀路K5+820政通北街路口东南侧03,在公路用地范围内设置公路标志以外的其他标志,是,110112,11000000001315412928
十支队-通州执法队,S229通怀路K5+820政通北街路口东南侧03,遮挡公路附属设施或者利用公路附属设施架设管道、悬挂物品，可能危及公路安全,是,110112,11000000001315412928
十支队-通州执法队,S229通怀路K5+820政通北街路口东南侧03,车辆装载物触地拖行、掉落、遗洒或者飘散，造成公路路面损坏、污染,是,110112,11000000001315412928
十支队-怀柔执法队,S229通怀路K55+300京承铁路桥(通州方向),在公路上及公路用地范围内堆放物品,是,110116,
十支队-怀柔执法队,S229通怀路K55+300京承铁路桥(通州方向),在公路上及公路用地范围内摆摊设点,是,110116,
十支队-怀柔执法队,S229通怀路K55+300京承铁路桥(通州方向),在公路范围内擅自移动井盖,否,110116,
十支队-怀柔执法队,S229通怀路K55+300京承铁路桥(通州方向),擅自占用、挖掘公路,是,110116,
十支队-怀柔执法队,S229通怀路K55+300京承铁路桥(通州方向),在公路用地范围内设置公路标志以外的其他标志,是,110116,
十支队-怀柔执法队,S229通怀路K55+300京承铁路桥(通州方向),遮挡公路附属设施或者利用公路附属设施架设管道、悬挂物品，可能危及公路安全,是,110116,
十支队-怀柔执法队,S229通怀路K55+300京承铁路桥(通州方向),车辆装载物触地拖行、掉落、遗洒或者飘散，造成公路路面损坏、污染,是,110116,
十支队-通州执法队,S229通怀路K6+220玉带河路口东南侧01,在公路上及公路用地范围内堆放物品,是,110112,
十支队-通州执法队,S229通怀路K6+220玉带河路口东南侧01,在公路上及公路用地范围内摆摊设点,是,110112,
十支队-通州执法队,S229通怀路K6+220玉带河路口东南侧01,在公路范围内擅自移动井盖,否,110112,
十支队-通州执法队,S229通怀路K6+220玉带河路口东南侧01,擅自占用、挖掘公路,是,110112,
十支队-通州执法队,S229通怀路K6+220玉带河路口东南侧01,在公路用地范围内设置公路标志以外的其他标志,是,110112,
十支队-通州执法队,S229通怀路K6+220玉带河路口东南侧01,遮挡公路附属设施或者利用公路附属设施架设管道、悬挂物品，可能危及公路安全,是,110112,
十支队-通州执法队,S229通怀路K6+220玉带河路口东南侧01,车辆装载物触地拖行、掉落、遗洒或者飘散，造成公路路面损坏、污染,是,110112,
十支队-通州执法队,S229通怀路K6+220玉带河路口东南侧02,在公路上及公路用地范围内堆放物品,是,110112,
十支队-通州执法队,S229通怀路K6+220玉带河路口东南侧02,在公路上及公路用地范围内摆摊设点,是,110112,
十支队-通州执法队,S229通怀路K6+220玉带河路口东南侧02,在公路范围内擅自移动井盖,否,110112,
十支队-通州执法队,S229通怀路K6+220玉带河路口东南侧02,擅自占用、挖掘公路,是,110112,
十支队-通州执法队,S229通怀路K6+220玉带河路口东南侧02,在公路用地范围内设置公路标志以外的其他标志,是,110112,
十支队-通州执法队,S229通怀路K6+220玉带河路口东南侧02,遮挡公路附属设施或者利用公路附属设施架设管道、悬挂物品，可能危及公路安全,是,110112,
十支队-通州执法队,S229通怀路K6+220玉带河路口东南侧02,车辆装载物触地拖行、掉落、遗洒或者飘散，造成公路路面损坏、污染,是,110112,
十支队-通州执法队,S229通怀路K6+220玉带河路口东南侧03,在公路上及公路用地范围内堆放物品,是,110112,11000000001313514813
十支队-通州执法队,S229通怀路K6+220玉带河路口东南侧03,在公路上及公路用地范围内摆摊设点,是,110112,11000000001313514813
十支队-通州执法队,S229通怀路K6+220玉带河路口东南侧03,在公路范围内擅自移动井盖,否,110112,11000000001313514813
十支队-通州执法队,S229通怀路K6+220玉带河路口东南侧03,擅自占用、挖掘公路,是,110112,11000000001313514813
十支队-通州执法队,S229通怀路K6+220玉带河路口东南侧03,在公路用地范围内设置公路标志以外的其他标志,是,110112,11000000001313514813
十支队-通州执法队,S229通怀路K6+220玉带河路口东南侧03,遮挡公路附属设施或者利用公路附属设施架设管道、悬挂物品，可能危及公路安全,是,110112,11000000001313514813
十支队-通州执法队,S229通怀路K6+220玉带河路口东南侧03,车辆装载物触地拖行、掉落、遗洒或者飘散，造成公路路面损坏、污染,是,110112,11000000001313514813
十支队-通州执法队,S229通怀路K6+700通胡路口东南侧01,在公路上及公路用地范围内堆放物品,是,110112,
十支队-通州执法队,S229通怀路K6+700通胡路口东南侧01,在公路上及公路用地范围内摆摊设点,是,110112,
十支队-通州执法队,S229通怀路K6+700通胡路口东南侧01,在公路范围内擅自移动井盖,否,110112,
十支队-通州执法队,S229通怀路K6+700通胡路口东南侧01,擅自占用、挖掘公路,是,110112,
十支队-通州执法队,S229通怀路K6+700通胡路口东南侧01,在公路用地范围内设置公路标志以外的其他标志,是,110112,
十支队-通州执法队,S229通怀路K6+700通胡路口东南侧01,遮挡公路附属设施或者利用公路附属设施架设管道、悬挂物品，可能危及公路安全,是,110112,
十支队-通州执法队,S229通怀路K6+700通胡路口东南侧01,车辆装载物触地拖行、掉落、遗洒或者飘散，造成公路路面损坏、污染,是,110112,
十支队-通州执法队,S229通怀路K6+700通胡路口东南侧02,在公路上及公路用地范围内堆放物品,是,110112,
十支队-通州执法队,S229通怀路K6+700通胡路口东南侧02,在公路上及公路用地范围内摆摊设点,是,110112,
十支队-通州执法队,S229通怀路K6+700通胡路口东南侧02,在公路范围内擅自移动井盖,否,110112,
十支队-通州执法队,S229通怀路K6+700通胡路口东南侧02,擅自占用、挖掘公路,是,110112,
十支队-通州执法队,S229通怀路K6+700通胡路口东南侧02,在公路用地范围内设置公路标志以外的其他标志,是,110112,
十支队-通州执法队,S229通怀路K6+700通胡路口东南侧02,遮挡公路附属设施或者利用公路附属设施架设管道、悬挂物品，可能危及公路安全,是,110112,
十支队-通州执法队,S229通怀路K6+700通胡路口东南侧02,车辆装载物触地拖行、掉落、遗洒或者飘散，造成公路路面损坏、污染,是,110112,
十支队-通州执法队,S229通怀路K6+700通胡路口东南侧03,在公路上及公路用地范围内堆放物品,是,110112,11000000001314461726
十支队-通州执法队,S229通怀路K6+700通胡路口东南侧03,在公路上及公路用地范围内摆摊设点,是,110112,11000000001314461726
十支队-通州执法队,S229通怀路K6+700通胡路口东南侧03,在公路范围内擅自移动井盖,否,110112,11000000001314461726
十支队-通州执法队,S229通怀路K6+700通胡路口东南侧03,擅自占用、挖掘公路,是,110112,11000000001314461726
十支队-通州执法队,S229通怀路K6+700通胡路口东南侧03,在公路用地范围内设置公路标志以外的其他标志,是,110112,11000000001314461726
十支队-通州执法队,S229通怀路K6+700通胡路口东南侧03,遮挡公路附属设施或者利用公路附属设施架设管道、悬挂物品，可能危及公路安全,是,110112,11000000001314461726
十支队-通州执法队,S229通怀路K6+700通胡路口东南侧03,车辆装载物触地拖行、掉落、遗洒或者飘散，造成公路路面损坏、污染,是,110112,11000000001314461726
十支队-密云执法队,S229通怀路K63+398京密引水渠桥  通州方向,在公路上及公路用地范围内堆放物品,是,110118,
十支队-密云执法队,S229通怀路K63+398京密引水渠桥  通州方向,在公路上及公路用地范围内摆摊设点,是,110118,
十支队-密云执法队,S229通怀路K63+398京密引水渠桥  通州方向,在公路范围内擅自移动井盖,否,110118,
十支队-密云执法队,S229通怀路K63+398京密引水渠桥  通州方向,擅自占用、挖掘公路,是,110118,
十支队-密云执法队,S229通怀路K63+398京密引水渠桥  通州方向,在公路用地范围内设置公路标志以外的其他标志,是,110118,
十支队-密云执法队,S229通怀路K63+398京密引水渠桥  通州方向,遮挡公路附属设施或者利用公路附属设施架设管道、悬挂物品，可能危及公路安全,是,110118,
十支队-密云执法队,S229通怀路K63+398京密引水渠桥  通州方向,车辆装载物触地拖行、掉落、遗洒或者飘散，造成公路路面损坏、污染,是,110118,
十支队-通州执法队,S229通怀路K7+160减河北侧路口西南侧01,在公路上及公路用地范围内堆放物品,是,110112,
十支队-通州执法队,S229通怀路K7+160减河北侧路口西南侧01,在公路上及公路用地范围内摆摊设点,是,110112,
十支队-通州执法队,S229通怀路K7+160减河北侧路口西南侧01,在公路范围内擅自移动井盖,否,110112,
十支队-通州执法队,S229通怀路K7+160减河北侧路口西南侧01,擅自占用、挖掘公路,是,110112,
十支队-通州执法队,S229通怀路K7+160减河北侧路口西南侧01,在公路用地范围内设置公路标志以外的其他标志,是,110112,
十支队-通州执法队,S229通怀路K7+160减河北侧路口西南侧01,遮挡公路附属设施或者利用公路附属设施架设管道、悬挂物品，可能危及公路安全,是,110112,
十支队-通州执法队,S229通怀路K7+160减河北侧路口西南侧01,车辆装载物触地拖行、掉落、遗洒或者飘散，造成公路路面损坏、污染,是,110112,
十支队-通州执法队,S229通怀路K7+160减河北侧路口西南侧02,在公路上及公路用地范围内堆放物品,是,110112,
十支队-通州执法队,S229通怀路K7+160减河北侧路口西南侧02,在公路上及公路用地范围内摆摊设点,是,110112,
十支队-通州执法队,S229通怀路K7+160减河北侧路口西南侧02,在公路范围内擅自移动井盖,否,110112,
十支队-通州执法队,S229通怀路K7+160减河北侧路口西南侧02,擅自占用、挖掘公路,是,110112,
十支队-通州执法队,S229通怀路K7+160减河北侧路口西南侧02,在公路用地范围内设置公路标志以外的其他标志,是,110112,
十支队-通州执法队,S229通怀路K7+160减河北侧路口西南侧02,遮挡公路附属设施或者利用公路附属设施架设管道、悬挂物品，可能危及公路安全,是,110112,
十支队-通州执法队,S229通怀路K7+160减河北侧路口西南侧02,车辆装载物触地拖行、掉落、遗洒或者飘散，造成公路路面损坏、污染,是,110112,
十支队-通州执法队,S229通怀路K7+160减河北侧路口西南侧03,在公路上及公路用地范围内堆放物品,是,110112,
十支队-通州执法队,S229通怀路K7+160减河北侧路口西南侧03,在公路上及公路用地范围内摆摊设点,是,110112,
十支队-通州执法队,S229通怀路K7+160减河北侧路口西南侧03,在公路范围内擅自移动井盖,否,110112,
十支队-通州执法队,S229通怀路K7+160减河北侧路口西南侧03,擅自占用、挖掘公路,是,110112,
十支队-通州执法队,S229通怀路K7+160减河北侧路口西南侧03,在公路用地范围内设置公路标志以外的其他标志,是,110112,
十支队-通州执法队,S229通怀路K7+160减河北侧路口西南侧03,遮挡公路附属设施或者利用公路附属设施架设管道、悬挂物品，可能危及公路安全,是,110112,
十支队-通州执法队,S229通怀路K7+160减河北侧路口西南侧03,车辆装载物触地拖行、掉落、遗洒或者飘散，造成公路路面损坏、污染,是,110112,
十支队-通州执法队,S229通怀路K7+640春潮北街东南侧01,在公路上及公路用地范围内堆放物品,是,110112,
十支队-通州执法队,S229通怀路K7+640春潮北街东南侧01,在公路上及公路用地范围内摆摊设点,是,110112,
十支队-通州执法队,S229通怀路K7+640春潮北街东南侧01,在公路范围内擅自移动井盖,否,110112,
十支队-通州执法队,S229通怀路K7+640春潮北街东南侧01,擅自占用、挖掘公路,是,110112,
十支队-通州执法队,S229通怀路K7+640春潮北街东南侧01,在公路用地范围内设置公路标志以外的其他标志,是,110112,
十支队-通州执法队,S229通怀路K7+640春潮北街东南侧01,遮挡公路附属设施或者利用公路附属设施架设管道、悬挂物品，可能危及公路安全,是,110112,
十支队-通州执法队,S229通怀路K7+640春潮北街东南侧01,车辆装载物触地拖行、掉落、遗洒或者飘散，造成公路路面损坏、污染,是,110112,
十支队-通州执法队,S229通怀路K7+640春潮北街东南侧02,在公路上及公路用地范围内堆放物品,是,110112,
十支队-通州执法队,S229通怀路K7+640春潮北街东南侧02,在公路上及公路用地范围内摆摊设点,是,110112,
十支队-通州执法队,S229通怀路K7+640春潮北街东南侧02,在公路范围内擅自移动井盖,否,110112,
十支队-通州执法队,S229通怀路K7+640春潮北街东南侧02,擅自占用、挖掘公路,是,110112,
十支队-通州执法队,S229通怀路K7+640春潮北街东南侧02,在公路用地范围内设置公路标志以外的其他标志,是,110112,
十支队-通州执法队,S229通怀路K7+640春潮北街东南侧02,遮挡公路附属设施或者利用公路附属设施架设管道、悬挂物品，可能危及公路安全,是,110112,
十支队-通州执法队,S229通怀路K7+640春潮北街东南侧02,车辆装载物触地拖行、掉落、遗洒或者飘散，造成公路路面损坏、污染,是,110112,
十支队-通州执法队,S229通怀路K7+640春潮北街东南侧03,在公路上及公路用地范围内堆放物品,是,110112,
十支队-通州执法队,S229通怀路K7+640春潮北街东南侧03,在公路上及公路用地范围内摆摊设点,是,110112,
十支队-通州执法队,S229通怀路K7+640春潮北街东南侧03,在公路范围内擅自移动井盖,否,110112,
十支队-通州执法队,S229通怀路K7+640春潮北街东南侧03,擅自占用、挖掘公路,是,110112,
十支队-通州执法队,S229通怀路K7+640春潮北街东南侧03,在公路用地范围内设置公路标志以外的其他标志,是,110112,
十支队-通州执法队,S229通怀路K7+640春潮北街东南侧03,遮挡公路附属设施或者利用公路附属设施架设管道、悬挂物品，可能危及公路安全,是,110112,
十支队-通州执法队,S229通怀路K7+640春潮北街东南侧03,车辆装载物触地拖行、掉落、遗洒或者飘散，造成公路路面损坏、污染,是,110112,
十支队-通州执法队,S229通怀路K8+120丁各庄铁路桥积水东侧01,在公路上及公路用地范围内堆放物品,是,110112,
十支队-通州执法队,S229通怀路K8+120丁各庄铁路桥积水东侧01,在公路上及公路用地范围内摆摊设点,是,110112,
十支队-通州执法队,S229通怀路K8+120丁各庄铁路桥积水东侧01,在公路范围内擅自移动井盖,否,110112,
十支队-通州执法队,S229通怀路K8+120丁各庄铁路桥积水东侧01,擅自占用、挖掘公路,是,110112,
十支队-通州执法队,S229通怀路K8+120丁各庄铁路桥积水东侧01,在公路用地范围内设置公路标志以外的其他标志,是,110112,
十支队-通州执法队,S229通怀路K8+120丁各庄铁路桥积水东侧01,遮挡公路附属设施或者利用公路附属设施架设管道、悬挂物品，可能危及公路安全,是,110112,
十支队-通州执法队,S229通怀路K8+120丁各庄铁路桥积水东侧01,车辆装载物触地拖行、掉落、遗洒或者飘散，造成公路路面损坏、污染,是,110112,
十支队-通州执法队,S229通怀路K8+120丁各庄铁路桥积水东侧02,在公路上及公路用地范围内堆放物品,是,110112,
十支队-通州执法队,S229通怀路K8+120丁各庄铁路桥积水东侧02,在公路上及公路用地范围内摆摊设点,是,110112,
十支队-通州执法队,S229通怀路K8+120丁各庄铁路桥积水东侧02,在公路范围内擅自移动井盖,否,110112,
十支队-通州执法队,S229通怀路K8+120丁各庄铁路桥积水东侧02,擅自占用、挖掘公路,是,110112,
十支队-通州执法队,S229通怀路K8+120丁各庄铁路桥积水东侧02,在公路用地范围内设置公路标志以外的其他标志,是,110112,
十支队-通州执法队,S229通怀路K8+120丁各庄铁路桥积水东侧02,遮挡公路附属设施或者利用公路附属设施架设管道、悬挂物品，可能危及公路安全,是,110112,
十支队-通州执法队,S229通怀路K8+120丁各庄铁路桥积水东侧02,车辆装载物触地拖行、掉落、遗洒或者飘散，造成公路路面损坏、污染,是,110112,
十支队-通州执法队,S229通怀路K8+120丁各庄铁路桥积水东侧03,在公路上及公路用地范围内堆放物品,是,110112,
十支队-通州执法队,S229通怀路K8+120丁各庄铁路桥积水东侧03,在公路上及公路用地范围内摆摊设点,是,110112,
十支队-通州执法队,S229通怀路K8+120丁各庄铁路桥积水东侧03,在公路范围内擅自移动井盖,否,110112,
十支队-通州执法队,S229通怀路K8+120丁各庄铁路桥积水东侧03,擅自占用、挖掘公路,是,110112,
十支队-通州执法队,S229通怀路K8+120丁各庄铁路桥积水东侧03,在公路用地范围内设置公路标志以外的其他标志,是,110112,
十支队-通州执法队,S229通怀路K8+120丁各庄铁路桥积水东侧03,遮挡公路附属设施或者利用公路附属设施架设管道、悬挂物品，可能危及公路安全,是,110112,
十支队-通州执法队,S229通怀路K8+120丁各庄铁路桥积水东侧03,车辆装载物触地拖行、掉落、遗洒或者飘散，造成公路路面损坏、污染,是,110112,
十支队-通州执法队,S229通怀路K8+120丁各庄铁路桥积水西侧01,在公路上及公路用地范围内堆放物品,是,110112,
十支队-通州执法队,S229通怀路K8+120丁各庄铁路桥积水西侧01,在公路上及公路用地范围内摆摊设点,是,110112,
十支队-通州执法队,S229通怀路K8+120丁各庄铁路桥积水西侧01,在公路范围内擅自移动井盖,否,110112,
十支队-通州执法队,S229通怀路K8+120丁各庄铁路桥积水西侧01,擅自占用、挖掘公路,是,110112,
十支队-通州执法队,S229通怀路K8+120丁各庄铁路桥积水西侧01,在公路用地范围内设置公路标志以外的其他标志,是,110112,
十支队-通州执法队,S229通怀路K8+120丁各庄铁路桥积水西侧01,遮挡公路附属设施或者利用公路附属设施架设管道、悬挂物品，可能危及公路安全,是,110112,
十支队-通州执法队,S229通怀路K8+120丁各庄铁路桥积水西侧01,车辆装载物触地拖行、掉落、遗洒或者飘散，造成公路路面损坏、污染,是,110112,
十支队-通州执法队,S229通怀路K8+120丁各庄铁路桥积水西侧02,在公路上及公路用地范围内堆放物品,是,110112,
十支队-通州执法队,S229通怀路K8+120丁各庄铁路桥积水西侧02,在公路上及公路用地范围内摆摊设点,是,110112,
十支队-通州执法队,S229通怀路K8+120丁各庄铁路桥积水西侧02,在公路范围内擅自移动井盖,否,110112,
十支队-通州执法队,S229通怀路K8+120丁各庄铁路桥积水西侧02,擅自占用、挖掘公路,是,110112,
十支队-通州执法队,S229通怀路K8+120丁各庄铁路桥积水西侧02,在公路用地范围内设置公路标志以外的其他标志,是,110112,
十支队-通州执法队,S229通怀路K8+120丁各庄铁路桥积水西侧02,遮挡公路附属设施或者利用公路附属设施架设管道、悬挂物品，可能危及公路安全,是,110112,
十支队-通州执法队,S229通怀路K8+120丁各庄铁路桥积水西侧02,车辆装载物触地拖行、掉落、遗洒或者飘散，造成公路路面损坏、污染,是,110112,
十支队-通州执法队,S229通怀路K8+120丁各庄铁路桥积水西侧03,在公路上及公路用地范围内堆放物品,是,110112,
十支队-通州执法队,S229通怀路K8+120丁各庄铁路桥积水西侧03,在公路上及公路用地范围内摆摊设点,是,110112,
十支队-通州执法队,S229通怀路K8+120丁各庄铁路桥积水西侧03,在公路范围内擅自移动井盖,否,110112,
十支队-通州执法队,S229通怀路K8+120丁各庄铁路桥积水西侧03,擅自占用、挖掘公路,是,110112,
十支队-通州执法队,S229通怀路K8+120丁各庄铁路桥积水西侧03,在公路用地范围内设置公路标志以外的其他标志,是,110112,
十支队-通州执法队,S229通怀路K8+120丁各庄铁路桥积水西侧03,遮挡公路附属设施或者利用公路附属设施架设管道、悬挂物品，可能危及公路安全,是,110112,
十支队-通州执法队,S229通怀路K8+120丁各庄铁路桥积水西侧03,车辆装载物触地拖行、掉落、遗洒或者飘散，造成公路路面损坏、污染,是,110112,
十支队-通州执法队,S229通怀路K8+148丁各庄铁路桥东北侧01,在公路上及公路用地范围内堆放物品,是,110112,
十支队-通州执法队,S229通怀路K8+148丁各庄铁路桥东北侧01,在公路上及公路用地范围内摆摊设点,是,110112,
十支队-通州执法队,S229通怀路K8+148丁各庄铁路桥东北侧01,在公路范围内擅自移动井盖,否,110112,
十支队-通州执法队,S229通怀路K8+148丁各庄铁路桥东北侧01,擅自占用、挖掘公路,是,110112,
十支队-通州执法队,S229通怀路K8+148丁各庄铁路桥东北侧01,在公路用地范围内设置公路标志以外的其他标志,是,110112,
十支队-通州执法队,S229通怀路K8+148丁各庄铁路桥东北侧01,遮挡公路附属设施或者利用公路附属设施架设管道、悬挂物品，可能危及公路安全,是,110112,
十支队-通州执法队,S229通怀路K8+148丁各庄铁路桥东北侧01,车辆装载物触地拖行、掉落、遗洒或者飘散，造成公路路面损坏、污染,是,110112,
十支队-通州执法队,S229通怀路K8+148丁各庄铁路桥东北侧02,在公路上及公路用地范围内堆放物品,是,110112,11000000001315004824
十支队-通州执法队,S229通怀路K8+148丁各庄铁路桥东北侧02,在公路上及公路用地范围内摆摊设点,是,110112,11000000001315004824
十支队-通州执法队,S229通怀路K8+148丁各庄铁路桥东北侧02,在公路范围内擅自移动井盖,否,110112,11000000001315004824
十支队-通州执法队,S229通怀路K8+148丁各庄铁路桥东北侧02,擅自占用、挖掘公路,是,110112,11000000001315004824
十支队-通州执法队,S229通怀路K8+148丁各庄铁路桥东北侧02,在公路用地范围内设置公路标志以外的其他标志,是,110112,11000000001315004824
十支队-通州执法队,S229通怀路K8+148丁各庄铁路桥东北侧02,遮挡公路附属设施或者利用公路附属设施架设管道、悬挂物品，可能危及公路安全,是,110112,11000000001315004824
十支队-通州执法队,S229通怀路K8+148丁各庄铁路桥东北侧02,车辆装载物触地拖行、掉落、遗洒或者飘散，造成公路路面损坏、污染,是,110112,11000000001315004824
十支队-通州执法队,S229通怀路K8+148丁各庄铁路桥东北侧03,在公路上及公路用地范围内堆放物品,是,110112,
十支队-通州执法队,S229通怀路K8+148丁各庄铁路桥东北侧03,在公路上及公路用地范围内摆摊设点,是,110112,
十支队-通州执法队,S229通怀路K8+148丁各庄铁路桥东北侧03,在公路范围内擅自移动井盖,否,110112,
十支队-通州执法队,S229通怀路K8+148丁各庄铁路桥东北侧03,擅自占用、挖掘公路,是,110112,
十支队-通州执法队,S229通怀路K8+148丁各庄铁路桥东北侧03,在公路用地范围内设置公路标志以外的其他标志,是,110112,
十支队-通州执法队,S229通怀路K8+148丁各庄铁路桥东北侧03,遮挡公路附属设施或者利用公路附属设施架设管道、悬挂物品，可能危及公路安全,是,110112,
十支队-通州执法队,S229通怀路K8+148丁各庄铁路桥东北侧03,车辆装载物触地拖行、掉落、遗洒或者飘散，造成公路路面损坏、污染,是,110112,
十支队-通州执法队,S229通怀路K8+150丁各庄泵站桥南侧,在公路上及公路用地范围内堆放物品,是,110112,
十支队-通州执法队,S229通怀路K8+150丁各庄泵站桥南侧,在公路上及公路用地范围内摆摊设点,是,110112,
十支队-通州执法队,S229通怀路K8+150丁各庄泵站桥南侧,在公路范围内擅自移动井盖,否,110112,
十支队-通州执法队,S229通怀路K8+150丁各庄泵站桥南侧,擅自占用、挖掘公路,是,110112,
十支队-通州执法队,S229通怀路K8+150丁各庄泵站桥南侧,在公路用地范围内设置公路标志以外的其他标志,是,110112,
十支队-通州执法队,S229通怀路K8+150丁各庄泵站桥南侧,遮挡公路附属设施或者利用公路附属设施架设管道、悬挂物品，可能危及公路安全,是,110112,
十支队-通州执法队,S229通怀路K8+150丁各庄泵站桥南侧,车辆装载物触地拖行、掉落、遗洒或者飘散，造成公路路面损坏、污染,是,110112,
十支队-通州执法队,S229通怀路K8+200丁各庄桥通燕高速出入口东南侧01,在公路上及公路用地范围内堆放物品,是,110112,
十支队-通州执法队,S229通怀路K8+200丁各庄桥通燕高速出入口东南侧01,在公路上及公路用地范围内摆摊设点,是,110112,
十支队-通州执法队,S229通怀路K8+200丁各庄桥通燕高速出入口东南侧01,在公路范围内擅自移动井盖,否,110112,
十支队-通州执法队,S229通怀路K8+200丁各庄桥通燕高速出入口东南侧01,擅自占用、挖掘公路,是,110112,
十支队-通州执法队,S229通怀路K8+200丁各庄桥通燕高速出入口东南侧01,在公路用地范围内设置公路标志以外的其他标志,是,110112,
十支队-通州执法队,S229通怀路K8+200丁各庄桥通燕高速出入口东南侧01,遮挡公路附属设施或者利用公路附属设施架设管道、悬挂物品，可能危及公路安全,是,110112,
十支队-通州执法队,S229通怀路K8+200丁各庄桥通燕高速出入口东南侧01,车辆装载物触地拖行、掉落、遗洒或者飘散，造成公路路面损坏、污染,是,110112,
十支队-通州执法队,S229通怀路K8+200丁各庄桥通燕高速出入口东南侧02,在公路上及公路用地范围内堆放物品,是,110112,
十支队-通州执法队,S229通怀路K8+200丁各庄桥通燕高速出入口东南侧02,在公路上及公路用地范围内摆摊设点,是,110112,
十支队-通州执法队,S229通怀路K8+200丁各庄桥通燕高速出入口东南侧02,在公路范围内擅自移动井盖,否,110112,
十支队-通州执法队,S229通怀路K8+200丁各庄桥通燕高速出入口东南侧02,擅自占用、挖掘公路,是,110112,
十支队-通州执法队,S229通怀路K8+200丁各庄桥通燕高速出入口东南侧02,在公路用地范围内设置公路标志以外的其他标志,是,110112,
十支队-通州执法队,S229通怀路K8+200丁各庄桥通燕高速出入口东南侧02,遮挡公路附属设施或者利用公路附属设施架设管道、悬挂物品，可能危及公路安全,是,110112,
十支队-通州执法队,S229通怀路K8+200丁各庄桥通燕高速出入口东南侧02,车辆装载物触地拖行、掉落、遗洒或者飘散，造成公路路面损坏、污染,是,110112,
十支队-通州执法队,S229通怀路K8+200丁各庄桥通燕高速出入口东南侧03,在公路上及公路用地范围内堆放物品,是,110112,
十支队-通州执法队,S229通怀路K8+200丁各庄桥通燕高速出入口东南侧03,在公路上及公路用地范围内摆摊设点,是,110112,
十支队-通州执法队,S229通怀路K8+200丁各庄桥通燕高速出入口东南侧03,在公路范围内擅自移动井盖,否,110112,
十支队-通州执法队,S229通怀路K8+200丁各庄桥通燕高速出入口东南侧03,擅自占用、挖掘公路,是,110112,
十支队-通州执法队,S229通怀路K8+200丁各庄桥通燕高速出入口东南侧03,在公路用地范围内设置公路标志以外的其他标志,是,110112,
十支队-通州执法队,S229通怀路K8+200丁各庄桥通燕高速出入口东南侧03,遮挡公路附属设施或者利用公路附属设施架设管道、悬挂物品，可能危及公路安全,是,110112,
十支队-通州执法队,S229通怀路K8+200丁各庄桥通燕高速出入口东南侧03,车辆装载物触地拖行、掉落、遗洒或者飘散，造成公路路面损坏、污染,是,110112,
十支队-平谷执法队,S230平程路K11+510熊儿寨,在公路上及公路用地范围内堆放物品,是,110117,
十支队-平谷执法队,S230平程路K11+510熊儿寨,在公路上及公路用地范围内摆摊设点,是,110117,
十支队-平谷执法队,S230平程路K11+510熊儿寨,在公路范围内擅自移动井盖,否,110117,
十支队-平谷执法队,S230平程路K11+510熊儿寨,擅自占用、挖掘公路,是,110117,
十支队-平谷执法队,S230平程路K11+510熊儿寨,在公路用地范围内设置公路标志以外的其他标志,是,110117,
十支队-平谷执法队,S230平程路K11+510熊儿寨,遮挡公路附属设施或者利用公路附属设施架设管道、悬挂物品，可能危及公路安全,是,110117,
十支队-平谷执法队,S230平程路K11+510熊儿寨,车辆装载物触地拖行、掉落、遗洒或者飘散，造成公路路面损坏、污染,是,110117,
十支队-平谷执法队,S230平程路K18+20老泉口,在公路上及公路用地范围内堆放物品,是,110117,
十支队-平谷执法队,S230平程路K18+20老泉口,在公路上及公路用地范围内摆摊设点,是,110117,
十支队-平谷执法队,S230平程路K18+20老泉口,在公路范围内擅自移动井盖,否,110117,
十支队-平谷执法队,S230平程路K18+20老泉口,擅自占用、挖掘公路,是,110117,
十支队-平谷执法队,S230平程路K18+20老泉口,在公路用地范围内设置公路标志以外的其他标志,是,110117,
十支队-平谷执法队,S230平程路K18+20老泉口,遮挡公路附属设施或者利用公路附属设施架设管道、悬挂物品，可能危及公路安全,是,110117,
十支队-平谷执法队,S230平程路K18+20老泉口,车辆装载物触地拖行、掉落、遗洒或者飘散，造成公路路面损坏、污染,是,110117,
十支队-平谷执法队,S230平程路K25+410桃园村南,在公路上及公路用地范围内堆放物品,是,110117,
十支队-平谷执法队,S230平程路K25+410桃园村南,在公路上及公路用地范围内摆摊设点,是,110117,
十支队-平谷执法队,S230平程路K25+410桃园村南,在公路范围内擅自移动井盖,否,110117,
十支队-平谷执法队,S230平程路K25+410桃园村南,擅自占用、挖掘公路,是,110117,
十支队-平谷执法队,S230平程路K25+410桃园村南,在公路用地范围内设置公路标志以外的其他标志,是,110117,
十支队-平谷执法队,S230平程路K25+410桃园村南,遮挡公路附属设施或者利用公路附属设施架设管道、悬挂物品，可能危及公路安全,是,110117,
十支队-平谷执法队,S230平程路K25+410桃园村南,车辆装载物触地拖行、掉落、遗洒或者飘散，造成公路路面损坏、污染,是,110117,
十支队-平谷执法队,S230平程路K28+300密云交界,在公路上及公路用地范围内堆放物品,是,110117,
十支队-平谷执法队,S230平程路K28+300密云交界,在公路上及公路用地范围内摆摊设点,是,110117,
十支队-平谷执法队,S230平程路K28+300密云交界,在公路范围内擅自移动井盖,否,110117,
十支队-平谷执法队,S230平程路K28+300密云交界,擅自占用、挖掘公路,是,110117,
十支队-平谷执法队,S230平程路K28+300密云交界,在公路用地范围内设置公路标志以外的其他标志,是,110117,
十支队-平谷执法队,S230平程路K28+300密云交界,遮挡公路附属设施或者利用公路附属设施架设管道、悬挂物品，可能危及公路安全,是,110117,
十支队-平谷执法队,S230平程路K28+300密云交界,车辆装载物触地拖行、掉落、遗洒或者飘散，造成公路路面损坏、污染,是,110117,
十支队-密云执法队,S230平程路K31+480张庄子,在公路上及公路用地范围内堆放物品,是,110118,
十支队-密云执法队,S230平程路K31+480张庄子,在公路上及公路用地范围内摆摊设点,是,110118,
十支队-密云执法队,S230平程路K31+480张庄子,在公路范围内擅自移动井盖,否,110118,
十支队-密云执法队,S230平程路K31+480张庄子,擅自占用、挖掘公路,是,110118,
十支队-密云执法队,S230平程路K31+480张庄子,在公路用地范围内设置公路标志以外的其他标志,是,110118,
十支队-密云执法队,S230平程路K31+480张庄子,遮挡公路附属设施或者利用公路附属设施架设管道、悬挂物品，可能危及公路安全,是,110118,
十支队-密云执法队,S230平程路K31+480张庄子,车辆装载物触地拖行、掉落、遗洒或者飘散，造成公路路面损坏、污染,是,110118,
十支队-平谷执法队,S230平程路K5+100昌金路口,在公路上及公路用地范围内堆放物品,是,110117,
十支队-平谷执法队,S230平程路K5+100昌金路口,在公路上及公路用地范围内摆摊设点,是,110117,
十支队-平谷执法队,S230平程路K5+100昌金路口,在公路范围内擅自移动井盖,否,110117,
十支队-平谷执法队,S230平程路K5+100昌金路口,擅自占用、挖掘公路,是,110117,
十支队-平谷执法队,S230平程路K5+100昌金路口,在公路用地范围内设置公路标志以外的其他标志,是,110117,
十支队-平谷执法队,S230平程路K5+100昌金路口,遮挡公路附属设施或者利用公路附属设施架设管道、悬挂物品，可能危及公路安全,是,110117,
十支队-平谷执法队,S230平程路K5+100昌金路口,车辆装载物触地拖行、掉落、遗洒或者飘散，造成公路路面损坏、污染,是,110117,
十支队-平谷执法队,S231平兴路K0+600靠山集,在公路上及公路用地范围内堆放物品,是,110117,
十支队-平谷执法队,S231平兴路K0+600靠山集,在公路上及公路用地范围内摆摊设点,是,110117,
十支队-平谷执法队,S231平兴路K0+600靠山集,在公路范围内擅自移动井盖,否,110117,
十支队-平谷执法队,S231平兴路K0+600靠山集,擅自占用、挖掘公路,是,110117,
十支队-平谷执法队,S231平兴路K0+600靠山集,在公路用地范围内设置公路标志以外的其他标志,是,110117,
十支队-平谷执法队,S231平兴路K0+600靠山集,遮挡公路附属设施或者利用公路附属设施架设管道、悬挂物品，可能危及公路安全,是,110117,
十支队-平谷执法队,S231平兴路K0+600靠山集,车辆装载物触地拖行、掉落、遗洒或者飘散，造成公路路面损坏、污染,是,110117,
十支队-怀柔执法队,S233怀雁路K0+150怀柔出口,在公路上及公路用地范围内堆放物品,是,110116,
十支队-怀柔执法队,S233怀雁路K0+150怀柔出口,在公路上及公路用地范围内摆摊设点,是,110116,
十支队-怀柔执法队,S233怀雁路K0+150怀柔出口,在公路范围内擅自移动井盖,否,110116,
十支队-怀柔执法队,S233怀雁路K0+150怀柔出口,擅自占用、挖掘公路,是,110116,
十支队-怀柔执法队,S233怀雁路K0+150怀柔出口,在公路用地范围内设置公路标志以外的其他标志,是,110116,
十支队-怀柔执法队,S233怀雁路K0+150怀柔出口,遮挡公路附属设施或者利用公路附属设施架设管道、悬挂物品，可能危及公路安全,是,110116,
十支队-怀柔执法队,S233怀雁路K0+150怀柔出口,车辆装载物触地拖行、掉落、遗洒或者飘散，造成公路路面损坏、污染,是,110116,
十支队-怀柔执法队,S233怀雁路K1+500大屯,在公路上及公路用地范围内堆放物品,是,110116,
十支队-怀柔执法队,S233怀雁路K1+500大屯,在公路上及公路用地范围内摆摊设点,是,110116,
十支队-怀柔执法队,S233怀雁路K1+500大屯,在公路范围内擅自移动井盖,否,110116,
十支队-怀柔执法队,S233怀雁路K1+500大屯,擅自占用、挖掘公路,是,110116,
十支队-怀柔执法队,S233怀雁路K1+500大屯,在公路用地范围内设置公路标志以外的其他标志,是,110116,
十支队-怀柔执法队,S233怀雁路K1+500大屯,遮挡公路附属设施或者利用公路附属设施架设管道、悬挂物品，可能危及公路安全,是,110116,
十支队-怀柔执法队,S233怀雁路K1+500大屯,车辆装载物触地拖行、掉落、遗洒或者飘散，造成公路路面损坏、污染,是,110116,
十支队-怀柔执法队,S233怀雁路K3+600京漠线出口-上行,在公路上及公路用地范围内堆放物品,是,110116,
十支队-怀柔执法队,S233怀雁路K3+600京漠线出口-上行,在公路上及公路用地范围内摆摊设点,是,110116,
十支队-怀柔执法队,S233怀雁路K3+600京漠线出口-上行,在公路范围内擅自移动井盖,否,110116,
十支队-怀柔执法队,S233怀雁路K3+600京漠线出口-上行,擅自占用、挖掘公路,是,110116,
十支队-怀柔执法队,S233怀雁路K3+600京漠线出口-上行,在公路用地范围内设置公路标志以外的其他标志,是,110116,
十支队-怀柔执法队,S233怀雁路K3+600京漠线出口-上行,遮挡公路附属设施或者利用公路附属设施架设管道、悬挂物品，可能危及公路安全,是,110116,
十支队-怀柔执法队,S233怀雁路K3+600京漠线出口-上行,车辆装载物触地拖行、掉落、遗洒或者飘散，造成公路路面损坏、污染,是,110116,
十支队-怀柔执法队,S233怀雁路K5+600范崎路出口,在公路上及公路用地范围内堆放物品,是,110116,
十支队-怀柔执法队,S233怀雁路K5+600范崎路出口,在公路上及公路用地范围内摆摊设点,是,110116,
十支队-怀柔执法队,S233怀雁路K5+600范崎路出口,在公路范围内擅自移动井盖,否,110116,
十支队-怀柔执法队,S233怀雁路K5+600范崎路出口,擅自占用、挖掘公路,是,110116,
十支队-怀柔执法队,S233怀雁路K5+600范崎路出口,在公路用地范围内设置公路标志以外的其他标志,是,110116,
十支队-怀柔执法队,S233怀雁路K5+600范崎路出口,遮挡公路附属设施或者利用公路附属设施架设管道、悬挂物品，可能危及公路安全,是,110116,
十支队-怀柔执法队,S233怀雁路K5+600范崎路出口,车辆装载物触地拖行、掉落、遗洒或者飘散，造成公路路面损坏、污染,是,110116,
十支队-顺义执法队,S237木孙路K21+800大秦铁路桥下行,在公路上及公路用地范围内堆放物品,是,110113,
十支队-顺义执法队,S237木孙路K21+800大秦铁路桥下行,在公路上及公路用地范围内摆摊设点,是,110113,
十支队-顺义执法队,S237木孙路K21+800大秦铁路桥下行,在公路范围内擅自移动井盖,否,110113,
十支队-顺义执法队,S237木孙路K21+800大秦铁路桥下行,擅自占用、挖掘公路,是,110113,
十支队-顺义执法队,S237木孙路K21+800大秦铁路桥下行,在公路用地范围内设置公路标志以外的其他标志,是,110113,
十支队-顺义执法队,S237木孙路K21+800大秦铁路桥下行,遮挡公路附属设施或者利用公路附属设施架设管道、悬挂物品，可能危及公路安全,是,110113,
十支队-顺义执法队,S237木孙路K21+800大秦铁路桥下行,车辆装载物触地拖行、掉落、遗洒或者飘散，造成公路路面损坏、污染,是,110113,
十支队-通州执法队,S301徐尹路K10+650与任港路交叉口东,在公路上及公路用地范围内堆放物品,是,110112,11000000001316445442
十支队-通州执法队,S301徐尹路K10+650与任港路交叉口东,在公路上及公路用地范围内摆摊设点,是,110112,11000000001316445442
十支队-通州执法队,S301徐尹路K10+650与任港路交叉口东,在公路范围内擅自移动井盖,否,110112,11000000001316445442
十支队-通州执法队,S301徐尹路K10+650与任港路交叉口东,擅自占用、挖掘公路,是,110112,11000000001316445442
十支队-通州执法队,S301徐尹路K10+650与任港路交叉口东,在公路用地范围内设置公路标志以外的其他标志,是,110112,11000000001316445442
十支队-通州执法队,S301徐尹路K10+650与任港路交叉口东,遮挡公路附属设施或者利用公路附属设施架设管道、悬挂物品，可能危及公路安全,是,110112,11000000001316445442
十支队-通州执法队,S301徐尹路K10+650与任港路交叉口东,车辆装载物触地拖行、掉落、遗洒或者飘散，造成公路路面损坏、污染,是,110112,11000000001316445442
十支队-通州执法队,S301徐尹路K3+880草寺泵站,在公路上及公路用地范围内堆放物品,是,110112,11000000001319780704
十支队-通州执法队,S301徐尹路K3+880草寺泵站,在公路上及公路用地范围内摆摊设点,是,110112,11000000001319780704
十支队-通州执法队,S301徐尹路K3+880草寺泵站,在公路范围内擅自移动井盖,否,110112,11000000001319780704
十支队-通州执法队,S301徐尹路K3+880草寺泵站,擅自占用、挖掘公路,是,110112,11000000001319780704
十支队-通州执法队,S301徐尹路K3+880草寺泵站,在公路用地范围内设置公路标志以外的其他标志,是,110112,11000000001319780704
十支队-通州执法队,S301徐尹路K3+880草寺泵站,遮挡公路附属设施或者利用公路附属设施架设管道、悬挂物品，可能危及公路安全,是,110112,11000000001319780704
十支队-通州执法队,S301徐尹路K3+880草寺泵站,车辆装载物触地拖行、掉落、遗洒或者飘散，造成公路路面损坏、污染,是,110112,11000000001319780704
十支队-通州执法队,S302通马路K10+950次渠桥北02,在公路上及公路用地范围内堆放物品,是,110112,11000000001312342611
十支队-通州执法队,S302通马路K10+950次渠桥北02,在公路上及公路用地范围内摆摊设点,是,110112,11000000001312342611
十支队-通州执法队,S302通马路K10+950次渠桥北02,在公路范围内擅自移动井盖,否,110112,11000000001312342611
十支队-通州执法队,S302通马路K10+950次渠桥北02,擅自占用、挖掘公路,是,110112,11000000001312342611
十支队-通州执法队,S302通马路K10+950次渠桥北02,在公路用地范围内设置公路标志以外的其他标志,是,110112,11000000001312342611
十支队-通州执法队,S302通马路K10+950次渠桥北02,遮挡公路附属设施或者利用公路附属设施架设管道、悬挂物品，可能危及公路安全,是,110112,11000000001312342611
十支队-通州执法队,S302通马路K10+950次渠桥北02,车辆装载物触地拖行、掉落、遗洒或者飘散，造成公路路面损坏、污染,是,110112,11000000001312342611
十支队-通州执法队,S302通马路K11+230次渠桥北01,在公路上及公路用地范围内堆放物品,是,110112,
十支队-通州执法队,S302通马路K11+230次渠桥北01,在公路上及公路用地范围内摆摊设点,是,110112,
十支队-通州执法队,S302通马路K11+230次渠桥北01,在公路范围内擅自移动井盖,否,110112,
十支队-通州执法队,S302通马路K11+230次渠桥北01,擅自占用、挖掘公路,是,110112,
十支队-通州执法队,S302通马路K11+230次渠桥北01,在公路用地范围内设置公路标志以外的其他标志,是,110112,
十支队-通州执法队,S302通马路K11+230次渠桥北01,遮挡公路附属设施或者利用公路附属设施架设管道、悬挂物品，可能危及公路安全,是,110112,
十支队-通州执法队,S302通马路K11+230次渠桥北01,车辆装载物触地拖行、掉落、遗洒或者飘散，造成公路路面损坏、污染,是,110112,
十支队-平谷执法队,S304早鲍路K10+020铁路桥西,在公路上及公路用地范围内堆放物品,是,110117,
十支队-平谷执法队,S304早鲍路K10+020铁路桥西,在公路上及公路用地范围内摆摊设点,是,110117,
十支队-平谷执法队,S304早鲍路K10+020铁路桥西,在公路范围内擅自移动井盖,否,110117,
十支队-平谷执法队,S304早鲍路K10+020铁路桥西,擅自占用、挖掘公路,是,110117,
十支队-平谷执法队,S304早鲍路K10+020铁路桥西,在公路用地范围内设置公路标志以外的其他标志,是,110117,
十支队-平谷执法队,S304早鲍路K10+020铁路桥西,遮挡公路附属设施或者利用公路附属设施架设管道、悬挂物品，可能危及公路安全,是,110117,
十支队-平谷执法队,S304早鲍路K10+020铁路桥西,车辆装载物触地拖行、掉落、遗洒或者飘散，造成公路路面损坏、污染,是,110117,
十支队-顺义执法队,S305顺平路K14+280下行潮白河大桥西,在公路上及公路用地范围内堆放物品,是,110113,
十支队-顺义执法队,S305顺平路K14+280下行潮白河大桥西,在公路上及公路用地范围内摆摊设点,是,110113,
十支队-顺义执法队,S305顺平路K14+280下行潮白河大桥西,在公路范围内擅自移动井盖,否,110113,
十支队-顺义执法队,S305顺平路K14+280下行潮白河大桥西,擅自占用、挖掘公路,是,110113,
十支队-顺义执法队,S305顺平路K14+280下行潮白河大桥西,在公路用地范围内设置公路标志以外的其他标志,是,110113,
十支队-顺义执法队,S305顺平路K14+280下行潮白河大桥西,遮挡公路附属设施或者利用公路附属设施架设管道、悬挂物品，可能危及公路安全,是,110113,
十支队-顺义执法队,S305顺平路K14+280下行潮白河大桥西,车辆装载物触地拖行、掉落、遗洒或者飘散，造成公路路面损坏、污染,是,110113,
十支队-顺义执法队,S305顺平路K15+550下行潮白河大桥东,在公路上及公路用地范围内堆放物品,是,110113,
十支队-顺义执法队,S305顺平路K15+550下行潮白河大桥东,在公路上及公路用地范围内摆摊设点,是,110113,
十支队-顺义执法队,S305顺平路K15+550下行潮白河大桥东,在公路范围内擅自移动井盖,否,110113,
十支队-顺义执法队,S305顺平路K15+550下行潮白河大桥东,擅自占用、挖掘公路,是,110113,
十支队-顺义执法队,S305顺平路K15+550下行潮白河大桥东,在公路用地范围内设置公路标志以外的其他标志,是,110113,
十支队-顺义执法队,S305顺平路K15+550下行潮白河大桥东,遮挡公路附属设施或者利用公路附属设施架设管道、悬挂物品，可能危及公路安全,是,110113,
十支队-顺义执法队,S305顺平路K15+550下行潮白河大桥东,车辆装载物触地拖行、掉落、遗洒或者飘散，造成公路路面损坏、污染,是,110113,
十支队-顺义执法队,S305顺平路K22+000下行顺平辅线交叉口东,在公路上及公路用地范围内堆放物品,是,110113,
十支队-顺义执法队,S305顺平路K22+000下行顺平辅线交叉口东,在公路上及公路用地范围内摆摊设点,是,110113,
十支队-顺义执法队,S305顺平路K22+000下行顺平辅线交叉口东,在公路范围内擅自移动井盖,否,110113,
十支队-顺义执法队,S305顺平路K22+000下行顺平辅线交叉口东,擅自占用、挖掘公路,是,110113,
十支队-顺义执法队,S305顺平路K22+000下行顺平辅线交叉口东,在公路用地范围内设置公路标志以外的其他标志,是,110113,
十支队-顺义执法队,S305顺平路K22+000下行顺平辅线交叉口东,遮挡公路附属设施或者利用公路附属设施架设管道、悬挂物品，可能危及公路安全,是,110113,
十支队-顺义执法队,S305顺平路K22+000下行顺平辅线交叉口东,车辆装载物触地拖行、掉落、遗洒或者飘散，造成公路路面损坏、污染,是,110113,
十支队-顺义执法队,S305顺平路K38+420下行大秦铁路桥西,在公路上及公路用地范围内堆放物品,是,110113,11000000001319670519
十支队-顺义执法队,S305顺平路K38+420下行大秦铁路桥西,在公路上及公路用地范围内摆摊设点,是,110113,11000000001319670519
十支队-顺义执法队,S305顺平路K38+420下行大秦铁路桥西,在公路范围内擅自移动井盖,否,110113,11000000001319670519
十支队-顺义执法队,S305顺平路K38+420下行大秦铁路桥西,擅自占用、挖掘公路,是,110113,11000000001319670519
十支队-顺义执法队,S305顺平路K38+420下行大秦铁路桥西,在公路用地范围内设置公路标志以外的其他标志,是,110113,11000000001319670519
十支队-顺义执法队,S305顺平路K38+420下行大秦铁路桥西,遮挡公路附属设施或者利用公路附属设施架设管道、悬挂物品，可能危及公路安全,是,110113,11000000001319670519
十支队-顺义执法队,S305顺平路K38+420下行大秦铁路桥西,车辆装载物触地拖行、掉落、遗洒或者飘散，造成公路路面损坏、污染,是,110113,11000000001319670519
十支队-顺义执法队,S305顺平路K4+400上行枯柳树环岛,在公路上及公路用地范围内堆放物品,是,110113,
十支队-顺义执法队,S305顺平路K4+400上行枯柳树环岛,在公路上及公路用地范围内摆摊设点,是,110113,
十支队-顺义执法队,S305顺平路K4+400上行枯柳树环岛,在公路范围内擅自移动井盖,否,110113,
十支队-顺义执法队,S305顺平路K4+400上行枯柳树环岛,擅自占用、挖掘公路,是,110113,
十支队-顺义执法队,S305顺平路K4+400上行枯柳树环岛,在公路用地范围内设置公路标志以外的其他标志,是,110113,
十支队-顺义执法队,S305顺平路K4+400上行枯柳树环岛,遮挡公路附属设施或者利用公路附属设施架设管道、悬挂物品，可能危及公路安全,是,110113,
十支队-顺义执法队,S305顺平路K4+400上行枯柳树环岛,车辆装载物触地拖行、掉落、遗洒或者飘散，造成公路路面损坏、污染,是,110113,
十支队-平谷执法队,S305顺平路K43+730官庄路口,在公路上及公路用地范围内堆放物品,是,110117,
十支队-平谷执法队,S305顺平路K43+730官庄路口,在公路上及公路用地范围内摆摊设点,是,110117,
十支队-平谷执法队,S305顺平路K43+730官庄路口,在公路范围内擅自移动井盖,否,110117,
十支队-平谷执法队,S305顺平路K43+730官庄路口,擅自占用、挖掘公路,是,110117,
十支队-平谷执法队,S305顺平路K43+730官庄路口,在公路用地范围内设置公路标志以外的其他标志,是,110117,
十支队-平谷执法队,S305顺平路K43+730官庄路口,遮挡公路附属设施或者利用公路附属设施架设管道、悬挂物品，可能危及公路安全,是,110117,
十支队-平谷执法队,S305顺平路K43+730官庄路口,车辆装载物触地拖行、掉落、遗洒或者飘散，造成公路路面损坏、污染,是,110117,
十支队-平谷执法队,S305顺平路K52+500平谷汽车站,在公路上及公路用地范围内堆放物品,是,110117,
十支队-平谷执法队,S305顺平路K52+500平谷汽车站,在公路上及公路用地范围内摆摊设点,是,110117,
十支队-平谷执法队,S305顺平路K52+500平谷汽车站,在公路范围内擅自移动井盖,否,110117,
十支队-平谷执法队,S305顺平路K52+500平谷汽车站,擅自占用、挖掘公路,是,110117,
十支队-平谷执法队,S305顺平路K52+500平谷汽车站,在公路用地范围内设置公路标志以外的其他标志,是,110117,
十支队-平谷执法队,S305顺平路K52+500平谷汽车站,遮挡公路附属设施或者利用公路附属设施架设管道、悬挂物品，可能危及公路安全,是,110117,
十支队-平谷执法队,S305顺平路K52+500平谷汽车站,车辆装载物触地拖行、掉落、遗洒或者飘散，造成公路路面损坏、污染,是,110117,
十支队-平谷执法队,S305顺平路K55+000下纸寨桥,在公路上及公路用地范围内堆放物品,是,110117,
十支队-平谷执法队,S305顺平路K55+000下纸寨桥,在公路上及公路用地范围内摆摊设点,是,110117,
十支队-平谷执法队,S305顺平路K55+000下纸寨桥,在公路范围内擅自移动井盖,否,110117,
十支队-平谷执法队,S305顺平路K55+000下纸寨桥,擅自占用、挖掘公路,是,110117,
十支队-平谷执法队,S305顺平路K55+000下纸寨桥,在公路用地范围内设置公路标志以外的其他标志,是,110117,
十支队-平谷执法队,S305顺平路K55+000下纸寨桥,遮挡公路附属设施或者利用公路附属设施架设管道、悬挂物品，可能危及公路安全,是,110117,
十支队-平谷执法队,S305顺平路K55+000下纸寨桥,车辆装载物触地拖行、掉落、遗洒或者飘散，造成公路路面损坏、污染,是,110117,
十支队-顺义执法队,S305顺平路K9+430下行外环路口东,在公路上及公路用地范围内堆放物品,是,110113,
十支队-顺义执法队,S305顺平路K9+430下行外环路口东,在公路上及公路用地范围内摆摊设点,是,110113,
十支队-顺义执法队,S305顺平路K9+430下行外环路口东,在公路范围内擅自移动井盖,否,110113,
十支队-顺义执法队,S305顺平路K9+430下行外环路口东,擅自占用、挖掘公路,是,110113,
十支队-顺义执法队,S305顺平路K9+430下行外环路口东,在公路用地范围内设置公路标志以外的其他标志,是,110113,
十支队-顺义执法队,S305顺平路K9+430下行外环路口东,遮挡公路附属设施或者利用公路附属设施架设管道、悬挂物品，可能危及公路安全,是,110113,
十支队-顺义执法队,S305顺平路K9+430下行外环路口东,车辆装载物触地拖行、掉落、遗洒或者飘散，造成公路路面损坏、污染,是,110113,
十支队-通州执法队,S306武兴路K5+300甘棠 01,在公路上及公路用地范围内堆放物品,是,110112,11000000001317235433
十支队-通州执法队,S306武兴路K5+300甘棠 01,在公路上及公路用地范围内摆摊设点,是,110112,11000000001317235433
十支队-通州执法队,S306武兴路K5+300甘棠 01,在公路范围内擅自移动井盖,否,110112,11000000001317235433
十支队-通州执法队,S306武兴路K5+300甘棠 01,擅自占用、挖掘公路,是,110112,11000000001317235433
十支队-通州执法队,S306武兴路K5+300甘棠 01,在公路用地范围内设置公路标志以外的其他标志,是,110112,11000000001317235433
十支队-通州执法队,S306武兴路K5+300甘棠 01,遮挡公路附属设施或者利用公路附属设施架设管道、悬挂物品，可能危及公路安全,是,110112,11000000001317235433
十支队-通州执法队,S306武兴路K5+300甘棠 01,车辆装载物触地拖行、掉落、遗洒或者飘散，造成公路路面损坏、污染,是,110112,11000000001317235433
十支队-通州执法队,S306武兴路K6+686胡郎路口东,在公路上及公路用地范围内堆放物品,是,110112,
十支队-通州执法队,S306武兴路K6+686胡郎路口东,在公路上及公路用地范围内摆摊设点,是,110112,
十支队-通州执法队,S306武兴路K6+686胡郎路口东,在公路范围内擅自移动井盖,否,110112,
十支队-通州执法队,S306武兴路K6+686胡郎路口东,擅自占用、挖掘公路,是,110112,
十支队-通州执法队,S306武兴路K6+686胡郎路口东,在公路用地范围内设置公路标志以外的其他标志,是,110112,
十支队-通州执法队,S306武兴路K6+686胡郎路口东,遮挡公路附属设施或者利用公路附属设施架设管道、悬挂物品，可能危及公路安全,是,110112,
十支队-通州执法队,S306武兴路K6+686胡郎路口东,车辆装载物触地拖行、掉落、遗洒或者飘散，造成公路路面损坏、污染,是,110112,
十支队-通州执法队,S306武兴路K7+880友谊桥西,在公路上及公路用地范围内堆放物品,是,110112,11000000001315062231
十支队-通州执法队,S306武兴路K7+880友谊桥西,在公路上及公路用地范围内摆摊设点,是,110112,11000000001315062231
十支队-通州执法队,S306武兴路K7+880友谊桥西,在公路范围内擅自移动井盖,否,110112,11000000001315062231
十支队-通州执法队,S306武兴路K7+880友谊桥西,擅自占用、挖掘公路,是,110112,11000000001315062231
十支队-通州执法队,S306武兴路K7+880友谊桥西,在公路用地范围内设置公路标志以外的其他标志,是,110112,11000000001315062231
十支队-通州执法队,S306武兴路K7+880友谊桥西,遮挡公路附属设施或者利用公路附属设施架设管道、悬挂物品，可能危及公路安全,否,110112,11000000001315062231
十支队-通州执法队,S306武兴路K7+880友谊桥西,车辆装载物触地拖行、掉落、遗洒或者飘散，造成公路路面损坏、污染,是,110112,11000000001315062231
十支队-通州执法队,S306武兴路K7+900友谊桥西侧口 进京方向,在公路上及公路用地范围内堆放物品,是,110112,11000000001312280854
十支队-通州执法队,S306武兴路K7+900友谊桥西侧口 进京方向,在公路上及公路用地范围内摆摊设点,是,110112,11000000001312280854
十支队-通州执法队,S306武兴路K7+900友谊桥西侧口 进京方向,在公路范围内擅自移动井盖,否,110112,11000000001312280854
十支队-通州执法队,S306武兴路K7+900友谊桥西侧口 进京方向,擅自占用、挖掘公路,是,110112,11000000001312280854
十支队-通州执法队,S306武兴路K7+900友谊桥西侧口 进京方向,在公路用地范围内设置公路标志以外的其他标志,是,110112,11000000001312280854
十支队-通州执法队,S306武兴路K7+900友谊桥西侧口 进京方向,遮挡公路附属设施或者利用公路附属设施架设管道、悬挂物品，可能危及公路安全,是,110112,11000000001312280854
十支队-通州执法队,S306武兴路K7+900友谊桥西侧口 进京方向,车辆装载物触地拖行、掉落、遗洒或者飘散，造成公路路面损坏、污染,是,110112,11000000001312280854
十支队-怀柔执法队,S308怀长路K0+150怀河立交桥,在公路上及公路用地范围内堆放物品,是,110116,
十支队-怀柔执法队,S308怀长路K0+150怀河立交桥,在公路上及公路用地范围内摆摊设点,是,110116,
十支队-怀柔执法队,S308怀长路K0+150怀河立交桥,在公路范围内擅自移动井盖,否,110116,
十支队-怀柔执法队,S308怀长路K0+150怀河立交桥,擅自占用、挖掘公路,是,110116,
十支队-怀柔执法队,S308怀长路K0+150怀河立交桥,在公路用地范围内设置公路标志以外的其他标志,是,110116,
十支队-怀柔执法队,S308怀长路K0+150怀河立交桥,遮挡公路附属设施或者利用公路附属设施架设管道、悬挂物品，可能危及公路安全,是,110116,
十支队-怀柔执法队,S308怀长路K0+150怀河立交桥,车辆装载物触地拖行、掉落、遗洒或者飘散，造成公路路面损坏、污染,是,110116,
十支队-怀柔执法队,S308怀长路K1+500京承铁路桥上行,在公路上及公路用地范围内堆放物品,是,110116,
十支队-怀柔执法队,S308怀长路K1+500京承铁路桥上行,在公路上及公路用地范围内摆摊设点,是,110116,
十支队-怀柔执法队,S308怀长路K1+500京承铁路桥上行,在公路范围内擅自移动井盖,否,110116,
十支队-怀柔执法队,S308怀长路K1+500京承铁路桥上行,擅自占用、挖掘公路,是,110116,
十支队-怀柔执法队,S308怀长路K1+500京承铁路桥上行,在公路用地范围内设置公路标志以外的其他标志,是,110116,
十支队-怀柔执法队,S308怀长路K1+500京承铁路桥上行,遮挡公路附属设施或者利用公路附属设施架设管道、悬挂物品，可能危及公路安全,是,110116,
十支队-怀柔执法队,S308怀长路K1+500京承铁路桥上行,车辆装载物触地拖行、掉落、遗洒或者飘散，造成公路路面损坏、污染,是,110116,
十支队-怀柔执法队,S308怀长路K27+055九渡河下行,在公路上及公路用地范围内堆放物品,是,110116,
十支队-怀柔执法队,S308怀长路K27+055九渡河下行,在公路上及公路用地范围内摆摊设点,是,110116,
十支队-怀柔执法队,S308怀长路K27+055九渡河下行,在公路范围内擅自移动井盖,否,110116,
十支队-怀柔执法队,S308怀长路K27+055九渡河下行,擅自占用、挖掘公路,是,110116,
十支队-怀柔执法队,S308怀长路K27+055九渡河下行,在公路用地范围内设置公路标志以外的其他标志,是,110116,
十支队-怀柔执法队,S308怀长路K27+055九渡河下行,遮挡公路附属设施或者利用公路附属设施架设管道、悬挂物品，可能危及公路安全,是,110116,
十支队-怀柔执法队,S308怀长路K27+055九渡河下行,车辆装载物触地拖行、掉落、遗洒或者飘散，造成公路路面损坏、污染,是,110116,
十支队-怀柔执法队,S308怀长路K5+050桥梓长陵方向,在公路上及公路用地范围内堆放物品,是,110116,
十支队-怀柔执法队,S308怀长路K5+050桥梓长陵方向,在公路上及公路用地范围内摆摊设点,是,110116,
十支队-怀柔执法队,S308怀长路K5+050桥梓长陵方向,在公路范围内擅自移动井盖,否,110116,
十支队-怀柔执法队,S308怀长路K5+050桥梓长陵方向,擅自占用、挖掘公路,是,110116,
十支队-怀柔执法队,S308怀长路K5+050桥梓长陵方向,在公路用地范围内设置公路标志以外的其他标志,是,110116,
十支队-怀柔执法队,S308怀长路K5+050桥梓长陵方向,遮挡公路附属设施或者利用公路附属设施架设管道、悬挂物品，可能危及公路安全,是,110116,
十支队-怀柔执法队,S308怀长路K5+050桥梓长陵方向,车辆装载物触地拖行、掉落、遗洒或者飘散，造成公路路面损坏、污染,是,110116,
十支队-怀柔执法队,S309滦赤路K100+210盘道沟,在公路上及公路用地范围内堆放物品,是,110116,
十支队-怀柔执法队,S309滦赤路K100+210盘道沟,在公路上及公路用地范围内摆摊设点,是,110116,
十支队-怀柔执法队,S309滦赤路K100+210盘道沟,在公路范围内擅自移动井盖,否,110116,
十支队-怀柔执法队,S309滦赤路K100+210盘道沟,擅自占用、挖掘公路,是,110116,
十支队-怀柔执法队,S309滦赤路K100+210盘道沟,在公路用地范围内设置公路标志以外的其他标志,是,110116,
十支队-怀柔执法队,S309滦赤路K100+210盘道沟,遮挡公路附属设施或者利用公路附属设施架设管道、悬挂物品，可能危及公路安全,是,110116,
十支队-怀柔执法队,S309滦赤路K100+210盘道沟,车辆装载物触地拖行、掉落、遗洒或者飘散，造成公路路面损坏、污染,是,110116,
十支队-怀柔执法队,S309滦赤路K107+260西帽山,在公路上及公路用地范围内堆放物品,是,110116,
十支队-怀柔执法队,S309滦赤路K107+260西帽山,在公路上及公路用地范围内摆摊设点,是,110116,
十支队-怀柔执法队,S309滦赤路K107+260西帽山,在公路范围内擅自移动井盖,否,110116,
十支队-怀柔执法队,S309滦赤路K107+260西帽山,擅自占用、挖掘公路,是,110116,
十支队-怀柔执法队,S309滦赤路K107+260西帽山,在公路用地范围内设置公路标志以外的其他标志,是,110116,
十支队-怀柔执法队,S309滦赤路K107+260西帽山,遮挡公路附属设施或者利用公路附属设施架设管道、悬挂物品，可能危及公路安全,是,110116,
十支队-怀柔执法队,S309滦赤路K107+260西帽山,车辆装载物触地拖行、掉落、遗洒或者飘散，造成公路路面损坏、污染,是,110116,
十支队-密云执法队,S311密兴路K19+930前沙岭隧道口,在公路上及公路用地范围内堆放物品,是,110118,
十支队-密云执法队,S311密兴路K19+930前沙岭隧道口,在公路上及公路用地范围内摆摊设点,是,110118,
十支队-密云执法队,S311密兴路K19+930前沙岭隧道口,在公路范围内擅自移动井盖,否,110118,
十支队-密云执法队,S311密兴路K19+930前沙岭隧道口,擅自占用、挖掘公路,是,110118,
十支队-密云执法队,S311密兴路K19+930前沙岭隧道口,在公路用地范围内设置公路标志以外的其他标志,是,110118,
十支队-密云执法队,S311密兴路K19+930前沙岭隧道口,遮挡公路附属设施或者利用公路附属设施架设管道、悬挂物品，可能危及公路安全,是,110118,
十支队-密云执法队,S311密兴路K19+930前沙岭隧道口,车辆装载物触地拖行、掉落、遗洒或者飘散，造成公路路面损坏、污染,是,110118,
十支队-密云执法队,S311密兴路K21+120前沙岭隧道口,在公路上及公路用地范围内堆放物品,是,110118,
十支队-密云执法队,S311密兴路K21+120前沙岭隧道口,在公路上及公路用地范围内摆摊设点,是,110118,
十支队-密云执法队,S311密兴路K21+120前沙岭隧道口,在公路范围内擅自移动井盖,否,110118,
十支队-密云执法队,S311密兴路K21+120前沙岭隧道口,擅自占用、挖掘公路,是,110118,
十支队-密云执法队,S311密兴路K21+120前沙岭隧道口,在公路用地范围内设置公路标志以外的其他标志,是,110118,
十支队-密云执法队,S311密兴路K21+120前沙岭隧道口,遮挡公路附属设施或者利用公路附属设施架设管道、悬挂物品，可能危及公路安全,是,110118,
十支队-密云执法队,S311密兴路K21+120前沙岭隧道口,车辆装载物触地拖行、掉落、遗洒或者飘散，造成公路路面损坏、污染,是,110118,
十支队-密云执法队,S311密兴路K3+497海子村,在公路上及公路用地范围内堆放物品,是,110118,
十支队-密云执法队,S311密兴路K3+497海子村,在公路上及公路用地范围内摆摊设点,是,110118,
十支队-密云执法队,S311密兴路K3+497海子村,在公路范围内擅自移动井盖,否,110118,
十支队-密云执法队,S311密兴路K3+497海子村,擅自占用、挖掘公路,是,110118,
十支队-密云执法队,S311密兴路K3+497海子村,在公路用地范围内设置公路标志以外的其他标志,是,110118,
十支队-密云执法队,S311密兴路K3+497海子村,遮挡公路附属设施或者利用公路附属设施架设管道、悬挂物品，可能危及公路安全,是,110118,
十支队-密云执法队,S311密兴路K3+497海子村,车辆装载物触地拖行、掉落、遗洒或者飘散，造成公路路面损坏、污染,是,110118,
十支队-密云执法队,S311密兴路K7+300火郎峪隧道口,在公路上及公路用地范围内堆放物品,是,110118,
十支队-密云执法队,S311密兴路K7+300火郎峪隧道口,在公路上及公路用地范围内摆摊设点,是,110118,
十支队-密云执法队,S311密兴路K7+300火郎峪隧道口,在公路范围内擅自移动井盖,否,110118,
十支队-密云执法队,S311密兴路K7+300火郎峪隧道口,擅自占用、挖掘公路,是,110118,
十支队-密云执法队,S311密兴路K7+300火郎峪隧道口,在公路用地范围内设置公路标志以外的其他标志,是,110118,
十支队-密云执法队,S311密兴路K7+300火郎峪隧道口,遮挡公路附属设施或者利用公路附属设施架设管道、悬挂物品，可能危及公路安全,是,110118,
十支队-密云执法队,S311密兴路K7+300火郎峪隧道口,车辆装载物触地拖行、掉落、遗洒或者飘散，造成公路路面损坏、污染,是,110118,
十支队-密云执法队,S311密兴路K8+050火郎峪隧道口,在公路上及公路用地范围内堆放物品,是,110118,
十支队-密云执法队,S311密兴路K8+050火郎峪隧道口,在公路上及公路用地范围内摆摊设点,是,110118,
十支队-密云执法队,S311密兴路K8+050火郎峪隧道口,在公路范围内擅自移动井盖,否,110118,
十支队-密云执法队,S311密兴路K8+050火郎峪隧道口,擅自占用、挖掘公路,是,110118,
十支队-密云执法队,S311密兴路K8+050火郎峪隧道口,在公路用地范围内设置公路标志以外的其他标志,是,110118,
十支队-密云执法队,S311密兴路K8+050火郎峪隧道口,遮挡公路附属设施或者利用公路附属设施架设管道、悬挂物品，可能危及公路安全,是,110118,
十支队-密云执法队,S311密兴路K8+050火郎峪隧道口,车辆装载物触地拖行、掉落、遗洒或者飘散，造成公路路面损坏、污染,是,110118,
十支队-密云执法队,S311兴阳线K28+470大城子关上 出京,在公路上及公路用地范围内堆放物品,是,110118,
十支队-密云执法队,S311兴阳线K28+470大城子关上 出京,在公路上及公路用地范围内摆摊设点,是,110118,
十支队-密云执法队,S311兴阳线K28+470大城子关上 出京,在公路范围内擅自移动井盖,否,110118,
十支队-密云执法队,S311兴阳线K28+470大城子关上 出京,擅自占用、挖掘公路,是,110118,
十支队-密云执法队,S311兴阳线K28+470大城子关上 出京,在公路用地范围内设置公路标志以外的其他标志,是,110118,
十支队-密云执法队,S311兴阳线K28+470大城子关上 出京,遮挡公路附属设施或者利用公路附属设施架设管道、悬挂物品，可能危及公路安全,是,110118,
十支队-密云执法队,S311兴阳线K28+470大城子关上 出京,车辆装载物触地拖行、掉落、遗洒或者飘散，造成公路路面损坏、污染,是,110118,
十支队-密云执法队,S311兴阳线K28+470大城子关上 进京,在公路上及公路用地范围内堆放物品,是,110118,
十支队-密云执法队,S311兴阳线K28+470大城子关上 进京,在公路上及公路用地范围内摆摊设点,是,110118,
十支队-密云执法队,S311兴阳线K28+470大城子关上 进京,在公路范围内擅自移动井盖,否,110118,
十支队-密云执法队,S311兴阳线K28+470大城子关上 进京,擅自占用、挖掘公路,是,110118,
十支队-密云执法队,S311兴阳线K28+470大城子关上 进京,在公路用地范围内设置公路标志以外的其他标志,是,110118,
十支队-密云执法队,S311兴阳线K28+470大城子关上 进京,遮挡公路附属设施或者利用公路附属设施架设管道、悬挂物品，可能危及公路安全,是,110118,
十支队-密云执法队,S311兴阳线K28+470大城子关上 进京,车辆装载物触地拖行、掉落、遗洒或者飘散，造成公路路面损坏、污染,是,110118,
十支队-密云执法队,S312松曹路K32+780大角峪,在公路上及公路用地范围内堆放物品,是,110118,
十支队-密云执法队,S312松曹路K32+780大角峪,在公路上及公路用地范围内摆摊设点,是,110118,
十支队-密云执法队,S312松曹路K32+780大角峪,在公路范围内擅自移动井盖,否,110118,
十支队-密云执法队,S312松曹路K32+780大角峪,擅自占用、挖掘公路,是,110118,
十支队-密云执法队,S312松曹路K32+780大角峪,在公路用地范围内设置公路标志以外的其他标志,是,110118,
十支队-密云执法队,S312松曹路K32+780大角峪,遮挡公路附属设施或者利用公路附属设施架设管道、悬挂物品，可能危及公路安全,是,110118,
十支队-密云执法队,S312松曹路K32+780大角峪,车辆装载物触地拖行、掉落、遗洒或者飘散，造成公路路面损坏、污染,是,110118,
十支队-密云执法队,S312松曹路K38+150新城子北岭村 出京,在公路上及公路用地范围内堆放物品,是,110118,
十支队-密云执法队,S312松曹路K38+150新城子北岭村 出京,在公路上及公路用地范围内摆摊设点,是,110118,
十支队-密云执法队,S312松曹路K38+150新城子北岭村 出京,在公路范围内擅自移动井盖,否,110118,
十支队-密云执法队,S312松曹路K38+150新城子北岭村 出京,擅自占用、挖掘公路,是,110118,
十支队-密云执法队,S312松曹路K38+150新城子北岭村 出京,在公路用地范围内设置公路标志以外的其他标志,是,110118,
十支队-密云执法队,S312松曹路K38+150新城子北岭村 出京,遮挡公路附属设施或者利用公路附属设施架设管道、悬挂物品，可能危及公路安全,是,110118,
十支队-密云执法队,S312松曹路K38+150新城子北岭村 出京,车辆装载物触地拖行、掉落、遗洒或者飘散，造成公路路面损坏、污染,是,110118,
十支队-密云执法队,S312松曹路K38+150新城子北岭村 进京,在公路上及公路用地范围内堆放物品,是,110118,
十支队-密云执法队,S312松曹路K38+150新城子北岭村 进京,在公路上及公路用地范围内摆摊设点,是,110118,
十支队-密云执法队,S312松曹路K38+150新城子北岭村 进京,在公路范围内擅自移动井盖,否,110118,
十支队-密云执法队,S312松曹路K38+150新城子北岭村 进京,擅自占用、挖掘公路,是,110118,
十支队-密云执法队,S312松曹路K38+150新城子北岭村 进京,在公路用地范围内设置公路标志以外的其他标志,是,110118,
十支队-密云执法队,S312松曹路K38+150新城子北岭村 进京,遮挡公路附属设施或者利用公路附属设施架设管道、悬挂物品，可能危及公路安全,是,110118,
十支队-密云执法队,S312松曹路K38+150新城子北岭村 进京,车辆装载物触地拖行、掉落、遗洒或者飘散，造成公路路面损坏、污染,是,110118,
十支队-平谷执法队,S314平蓟路K18+500三泉寺金海湖,在公路上及公路用地范围内堆放物品,是,110117,
十支队-平谷执法队,S314平蓟路K18+500三泉寺金海湖,在公路上及公路用地范围内摆摊设点,是,110117,
十支队-平谷执法队,S314平蓟路K18+500三泉寺金海湖,在公路范围内擅自移动井盖,否,110117,
十支队-平谷执法队,S314平蓟路K18+500三泉寺金海湖,擅自占用、挖掘公路,是,110117,
十支队-平谷执法队,S314平蓟路K18+500三泉寺金海湖,在公路用地范围内设置公路标志以外的其他标志,是,110117,
十支队-平谷执法队,S314平蓟路K18+500三泉寺金海湖,遮挡公路附属设施或者利用公路附属设施架设管道、悬挂物品，可能危及公路安全,是,110117,
十支队-平谷执法队,S314平蓟路K18+500三泉寺金海湖,车辆装载物触地拖行、掉落、遗洒或者飘散，造成公路路面损坏、污染,是,110117,
十支队-平谷执法队,S314平蓟路K23+450天津交界,在公路上及公路用地范围内堆放物品,是,110117,
十支队-平谷执法队,S314平蓟路K23+450天津交界,在公路上及公路用地范围内摆摊设点,是,110117,
十支队-平谷执法队,S314平蓟路K23+450天津交界,在公路范围内擅自移动井盖,否,110117,
十支队-平谷执法队,S314平蓟路K23+450天津交界,擅自占用、挖掘公路,是,110117,
十支队-平谷执法队,S314平蓟路K23+450天津交界,在公路用地范围内设置公路标志以外的其他标志,是,110117,
十支队-平谷执法队,S314平蓟路K23+450天津交界,遮挡公路附属设施或者利用公路附属设施架设管道、悬挂物品，可能危及公路安全,是,110117,
十支队-平谷执法队,S314平蓟路K23+450天津交界,车辆装载物触地拖行、掉落、遗洒或者飘散，造成公路路面损坏、污染,是,110117,
十支队-平谷执法队,S314平蓟路K8+660南独乐河,在公路上及公路用地范围内堆放物品,是,110117,
十支队-平谷执法队,S314平蓟路K8+660南独乐河,在公路上及公路用地范围内摆摊设点,是,110117,
十支队-平谷执法队,S314平蓟路K8+660南独乐河,在公路范围内擅自移动井盖,否,110117,
十支队-平谷执法队,S314平蓟路K8+660南独乐河,擅自占用、挖掘公路,是,110117,
十支队-平谷执法队,S314平蓟路K8+660南独乐河,在公路用地范围内设置公路标志以外的其他标志,是,110117,
十支队-平谷执法队,S314平蓟路K8+660南独乐河,遮挡公路附属设施或者利用公路附属设施架设管道、悬挂物品，可能危及公路安全,是,110117,
十支队-平谷执法队,S314平蓟路K8+660南独乐河,车辆装载物触地拖行、掉落、遗洒或者飘散，造成公路路面损坏、污染,是,110117,
十支队-顺义执法队,S321顺沙路K2+400京承铁路桥下行,在公路上及公路用地范围内堆放物品,是,110113,
十支队-顺义执法队,S321顺沙路K2+400京承铁路桥下行,在公路上及公路用地范围内摆摊设点,是,110113,
十支队-顺义执法队,S321顺沙路K2+400京承铁路桥下行,在公路范围内擅自移动井盖,否,110113,
十支队-顺义执法队,S321顺沙路K2+400京承铁路桥下行,擅自占用、挖掘公路,是,110113,
十支队-顺义执法队,S321顺沙路K2+400京承铁路桥下行,在公路用地范围内设置公路标志以外的其他标志,是,110113,
十支队-顺义执法队,S321顺沙路K2+400京承铁路桥下行,遮挡公路附属设施或者利用公路附属设施架设管道、悬挂物品，可能危及公路安全,是,110113,
十支队-顺义执法队,S321顺沙路K2+400京承铁路桥下行,车辆装载物触地拖行、掉落、遗洒或者飘散，造成公路路面损坏、污染,是,110113,
十支队-顺义执法队,S321顺沙路K4+250下行南陈路口西,在公路上及公路用地范围内堆放物品,是,110113,
十支队-顺义执法队,S321顺沙路K4+250下行南陈路口西,在公路上及公路用地范围内摆摊设点,是,110113,
十支队-顺义执法队,S321顺沙路K4+250下行南陈路口西,在公路范围内擅自移动井盖,否,110113,
十支队-顺义执法队,S321顺沙路K4+250下行南陈路口西,擅自占用、挖掘公路,是,110113,
十支队-顺义执法队,S321顺沙路K4+250下行南陈路口西,在公路用地范围内设置公路标志以外的其他标志,是,110113,
十支队-顺义执法队,S321顺沙路K4+250下行南陈路口西,遮挡公路附属设施或者利用公路附属设施架设管道、悬挂物品，可能危及公路安全,是,110113,
十支队-顺义执法队,S321顺沙路K4+250下行南陈路口西,车辆装载物触地拖行、掉落、遗洒或者飘散，造成公路路面损坏、污染,是,110113,
十支队-顺义执法队,S321顺沙路K8+300上行张喜庄仓库,在公路上及公路用地范围内堆放物品,是,110113,
十支队-顺义执法队,S321顺沙路K8+300上行张喜庄仓库,在公路上及公路用地范围内摆摊设点,是,110113,
十支队-顺义执法队,S321顺沙路K8+300上行张喜庄仓库,在公路范围内擅自移动井盖,否,110113,
十支队-顺义执法队,S321顺沙路K8+300上行张喜庄仓库,擅自占用、挖掘公路,是,110113,
十支队-顺义执法队,S321顺沙路K8+300上行张喜庄仓库,在公路用地范围内设置公路标志以外的其他标志,是,110113,
十支队-顺义执法队,S321顺沙路K8+300上行张喜庄仓库,遮挡公路附属设施或者利用公路附属设施架设管道、悬挂物品，可能危及公路安全,是,110113,
十支队-顺义执法队,S321顺沙路K8+300上行张喜庄仓库,车辆装载物触地拖行、掉落、遗洒或者飘散，造成公路路面损坏、污染,是,110113,
十支队-平谷执法队,S32京平高速桥下K45+700河北村桥下01出京(可控),在公路上及公路用地范围内堆放物品,是,110117,11011701071328070018
十支队-平谷执法队,S32京平高速桥下K45+700河北村桥下01出京(可控),在公路上及公路用地范围内摆摊设点,是,110117,11011701071328070018
十支队-平谷执法队,S32京平高速桥下K45+700河北村桥下01出京(可控),在公路范围内擅自移动井盖,否,110117,11011701071328070018
十支队-平谷执法队,S32京平高速桥下K45+700河北村桥下01出京(可控),擅自占用、挖掘公路,是,110117,11011701071328070018
十支队-平谷执法队,S32京平高速桥下K45+700河北村桥下01出京(可控),在公路用地范围内设置公路标志以外的其他标志,是,110117,11011701071328070018
十支队-平谷执法队,S32京平高速桥下K45+700河北村桥下01出京(可控),遮挡公路附属设施或者利用公路附属设施架设管道、悬挂物品，可能危及公路安全,是,110117,11011701071328070018
十支队-平谷执法队,S32京平高速桥下K45+700河北村桥下01出京(可控),车辆装载物触地拖行、掉落、遗洒或者飘散，造成公路路面损坏、污染,是,110117,11011701071328070018
十支队-平谷执法队,S32京平高速桥下K45+700河北村桥下02出京(可控),在公路上及公路用地范围内堆放物品,是,110117,11011701071328070019
十支队-平谷执法队,S32京平高速桥下K45+700河北村桥下02出京(可控),在公路上及公路用地范围内摆摊设点,是,110117,11011701071328070019
十支队-平谷执法队,S32京平高速桥下K45+700河北村桥下02出京(可控),在公路范围内擅自移动井盖,否,110117,11011701071328070019
十支队-平谷执法队,S32京平高速桥下K45+700河北村桥下02出京(可控),擅自占用、挖掘公路,是,110117,11011701071328070019
十支队-平谷执法队,S32京平高速桥下K45+700河北村桥下02出京(可控),在公路用地范围内设置公路标志以外的其他标志,是,110117,11011701071328070019
十支队-平谷执法队,S32京平高速桥下K45+700河北村桥下02出京(可控),遮挡公路附属设施或者利用公路附属设施架设管道、悬挂物品，可能危及公路安全,是,110117,11011701071328070019
十支队-平谷执法队,S32京平高速桥下K45+700河北村桥下02出京(可控),车辆装载物触地拖行、掉落、遗洒或者飘散，造成公路路面损坏、污染,是,110117,11011701071328070019
十支队-平谷执法队,S32京平高速桥下K47+100马坊桥下01出京(可控),在公路上及公路用地范围内堆放物品,是,110117,11011701071328070032
十支队-平谷执法队,S32京平高速桥下K47+100马坊桥下01出京(可控),在公路上及公路用地范围内摆摊设点,是,110117,11011701071328070032
十支队-平谷执法队,S32京平高速桥下K47+100马坊桥下01出京(可控),在公路范围内擅自移动井盖,否,110117,11011701071328070032
十支队-平谷执法队,S32京平高速桥下K47+100马坊桥下01出京(可控),擅自占用、挖掘公路,是,110117,11011701071328070032
十支队-平谷执法队,S32京平高速桥下K47+100马坊桥下01出京(可控),在公路用地范围内设置公路标志以外的其他标志,是,110117,11011701071328070032
十支队-平谷执法队,S32京平高速桥下K47+100马坊桥下01出京(可控),遮挡公路附属设施或者利用公路附属设施架设管道、悬挂物品，可能危及公路安全,是,110117,11011701071328070032
十支队-平谷执法队,S32京平高速桥下K47+100马坊桥下01出京(可控),车辆装载物触地拖行、掉落、遗洒或者飘散，造成公路路面损坏、污染,是,110117,11011701071328070032
十支队-平谷执法队,S32京平高速桥下K47+200马坊桥下02出京(可控),在公路上及公路用地范围内堆放物品,是,110117,11011701071328070033
十支队-平谷执法队,S32京平高速桥下K47+200马坊桥下02出京(可控),在公路上及公路用地范围内摆摊设点,是,110117,11011701071328070033
十支队-平谷执法队,S32京平高速桥下K47+200马坊桥下02出京(可控),在公路范围内擅自移动井盖,否,110117,11011701071328070033
十支队-平谷执法队,S32京平高速桥下K47+200马坊桥下02出京(可控),擅自占用、挖掘公路,是,110117,11011701071328070033
十支队-平谷执法队,S32京平高速桥下K47+200马坊桥下02出京(可控),在公路用地范围内设置公路标志以外的其他标志,是,110117,11011701071328070033
十支队-平谷执法队,S32京平高速桥下K47+200马坊桥下02出京(可控),遮挡公路附属设施或者利用公路附属设施架设管道、悬挂物品，可能危及公路安全,是,110117,11011701071328070033
十支队-平谷执法队,S32京平高速桥下K47+200马坊桥下02出京(可控),车辆装载物触地拖行、掉落、遗洒或者飘散，造成公路路面损坏、污染,是,110117,11011701071328070033
十支队-平谷执法队,S32京平高速桥下K47+300马坊桥下03出京(可控),在公路上及公路用地范围内堆放物品,是,110117,11011701071328070034
十支队-平谷执法队,S32京平高速桥下K47+300马坊桥下03出京(可控),在公路上及公路用地范围内摆摊设点,是,110117,11011701071328070034
十支队-平谷执法队,S32京平高速桥下K47+300马坊桥下03出京(可控),在公路范围内擅自移动井盖,否,110117,11011701071328070034
十支队-平谷执法队,S32京平高速桥下K47+300马坊桥下03出京(可控),擅自占用、挖掘公路,是,110117,11011701071328070034
十支队-平谷执法队,S32京平高速桥下K47+300马坊桥下03出京(可控),在公路用地范围内设置公路标志以外的其他标志,是,110117,11011701071328070034
十支队-平谷执法队,S32京平高速桥下K47+300马坊桥下03出京(可控),遮挡公路附属设施或者利用公路附属设施架设管道、悬挂物品，可能危及公路安全,是,110117,11011701071328070034
十支队-平谷执法队,S32京平高速桥下K47+300马坊桥下03出京(可控),车辆装载物触地拖行、掉落、遗洒或者飘散，造成公路路面损坏、污染,是,110117,11011701071328070034
十支队-平谷执法队,S32京平高速桥下K47+400马坊桥下04进京(可控),在公路上及公路用地范围内堆放物品,是,110117,11011701071328070035
十支队-平谷执法队,S32京平高速桥下K47+400马坊桥下04进京(可控),在公路上及公路用地范围内摆摊设点,是,110117,11011701071328070035
十支队-平谷执法队,S32京平高速桥下K47+400马坊桥下04进京(可控),在公路范围内擅自移动井盖,否,110117,11011701071328070035
十支队-平谷执法队,S32京平高速桥下K47+400马坊桥下04进京(可控),擅自占用、挖掘公路,是,110117,11011701071328070035
十支队-平谷执法队,S32京平高速桥下K47+400马坊桥下04进京(可控),在公路用地范围内设置公路标志以外的其他标志,是,110117,11011701071328070035
十支队-平谷执法队,S32京平高速桥下K47+400马坊桥下04进京(可控),遮挡公路附属设施或者利用公路附属设施架设管道、悬挂物品，可能危及公路安全,是,110117,11011701071328070035
十支队-平谷执法队,S32京平高速桥下K47+400马坊桥下04进京(可控),车辆装载物触地拖行、掉落、遗洒或者飘散，造成公路路面损坏、污染,是,110117,11011701071328070035
十支队-平谷执法队,S32京平高速桥下K47+500马坊桥下05进京(可控),在公路上及公路用地范围内堆放物品,是,110117,11011701071328070036
十支队-平谷执法队,S32京平高速桥下K47+500马坊桥下05进京(可控),在公路上及公路用地范围内摆摊设点,是,110117,11011701071328070036
十支队-平谷执法队,S32京平高速桥下K47+500马坊桥下05进京(可控),在公路范围内擅自移动井盖,否,110117,11011701071328070036
十支队-平谷执法队,S32京平高速桥下K47+500马坊桥下05进京(可控),擅自占用、挖掘公路,是,110117,11011701071328070036
十支队-平谷执法队,S32京平高速桥下K47+500马坊桥下05进京(可控),在公路用地范围内设置公路标志以外的其他标志,是,110117,11011701071328070036
十支队-平谷执法队,S32京平高速桥下K47+500马坊桥下05进京(可控),遮挡公路附属设施或者利用公路附属设施架设管道、悬挂物品，可能危及公路安全,是,110117,11011701071328070036
十支队-平谷执法队,S32京平高速桥下K47+500马坊桥下05进京(可控),车辆装载物触地拖行、掉落、遗洒或者飘散，造成公路路面损坏、污染,是,110117,11011701071328070036
十支队-平谷执法队,S32京平高速桥下K47+700马坊桥下06进京(可控),在公路上及公路用地范围内堆放物品,是,110117,11011701071328070037
十支队-平谷执法队,S32京平高速桥下K47+700马坊桥下06进京(可控),在公路上及公路用地范围内摆摊设点,是,110117,11011701071328070037
十支队-平谷执法队,S32京平高速桥下K47+700马坊桥下06进京(可控),在公路范围内擅自移动井盖,否,110117,11011701071328070037
十支队-平谷执法队,S32京平高速桥下K47+700马坊桥下06进京(可控),擅自占用、挖掘公路,是,110117,11011701071328070037
十支队-平谷执法队,S32京平高速桥下K47+700马坊桥下06进京(可控),在公路用地范围内设置公路标志以外的其他标志,是,110117,11011701071328070037
十支队-平谷执法队,S32京平高速桥下K47+700马坊桥下06进京(可控),遮挡公路附属设施或者利用公路附属设施架设管道、悬挂物品，可能危及公路安全,是,110117,11011701071328070037
十支队-平谷执法队,S32京平高速桥下K47+700马坊桥下06进京(可控),车辆装载物触地拖行、掉落、遗洒或者飘散，造成公路路面损坏、污染,是,110117,11011701071328070037
十支队-平谷执法队,S32京平高速桥下K47+750马坊桥下07出京(可控),在公路上及公路用地范围内堆放物品,是,110117,11011701071328070038
十支队-平谷执法队,S32京平高速桥下K47+750马坊桥下07出京(可控),在公路上及公路用地范围内摆摊设点,是,110117,11011701071328070038
十支队-平谷执法队,S32京平高速桥下K47+750马坊桥下07出京(可控),在公路范围内擅自移动井盖,否,110117,11011701071328070038
十支队-平谷执法队,S32京平高速桥下K47+750马坊桥下07出京(可控),擅自占用、挖掘公路,是,110117,11011701071328070038
十支队-平谷执法队,S32京平高速桥下K47+750马坊桥下07出京(可控),在公路用地范围内设置公路标志以外的其他标志,是,110117,11011701071328070038
十支队-平谷执法队,S32京平高速桥下K47+750马坊桥下07出京(可控),遮挡公路附属设施或者利用公路附属设施架设管道、悬挂物品，可能危及公路安全,是,110117,11011701071328070038
十支队-平谷执法队,S32京平高速桥下K47+750马坊桥下07出京(可控),车辆装载物触地拖行、掉落、遗洒或者飘散，造成公路路面损坏、污染,是,110117,11011701071328070038
十支队-平谷执法队,S32京平高速桥下K47+900马坊桥下08出京(可控),在公路上及公路用地范围内堆放物品,是,110117,11011701071328070039
十支队-平谷执法队,S32京平高速桥下K47+900马坊桥下08出京(可控),在公路上及公路用地范围内摆摊设点,是,110117,11011701071328070039
十支队-平谷执法队,S32京平高速桥下K47+900马坊桥下08出京(可控),在公路范围内擅自移动井盖,否,110117,11011701071328070039
十支队-平谷执法队,S32京平高速桥下K47+900马坊桥下08出京(可控),擅自占用、挖掘公路,是,110117,11011701071328070039
十支队-平谷执法队,S32京平高速桥下K47+900马坊桥下08出京(可控),在公路用地范围内设置公路标志以外的其他标志,是,110117,11011701071328070039
十支队-平谷执法队,S32京平高速桥下K47+900马坊桥下08出京(可控),遮挡公路附属设施或者利用公路附属设施架设管道、悬挂物品，可能危及公路安全,是,110117,11011701071328070039
十支队-平谷执法队,S32京平高速桥下K47+900马坊桥下08出京(可控),车辆装载物触地拖行、掉落、遗洒或者飘散，造成公路路面损坏、污染,是,110117,11011701071328070039
十支队-平谷执法队,S32京平高速桥下K48+500泃河桥下01出京(可控),在公路上及公路用地范围内堆放物品,是,110117,11011701071328070040
十支队-平谷执法队,S32京平高速桥下K48+500泃河桥下01出京(可控),在公路上及公路用地范围内摆摊设点,是,110117,11011701071328070040
十支队-平谷执法队,S32京平高速桥下K48+500泃河桥下01出京(可控),在公路范围内擅自移动井盖,否,110117,11011701071328070040
十支队-平谷执法队,S32京平高速桥下K48+500泃河桥下01出京(可控),擅自占用、挖掘公路,是,110117,11011701071328070040
十支队-平谷执法队,S32京平高速桥下K48+500泃河桥下01出京(可控),在公路用地范围内设置公路标志以外的其他标志,是,110117,11011701071328070040
十支队-平谷执法队,S32京平高速桥下K48+500泃河桥下01出京(可控),遮挡公路附属设施或者利用公路附属设施架设管道、悬挂物品，可能危及公路安全,是,110117,11011701071328070040
十支队-平谷执法队,S32京平高速桥下K48+500泃河桥下01出京(可控),车辆装载物触地拖行、掉落、遗洒或者飘散，造成公路路面损坏、污染,是,110117,11011701071328070040
十支队-平谷执法队,S32京平高速桥下K48+600泃河桥下02进京(可控),在公路上及公路用地范围内堆放物品,是,110117,11011701071328070041
十支队-平谷执法队,S32京平高速桥下K48+600泃河桥下02进京(可控),在公路上及公路用地范围内摆摊设点,是,110117,11011701071328070041
十支队-平谷执法队,S32京平高速桥下K48+600泃河桥下02进京(可控),在公路范围内擅自移动井盖,否,110117,11011701071328070041
十支队-平谷执法队,S32京平高速桥下K48+600泃河桥下02进京(可控),擅自占用、挖掘公路,是,110117,11011701071328070041
十支队-平谷执法队,S32京平高速桥下K48+600泃河桥下02进京(可控),在公路用地范围内设置公路标志以外的其他标志,是,110117,11011701071328070041
十支队-平谷执法队,S32京平高速桥下K48+600泃河桥下02进京(可控),遮挡公路附属设施或者利用公路附属设施架设管道、悬挂物品，可能危及公路安全,是,110117,11011701071328070041
十支队-平谷执法队,S32京平高速桥下K48+600泃河桥下02进京(可控),车辆装载物触地拖行、掉落、遗洒或者飘散，造成公路路面损坏、污染,是,110117,11011701071328070041
十支队-平谷执法队,S32京平高速桥下K48+650位泃河桥下03进京(可控),在公路上及公路用地范围内堆放物品,是,110117,11011701071328070042
十支队-平谷执法队,S32京平高速桥下K48+650位泃河桥下03进京(可控),在公路上及公路用地范围内摆摊设点,是,110117,11011701071328070042
十支队-平谷执法队,S32京平高速桥下K48+650位泃河桥下03进京(可控),在公路范围内擅自移动井盖,否,110117,11011701071328070042
十支队-平谷执法队,S32京平高速桥下K48+650位泃河桥下03进京(可控),擅自占用、挖掘公路,是,110117,11011701071328070042
十支队-平谷执法队,S32京平高速桥下K48+650位泃河桥下03进京(可控),在公路用地范围内设置公路标志以外的其他标志,是,110117,11011701071328070042
十支队-平谷执法队,S32京平高速桥下K48+650位泃河桥下03进京(可控),遮挡公路附属设施或者利用公路附属设施架设管道、悬挂物品，可能危及公路安全,是,110117,11011701071328070042
十支队-平谷执法队,S32京平高速桥下K48+650位泃河桥下03进京(可控),车辆装载物触地拖行、掉落、遗洒或者飘散，造成公路路面损坏、污染,是,110117,11011701071328070042
十支队-平谷执法队,S32京平高速桥下K48+700泃河桥下04出京(可控),在公路上及公路用地范围内堆放物品,是,110117,11011701071328070043
十支队-平谷执法队,S32京平高速桥下K48+700泃河桥下04出京(可控),在公路上及公路用地范围内摆摊设点,是,110117,11011701071328070043
十支队-平谷执法队,S32京平高速桥下K48+700泃河桥下04出京(可控),在公路范围内擅自移动井盖,否,110117,11011701071328070043
十支队-平谷执法队,S32京平高速桥下K48+700泃河桥下04出京(可控),擅自占用、挖掘公路,是,110117,11011701071328070043
十支队-平谷执法队,S32京平高速桥下K48+700泃河桥下04出京(可控),在公路用地范围内设置公路标志以外的其他标志,是,110117,11011701071328070043
十支队-平谷执法队,S32京平高速桥下K48+700泃河桥下04出京(可控),遮挡公路附属设施或者利用公路附属设施架设管道、悬挂物品，可能危及公路安全,是,110117,11011701071328070043
十支队-平谷执法队,S32京平高速桥下K48+700泃河桥下04出京(可控),车辆装载物触地拖行、掉落、遗洒或者飘散，造成公路路面损坏、污染,是,110117,11011701071328070043
十支队-平谷执法队,S32京平高速桥下K48+900泃河桥下06出京(可控),在公路上及公路用地范围内堆放物品,是,110117,11011701071328070045
十支队-平谷执法队,S32京平高速桥下K48+900泃河桥下06出京(可控),在公路上及公路用地范围内摆摊设点,是,110117,11011701071328070045
十支队-平谷执法队,S32京平高速桥下K48+900泃河桥下06出京(可控),在公路范围内擅自移动井盖,否,110117,11011701071328070045
十支队-平谷执法队,S32京平高速桥下K48+900泃河桥下06出京(可控),擅自占用、挖掘公路,是,110117,11011701071328070045
十支队-平谷执法队,S32京平高速桥下K48+900泃河桥下06出京(可控),在公路用地范围内设置公路标志以外的其他标志,是,110117,11011701071328070045
十支队-平谷执法队,S32京平高速桥下K48+900泃河桥下06出京(可控),遮挡公路附属设施或者利用公路附属设施架设管道、悬挂物品，可能危及公路安全,是,110117,11011701071328070045
十支队-平谷执法队,S32京平高速桥下K48+900泃河桥下06出京(可控),车辆装载物触地拖行、掉落、遗洒或者飘散，造成公路路面损坏、污染,是,110117,11011701071328070045
十支队-平谷执法队,S32京平高速桥下K50+200物流园桥下01出京(可控),在公路上及公路用地范围内堆放物品,是,110117,11011701071328070048
十支队-平谷执法队,S32京平高速桥下K50+200物流园桥下01出京(可控),在公路上及公路用地范围内摆摊设点,是,110117,11011701071328070048
十支队-平谷执法队,S32京平高速桥下K50+200物流园桥下01出京(可控),在公路范围内擅自移动井盖,否,110117,11011701071328070048
十支队-平谷执法队,S32京平高速桥下K50+200物流园桥下01出京(可控),擅自占用、挖掘公路,是,110117,11011701071328070048
十支队-平谷执法队,S32京平高速桥下K50+200物流园桥下01出京(可控),在公路用地范围内设置公路标志以外的其他标志,是,110117,11011701071328070048
十支队-平谷执法队,S32京平高速桥下K50+200物流园桥下01出京(可控),遮挡公路附属设施或者利用公路附属设施架设管道、悬挂物品，可能危及公路安全,是,110117,11011701071328070048
十支队-平谷执法队,S32京平高速桥下K50+200物流园桥下01出京(可控),车辆装载物触地拖行、掉落、遗洒或者飘散，造成公路路面损坏、污染,是,110117,11011701071328070048
十支队-平谷执法队,S32京平高速桥下K50+220物流园桥下02进京(可控),在公路上及公路用地范围内堆放物品,是,110117,
十支队-平谷执法队,S32京平高速桥下K50+220物流园桥下02进京(可控),在公路上及公路用地范围内摆摊设点,是,110117,
十支队-平谷执法队,S32京平高速桥下K50+220物流园桥下02进京(可控),在公路范围内擅自移动井盖,否,110117,
十支队-平谷执法队,S32京平高速桥下K50+220物流园桥下02进京(可控),擅自占用、挖掘公路,是,110117,
十支队-平谷执法队,S32京平高速桥下K50+220物流园桥下02进京(可控),在公路用地范围内设置公路标志以外的其他标志,是,110117,
十支队-平谷执法队,S32京平高速桥下K50+220物流园桥下02进京(可控),遮挡公路附属设施或者利用公路附属设施架设管道、悬挂物品，可能危及公路安全,是,110117,
十支队-平谷执法队,S32京平高速桥下K50+220物流园桥下02进京(可控),车辆装载物触地拖行、掉落、遗洒或者飘散，造成公路路面损坏、污染,是,110117,
十支队-平谷执法队,S32京平高速桥下K57+300东高村桥下01出京(可控),在公路上及公路用地范围内堆放物品,是,110117,11011701071328070072
十支队-平谷执法队,S32京平高速桥下K57+300东高村桥下01出京(可控),在公路上及公路用地范围内摆摊设点,是,110117,11011701071328070072
十支队-平谷执法队,S32京平高速桥下K57+300东高村桥下01出京(可控),在公路范围内擅自移动井盖,否,110117,11011701071328070072
十支队-平谷执法队,S32京平高速桥下K57+300东高村桥下01出京(可控),擅自占用、挖掘公路,是,110117,11011701071328070072
十支队-平谷执法队,S32京平高速桥下K57+300东高村桥下01出京(可控),在公路用地范围内设置公路标志以外的其他标志,是,110117,11011701071328070072
十支队-平谷执法队,S32京平高速桥下K57+300东高村桥下01出京(可控),遮挡公路附属设施或者利用公路附属设施架设管道、悬挂物品，可能危及公路安全,是,110117,11011701071328070072
十支队-平谷执法队,S32京平高速桥下K57+300东高村桥下01出京(可控),车辆装载物触地拖行、掉落、遗洒或者飘散，造成公路路面损坏、污染,是,110117,11011701071328070072
十支队-平谷执法队,S32京平高速桥下K57+350东高村桥下02进京(可控),在公路上及公路用地范围内堆放物品,是,110117,
十支队-平谷执法队,S32京平高速桥下K57+350东高村桥下02进京(可控),在公路上及公路用地范围内摆摊设点,是,110117,
十支队-平谷执法队,S32京平高速桥下K57+350东高村桥下02进京(可控),在公路范围内擅自移动井盖,否,110117,
十支队-平谷执法队,S32京平高速桥下K57+350东高村桥下02进京(可控),擅自占用、挖掘公路,是,110117,
十支队-平谷执法队,S32京平高速桥下K57+350东高村桥下02进京(可控),在公路用地范围内设置公路标志以外的其他标志,是,110117,
十支队-平谷执法队,S32京平高速桥下K57+350东高村桥下02进京(可控),遮挡公路附属设施或者利用公路附属设施架设管道、悬挂物品，可能危及公路安全,是,110117,
十支队-平谷执法队,S32京平高速桥下K57+350东高村桥下02进京(可控),车辆装载物触地拖行、掉落、遗洒或者飘散，造成公路路面损坏、污染,是,110117,
十支队-平谷执法队,S32京平高速桥下K63+500夏各庄西桥下01进京（可控）,在公路上及公路用地范围内堆放物品,是,110117,11011701071328070086
十支队-平谷执法队,S32京平高速桥下K63+500夏各庄西桥下01进京（可控）,在公路上及公路用地范围内摆摊设点,是,110117,11011701071328070086
十支队-平谷执法队,S32京平高速桥下K63+500夏各庄西桥下01进京（可控）,在公路范围内擅自移动井盖,否,110117,11011701071328070086
十支队-平谷执法队,S32京平高速桥下K63+500夏各庄西桥下01进京（可控）,擅自占用、挖掘公路,是,110117,11011701071328070086
十支队-平谷执法队,S32京平高速桥下K63+500夏各庄西桥下01进京（可控）,在公路用地范围内设置公路标志以外的其他标志,是,110117,11011701071328070086
十支队-平谷执法队,S32京平高速桥下K63+500夏各庄西桥下01进京（可控）,遮挡公路附属设施或者利用公路附属设施架设管道、悬挂物品，可能危及公路安全,是,110117,11011701071328070086
十支队-平谷执法队,S32京平高速桥下K63+500夏各庄西桥下01进京（可控）,车辆装载物触地拖行、掉落、遗洒或者飘散，造成公路路面损坏、污染,是,110117,11011701071328070086
十支队-平谷执法队,S32京平高速桥下K64+300夏各庄桥下01进京（可控）,在公路上及公路用地范围内堆放物品,是,110117,
十支队-平谷执法队,S32京平高速桥下K64+300夏各庄桥下01进京（可控）,在公路上及公路用地范围内摆摊设点,是,110117,
十支队-平谷执法队,S32京平高速桥下K64+300夏各庄桥下01进京（可控）,在公路范围内擅自移动井盖,否,110117,
十支队-平谷执法队,S32京平高速桥下K64+300夏各庄桥下01进京（可控）,擅自占用、挖掘公路,是,110117,
十支队-平谷执法队,S32京平高速桥下K64+300夏各庄桥下01进京（可控）,在公路用地范围内设置公路标志以外的其他标志,是,110117,
十支队-平谷执法队,S32京平高速桥下K64+300夏各庄桥下01进京（可控）,遮挡公路附属设施或者利用公路附属设施架设管道、悬挂物品，可能危及公路安全,是,110117,
十支队-平谷执法队,S32京平高速桥下K64+300夏各庄桥下01进京（可控）,车辆装载物触地拖行、掉落、遗洒或者飘散，造成公路路面损坏、污染,是,110117,
十支队-平谷执法队,S32京平高速桥下K64+300夏各庄桥下02出京（可控）,在公路上及公路用地范围内堆放物品,是,110117,
十支队-平谷执法队,S32京平高速桥下K64+300夏各庄桥下02出京（可控）,在公路上及公路用地范围内摆摊设点,是,110117,
十支队-平谷执法队,S32京平高速桥下K64+300夏各庄桥下02出京（可控）,在公路范围内擅自移动井盖,否,110117,
十支队-平谷执法队,S32京平高速桥下K64+300夏各庄桥下02出京（可控）,擅自占用、挖掘公路,是,110117,
十支队-平谷执法队,S32京平高速桥下K64+300夏各庄桥下02出京（可控）,在公路用地范围内设置公路标志以外的其他标志,是,110117,
十支队-平谷执法队,S32京平高速桥下K64+300夏各庄桥下02出京（可控）,遮挡公路附属设施或者利用公路附属设施架设管道、悬挂物品，可能危及公路安全,是,110117,
十支队-平谷执法队,S32京平高速桥下K64+300夏各庄桥下02出京（可控）,车辆装载物触地拖行、掉落、遗洒或者飘散，造成公路路面损坏、污染,是,110117,
十支队-顺义执法队,S330昌金路K45+190上行龙尹路口东,在公路上及公路用地范围内堆放物品,是,110113,
十支队-顺义执法队,S330昌金路K45+190上行龙尹路口东,在公路上及公路用地范围内摆摊设点,是,110113,
十支队-顺义执法队,S330昌金路K45+190上行龙尹路口东,在公路范围内擅自移动井盖,否,110113,
十支队-顺义执法队,S330昌金路K45+190上行龙尹路口东,擅自占用、挖掘公路,是,110113,
十支队-顺义执法队,S330昌金路K45+190上行龙尹路口东,在公路用地范围内设置公路标志以外的其他标志,是,110113,
十支队-顺义执法队,S330昌金路K45+190上行龙尹路口东,遮挡公路附属设施或者利用公路附属设施架设管道、悬挂物品，可能危及公路安全,是,110113,
十支队-顺义执法队,S330昌金路K45+190上行龙尹路口东,车辆装载物触地拖行、掉落、遗洒或者飘散，造成公路路面损坏、污染,是,110113,
十支队-平谷执法队,S330昌金路K53+100西樊各庄村,在公路上及公路用地范围内堆放物品,是,110117,
十支队-平谷执法队,S330昌金路K53+100西樊各庄村,在公路上及公路用地范围内摆摊设点,是,110117,
十支队-平谷执法队,S330昌金路K53+100西樊各庄村,在公路范围内擅自移动井盖,否,110117,
十支队-平谷执法队,S330昌金路K53+100西樊各庄村,擅自占用、挖掘公路,是,110117,
十支队-平谷执法队,S330昌金路K53+100西樊各庄村,在公路用地范围内设置公路标志以外的其他标志,是,110117,
十支队-平谷执法队,S330昌金路K53+100西樊各庄村,遮挡公路附属设施或者利用公路附属设施架设管道、悬挂物品，可能危及公路安全,是,110117,
十支队-平谷执法队,S330昌金路K53+100西樊各庄村,车辆装载物触地拖行、掉落、遗洒或者飘散，造成公路路面损坏、污染,是,110117,
十支队-平谷执法队,S330昌金路K57+430密三路口,在公路上及公路用地范围内堆放物品,是,110117,
十支队-平谷执法队,S330昌金路K57+430密三路口,在公路上及公路用地范围内摆摊设点,是,110117,
十支队-平谷执法队,S330昌金路K57+430密三路口,在公路范围内擅自移动井盖,否,110117,
十支队-平谷执法队,S330昌金路K57+430密三路口,擅自占用、挖掘公路,是,110117,
十支队-平谷执法队,S330昌金路K57+430密三路口,在公路用地范围内设置公路标志以外的其他标志,是,110117,
十支队-平谷执法队,S330昌金路K57+430密三路口,遮挡公路附属设施或者利用公路附属设施架设管道、悬挂物品，可能危及公路安全,是,110117,
十支队-平谷执法队,S330昌金路K57+430密三路口,车辆装载物触地拖行、掉落、遗洒或者飘散，造成公路路面损坏、污染,是,110117,
十支队-平谷执法队,S330昌金路K76+600峨眉山村北,在公路上及公路用地范围内堆放物品,是,110117,
十支队-平谷执法队,S330昌金路K76+600峨眉山村北,在公路上及公路用地范围内摆摊设点,是,110117,
十支队-平谷执法队,S330昌金路K76+600峨眉山村北,在公路范围内擅自移动井盖,否,110117,
十支队-平谷执法队,S330昌金路K76+600峨眉山村北,擅自占用、挖掘公路,是,110117,
十支队-平谷执法队,S330昌金路K76+600峨眉山村北,在公路用地范围内设置公路标志以外的其他标志,是,110117,
十支队-平谷执法队,S330昌金路K76+600峨眉山村北,遮挡公路附属设施或者利用公路附属设施架设管道、悬挂物品，可能危及公路安全,是,110117,
十支队-平谷执法队,S330昌金路K76+600峨眉山村北,车辆装载物触地拖行、掉落、遗洒或者飘散，造成公路路面损坏、污染,是,110117,
十支队-顺义执法队,S331顺平南线K1+800上行京承铁路桥,在公路上及公路用地范围内堆放物品,是,110113,
十支队-顺义执法队,S331顺平南线K1+800上行京承铁路桥,在公路上及公路用地范围内摆摊设点,是,110113,
十支队-顺义执法队,S331顺平南线K1+800上行京承铁路桥,在公路范围内擅自移动井盖,否,110113,
十支队-顺义执法队,S331顺平南线K1+800上行京承铁路桥,擅自占用、挖掘公路,是,110113,
十支队-顺义执法队,S331顺平南线K1+800上行京承铁路桥,在公路用地范围内设置公路标志以外的其他标志,是,110113,
十支队-顺义执法队,S331顺平南线K1+800上行京承铁路桥,遮挡公路附属设施或者利用公路附属设施架设管道、悬挂物品，可能危及公路安全,是,110113,
十支队-顺义执法队,S331顺平南线K1+800上行京承铁路桥,车辆装载物触地拖行、掉落、遗洒或者飘散，造成公路路面损坏、污染,是,110113,
十支队-顺义执法队,S331顺平南线K22+180上行龙尹路口西,在公路上及公路用地范围内堆放物品,是,110113,
十支队-顺义执法队,S331顺平南线K22+180上行龙尹路口西,在公路上及公路用地范围内摆摊设点,是,110113,
十支队-顺义执法队,S331顺平南线K22+180上行龙尹路口西,在公路范围内擅自移动井盖,否,110113,
十支队-顺义执法队,S331顺平南线K22+180上行龙尹路口西,擅自占用、挖掘公路,是,110113,
十支队-顺义执法队,S331顺平南线K22+180上行龙尹路口西,在公路用地范围内设置公路标志以外的其他标志,是,110113,
十支队-顺义执法队,S331顺平南线K22+180上行龙尹路口西,遮挡公路附属设施或者利用公路附属设施架设管道、悬挂物品，可能危及公路安全,是,110113,
十支队-顺义执法队,S331顺平南线K22+180上行龙尹路口西,车辆装载物触地拖行、掉落、遗洒或者飘散，造成公路路面损坏、污染,是,110113,
十支队-顺义执法队,S331顺平南线K25+550下行七大路口西,在公路上及公路用地范围内堆放物品,是,110113,
十支队-顺义执法队,S331顺平南线K25+550下行七大路口西,在公路上及公路用地范围内摆摊设点,是,110113,
十支队-顺义执法队,S331顺平南线K25+550下行七大路口西,在公路范围内擅自移动井盖,否,110113,
十支队-顺义执法队,S331顺平南线K25+550下行七大路口西,擅自占用、挖掘公路,是,110113,
十支队-顺义执法队,S331顺平南线K25+550下行七大路口西,在公路用地范围内设置公路标志以外的其他标志,是,110113,
十支队-顺义执法队,S331顺平南线K25+550下行七大路口西,遮挡公路附属设施或者利用公路附属设施架设管道、悬挂物品，可能危及公路安全,是,110113,
十支队-顺义执法队,S331顺平南线K25+550下行七大路口西,车辆装载物触地拖行、掉落、遗洒或者飘散，造成公路路面损坏、污染,是,110113,
十支队-顺义执法队,S331顺平南线K25+800上行七大路口西,在公路上及公路用地范围内堆放物品,是,110113,
十支队-顺义执法队,S331顺平南线K25+800上行七大路口西,在公路上及公路用地范围内摆摊设点,是,110113,
十支队-顺义执法队,S331顺平南线K25+800上行七大路口西,在公路范围内擅自移动井盖,否,110113,
十支队-顺义执法队,S331顺平南线K25+800上行七大路口西,擅自占用、挖掘公路,是,110113,
十支队-顺义执法队,S331顺平南线K25+800上行七大路口西,在公路用地范围内设置公路标志以外的其他标志,是,110113,
十支队-顺义执法队,S331顺平南线K25+800上行七大路口西,遮挡公路附属设施或者利用公路附属设施架设管道、悬挂物品，可能危及公路安全,是,110113,
十支队-顺义执法队,S331顺平南线K25+800上行七大路口西,车辆装载物触地拖行、掉落、遗洒或者飘散，造成公路路面损坏、污染,是,110113,
十支队-顺义执法队,S331顺平南线K28+910上行小塘,在公路上及公路用地范围内堆放物品,是,110113,
十支队-顺义执法队,S331顺平南线K28+910上行小塘,在公路上及公路用地范围内摆摊设点,是,110113,
十支队-顺义执法队,S331顺平南线K28+910上行小塘,在公路范围内擅自移动井盖,否,110113,
十支队-顺义执法队,S331顺平南线K28+910上行小塘,擅自占用、挖掘公路,是,110113,
十支队-顺义执法队,S331顺平南线K28+910上行小塘,在公路用地范围内设置公路标志以外的其他标志,是,110113,
十支队-顺义执法队,S331顺平南线K28+910上行小塘,遮挡公路附属设施或者利用公路附属设施架设管道、悬挂物品，可能危及公路安全,是,110113,
十支队-顺义执法队,S331顺平南线K28+910上行小塘,车辆装载物触地拖行、掉落、遗洒或者飘散，造成公路路面损坏、污染,是,110113,
十支队-顺义执法队,S331顺平南线K3+800下行通顺路口东,在公路上及公路用地范围内堆放物品,是,110113,
十支队-顺义执法队,S331顺平南线K3+800下行通顺路口东,在公路上及公路用地范围内摆摊设点,是,110113,
十支队-顺义执法队,S331顺平南线K3+800下行通顺路口东,在公路范围内擅自移动井盖,否,110113,
十支队-顺义执法队,S331顺平南线K3+800下行通顺路口东,擅自占用、挖掘公路,是,110113,
十支队-顺义执法队,S331顺平南线K3+800下行通顺路口东,在公路用地范围内设置公路标志以外的其他标志,是,110113,
十支队-顺义执法队,S331顺平南线K3+800下行通顺路口东,遮挡公路附属设施或者利用公路附属设施架设管道、悬挂物品，可能危及公路安全,是,110113,
十支队-顺义执法队,S331顺平南线K3+800下行通顺路口东,车辆装载物触地拖行、掉落、遗洒或者飘散，造成公路路面损坏、污染,是,110113,
十支队-平谷执法队,S331顺平南线K33+700京平高速出口桥西,在公路上及公路用地范围内堆放物品,是,110117,
十支队-平谷执法队,S331顺平南线K33+700京平高速出口桥西,在公路上及公路用地范围内摆摊设点,是,110117,
十支队-平谷执法队,S331顺平南线K33+700京平高速出口桥西,在公路范围内擅自移动井盖,否,110117,
十支队-平谷执法队,S331顺平南线K33+700京平高速出口桥西,擅自占用、挖掘公路,是,110117,
十支队-平谷执法队,S331顺平南线K33+700京平高速出口桥西,在公路用地范围内设置公路标志以外的其他标志,是,110117,
十支队-平谷执法队,S331顺平南线K33+700京平高速出口桥西,遮挡公路附属设施或者利用公路附属设施架设管道、悬挂物品，可能危及公路安全,是,110117,
十支队-平谷执法队,S331顺平南线K33+700京平高速出口桥西,车辆装载物触地拖行、掉落、遗洒或者飘散，造成公路路面损坏、污染,是,110117,
十支队-平谷执法队,S331顺平南线K42+260赵家务,在公路上及公路用地范围内堆放物品,是,110117,
十支队-平谷执法队,S331顺平南线K42+260赵家务,在公路上及公路用地范围内摆摊设点,是,110117,
十支队-平谷执法队,S331顺平南线K42+260赵家务,在公路范围内擅自移动井盖,否,110117,
十支队-平谷执法队,S331顺平南线K42+260赵家务,擅自占用、挖掘公路,是,110117,
十支队-平谷执法队,S331顺平南线K42+260赵家务,在公路用地范围内设置公路标志以外的其他标志,是,110117,
十支队-平谷执法队,S331顺平南线K42+260赵家务,遮挡公路附属设施或者利用公路附属设施架设管道、悬挂物品，可能危及公路安全,是,110117,
十支队-平谷执法队,S331顺平南线K42+260赵家务,车辆装载物触地拖行、掉落、遗洒或者飘散，造成公路路面损坏、污染,是,110117,
十支队-顺义执法队,S331顺平南线K9+870下行柳各庄闸桥东,在公路上及公路用地范围内堆放物品,是,110113,
十支队-顺义执法队,S331顺平南线K9+870下行柳各庄闸桥东,在公路上及公路用地范围内摆摊设点,是,110113,
十支队-顺义执法队,S331顺平南线K9+870下行柳各庄闸桥东,在公路范围内擅自移动井盖,否,110113,
十支队-顺义执法队,S331顺平南线K9+870下行柳各庄闸桥东,擅自占用、挖掘公路,是,110113,
十支队-顺义执法队,S331顺平南线K9+870下行柳各庄闸桥东,在公路用地范围内设置公路标志以外的其他标志,是,110113,
十支队-顺义执法队,S331顺平南线K9+870下行柳各庄闸桥东,遮挡公路附属设施或者利用公路附属设施架设管道、悬挂物品，可能危及公路安全,是,110113,
十支队-顺义执法队,S331顺平南线K9+870下行柳各庄闸桥东,车辆装载物触地拖行、掉落、遗洒或者飘散，造成公路路面损坏、污染,是,110113,
十支队-顺义执法队,S332龙塘路K22+175上行龙尹路口东,在公路上及公路用地范围内堆放物品,是,110113,
十支队-顺义执法队,S332龙塘路K22+175上行龙尹路口东,在公路上及公路用地范围内摆摊设点,是,110113,
十支队-顺义执法队,S332龙塘路K22+175上行龙尹路口东,在公路范围内擅自移动井盖,否,110113,
十支队-顺义执法队,S332龙塘路K22+175上行龙尹路口东,擅自占用、挖掘公路,是,110113,
十支队-顺义执法队,S332龙塘路K22+175上行龙尹路口东,在公路用地范围内设置公路标志以外的其他标志,是,110113,
十支队-顺义执法队,S332龙塘路K22+175上行龙尹路口东,遮挡公路附属设施或者利用公路附属设施架设管道、悬挂物品，可能危及公路安全,是,110113,
十支队-顺义执法队,S332龙塘路K22+175上行龙尹路口东,车辆装载物触地拖行、掉落、遗洒或者飘散，造成公路路面损坏、污染,是,110113,
十支队-顺义执法队,S332龙塘路K24+055上行七大路口西,在公路上及公路用地范围内堆放物品,是,110113,
十支队-顺义执法队,S332龙塘路K24+055上行七大路口西,在公路上及公路用地范围内摆摊设点,是,110113,
十支队-顺义执法队,S332龙塘路K24+055上行七大路口西,在公路范围内擅自移动井盖,否,110113,
十支队-顺义执法队,S332龙塘路K24+055上行七大路口西,擅自占用、挖掘公路,是,110113,
十支队-顺义执法队,S332龙塘路K24+055上行七大路口西,在公路用地范围内设置公路标志以外的其他标志,是,110113,
十支队-顺义执法队,S332龙塘路K24+055上行七大路口西,遮挡公路附属设施或者利用公路附属设施架设管道、悬挂物品，可能危及公路安全,是,110113,
十支队-顺义执法队,S332龙塘路K24+055上行七大路口西,车辆装载物触地拖行、掉落、遗洒或者飘散，造成公路路面损坏、污染,是,110113,
十支队-顺义执法队,S335白马路K20+650上行左堤路口西,在公路上及公路用地范围内堆放物品,是,110113,
十支队-顺义执法队,S335白马路K20+650上行左堤路口西,在公路上及公路用地范围内摆摊设点,是,110113,
十支队-顺义执法队,S335白马路K20+650上行左堤路口西,在公路范围内擅自移动井盖,否,110113,
十支队-顺义执法队,S335白马路K20+650上行左堤路口西,擅自占用、挖掘公路,是,110113,
十支队-顺义执法队,S335白马路K20+650上行左堤路口西,在公路用地范围内设置公路标志以外的其他标志,是,110113,
十支队-顺义执法队,S335白马路K20+650上行左堤路口西,遮挡公路附属设施或者利用公路附属设施架设管道、悬挂物品，可能危及公路安全,是,110113,
十支队-顺义执法队,S335白马路K20+650上行左堤路口西,车辆装载物触地拖行、掉落、遗洒或者飘散，造成公路路面损坏、污染,是,110113,
十支队-顺义执法队,S335白马路K3+680下行高下路口东,在公路上及公路用地范围内堆放物品,是,110113,
十支队-顺义执法队,S335白马路K3+680下行高下路口东,在公路上及公路用地范围内摆摊设点,是,110113,
十支队-顺义执法队,S335白马路K3+680下行高下路口东,在公路范围内擅自移动井盖,否,110113,
十支队-顺义执法队,S335白马路K3+680下行高下路口东,擅自占用、挖掘公路,是,110113,
十支队-顺义执法队,S335白马路K3+680下行高下路口东,在公路用地范围内设置公路标志以外的其他标志,是,110113,
十支队-顺义执法队,S335白马路K3+680下行高下路口东,遮挡公路附属设施或者利用公路附属设施架设管道、悬挂物品，可能危及公路安全,是,110113,
十支队-顺义执法队,S335白马路K3+680下行高下路口东,车辆装载物触地拖行、掉落、遗洒或者飘散，造成公路路面损坏、污染,是,110113,
十支队-顺义执法队,S335白马路K32+650下行中干渠路口东,在公路上及公路用地范围内堆放物品,是,110113,
十支队-顺义执法队,S335白马路K32+650下行中干渠路口东,在公路上及公路用地范围内摆摊设点,是,110113,
十支队-顺义执法队,S335白马路K32+650下行中干渠路口东,在公路范围内擅自移动井盖,否,110113,
十支队-顺义执法队,S335白马路K32+650下行中干渠路口东,擅自占用、挖掘公路,是,110113,
十支队-顺义执法队,S335白马路K32+650下行中干渠路口东,在公路用地范围内设置公路标志以外的其他标志,是,110113,
十支队-顺义执法队,S335白马路K32+650下行中干渠路口东,遮挡公路附属设施或者利用公路附属设施架设管道、悬挂物品，可能危及公路安全,是,110113,
十支队-顺义执法队,S335白马路K32+650下行中干渠路口东,车辆装载物触地拖行、掉落、遗洒或者飘散，造成公路路面损坏、污染,是,110113,
十支队-顺义执法队,S335白马路K8+850上行火寺路口西,在公路上及公路用地范围内堆放物品,是,110113,
十支队-顺义执法队,S335白马路K8+850上行火寺路口西,在公路上及公路用地范围内摆摊设点,是,110113,
十支队-顺义执法队,S335白马路K8+850上行火寺路口西,在公路范围内擅自移动井盖,否,110113,
十支队-顺义执法队,S335白马路K8+850上行火寺路口西,擅自占用、挖掘公路,是,110113,
十支队-顺义执法队,S335白马路K8+850上行火寺路口西,在公路用地范围内设置公路标志以外的其他标志,是,110113,
十支队-顺义执法队,S335白马路K8+850上行火寺路口西,遮挡公路附属设施或者利用公路附属设施架设管道、悬挂物品，可能危及公路安全,是,110113,
十支队-顺义执法队,S335白马路K8+850上行火寺路口西,车辆装载物触地拖行、掉落、遗洒或者飘散，造成公路路面损坏、污染,是,110113,
十支队-通州执法队,S46京通快速路K0+186会村出口进京,在公路上及公路用地范围内堆放物品,是,110112,
十支队-通州执法队,S46京通快速路K0+186会村出口进京,在公路上及公路用地范围内摆摊设点,是,110112,
十支队-通州执法队,S46京通快速路K0+186会村出口进京,在公路范围内擅自移动井盖,否,110112,
十支队-通州执法队,S46京通快速路K0+186会村出口进京,擅自占用、挖掘公路,是,110112,
十支队-通州执法队,S46京通快速路K0+186会村出口进京,在公路用地范围内设置公路标志以外的其他标志,是,110112,
十支队-通州执法队,S46京通快速路K0+186会村出口进京,遮挡公路附属设施或者利用公路附属设施架设管道、悬挂物品，可能危及公路安全,是,110112,
十支队-通州执法队,S46京通快速路K0+186会村出口进京,车辆装载物触地拖行、掉落、遗洒或者飘散，造成公路路面损坏、污染,是,110112,
十支队-通州执法队,S46京通快速路K1+507京榆下线桥出京,在公路上及公路用地范围内堆放物品,是,110112,
十支队-通州执法队,S46京通快速路K1+507京榆下线桥出京,在公路上及公路用地范围内摆摊设点,是,110112,
十支队-通州执法队,S46京通快速路K1+507京榆下线桥出京,在公路范围内擅自移动井盖,否,110112,
十支队-通州执法队,S46京通快速路K1+507京榆下线桥出京,擅自占用、挖掘公路,是,110112,
十支队-通州执法队,S46京通快速路K1+507京榆下线桥出京,在公路用地范围内设置公路标志以外的其他标志,是,110112,
十支队-通州执法队,S46京通快速路K1+507京榆下线桥出京,遮挡公路附属设施或者利用公路附属设施架设管道、悬挂物品，可能危及公路安全,是,110112,
十支队-通州执法队,S46京通快速路K1+507京榆下线桥出京,车辆装载物触地拖行、掉落、遗洒或者飘散，造成公路路面损坏、污染,是,110112,
十支队-怀柔执法队,X001怀耿路K0+180怀丰立交,在公路上及公路用地范围内堆放物品,是,110116,
十支队-怀柔执法队,X001怀耿路K0+180怀丰立交,在公路上及公路用地范围内摆摊设点,是,110116,
十支队-怀柔执法队,X001怀耿路K0+180怀丰立交,在公路范围内擅自移动井盖,否,110116,
十支队-怀柔执法队,X001怀耿路K0+180怀丰立交,擅自占用、挖掘公路,是,110116,
十支队-怀柔执法队,X001怀耿路K0+180怀丰立交,在公路用地范围内设置公路标志以外的其他标志,是,110116,
十支队-怀柔执法队,X001怀耿路K0+180怀丰立交,遮挡公路附属设施或者利用公路附属设施架设管道、悬挂物品，可能危及公路安全,是,110116,
十支队-怀柔执法队,X001怀耿路K0+180怀丰立交,车辆装载物触地拖行、掉落、遗洒或者飘散，造成公路路面损坏、污染,是,110116,
十支队-怀柔执法队,X001怀耿路K7+750耿辛庄桥,在公路上及公路用地范围内堆放物品,是,110116,
十支队-怀柔执法队,X001怀耿路K7+750耿辛庄桥,在公路上及公路用地范围内摆摊设点,是,110116,
十支队-怀柔执法队,X001怀耿路K7+750耿辛庄桥,在公路范围内擅自移动井盖,否,110116,
十支队-怀柔执法队,X001怀耿路K7+750耿辛庄桥,擅自占用、挖掘公路,是,110116,
十支队-怀柔执法队,X001怀耿路K7+750耿辛庄桥,在公路用地范围内设置公路标志以外的其他标志,是,110116,
十支队-怀柔执法队,X001怀耿路K7+750耿辛庄桥,遮挡公路附属设施或者利用公路附属设施架设管道、悬挂物品，可能危及公路安全,是,110116,
十支队-怀柔执法队,X001怀耿路K7+750耿辛庄桥,车辆装载物触地拖行、掉落、遗洒或者飘散，造成公路路面损坏、污染,是,110116,
十支队-顺义执法队,X001七大路K20+800下行京平高速出口北,在公路上及公路用地范围内堆放物品,是,110113,
十支队-顺义执法队,X001七大路K20+800下行京平高速出口北,在公路上及公路用地范围内摆摊设点,是,110113,
十支队-顺义执法队,X001七大路K20+800下行京平高速出口北,在公路范围内擅自移动井盖,否,110113,
十支队-顺义执法队,X001七大路K20+800下行京平高速出口北,擅自占用、挖掘公路,是,110113,
十支队-顺义执法队,X001七大路K20+800下行京平高速出口北,在公路用地范围内设置公路标志以外的其他标志,是,110113,
十支队-顺义执法队,X001七大路K20+800下行京平高速出口北,遮挡公路附属设施或者利用公路附属设施架设管道、悬挂物品，可能危及公路安全,是,110113,
十支队-顺义执法队,X001七大路K20+800下行京平高速出口北,车辆装载物触地拖行、掉落、遗洒或者飘散，造成公路路面损坏、污染,是,110113,
十支队-顺义执法队,X001七大路K21+270孙塘路南（出京),在公路上及公路用地范围内堆放物品,是,110113,
十支队-顺义执法队,X001七大路K21+270孙塘路南（出京),在公路上及公路用地范围内摆摊设点,是,110113,
十支队-顺义执法队,X001七大路K21+270孙塘路南（出京),在公路范围内擅自移动井盖,否,110113,
十支队-顺义执法队,X001七大路K21+270孙塘路南（出京),擅自占用、挖掘公路,是,110113,
十支队-顺义执法队,X001七大路K21+270孙塘路南（出京),在公路用地范围内设置公路标志以外的其他标志,是,110113,
十支队-顺义执法队,X001七大路K21+270孙塘路南（出京),遮挡公路附属设施或者利用公路附属设施架设管道、悬挂物品，可能危及公路安全,是,110113,
十支队-顺义执法队,X001七大路K21+270孙塘路南（出京),车辆装载物触地拖行、掉落、遗洒或者飘散，造成公路路面损坏、污染,是,110113,
十支队-顺义执法队,X001七大路K21+270孙塘路南（进京),在公路上及公路用地范围内堆放物品,是,110113,
十支队-顺义执法队,X001七大路K21+270孙塘路南（进京),在公路上及公路用地范围内摆摊设点,是,110113,
十支队-顺义执法队,X001七大路K21+270孙塘路南（进京),在公路范围内擅自移动井盖,否,110113,
十支队-顺义执法队,X001七大路K21+270孙塘路南（进京),擅自占用、挖掘公路,是,110113,
十支队-顺义执法队,X001七大路K21+270孙塘路南（进京),在公路用地范围内设置公路标志以外的其他标志,是,110113,
十支队-顺义执法队,X001七大路K21+270孙塘路南（进京),遮挡公路附属设施或者利用公路附属设施架设管道、悬挂物品，可能危及公路安全,是,110113,
十支队-顺义执法队,X001七大路K21+270孙塘路南（进京),车辆装载物触地拖行、掉落、遗洒或者飘散，造成公路路面损坏、污染,是,110113,
十支队-顺义执法队,X001七大路K22+930大孙各庄检查站南30米 （出京),在公路上及公路用地范围内堆放物品,是,110113,
十支队-顺义执法队,X001七大路K22+930大孙各庄检查站南30米 （出京),在公路上及公路用地范围内摆摊设点,是,110113,
十支队-顺义执法队,X001七大路K22+930大孙各庄检查站南30米 （出京),在公路范围内擅自移动井盖,否,110113,
十支队-顺义执法队,X001七大路K22+930大孙各庄检查站南30米 （出京),擅自占用、挖掘公路,是,110113,
十支队-顺义执法队,X001七大路K22+930大孙各庄检查站南30米 （出京),在公路用地范围内设置公路标志以外的其他标志,是,110113,
十支队-顺义执法队,X001七大路K22+930大孙各庄检查站南30米 （出京),遮挡公路附属设施或者利用公路附属设施架设管道、悬挂物品，可能危及公路安全,是,110113,
十支队-顺义执法队,X001七大路K22+930大孙各庄检查站南30米 （出京),车辆装载物触地拖行、掉落、遗洒或者飘散，造成公路路面损坏、污染,是,110113,
十支队-顺义执法队,X001七大路K22+930大孙各庄检查站南30米 （进京),在公路上及公路用地范围内堆放物品,是,110113,
十支队-顺义执法队,X001七大路K22+930大孙各庄检查站南30米 （进京),在公路上及公路用地范围内摆摊设点,是,110113,
十支队-顺义执法队,X001七大路K22+930大孙各庄检查站南30米 （进京),在公路范围内擅自移动井盖,否,110113,
十支队-顺义执法队,X001七大路K22+930大孙各庄检查站南30米 （进京),擅自占用、挖掘公路,是,110113,
十支队-顺义执法队,X001七大路K22+930大孙各庄检查站南30米 （进京),在公路用地范围内设置公路标志以外的其他标志,是,110113,
十支队-顺义执法队,X001七大路K22+930大孙各庄检查站南30米 （进京),遮挡公路附属设施或者利用公路附属设施架设管道、悬挂物品，可能危及公路安全,是,110113,
十支队-顺义执法队,X001七大路K22+930大孙各庄检查站南30米 （进京),车辆装载物触地拖行、掉落、遗洒或者飘散，造成公路路面损坏、污染,是,110113,
十支队-平谷执法队,X002胡关路K25+260玻璃台村,在公路上及公路用地范围内堆放物品,是,110117,
十支队-平谷执法队,X002胡关路K25+260玻璃台村,在公路上及公路用地范围内摆摊设点,是,110117,
十支队-平谷执法队,X002胡关路K25+260玻璃台村,在公路范围内擅自移动井盖,否,110117,
十支队-平谷执法队,X002胡关路K25+260玻璃台村,擅自占用、挖掘公路,是,110117,
十支队-平谷执法队,X002胡关路K25+260玻璃台村,在公路用地范围内设置公路标志以外的其他标志,是,110117,
十支队-平谷执法队,X002胡关路K25+260玻璃台村,遮挡公路附属设施或者利用公路附属设施架设管道、悬挂物品，可能危及公路安全,是,110117,
十支队-平谷执法队,X002胡关路K25+260玻璃台村,车辆装载物触地拖行、掉落、遗洒或者飘散，造成公路路面损坏、污染,是,110117,
十支队-平谷执法队,X002胡关路K4+980黄松峪中学,在公路上及公路用地范围内堆放物品,是,110117,
十支队-平谷执法队,X002胡关路K4+980黄松峪中学,在公路上及公路用地范围内摆摊设点,是,110117,
十支队-平谷执法队,X002胡关路K4+980黄松峪中学,在公路范围内擅自移动井盖,否,110117,
十支队-平谷执法队,X002胡关路K4+980黄松峪中学,擅自占用、挖掘公路,是,110117,
十支队-平谷执法队,X002胡关路K4+980黄松峪中学,在公路用地范围内设置公路标志以外的其他标志,是,110117,
十支队-平谷执法队,X002胡关路K4+980黄松峪中学,遮挡公路附属设施或者利用公路附属设施架设管道、悬挂物品，可能危及公路安全,是,110117,
十支队-平谷执法队,X002胡关路K4+980黄松峪中学,车辆装载物触地拖行、掉落、遗洒或者飘散，造成公路路面损坏、污染,是,110117,
十支队-顺义执法队,X002赵湘路K0+350下行大秦铁路桥,在公路上及公路用地范围内堆放物品,是,110113,
十支队-顺义执法队,X002赵湘路K0+350下行大秦铁路桥,在公路上及公路用地范围内摆摊设点,是,110113,
十支队-顺义执法队,X002赵湘路K0+350下行大秦铁路桥,在公路范围内擅自移动井盖,否,110113,
十支队-顺义执法队,X002赵湘路K0+350下行大秦铁路桥,擅自占用、挖掘公路,是,110113,
十支队-顺义执法队,X002赵湘路K0+350下行大秦铁路桥,在公路用地范围内设置公路标志以外的其他标志,是,110113,
十支队-顺义执法队,X002赵湘路K0+350下行大秦铁路桥,遮挡公路附属设施或者利用公路附属设施架设管道、悬挂物品，可能危及公路安全,是,110113,
十支队-顺义执法队,X002赵湘路K0+350下行大秦铁路桥,车辆装载物触地拖行、掉落、遗洒或者飘散，造成公路路面损坏、污染,是,110113,
十支队-怀柔执法队,X002中高路K14+780大秦铁路桥,在公路上及公路用地范围内堆放物品,是,110116,
十支队-怀柔执法队,X002中高路K14+780大秦铁路桥,在公路上及公路用地范围内摆摊设点,是,110116,
十支队-怀柔执法队,X002中高路K14+780大秦铁路桥,在公路范围内擅自移动井盖,否,110116,
十支队-怀柔执法队,X002中高路K14+780大秦铁路桥,擅自占用、挖掘公路,是,110116,
十支队-怀柔执法队,X002中高路K14+780大秦铁路桥,在公路用地范围内设置公路标志以外的其他标志,是,110116,
十支队-怀柔执法队,X002中高路K14+780大秦铁路桥,遮挡公路附属设施或者利用公路附属设施架设管道、悬挂物品，可能危及公路安全,是,110116,
十支队-怀柔执法队,X002中高路K14+780大秦铁路桥,车辆装载物触地拖行、掉落、遗洒或者飘散，造成公路路面损坏、污染,是,110116,
十支队-怀柔执法队,X002中高路K20+300京承铁路桥,在公路上及公路用地范围内堆放物品,是,110116,
十支队-怀柔执法队,X002中高路K20+300京承铁路桥,在公路上及公路用地范围内摆摊设点,是,110116,
十支队-怀柔执法队,X002中高路K20+300京承铁路桥,在公路范围内擅自移动井盖,否,110116,
十支队-怀柔执法队,X002中高路K20+300京承铁路桥,擅自占用、挖掘公路,是,110116,
十支队-怀柔执法队,X002中高路K20+300京承铁路桥,在公路用地范围内设置公路标志以外的其他标志,是,110116,
十支队-怀柔执法队,X002中高路K20+300京承铁路桥,遮挡公路附属设施或者利用公路附属设施架设管道、悬挂物品，可能危及公路安全,是,110116,
十支队-怀柔执法队,X002中高路K20+300京承铁路桥,车辆装载物触地拖行、掉落、遗洒或者飘散，造成公路路面损坏、污染,是,110116,
十支队-怀柔执法队,X002中高路K7+200宰相庄泵站中富乐方向,在公路上及公路用地范围内堆放物品,是,110116,
十支队-怀柔执法队,X002中高路K7+200宰相庄泵站中富乐方向,在公路上及公路用地范围内摆摊设点,是,110116,
十支队-怀柔执法队,X002中高路K7+200宰相庄泵站中富乐方向,在公路范围内擅自移动井盖,否,110116,
十支队-怀柔执法队,X002中高路K7+200宰相庄泵站中富乐方向,擅自占用、挖掘公路,是,110116,
十支队-怀柔执法队,X002中高路K7+200宰相庄泵站中富乐方向,在公路用地范围内设置公路标志以外的其他标志,是,110116,
十支队-怀柔执法队,X002中高路K7+200宰相庄泵站中富乐方向,遮挡公路附属设施或者利用公路附属设施架设管道、悬挂物品，可能危及公路安全,是,110116,
十支队-怀柔执法队,X002中高路K7+200宰相庄泵站中富乐方向,车辆装载物触地拖行、掉落、遗洒或者飘散，造成公路路面损坏、污染,是,110116,
十支队-怀柔执法队,X002中高路K7宰相庄泵站高各庄方向,在公路上及公路用地范围内堆放物品,是,110116,
十支队-怀柔执法队,X002中高路K7宰相庄泵站高各庄方向,在公路上及公路用地范围内摆摊设点,是,110116,
十支队-怀柔执法队,X002中高路K7宰相庄泵站高各庄方向,在公路范围内擅自移动井盖,否,110116,
十支队-怀柔执法队,X002中高路K7宰相庄泵站高各庄方向,擅自占用、挖掘公路,是,110116,
十支队-怀柔执法队,X002中高路K7宰相庄泵站高各庄方向,在公路用地范围内设置公路标志以外的其他标志,是,110116,
十支队-怀柔执法队,X002中高路K7宰相庄泵站高各庄方向,遮挡公路附属设施或者利用公路附属设施架设管道、悬挂物品，可能危及公路安全,是,110116,
十支队-怀柔执法队,X002中高路K7宰相庄泵站高各庄方向,车辆装载物触地拖行、掉落、遗洒或者飘散，造成公路路面损坏、污染,是,110116,
十支队-顺义执法队,X003龙尹路K1+720下行木邵路口南,在公路上及公路用地范围内堆放物品,是,110113,
十支队-顺义执法队,X003龙尹路K1+720下行木邵路口南,在公路上及公路用地范围内摆摊设点,是,110113,
十支队-顺义执法队,X003龙尹路K1+720下行木邵路口南,在公路范围内擅自移动井盖,否,110113,
十支队-顺义执法队,X003龙尹路K1+720下行木邵路口南,擅自占用、挖掘公路,是,110113,
十支队-顺义执法队,X003龙尹路K1+720下行木邵路口南,在公路用地范围内设置公路标志以外的其他标志,是,110113,
十支队-顺义执法队,X003龙尹路K1+720下行木邵路口南,遮挡公路附属设施或者利用公路附属设施架设管道、悬挂物品，可能危及公路安全,是,110113,
十支队-顺义执法队,X003龙尹路K1+720下行木邵路口南,车辆装载物触地拖行、掉落、遗洒或者飘散，造成公路路面损坏、污染,是,110113,
十支队-通州执法队,X003通胡路K0+760芙蓉路口东,在公路上及公路用地范围内堆放物品,是,110112,11000000001315821187
十支队-通州执法队,X003通胡路K0+760芙蓉路口东,在公路上及公路用地范围内摆摊设点,是,110112,11000000001315821187
十支队-通州执法队,X003通胡路K0+760芙蓉路口东,在公路范围内擅自移动井盖,否,110112,11000000001315821187
十支队-通州执法队,X003通胡路K0+760芙蓉路口东,擅自占用、挖掘公路,是,110112,11000000001315821187
十支队-通州执法队,X003通胡路K0+760芙蓉路口东,在公路用地范围内设置公路标志以外的其他标志,是,110112,11000000001315821187
十支队-通州执法队,X003通胡路K0+760芙蓉路口东,遮挡公路附属设施或者利用公路附属设施架设管道、悬挂物品，可能危及公路安全,是,110112,11000000001315821187
十支队-通州执法队,X003通胡路K0+760芙蓉路口东,车辆装载物触地拖行、掉落、遗洒或者飘散，造成公路路面损坏、污染,是,110112,11000000001315821187
十支队-通州执法队,X003通胡路K3+020古城泵站 上行,在公路上及公路用地范围内堆放物品,是,110112,
十支队-通州执法队,X003通胡路K3+020古城泵站 上行,在公路上及公路用地范围内摆摊设点,是,110112,
十支队-通州执法队,X003通胡路K3+020古城泵站 上行,在公路范围内擅自移动井盖,否,110112,
十支队-通州执法队,X003通胡路K3+020古城泵站 上行,擅自占用、挖掘公路,是,110112,
十支队-通州执法队,X003通胡路K3+020古城泵站 上行,在公路用地范围内设置公路标志以外的其他标志,是,110112,
十支队-通州执法队,X003通胡路K3+020古城泵站 上行,遮挡公路附属设施或者利用公路附属设施架设管道、悬挂物品，可能危及公路安全,是,110112,
十支队-通州执法队,X003通胡路K3+020古城泵站 上行,车辆装载物触地拖行、掉落、遗洒或者飘散，造成公路路面损坏、污染,是,110112,
十支队-通州执法队,X003通胡路K3+020古城泵站 下行,在公路上及公路用地范围内堆放物品,是,110112,
十支队-通州执法队,X003通胡路K3+020古城泵站 下行,在公路上及公路用地范围内摆摊设点,是,110112,
十支队-通州执法队,X003通胡路K3+020古城泵站 下行,在公路范围内擅自移动井盖,否,110112,
十支队-通州执法队,X003通胡路K3+020古城泵站 下行,擅自占用、挖掘公路,是,110112,
十支队-通州执法队,X003通胡路K3+020古城泵站 下行,在公路用地范围内设置公路标志以外的其他标志,是,110112,
十支队-通州执法队,X003通胡路K3+020古城泵站 下行,遮挡公路附属设施或者利用公路附属设施架设管道、悬挂物品，可能危及公路安全,是,110112,
十支队-通州执法队,X003通胡路K3+020古城泵站 下行,车辆装载物触地拖行、掉落、遗洒或者飘散，造成公路路面损坏、污染,是,110112,
十支队-平谷执法队,X003熊南路K6+530花峪,在公路上及公路用地范围内堆放物品,是,110117,
十支队-平谷执法队,X003熊南路K6+530花峪,在公路上及公路用地范围内摆摊设点,是,110117,
十支队-平谷执法队,X003熊南路K6+530花峪,在公路范围内擅自移动井盖,否,110117,
十支队-平谷执法队,X003熊南路K6+530花峪,擅自占用、挖掘公路,是,110117,
十支队-平谷执法队,X003熊南路K6+530花峪,在公路用地范围内设置公路标志以外的其他标志,是,110117,
十支队-平谷执法队,X003熊南路K6+530花峪,遮挡公路附属设施或者利用公路附属设施架设管道、悬挂物品，可能危及公路安全,是,110117,
十支队-平谷执法队,X003熊南路K6+530花峪,车辆装载物触地拖行、掉落、遗洒或者飘散，造成公路路面损坏、污染,是,110117,
十支队-怀柔执法队,X004范崎路K10+700长元,在公路上及公路用地范围内堆放物品,是,110116,
十支队-怀柔执法队,X004范崎路K10+700长元,在公路上及公路用地范围内摆摊设点,是,110116,
十支队-怀柔执法队,X004范崎路K10+700长元,在公路范围内擅自移动井盖,否,110116,
十支队-怀柔执法队,X004范崎路K10+700长元,擅自占用、挖掘公路,是,110116,
十支队-怀柔执法队,X004范崎路K10+700长元,在公路用地范围内设置公路标志以外的其他标志,是,110116,
十支队-怀柔执法队,X004范崎路K10+700长元,遮挡公路附属设施或者利用公路附属设施架设管道、悬挂物品，可能危及公路安全,是,110116,
十支队-怀柔执法队,X004范崎路K10+700长元,车辆装载物触地拖行、掉落、遗洒或者飘散，造成公路路面损坏、污染,是,110116,
十支队-平谷执法队,X004胡熊路K0+640小峪子,在公路上及公路用地范围内堆放物品,是,110117,
十支队-平谷执法队,X004胡熊路K0+640小峪子,在公路上及公路用地范围内摆摊设点,是,110117,
十支队-平谷执法队,X004胡熊路K0+640小峪子,在公路范围内擅自移动井盖,否,110117,
十支队-平谷执法队,X004胡熊路K0+640小峪子,擅自占用、挖掘公路,是,110117,
十支队-平谷执法队,X004胡熊路K0+640小峪子,在公路用地范围内设置公路标志以外的其他标志,是,110117,
十支队-平谷执法队,X004胡熊路K0+640小峪子,遮挡公路附属设施或者利用公路附属设施架设管道、悬挂物品，可能危及公路安全,是,110117,
十支队-平谷执法队,X004胡熊路K0+640小峪子,车辆装载物触地拖行、掉落、遗洒或者飘散，造成公路路面损坏、污染,是,110117,
十支队-顺义执法队,X004木北路K22+075上行北务桥北,在公路上及公路用地范围内堆放物品,是,110113,
十支队-顺义执法队,X004木北路K22+075上行北务桥北,在公路上及公路用地范围内摆摊设点,是,110113,
十支队-顺义执法队,X004木北路K22+075上行北务桥北,在公路范围内擅自移动井盖,否,110113,
十支队-顺义执法队,X004木北路K22+075上行北务桥北,擅自占用、挖掘公路,是,110113,
十支队-顺义执法队,X004木北路K22+075上行北务桥北,在公路用地范围内设置公路标志以外的其他标志,是,110113,
十支队-顺义执法队,X004木北路K22+075上行北务桥北,遮挡公路附属设施或者利用公路附属设施架设管道、悬挂物品，可能危及公路安全,是,110113,
十支队-顺义执法队,X004木北路K22+075上行北务桥北,车辆装载物触地拖行、掉落、遗洒或者飘散，造成公路路面损坏、污染,是,110113,
十支队-顺义执法队,X004木北路K22+160上行京平高速出口北,在公路上及公路用地范围内堆放物品,是,110113,
十支队-顺义执法队,X004木北路K22+160上行京平高速出口北,在公路上及公路用地范围内摆摊设点,是,110113,
十支队-顺义执法队,X004木北路K22+160上行京平高速出口北,在公路范围内擅自移动井盖,否,110113,
十支队-顺义执法队,X004木北路K22+160上行京平高速出口北,擅自占用、挖掘公路,是,110113,
十支队-顺义执法队,X004木北路K22+160上行京平高速出口北,在公路用地范围内设置公路标志以外的其他标志,是,110113,
十支队-顺义执法队,X004木北路K22+160上行京平高速出口北,遮挡公路附属设施或者利用公路附属设施架设管道、悬挂物品，可能危及公路安全,是,110113,
十支队-顺义执法队,X004木北路K22+160上行京平高速出口北,车辆装载物触地拖行、掉落、遗洒或者飘散，造成公路路面损坏、污染,是,110113,
十支队-顺义执法队,X004木北路K22+170京平高速北130米（出京),在公路上及公路用地范围内堆放物品,是,110113,
十支队-顺义执法队,X004木北路K22+170京平高速北130米（出京),在公路上及公路用地范围内摆摊设点,是,110113,
十支队-顺义执法队,X004木北路K22+170京平高速北130米（出京),在公路范围内擅自移动井盖,否,110113,
十支队-顺义执法队,X004木北路K22+170京平高速北130米（出京),擅自占用、挖掘公路,是,110113,
十支队-顺义执法队,X004木北路K22+170京平高速北130米（出京),在公路用地范围内设置公路标志以外的其他标志,是,110113,
十支队-顺义执法队,X004木北路K22+170京平高速北130米（出京),遮挡公路附属设施或者利用公路附属设施架设管道、悬挂物品，可能危及公路安全,是,110113,
十支队-顺义执法队,X004木北路K22+170京平高速北130米（出京),车辆装载物触地拖行、掉落、遗洒或者飘散，造成公路路面损坏、污染,是,110113,
十支队-顺义执法队,X004木北路K22+170京平高速北130米（进京),在公路上及公路用地范围内堆放物品,是,110113,
十支队-顺义执法队,X004木北路K22+170京平高速北130米（进京),在公路上及公路用地范围内摆摊设点,是,110113,
十支队-顺义执法队,X004木北路K22+170京平高速北130米（进京),在公路范围内擅自移动井盖,否,110113,
十支队-顺义执法队,X004木北路K22+170京平高速北130米（进京),擅自占用、挖掘公路,是,110113,
十支队-顺义执法队,X004木北路K22+170京平高速北130米（进京),在公路用地范围内设置公路标志以外的其他标志,是,110113,
十支队-顺义执法队,X004木北路K22+170京平高速北130米（进京),遮挡公路附属设施或者利用公路附属设施架设管道、悬挂物品，可能危及公路安全,是,110113,
十支队-顺义执法队,X004木北路K22+170京平高速北130米（进京),车辆装载物触地拖行、掉落、遗洒或者飘散，造成公路路面损坏、污染,是,110113,
十支队-密云执法队,X005穆九路K0+365穆家峪幼儿园,在公路上及公路用地范围内堆放物品,是,110118,
十支队-密云执法队,X005穆九路K0+365穆家峪幼儿园,在公路上及公路用地范围内摆摊设点,是,110118,
十支队-密云执法队,X005穆九路K0+365穆家峪幼儿园,在公路范围内擅自移动井盖,否,110118,
十支队-密云执法队,X005穆九路K0+365穆家峪幼儿园,擅自占用、挖掘公路,是,110118,
十支队-密云执法队,X005穆九路K0+365穆家峪幼儿园,在公路用地范围内设置公路标志以外的其他标志,是,110118,
十支队-密云执法队,X005穆九路K0+365穆家峪幼儿园,遮挡公路附属设施或者利用公路附属设施架设管道、悬挂物品，可能危及公路安全,是,110118,
十支队-密云执法队,X005穆九路K0+365穆家峪幼儿园,车辆装载物触地拖行、掉落、遗洒或者飘散，造成公路路面损坏、污染,是,110118,
十支队-怀柔执法队,X005台关路K2+750京通铁路桥,在公路上及公路用地范围内堆放物品,是,110116,
十支队-怀柔执法队,X005台关路K2+750京通铁路桥,在公路上及公路用地范围内摆摊设点,是,110116,
十支队-怀柔执法队,X005台关路K2+750京通铁路桥,在公路范围内擅自移动井盖,否,110116,
十支队-怀柔执法队,X005台关路K2+750京通铁路桥,擅自占用、挖掘公路,是,110116,
十支队-怀柔执法队,X005台关路K2+750京通铁路桥,在公路用地范围内设置公路标志以外的其他标志,是,110116,
十支队-怀柔执法队,X005台关路K2+750京通铁路桥,遮挡公路附属设施或者利用公路附属设施架设管道、悬挂物品，可能危及公路安全,是,110116,
十支队-怀柔执法队,X005台关路K2+750京通铁路桥,车辆装载物触地拖行、掉落、遗洒或者飘散，造成公路路面损坏、污染,是,110116,
十支队-怀柔执法队,X006宝碾路K1+790碾子,在公路上及公路用地范围内堆放物品,是,110116,
十支队-怀柔执法队,X006宝碾路K1+790碾子,在公路上及公路用地范围内摆摊设点,是,110116,
十支队-怀柔执法队,X006宝碾路K1+790碾子,在公路范围内擅自移动井盖,否,110116,
十支队-怀柔执法队,X006宝碾路K1+790碾子,擅自占用、挖掘公路,是,110116,
十支队-怀柔执法队,X006宝碾路K1+790碾子,在公路用地范围内设置公路标志以外的其他标志,是,110116,
十支队-怀柔执法队,X006宝碾路K1+790碾子,遮挡公路附属设施或者利用公路附属设施架设管道、悬挂物品，可能危及公路安全,是,110116,
十支队-怀柔执法队,X006宝碾路K1+790碾子,车辆装载物触地拖行、掉落、遗洒或者飘散，造成公路路面损坏、污染,是,110116,
十支队-平谷执法队,X006夏鱼路K2+700张辛庄,在公路上及公路用地范围内堆放物品,是,110117,
十支队-平谷执法队,X006夏鱼路K2+700张辛庄,在公路上及公路用地范围内摆摊设点,是,110117,
十支队-平谷执法队,X006夏鱼路K2+700张辛庄,在公路范围内擅自移动井盖,否,110117,
十支队-平谷执法队,X006夏鱼路K2+700张辛庄,擅自占用、挖掘公路,是,110117,
十支队-平谷执法队,X006夏鱼路K2+700张辛庄,在公路用地范围内设置公路标志以外的其他标志,是,110117,
十支队-平谷执法队,X006夏鱼路K2+700张辛庄,遮挡公路附属设施或者利用公路附属设施架设管道、悬挂物品，可能危及公路安全,是,110117,
十支队-平谷执法队,X006夏鱼路K2+700张辛庄,车辆装载物触地拖行、掉落、遗洒或者飘散，造成公路路面损坏、污染,是,110117,
十支队-通州执法队,X007德觅路K13觅子店村北,在公路上及公路用地范围内堆放物品,是,110112,11000000001317292246
十支队-通州执法队,X007德觅路K13觅子店村北,在公路上及公路用地范围内摆摊设点,是,110112,11000000001317292246
十支队-通州执法队,X007德觅路K13觅子店村北,在公路范围内擅自移动井盖,否,110112,11000000001317292246
十支队-通州执法队,X007德觅路K13觅子店村北,擅自占用、挖掘公路,是,110112,11000000001317292246
十支队-通州执法队,X007德觅路K13觅子店村北,在公路用地范围内设置公路标志以外的其他标志,是,110112,11000000001317292246
十支队-通州执法队,X007德觅路K13觅子店村北,遮挡公路附属设施或者利用公路附属设施架设管道、悬挂物品，可能危及公路安全,是,110112,11000000001317292246
十支队-通州执法队,X007德觅路K13觅子店村北,车辆装载物触地拖行、掉落、遗洒或者飘散，造成公路路面损坏、污染,是,110112,11000000001317292246
十支队-通州执法队,X007德觅路K2+790孔兴路口西,在公路上及公路用地范围内堆放物品,是,110112,
十支队-通州执法队,X007德觅路K2+790孔兴路口西,在公路上及公路用地范围内摆摊设点,是,110112,
十支队-通州执法队,X007德觅路K2+790孔兴路口西,在公路范围内擅自移动井盖,否,110112,
十支队-通州执法队,X007德觅路K2+790孔兴路口西,擅自占用、挖掘公路,是,110112,
十支队-通州执法队,X007德觅路K2+790孔兴路口西,在公路用地范围内设置公路标志以外的其他标志,是,110112,
十支队-通州执法队,X007德觅路K2+790孔兴路口西,遮挡公路附属设施或者利用公路附属设施架设管道、悬挂物品，可能危及公路安全,是,110112,
十支队-通州执法队,X007德觅路K2+790孔兴路口西,车辆装载物触地拖行、掉落、遗洒或者飘散，造成公路路面损坏、污染,是,110112,
十支队-通州执法队,X007德觅路K4+380小务桥东,在公路上及公路用地范围内堆放物品,是,110112,
十支队-通州执法队,X007德觅路K4+380小务桥东,在公路上及公路用地范围内摆摊设点,是,110112,
十支队-通州执法队,X007德觅路K4+380小务桥东,在公路范围内擅自移动井盖,否,110112,
十支队-通州执法队,X007德觅路K4+380小务桥东,擅自占用、挖掘公路,是,110112,
十支队-通州执法队,X007德觅路K4+380小务桥东,在公路用地范围内设置公路标志以外的其他标志,是,110112,
十支队-通州执法队,X007德觅路K4+380小务桥东,遮挡公路附属设施或者利用公路附属设施架设管道、悬挂物品，可能危及公路安全,是,110112,
十支队-通州执法队,X007德觅路K4+380小务桥东,车辆装载物触地拖行、掉落、遗洒或者飘散，造成公路路面损坏、污染,是,110112,
十支队-平谷执法队,X007平关路K18+920华山村,在公路上及公路用地范围内堆放物品,是,110117,
十支队-平谷执法队,X007平关路K18+920华山村,在公路上及公路用地范围内摆摊设点,是,110117,
十支队-平谷执法队,X007平关路K18+920华山村,在公路范围内擅自移动井盖,否,110117,
十支队-平谷执法队,X007平关路K18+920华山村,擅自占用、挖掘公路,是,110117,
十支队-平谷执法队,X007平关路K18+920华山村,在公路用地范围内设置公路标志以外的其他标志,是,110117,
十支队-平谷执法队,X007平关路K18+920华山村,遮挡公路附属设施或者利用公路附属设施架设管道、悬挂物品，可能危及公路安全,是,110117,
十支队-平谷执法队,X007平关路K18+920华山村,车辆装载物触地拖行、掉落、遗洒或者飘散，造成公路路面损坏、污染,是,110117,
十支队-平谷执法队,X007平关路K26+180上镇村东,在公路上及公路用地范围内堆放物品,是,110117,
十支队-平谷执法队,X007平关路K26+180上镇村东,在公路上及公路用地范围内摆摊设点,是,110117,
十支队-平谷执法队,X007平关路K26+180上镇村东,在公路范围内擅自移动井盖,否,110117,
十支队-平谷执法队,X007平关路K26+180上镇村东,擅自占用、挖掘公路,是,110117,
十支队-平谷执法队,X007平关路K26+180上镇村东,在公路用地范围内设置公路标志以外的其他标志,是,110117,
十支队-平谷执法队,X007平关路K26+180上镇村东,遮挡公路附属设施或者利用公路附属设施架设管道、悬挂物品，可能危及公路安全,是,110117,
十支队-平谷执法队,X007平关路K26+180上镇村东,车辆装载物触地拖行、掉落、遗洒或者飘散，造成公路路面损坏、污染,是,110117,
十支队-密云执法队,X008西火路K27+535司营子 西庄子方向,在公路上及公路用地范围内堆放物品,是,110118,
十支队-密云执法队,X008西火路K27+535司营子 西庄子方向,在公路上及公路用地范围内摆摊设点,是,110118,
十支队-密云执法队,X008西火路K27+535司营子 西庄子方向,在公路范围内擅自移动井盖,否,110118,
十支队-密云执法队,X008西火路K27+535司营子 西庄子方向,擅自占用、挖掘公路,是,110118,
十支队-密云执法队,X008西火路K27+535司营子 西庄子方向,在公路用地范围内设置公路标志以外的其他标志,是,110118,
十支队-密云执法队,X008西火路K27+535司营子 西庄子方向,遮挡公路附属设施或者利用公路附属设施架设管道、悬挂物品，可能危及公路安全,是,110118,
十支队-密云执法队,X008西火路K27+535司营子 西庄子方向,车辆装载物触地拖行、掉落、遗洒或者飘散，造成公路路面损坏、污染,是,110118,
十支队-密云执法队,X008西火路K31+650冯家峪前火石岭 出京,在公路上及公路用地范围内堆放物品,是,110118,
十支队-密云执法队,X008西火路K31+650冯家峪前火石岭 出京,在公路上及公路用地范围内摆摊设点,是,110118,
十支队-密云执法队,X008西火路K31+650冯家峪前火石岭 出京,在公路范围内擅自移动井盖,否,110118,
十支队-密云执法队,X008西火路K31+650冯家峪前火石岭 出京,擅自占用、挖掘公路,是,110118,
十支队-密云执法队,X008西火路K31+650冯家峪前火石岭 出京,在公路用地范围内设置公路标志以外的其他标志,是,110118,
十支队-密云执法队,X008西火路K31+650冯家峪前火石岭 出京,遮挡公路附属设施或者利用公路附属设施架设管道、悬挂物品，可能危及公路安全,是,110118,
十支队-密云执法队,X008西火路K31+650冯家峪前火石岭 出京,车辆装载物触地拖行、掉落、遗洒或者飘散，造成公路路面损坏、污染,是,110118,
十支队-密云执法队,X008西火路K31+650冯家峪前火石岭 进京,在公路上及公路用地范围内堆放物品,是,110118,
十支队-密云执法队,X008西火路K31+650冯家峪前火石岭 进京,在公路上及公路用地范围内摆摊设点,是,110118,
十支队-密云执法队,X008西火路K31+650冯家峪前火石岭 进京,在公路范围内擅自移动井盖,否,110118,
十支队-密云执法队,X008西火路K31+650冯家峪前火石岭 进京,擅自占用、挖掘公路,是,110118,
十支队-密云执法队,X008西火路K31+650冯家峪前火石岭 进京,在公路用地范围内设置公路标志以外的其他标志,是,110118,
十支队-密云执法队,X008西火路K31+650冯家峪前火石岭 进京,遮挡公路附属设施或者利用公路附属设施架设管道、悬挂物品，可能危及公路安全,是,110118,
十支队-密云执法队,X008西火路K31+650冯家峪前火石岭 进京,车辆装载物触地拖行、掉落、遗洒或者飘散，造成公路路面损坏、污染,是,110118,
十支队-怀柔执法队,X009怀黄路K15+800苇店,在公路上及公路用地范围内堆放物品,是,110116,
十支队-怀柔执法队,X009怀黄路K15+800苇店,在公路上及公路用地范围内摆摊设点,是,110116,
十支队-怀柔执法队,X009怀黄路K15+800苇店,在公路范围内擅自移动井盖,否,110116,
十支队-怀柔执法队,X009怀黄路K15+800苇店,擅自占用、挖掘公路,是,110116,
十支队-怀柔执法队,X009怀黄路K15+800苇店,在公路用地范围内设置公路标志以外的其他标志,是,110116,
十支队-怀柔执法队,X009怀黄路K15+800苇店,遮挡公路附属设施或者利用公路附属设施架设管道、悬挂物品，可能危及公路安全,是,110116,
十支队-怀柔执法队,X009怀黄路K15+800苇店,车辆装载物触地拖行、掉落、遗洒或者飘散，造成公路路面损坏、污染,是,110116,
十支队-怀柔执法队,X009怀黄路K25+650南冶,在公路上及公路用地范围内堆放物品,是,110116,
十支队-怀柔执法队,X009怀黄路K25+650南冶,在公路上及公路用地范围内摆摊设点,是,110116,
十支队-怀柔执法队,X009怀黄路K25+650南冶,在公路范围内擅自移动井盖,否,110116,
十支队-怀柔执法队,X009怀黄路K25+650南冶,擅自占用、挖掘公路,是,110116,
十支队-怀柔执法队,X009怀黄路K25+650南冶,在公路用地范围内设置公路标志以外的其他标志,是,110116,
十支队-怀柔执法队,X009怀黄路K25+650南冶,遮挡公路附属设施或者利用公路附属设施架设管道、悬挂物品，可能危及公路安全,是,110116,
十支队-怀柔执法队,X009怀黄路K25+650南冶,车辆装载物触地拖行、掉落、遗洒或者飘散，造成公路路面损坏、污染,是,110116,
十支队-怀柔执法队,X009怀黄路K29+000兴隆城,在公路上及公路用地范围内堆放物品,是,110116,
十支队-怀柔执法队,X009怀黄路K29+000兴隆城,在公路上及公路用地范围内摆摊设点,是,110116,
十支队-怀柔执法队,X009怀黄路K29+000兴隆城,在公路范围内擅自移动井盖,否,110116,
十支队-怀柔执法队,X009怀黄路K29+000兴隆城,擅自占用、挖掘公路,是,110116,
十支队-怀柔执法队,X009怀黄路K29+000兴隆城,在公路用地范围内设置公路标志以外的其他标志,是,110116,
十支队-怀柔执法队,X009怀黄路K29+000兴隆城,遮挡公路附属设施或者利用公路附属设施架设管道、悬挂物品，可能危及公路安全,是,110116,
十支队-怀柔执法队,X009怀黄路K29+000兴隆城,车辆装载物触地拖行、掉落、遗洒或者飘散，造成公路路面损坏、污染,是,110116,
十支队-怀柔执法队,X009怀黄路K3+450京通铁路桥上行,在公路上及公路用地范围内堆放物品,是,110116,
十支队-怀柔执法队,X009怀黄路K3+450京通铁路桥上行,在公路上及公路用地范围内摆摊设点,是,110116,
十支队-怀柔执法队,X009怀黄路K3+450京通铁路桥上行,在公路范围内擅自移动井盖,否,110116,
十支队-怀柔执法队,X009怀黄路K3+450京通铁路桥上行,擅自占用、挖掘公路,是,110116,
十支队-怀柔执法队,X009怀黄路K3+450京通铁路桥上行,在公路用地范围内设置公路标志以外的其他标志,是,110116,
十支队-怀柔执法队,X009怀黄路K3+450京通铁路桥上行,遮挡公路附属设施或者利用公路附属设施架设管道、悬挂物品，可能危及公路安全,是,110116,
十支队-怀柔执法队,X009怀黄路K3+450京通铁路桥上行,车辆装载物触地拖行、掉落、遗洒或者飘散，造成公路路面损坏、污染,是,110116,
十支队-顺义执法队,X009裕安路K2+430上行六元桥,在公路上及公路用地范围内堆放物品,是,110113,
十支队-顺义执法队,X009裕安路K2+430上行六元桥,在公路上及公路用地范围内摆摊设点,是,110113,
十支队-顺义执法队,X009裕安路K2+430上行六元桥,在公路范围内擅自移动井盖,否,110113,
十支队-顺义执法队,X009裕安路K2+430上行六元桥,擅自占用、挖掘公路,是,110113,
十支队-顺义执法队,X009裕安路K2+430上行六元桥,在公路用地范围内设置公路标志以外的其他标志,是,110113,
十支队-顺义执法队,X009裕安路K2+430上行六元桥,遮挡公路附属设施或者利用公路附属设施架设管道、悬挂物品，可能危及公路安全,是,110113,
十支队-顺义执法队,X009裕安路K2+430上行六元桥,车辆装载物触地拖行、掉落、遗洒或者飘散，造成公路路面损坏、污染,是,110113,
十支队-密云执法队,X010韩西路K8+870康各庄 韩各庄方向,在公路上及公路用地范围内堆放物品,是,110118,
十支队-密云执法队,X010韩西路K8+870康各庄 韩各庄方向,在公路上及公路用地范围内摆摊设点,是,110118,
十支队-密云执法队,X010韩西路K8+870康各庄 韩各庄方向,在公路范围内擅自移动井盖,否,110118,
十支队-密云执法队,X010韩西路K8+870康各庄 韩各庄方向,擅自占用、挖掘公路,是,110118,
十支队-密云执法队,X010韩西路K8+870康各庄 韩各庄方向,在公路用地范围内设置公路标志以外的其他标志,是,110118,
十支队-密云执法队,X010韩西路K8+870康各庄 韩各庄方向,遮挡公路附属设施或者利用公路附属设施架设管道、悬挂物品，可能危及公路安全,是,110118,
十支队-密云执法队,X010韩西路K8+870康各庄 韩各庄方向,车辆装载物触地拖行、掉落、遗洒或者飘散，造成公路路面损坏、污染,是,110118,
十支队-顺义执法队,X010顺白路K0+175下行顺平路口南,在公路上及公路用地范围内堆放物品,是,110113,
十支队-顺义执法队,X010顺白路K0+175下行顺平路口南,在公路上及公路用地范围内摆摊设点,是,110113,
十支队-顺义执法队,X010顺白路K0+175下行顺平路口南,在公路范围内擅自移动井盖,否,110113,
十支队-顺义执法队,X010顺白路K0+175下行顺平路口南,擅自占用、挖掘公路,是,110113,
十支队-顺义执法队,X010顺白路K0+175下行顺平路口南,在公路用地范围内设置公路标志以外的其他标志,是,110113,
十支队-顺义执法队,X010顺白路K0+175下行顺平路口南,遮挡公路附属设施或者利用公路附属设施架设管道、悬挂物品，可能危及公路安全,是,110113,
十支队-顺义执法队,X010顺白路K0+175下行顺平路口南,车辆装载物触地拖行、掉落、遗洒或者飘散，造成公路路面损坏、污染,是,110113,
十支队-顺义执法队,X010顺白路K2+700下行顺于路口南,在公路上及公路用地范围内堆放物品,是,110113,
十支队-顺义执法队,X010顺白路K2+700下行顺于路口南,在公路上及公路用地范围内摆摊设点,是,110113,
十支队-顺义执法队,X010顺白路K2+700下行顺于路口南,在公路范围内擅自移动井盖,否,110113,
十支队-顺义执法队,X010顺白路K2+700下行顺于路口南,擅自占用、挖掘公路,是,110113,
十支队-顺义执法队,X010顺白路K2+700下行顺于路口南,在公路用地范围内设置公路标志以外的其他标志,是,110113,
十支队-顺义执法队,X010顺白路K2+700下行顺于路口南,遮挡公路附属设施或者利用公路附属设施架设管道、悬挂物品，可能危及公路安全,是,110113,
十支队-顺义执法队,X010顺白路K2+700下行顺于路口南,车辆装载物触地拖行、掉落、遗洒或者飘散，造成公路路面损坏、污染,是,110113,
十支队-顺义执法队,X010顺白路K4+100上行卧龙环岛北,在公路上及公路用地范围内堆放物品,是,110113,
十支队-顺义执法队,X010顺白路K4+100上行卧龙环岛北,在公路上及公路用地范围内摆摊设点,是,110113,
十支队-顺义执法队,X010顺白路K4+100上行卧龙环岛北,在公路范围内擅自移动井盖,否,110113,
十支队-顺义执法队,X010顺白路K4+100上行卧龙环岛北,擅自占用、挖掘公路,是,110113,
十支队-顺义执法队,X010顺白路K4+100上行卧龙环岛北,在公路用地范围内设置公路标志以外的其他标志,是,110113,
十支队-顺义执法队,X010顺白路K4+100上行卧龙环岛北,遮挡公路附属设施或者利用公路附属设施架设管道、悬挂物品，可能危及公路安全,是,110113,
十支队-顺义执法队,X010顺白路K4+100上行卧龙环岛北,车辆装载物触地拖行、掉落、遗洒或者飘散，造成公路路面损坏、污染,是,110113,
十支队-顺义执法队,X010顺白路K5+200上行外环路口北,在公路上及公路用地范围内堆放物品,是,110113,
十支队-顺义执法队,X010顺白路K5+200上行外环路口北,在公路上及公路用地范围内摆摊设点,是,110113,
十支队-顺义执法队,X010顺白路K5+200上行外环路口北,在公路范围内擅自移动井盖,否,110113,
十支队-顺义执法队,X010顺白路K5+200上行外环路口北,擅自占用、挖掘公路,是,110113,
十支队-顺义执法队,X010顺白路K5+200上行外环路口北,在公路用地范围内设置公路标志以外的其他标志,是,110113,
十支队-顺义执法队,X010顺白路K5+200上行外环路口北,遮挡公路附属设施或者利用公路附属设施架设管道、悬挂物品，可能危及公路安全,是,110113,
十支队-顺义执法队,X010顺白路K5+200上行外环路口北,车辆装载物触地拖行、掉落、遗洒或者飘散，造成公路路面损坏、污染,是,110113,
十支队-顺义执法队,X010顺白路K6+980上行支路十三路口,在公路上及公路用地范围内堆放物品,是,110113,
十支队-顺义执法队,X010顺白路K6+980上行支路十三路口,在公路上及公路用地范围内摆摊设点,是,110113,
十支队-顺义执法队,X010顺白路K6+980上行支路十三路口,在公路范围内擅自移动井盖,否,110113,
十支队-顺义执法队,X010顺白路K6+980上行支路十三路口,擅自占用、挖掘公路,是,110113,
十支队-顺义执法队,X010顺白路K6+980上行支路十三路口,在公路用地范围内设置公路标志以外的其他标志,是,110113,
十支队-顺义执法队,X010顺白路K6+980上行支路十三路口,遮挡公路附属设施或者利用公路附属设施架设管道、悬挂物品，可能危及公路安全,是,110113,
十支队-顺义执法队,X010顺白路K6+980上行支路十三路口,车辆装载物触地拖行、掉落、遗洒或者飘散，造成公路路面损坏、污染,是,110113,
十支队-平谷执法队,X010云打路K1+100铁路桥北,在公路上及公路用地范围内堆放物品,是,110117,
十支队-平谷执法队,X010云打路K1+100铁路桥北,在公路上及公路用地范围内摆摊设点,是,110117,
十支队-平谷执法队,X010云打路K1+100铁路桥北,在公路范围内擅自移动井盖,否,110117,
十支队-平谷执法队,X010云打路K1+100铁路桥北,擅自占用、挖掘公路,是,110117,
十支队-平谷执法队,X010云打路K1+100铁路桥北,在公路用地范围内设置公路标志以外的其他标志,是,110117,
十支队-平谷执法队,X010云打路K1+100铁路桥北,遮挡公路附属设施或者利用公路附属设施架设管道、悬挂物品，可能危及公路安全,是,110117,
十支队-平谷执法队,X010云打路K1+100铁路桥北,车辆装载物触地拖行、掉落、遗洒或者飘散，造成公路路面损坏、污染,是,110117,
十支队-通州执法队,X011潞西路K10+460次渠地铁站,在公路上及公路用地范围内堆放物品,是,110112,11000000001313142655
十支队-通州执法队,X011潞西路K10+460次渠地铁站,在公路上及公路用地范围内摆摊设点,是,110112,11000000001313142655
十支队-通州执法队,X011潞西路K10+460次渠地铁站,在公路范围内擅自移动井盖,否,110112,11000000001313142655
十支队-通州执法队,X011潞西路K10+460次渠地铁站,擅自占用、挖掘公路,是,110112,11000000001313142655
十支队-通州执法队,X011潞西路K10+460次渠地铁站,在公路用地范围内设置公路标志以外的其他标志,是,110112,11000000001313142655
十支队-通州执法队,X011潞西路K10+460次渠地铁站,遮挡公路附属设施或者利用公路附属设施架设管道、悬挂物品，可能危及公路安全,是,110112,11000000001313142655
十支队-通州执法队,X011潞西路K10+460次渠地铁站,车辆装载物触地拖行、掉落、遗洒或者飘散，造成公路路面损坏、污染,是,110112,11000000001313142655
十支队-顺义执法队,X012南陈路K10+200昌金路口南下行,在公路上及公路用地范围内堆放物品,是,110113,
十支队-顺义执法队,X012南陈路K10+200昌金路口南下行,在公路上及公路用地范围内摆摊设点,是,110113,
十支队-顺义执法队,X012南陈路K10+200昌金路口南下行,在公路范围内擅自移动井盖,否,110113,
十支队-顺义执法队,X012南陈路K10+200昌金路口南下行,擅自占用、挖掘公路,是,110113,
十支队-顺义执法队,X012南陈路K10+200昌金路口南下行,在公路用地范围内设置公路标志以外的其他标志,是,110113,
十支队-顺义执法队,X012南陈路K10+200昌金路口南下行,遮挡公路附属设施或者利用公路附属设施架设管道、悬挂物品，可能危及公路安全,是,110113,
十支队-顺义执法队,X012南陈路K10+200昌金路口南下行,车辆装载物触地拖行、掉落、遗洒或者飘散，造成公路路面损坏、污染,是,110113,
十支队-怀柔执法队,X013红螺寺路K2+280京通铁路桥,在公路上及公路用地范围内堆放物品,是,110116,
十支队-怀柔执法队,X013红螺寺路K2+280京通铁路桥,在公路上及公路用地范围内摆摊设点,是,110116,
十支队-怀柔执法队,X013红螺寺路K2+280京通铁路桥,在公路范围内擅自移动井盖,否,110116,
十支队-怀柔执法队,X013红螺寺路K2+280京通铁路桥,擅自占用、挖掘公路,是,110116,
十支队-怀柔执法队,X013红螺寺路K2+280京通铁路桥,在公路用地范围内设置公路标志以外的其他标志,是,110116,
十支队-怀柔执法队,X013红螺寺路K2+280京通铁路桥,遮挡公路附属设施或者利用公路附属设施架设管道、悬挂物品，可能危及公路安全,是,110116,
十支队-怀柔执法队,X013红螺寺路K2+280京通铁路桥,车辆装载物触地拖行、掉落、遗洒或者飘散，造成公路路面损坏、污染,是,110116,
十支队-怀柔执法队,X013红螺寺路K3+800红螺镇 怀柔方向,在公路上及公路用地范围内堆放物品,是,110116,
十支队-怀柔执法队,X013红螺寺路K3+800红螺镇 怀柔方向,在公路上及公路用地范围内摆摊设点,是,110116,
十支队-怀柔执法队,X013红螺寺路K3+800红螺镇 怀柔方向,在公路范围内擅自移动井盖,否,110116,
十支队-怀柔执法队,X013红螺寺路K3+800红螺镇 怀柔方向,擅自占用、挖掘公路,是,110116,
十支队-怀柔执法队,X013红螺寺路K3+800红螺镇 怀柔方向,在公路用地范围内设置公路标志以外的其他标志,是,110116,
十支队-怀柔执法队,X013红螺寺路K3+800红螺镇 怀柔方向,遮挡公路附属设施或者利用公路附属设施架设管道、悬挂物品，可能危及公路安全,是,110116,
十支队-怀柔执法队,X013红螺寺路K3+800红螺镇 怀柔方向,车辆装载物触地拖行、掉落、遗洒或者飘散，造成公路路面损坏、污染,是,110116,
十支队-通州执法队,X013京榆旧线K10+600通怀路交叉路口东侧,在公路上及公路用地范围内堆放物品,是,110112,11000000001316790292
十支队-通州执法队,X013京榆旧线K10+600通怀路交叉路口东侧,在公路上及公路用地范围内摆摊设点,是,110112,11000000001316790292
十支队-通州执法队,X013京榆旧线K10+600通怀路交叉路口东侧,在公路范围内擅自移动井盖,否,110112,11000000001316790292
十支队-通州执法队,X013京榆旧线K10+600通怀路交叉路口东侧,擅自占用、挖掘公路,是,110112,11000000001316790292
十支队-通州执法队,X013京榆旧线K10+600通怀路交叉路口东侧,在公路用地范围内设置公路标志以外的其他标志,是,110112,11000000001316790292
十支队-通州执法队,X013京榆旧线K10+600通怀路交叉路口东侧,遮挡公路附属设施或者利用公路附属设施架设管道、悬挂物品，可能危及公路安全,是,110112,11000000001316790292
十支队-通州执法队,X013京榆旧线K10+600通怀路交叉路口东侧,车辆装载物触地拖行、掉落、遗洒或者飘散，造成公路路面损坏、污染,是,110112,11000000001316790292
十支队-通州执法队,X013京榆旧线K14+500白庙,在公路上及公路用地范围内堆放物品,是,110112,11000000001315222990
十支队-通州执法队,X013京榆旧线K14+500白庙,在公路上及公路用地范围内摆摊设点,是,110112,11000000001315222990
十支队-通州执法队,X013京榆旧线K14+500白庙,在公路范围内擅自移动井盖,否,110112,11000000001315222990
十支队-通州执法队,X013京榆旧线K14+500白庙,擅自占用、挖掘公路,是,110112,11000000001315222990
十支队-通州执法队,X013京榆旧线K14+500白庙,在公路用地范围内设置公路标志以外的其他标志,是,110112,11000000001315222990
十支队-通州执法队,X013京榆旧线K14+500白庙,遮挡公路附属设施或者利用公路附属设施架设管道、悬挂物品，可能危及公路安全,是,110112,11000000001315222990
十支队-通州执法队,X013京榆旧线K14+500白庙,车辆装载物触地拖行、掉落、遗洒或者飘散，造成公路路面损坏、污染,是,110112,11000000001315222990
十支队-通州执法队,X013京榆旧线K6+480龙旺庄,在公路上及公路用地范围内堆放物品,是,110112,
十支队-通州执法队,X013京榆旧线K6+480龙旺庄,在公路上及公路用地范围内摆摊设点,是,110112,
十支队-通州执法队,X013京榆旧线K6+480龙旺庄,在公路范围内擅自移动井盖,否,110112,
十支队-通州执法队,X013京榆旧线K6+480龙旺庄,擅自占用、挖掘公路,是,110112,
十支队-通州执法队,X013京榆旧线K6+480龙旺庄,在公路用地范围内设置公路标志以外的其他标志,是,110112,
十支队-通州执法队,X013京榆旧线K6+480龙旺庄,遮挡公路附属设施或者利用公路附属设施架设管道、悬挂物品，可能危及公路安全,是,110112,
十支队-通州执法队,X013京榆旧线K6+480龙旺庄,车辆装载物触地拖行、掉落、遗洒或者飘散，造成公路路面损坏、污染,是,110112,
十支队-密云执法队,X013西统路K3+950铁路桥 统军庄方向,在公路上及公路用地范围内堆放物品,是,110118,
十支队-密云执法队,X013西统路K3+950铁路桥 统军庄方向,在公路上及公路用地范围内摆摊设点,是,110118,
十支队-密云执法队,X013西统路K3+950铁路桥 统军庄方向,在公路范围内擅自移动井盖,否,110118,
十支队-密云执法队,X013西统路K3+950铁路桥 统军庄方向,擅自占用、挖掘公路,是,110118,
十支队-密云执法队,X013西统路K3+950铁路桥 统军庄方向,在公路用地范围内设置公路标志以外的其他标志,是,110118,
十支队-密云执法队,X013西统路K3+950铁路桥 统军庄方向,遮挡公路附属设施或者利用公路附属设施架设管道、悬挂物品，可能危及公路安全,是,110118,
十支队-密云执法队,X013西统路K3+950铁路桥 统军庄方向,车辆装载物触地拖行、掉落、遗洒或者飘散，造成公路路面损坏、污染,是,110118,
十支队-顺义执法队,X013中干渠路K14+200昌金路口南下行,在公路上及公路用地范围内堆放物品,是,110113,
十支队-顺义执法队,X013中干渠路K14+200昌金路口南下行,在公路上及公路用地范围内摆摊设点,是,110113,
十支队-顺义执法队,X013中干渠路K14+200昌金路口南下行,在公路范围内擅自移动井盖,否,110113,
十支队-顺义执法队,X013中干渠路K14+200昌金路口南下行,擅自占用、挖掘公路,是,110113,
十支队-顺义执法队,X013中干渠路K14+200昌金路口南下行,在公路用地范围内设置公路标志以外的其他标志,是,110113,
十支队-顺义执法队,X013中干渠路K14+200昌金路口南下行,遮挡公路附属设施或者利用公路附属设施架设管道、悬挂物品，可能危及公路安全,是,110113,
十支队-顺义执法队,X013中干渠路K14+200昌金路口南下行,车辆装载物触地拖行、掉落、遗洒或者飘散，造成公路路面损坏、污染,是,110113,
十支队-密云执法队,X014马北路K1+600司马台收费站路口,在公路上及公路用地范围内堆放物品,是,110118,
十支队-密云执法队,X014马北路K1+600司马台收费站路口,在公路上及公路用地范围内摆摊设点,是,110118,
十支队-密云执法队,X014马北路K1+600司马台收费站路口,在公路范围内擅自移动井盖,否,110118,
十支队-密云执法队,X014马北路K1+600司马台收费站路口,擅自占用、挖掘公路,是,110118,
十支队-密云执法队,X014马北路K1+600司马台收费站路口,在公路用地范围内设置公路标志以外的其他标志,是,110118,
十支队-密云执法队,X014马北路K1+600司马台收费站路口,遮挡公路附属设施或者利用公路附属设施架设管道、悬挂物品，可能危及公路安全,是,110118,
十支队-密云执法队,X014马北路K1+600司马台收费站路口,车辆装载物触地拖行、掉落、遗洒或者飘散，造成公路路面损坏、污染,是,110118,
十支队-通州执法队,X014铺外路K5+890与潞西路交叉口北,在公路上及公路用地范围内堆放物品,是,110112,11000000001316232946
十支队-通州执法队,X014铺外路K5+890与潞西路交叉口北,在公路上及公路用地范围内摆摊设点,是,110112,11000000001316232946
十支队-通州执法队,X014铺外路K5+890与潞西路交叉口北,在公路范围内擅自移动井盖,否,110112,11000000001316232946
十支队-通州执法队,X014铺外路K5+890与潞西路交叉口北,擅自占用、挖掘公路,是,110112,11000000001316232946
十支队-通州执法队,X014铺外路K5+890与潞西路交叉口北,在公路用地范围内设置公路标志以外的其他标志,是,110112,11000000001316232946
十支队-通州执法队,X014铺外路K5+890与潞西路交叉口北,遮挡公路附属设施或者利用公路附属设施架设管道、悬挂物品，可能危及公路安全,是,110112,11000000001316232946
十支队-通州执法队,X014铺外路K5+890与潞西路交叉口北,车辆装载物触地拖行、掉落、遗洒或者飘散，造成公路路面损坏、污染,是,110112,11000000001316232946
十支队-密云执法队,X015黄下路K14+850半城子,在公路上及公路用地范围内堆放物品,是,110118,11000000001319378013
十支队-密云执法队,X015黄下路K14+850半城子,在公路上及公路用地范围内摆摊设点,是,110118,11000000001319378013
十支队-密云执法队,X015黄下路K14+850半城子,在公路范围内擅自移动井盖,否,110118,11000000001319378013
十支队-密云执法队,X015黄下路K14+850半城子,擅自占用、挖掘公路,是,110118,11000000001319378013
十支队-密云执法队,X015黄下路K14+850半城子,在公路用地范围内设置公路标志以外的其他标志,是,110118,11000000001319378013
十支队-密云执法队,X015黄下路K14+850半城子,遮挡公路附属设施或者利用公路附属设施架设管道、悬挂物品，可能危及公路安全,是,110118,11000000001319378013
十支队-密云执法队,X015黄下路K14+850半城子,车辆装载物触地拖行、掉落、遗洒或者飘散，造成公路路面损坏、污染,是,110118,11000000001319378013
十支队-平谷执法队,X016平夏路K4+150东门桥,在公路上及公路用地范围内堆放物品,是,110117,
十支队-平谷执法队,X016平夏路K4+150东门桥,在公路上及公路用地范围内摆摊设点,是,110117,
十支队-平谷执法队,X016平夏路K4+150东门桥,在公路范围内擅自移动井盖,否,110117,
十支队-平谷执法队,X016平夏路K4+150东门桥,擅自占用、挖掘公路,是,110117,
十支队-平谷执法队,X016平夏路K4+150东门桥,在公路用地范围内设置公路标志以外的其他标志,是,110117,
十支队-平谷执法队,X016平夏路K4+150东门桥,遮挡公路附属设施或者利用公路附属设施架设管道、悬挂物品，可能危及公路安全,是,110117,
十支队-平谷执法队,X016平夏路K4+150东门桥,车辆装载物触地拖行、掉落、遗洒或者飘散，造成公路路面损坏、污染,是,110117,
十支队-怀柔执法队,X017喇碾路K11+800孙栅子 喇叭沟门方向,在公路上及公路用地范围内堆放物品,是,110116,
十支队-怀柔执法队,X017喇碾路K11+800孙栅子 喇叭沟门方向,在公路上及公路用地范围内摆摊设点,是,110116,
十支队-怀柔执法队,X017喇碾路K11+800孙栅子 喇叭沟门方向,在公路范围内擅自移动井盖,否,110116,
十支队-怀柔执法队,X017喇碾路K11+800孙栅子 喇叭沟门方向,擅自占用、挖掘公路,是,110116,
十支队-怀柔执法队,X017喇碾路K11+800孙栅子 喇叭沟门方向,在公路用地范围内设置公路标志以外的其他标志,是,110116,
十支队-怀柔执法队,X017喇碾路K11+800孙栅子 喇叭沟门方向,遮挡公路附属设施或者利用公路附属设施架设管道、悬挂物品，可能危及公路安全,是,110116,
十支队-怀柔执法队,X017喇碾路K11+800孙栅子 喇叭沟门方向,车辆装载物触地拖行、掉落、遗洒或者飘散，造成公路路面损坏、污染,是,110116,
十支队-密云执法队,X019密西路K1+500京承铁路,在公路上及公路用地范围内堆放物品,是,110118,
十支队-密云执法队,X019密西路K1+500京承铁路,在公路上及公路用地范围内摆摊设点,是,110118,
十支队-密云执法队,X019密西路K1+500京承铁路,在公路范围内擅自移动井盖,否,110118,
十支队-密云执法队,X019密西路K1+500京承铁路,擅自占用、挖掘公路,是,110118,
十支队-密云执法队,X019密西路K1+500京承铁路,在公路用地范围内设置公路标志以外的其他标志,是,110118,
十支队-密云执法队,X019密西路K1+500京承铁路,遮挡公路附属设施或者利用公路附属设施架设管道、悬挂物品，可能危及公路安全,是,110118,
十支队-密云执法队,X019密西路K1+500京承铁路,车辆装载物触地拖行、掉落、遗洒或者飘散，造成公路路面损坏、污染,是,110118,
十支队-顺义执法队,X019顺于路K5+000上行京沈路口东,在公路上及公路用地范围内堆放物品,是,110113,
十支队-顺义执法队,X019顺于路K5+000上行京沈路口东,在公路上及公路用地范围内摆摊设点,是,110113,
十支队-顺义执法队,X019顺于路K5+000上行京沈路口东,在公路范围内擅自移动井盖,否,110113,
十支队-顺义执法队,X019顺于路K5+000上行京沈路口东,擅自占用、挖掘公路,是,110113,
十支队-顺义执法队,X019顺于路K5+000上行京沈路口东,在公路用地范围内设置公路标志以外的其他标志,是,110113,
十支队-顺义执法队,X019顺于路K5+000上行京沈路口东,遮挡公路附属设施或者利用公路附属设施架设管道、悬挂物品，可能危及公路安全,是,110113,
十支队-顺义执法队,X019顺于路K5+000上行京沈路口东,车辆装载物触地拖行、掉落、遗洒或者飘散，造成公路路面损坏、污染,是,110113,
十支队-顺义执法队,X019顺于路K5+400下行京沈路口东,在公路上及公路用地范围内堆放物品,是,110113,
十支队-顺义执法队,X019顺于路K5+400下行京沈路口东,在公路上及公路用地范围内摆摊设点,是,110113,
十支队-顺义执法队,X019顺于路K5+400下行京沈路口东,在公路范围内擅自移动井盖,否,110113,
十支队-顺义执法队,X019顺于路K5+400下行京沈路口东,擅自占用、挖掘公路,是,110113,
十支队-顺义执法队,X019顺于路K5+400下行京沈路口东,在公路用地范围内设置公路标志以外的其他标志,是,110113,
十支队-顺义执法队,X019顺于路K5+400下行京沈路口东,遮挡公路附属设施或者利用公路附属设施架设管道、悬挂物品，可能危及公路安全,是,110113,
十支队-顺义执法队,X019顺于路K5+400下行京沈路口东,车辆装载物触地拖行、掉落、遗洒或者飘散，造成公路路面损坏、污染,是,110113,
十支队-顺义执法队,X020火沙路K0+200下行京沈路口西,在公路上及公路用地范围内堆放物品,是,110113,
十支队-顺义执法队,X020火沙路K0+200下行京沈路口西,在公路上及公路用地范围内摆摊设点,是,110113,
十支队-顺义执法队,X020火沙路K0+200下行京沈路口西,在公路范围内擅自移动井盖,否,110113,
十支队-顺义执法队,X020火沙路K0+200下行京沈路口西,擅自占用、挖掘公路,是,110113,
十支队-顺义执法队,X020火沙路K0+200下行京沈路口西,在公路用地范围内设置公路标志以外的其他标志,是,110113,
十支队-顺义执法队,X020火沙路K0+200下行京沈路口西,遮挡公路附属设施或者利用公路附属设施架设管道、悬挂物品，可能危及公路安全,是,110113,
十支队-顺义执法队,X020火沙路K0+200下行京沈路口西,车辆装载物触地拖行、掉落、遗洒或者飘散，造成公路路面损坏、污染,是,110113,
十支队-顺义执法队,X020火沙路K5+945温榆河大桥东上行,在公路上及公路用地范围内堆放物品,是,110113,
十支队-顺义执法队,X020火沙路K5+945温榆河大桥东上行,在公路上及公路用地范围内摆摊设点,是,110113,
十支队-顺义执法队,X020火沙路K5+945温榆河大桥东上行,在公路范围内擅自移动井盖,否,110113,
十支队-顺义执法队,X020火沙路K5+945温榆河大桥东上行,擅自占用、挖掘公路,是,110113,
十支队-顺义执法队,X020火沙路K5+945温榆河大桥东上行,在公路用地范围内设置公路标志以外的其他标志,是,110113,
十支队-顺义执法队,X020火沙路K5+945温榆河大桥东上行,遮挡公路附属设施或者利用公路附属设施架设管道、悬挂物品，可能危及公路安全,是,110113,
十支队-顺义执法队,X020火沙路K5+945温榆河大桥东上行,车辆装载物触地拖行、掉落、遗洒或者飘散，造成公路路面损坏、污染,是,110113,
十支队-顺义执法队,X020火沙路K7+180京承高速出口西下行,在公路上及公路用地范围内堆放物品,是,110113,
十支队-顺义执法队,X020火沙路K7+180京承高速出口西下行,在公路上及公路用地范围内摆摊设点,是,110113,
十支队-顺义执法队,X020火沙路K7+180京承高速出口西下行,在公路范围内擅自移动井盖,否,110113,
十支队-顺义执法队,X020火沙路K7+180京承高速出口西下行,擅自占用、挖掘公路,是,110113,
十支队-顺义执法队,X020火沙路K7+180京承高速出口西下行,在公路用地范围内设置公路标志以外的其他标志,是,110113,
十支队-顺义执法队,X020火沙路K7+180京承高速出口西下行,遮挡公路附属设施或者利用公路附属设施架设管道、悬挂物品，可能危及公路安全,是,110113,
十支队-顺义执法队,X020火沙路K7+180京承高速出口西下行,车辆装载物触地拖行、掉落、遗洒或者飘散，造成公路路面损坏、污染,是,110113,
十支队-通州执法队,X020马大路K0+110马驹桥6号桥南,在公路上及公路用地范围内堆放物品,是,110112,11000000001312606867
十支队-通州执法队,X020马大路K0+110马驹桥6号桥南,在公路上及公路用地范围内摆摊设点,是,110112,11000000001312606867
十支队-通州执法队,X020马大路K0+110马驹桥6号桥南,在公路范围内擅自移动井盖,否,110112,11000000001312606867
十支队-通州执法队,X020马大路K0+110马驹桥6号桥南,擅自占用、挖掘公路,是,110112,11000000001312606867
十支队-通州执法队,X020马大路K0+110马驹桥6号桥南,在公路用地范围内设置公路标志以外的其他标志,是,110112,11000000001312606867
十支队-通州执法队,X020马大路K0+110马驹桥6号桥南,遮挡公路附属设施或者利用公路附属设施架设管道、悬挂物品，可能危及公路安全,是,110112,11000000001312606867
十支队-通州执法队,X020马大路K0+110马驹桥6号桥南,车辆装载物触地拖行、掉落、遗洒或者飘散，造成公路路面损坏、污染,是,110112,11000000001312606867
十支队-顺义执法队,X022天北路北延K6+690大秦铁路立交桥,在公路上及公路用地范围内堆放物品,是,110113,
十支队-顺义执法队,X022天北路北延K6+690大秦铁路立交桥,在公路上及公路用地范围内摆摊设点,是,110113,
十支队-顺义执法队,X022天北路北延K6+690大秦铁路立交桥,在公路范围内擅自移动井盖,否,110113,
十支队-顺义执法队,X022天北路北延K6+690大秦铁路立交桥,擅自占用、挖掘公路,是,110113,
十支队-顺义执法队,X022天北路北延K6+690大秦铁路立交桥,在公路用地范围内设置公路标志以外的其他标志,是,110113,
十支队-顺义执法队,X022天北路北延K6+690大秦铁路立交桥,遮挡公路附属设施或者利用公路附属设施架设管道、悬挂物品，可能危及公路安全,是,110113,
十支队-顺义执法队,X022天北路北延K6+690大秦铁路立交桥,车辆装载物触地拖行、掉落、遗洒或者飘散，造成公路路面损坏、污染,是,110113,
十支队-密云执法队,X023密兴旧路K2+550丰各庄村下凹式立交桥,在公路上及公路用地范围内堆放物品,是,110118,
十支队-密云执法队,X023密兴旧路K2+550丰各庄村下凹式立交桥,在公路上及公路用地范围内摆摊设点,是,110118,
十支队-密云执法队,X023密兴旧路K2+550丰各庄村下凹式立交桥,在公路范围内擅自移动井盖,否,110118,
十支队-密云执法队,X023密兴旧路K2+550丰各庄村下凹式立交桥,擅自占用、挖掘公路,是,110118,
十支队-密云执法队,X023密兴旧路K2+550丰各庄村下凹式立交桥,在公路用地范围内设置公路标志以外的其他标志,是,110118,
十支队-密云执法队,X023密兴旧路K2+550丰各庄村下凹式立交桥,遮挡公路附属设施或者利用公路附属设施架设管道、悬挂物品，可能危及公路安全,是,110118,
十支队-密云执法队,X023密兴旧路K2+550丰各庄村下凹式立交桥,车辆装载物触地拖行、掉落、遗洒或者飘散，造成公路路面损坏、污染,是,110118,
十支队-通州执法队,X026永德路K5+400德觅路路口北,在公路上及公路用地范围内堆放物品,是,110112,11000000001316155958
十支队-通州执法队,X026永德路K5+400德觅路路口北,在公路上及公路用地范围内摆摊设点,是,110112,11000000001316155958
十支队-通州执法队,X026永德路K5+400德觅路路口北,在公路范围内擅自移动井盖,否,110112,11000000001316155958
十支队-通州执法队,X026永德路K5+400德觅路路口北,擅自占用、挖掘公路,是,110112,11000000001316155958
十支队-通州执法队,X026永德路K5+400德觅路路口北,在公路用地范围内设置公路标志以外的其他标志,是,110112,11000000001316155958
十支队-通州执法队,X026永德路K5+400德觅路路口北,遮挡公路附属设施或者利用公路附属设施架设管道、悬挂物品，可能危及公路安全,是,110112,11000000001316155958
十支队-通州执法队,X026永德路K5+400德觅路路口北,车辆装载物触地拖行、掉落、遗洒或者飘散，造成公路路面损坏、污染,是,110112,11000000001316155958
十支队-顺义执法队,X030天北路K20+335昌金路口南下行,在公路上及公路用地范围内堆放物品,是,110113,
十支队-顺义执法队,X030天北路K20+335昌金路口南下行,在公路上及公路用地范围内摆摊设点,是,110113,
十支队-顺义执法队,X030天北路K20+335昌金路口南下行,在公路范围内擅自移动井盖,否,110113,
十支队-顺义执法队,X030天北路K20+335昌金路口南下行,擅自占用、挖掘公路,是,110113,
十支队-顺义执法队,X030天北路K20+335昌金路口南下行,在公路用地范围内设置公路标志以外的其他标志,是,110113,
十支队-顺义执法队,X030天北路K20+335昌金路口南下行,遮挡公路附属设施或者利用公路附属设施架设管道、悬挂物品，可能危及公路安全,是,110113,
十支队-顺义执法队,X030天北路K20+335昌金路口南下行,车辆装载物触地拖行、掉落、遗洒或者飘散，造成公路路面损坏、污染,是,110113,
十支队-顺义执法队,X030天北路K4+700马连店路口西下行,在公路上及公路用地范围内堆放物品,是,110113,
十支队-顺义执法队,X030天北路K4+700马连店路口西下行,在公路上及公路用地范围内摆摊设点,是,110113,
十支队-顺义执法队,X030天北路K4+700马连店路口西下行,在公路范围内擅自移动井盖,否,110113,
十支队-顺义执法队,X030天北路K4+700马连店路口西下行,擅自占用、挖掘公路,是,110113,
十支队-顺义执法队,X030天北路K4+700马连店路口西下行,在公路用地范围内设置公路标志以外的其他标志,是,110113,
十支队-顺义执法队,X030天北路K4+700马连店路口西下行,遮挡公路附属设施或者利用公路附属设施架设管道、悬挂物品，可能危及公路安全,是,110113,
十支队-顺义执法队,X030天北路K4+700马连店路口西下行,车辆装载物触地拖行、掉落、遗洒或者飘散，造成公路路面损坏、污染,是,110113,
十支队-顺义执法队,X030天北路K6+700上行罗马环岛南,在公路上及公路用地范围内堆放物品,是,110113,
十支队-顺义执法队,X030天北路K6+700上行罗马环岛南,在公路上及公路用地范围内摆摊设点,是,110113,
十支队-顺义执法队,X030天北路K6+700上行罗马环岛南,在公路范围内擅自移动井盖,否,110113,
十支队-顺义执法队,X030天北路K6+700上行罗马环岛南,擅自占用、挖掘公路,是,110113,
十支队-顺义执法队,X030天北路K6+700上行罗马环岛南,在公路用地范围内设置公路标志以外的其他标志,是,110113,
十支队-顺义执法队,X030天北路K6+700上行罗马环岛南,遮挡公路附属设施或者利用公路附属设施架设管道、悬挂物品，可能危及公路安全,是,110113,
十支队-顺义执法队,X030天北路K6+700上行罗马环岛南,车辆装载物触地拖行、掉落、遗洒或者飘散，造成公路路面损坏、污染,是,110113,
十支队-顺义执法队,X031外环路K14+400上行顺沙路口北,在公路上及公路用地范围内堆放物品,是,110113,
十支队-顺义执法队,X031外环路K14+400上行顺沙路口北,在公路上及公路用地范围内摆摊设点,是,110113,
十支队-顺义执法队,X031外环路K14+400上行顺沙路口北,在公路范围内擅自移动井盖,否,110113,
十支队-顺义执法队,X031外环路K14+400上行顺沙路口北,擅自占用、挖掘公路,是,110113,
十支队-顺义执法队,X031外环路K14+400上行顺沙路口北,在公路用地范围内设置公路标志以外的其他标志,是,110113,
十支队-顺义执法队,X031外环路K14+400上行顺沙路口北,遮挡公路附属设施或者利用公路附属设施架设管道、悬挂物品，可能危及公路安全,是,110113,
十支队-顺义执法队,X031外环路K14+400上行顺沙路口北,车辆装载物触地拖行、掉落、遗洒或者飘散，造成公路路面损坏、污染,是,110113,
十支队-顺义执法队,X031外环路K5+100下行京承铁路桥东,在公路上及公路用地范围内堆放物品,是,110113,
十支队-顺义执法队,X031外环路K5+100下行京承铁路桥东,在公路上及公路用地范围内摆摊设点,是,110113,
十支队-顺义执法队,X031外环路K5+100下行京承铁路桥东,在公路范围内擅自移动井盖,否,110113,
十支队-顺义执法队,X031外环路K5+100下行京承铁路桥东,擅自占用、挖掘公路,是,110113,
十支队-顺义执法队,X031外环路K5+100下行京承铁路桥东,在公路用地范围内设置公路标志以外的其他标志,是,110113,
十支队-顺义执法队,X031外环路K5+100下行京承铁路桥东,遮挡公路附属设施或者利用公路附属设施架设管道、悬挂物品，可能危及公路安全,是,110113,
十支队-顺义执法队,X031外环路K5+100下行京承铁路桥东,车辆装载物触地拖行、掉落、遗洒或者飘散，造成公路路面损坏、污染,是,110113,
十支队-密云执法队,X032新西路K0+570李各庄下凹式立交桥 李各庄村北方向,在公路上及公路用地范围内堆放物品,是,110118,11000000001311835051
十支队-密云执法队,X032新西路K0+570李各庄下凹式立交桥 李各庄村北方向,在公路上及公路用地范围内摆摊设点,是,110118,11000000001311835051
十支队-密云执法队,X032新西路K0+570李各庄下凹式立交桥 李各庄村北方向,在公路范围内擅自移动井盖,否,110118,11000000001311835051
十支队-密云执法队,X032新西路K0+570李各庄下凹式立交桥 李各庄村北方向,擅自占用、挖掘公路,是,110118,11000000001311835051
十支队-密云执法队,X032新西路K0+570李各庄下凹式立交桥 李各庄村北方向,在公路用地范围内设置公路标志以外的其他标志,是,110118,11000000001311835051
十支队-密云执法队,X032新西路K0+570李各庄下凹式立交桥 李各庄村北方向,遮挡公路附属设施或者利用公路附属设施架设管道、悬挂物品，可能危及公路安全,是,110118,11000000001311835051
十支队-密云执法队,X032新西路K0+570李各庄下凹式立交桥 李各庄村北方向,车辆装载物触地拖行、掉落、遗洒或者飘散，造成公路路面损坏、污染,是,110118,11000000001311835051
十支队-平谷执法队,X036平宝路K3+600南山村治超站,在公路上及公路用地范围内堆放物品,是,110117,
十支队-平谷执法队,X036平宝路K3+600南山村治超站,在公路上及公路用地范围内摆摊设点,是,110117,
十支队-平谷执法队,X036平宝路K3+600南山村治超站,在公路范围内擅自移动井盖,否,110117,
十支队-平谷执法队,X036平宝路K3+600南山村治超站,擅自占用、挖掘公路,是,110117,
十支队-平谷执法队,X036平宝路K3+600南山村治超站,在公路用地范围内设置公路标志以外的其他标志,是,110117,
十支队-平谷执法队,X036平宝路K3+600南山村治超站,遮挡公路附属设施或者利用公路附属设施架设管道、悬挂物品，可能危及公路安全,是,110117,
十支队-平谷执法队,X036平宝路K3+600南山村治超站,车辆装载物触地拖行、掉落、遗洒或者飘散，造成公路路面损坏、污染,是,110117,
十支队-密云执法队,X042西统路支线K0+800统军庄村下凹式立交桥,在公路上及公路用地范围内堆放物品,是,110118,
十支队-密云执法队,X042西统路支线K0+800统军庄村下凹式立交桥,在公路上及公路用地范围内摆摊设点,是,110118,
十支队-密云执法队,X042西统路支线K0+800统军庄村下凹式立交桥,在公路范围内擅自移动井盖,否,110118,
十支队-密云执法队,X042西统路支线K0+800统军庄村下凹式立交桥,擅自占用、挖掘公路,是,110118,
十支队-密云执法队,X042西统路支线K0+800统军庄村下凹式立交桥,在公路用地范围内设置公路标志以外的其他标志,是,110118,
十支队-密云执法队,X042西统路支线K0+800统军庄村下凹式立交桥,遮挡公路附属设施或者利用公路附属设施架设管道、悬挂物品，可能危及公路安全,是,110118,
十支队-密云执法队,X042西统路支线K0+800统军庄村下凹式立交桥,车辆装载物触地拖行、掉落、遗洒或者飘散，造成公路路面损坏、污染,是,110118,
十支队-密云执法队,X044白云街上行K1+738小唐庄站北下凹式立交桥,在公路上及公路用地范围内堆放物品,是,110118,
十支队-密云执法队,X044白云街上行K1+738小唐庄站北下凹式立交桥,在公路上及公路用地范围内摆摊设点,是,110118,
十支队-密云执法队,X044白云街上行K1+738小唐庄站北下凹式立交桥,在公路范围内擅自移动井盖,否,110118,
十支队-密云执法队,X044白云街上行K1+738小唐庄站北下凹式立交桥,擅自占用、挖掘公路,是,110118,
十支队-密云执法队,X044白云街上行K1+738小唐庄站北下凹式立交桥,在公路用地范围内设置公路标志以外的其他标志,是,110118,
十支队-密云执法队,X044白云街上行K1+738小唐庄站北下凹式立交桥,遮挡公路附属设施或者利用公路附属设施架设管道、悬挂物品，可能危及公路安全,是,110118,
十支队-密云执法队,X044白云街上行K1+738小唐庄站北下凹式立交桥,车辆装载物触地拖行、掉落、遗洒或者飘散，造成公路路面损坏、污染,是,110118,
十支队-密云执法队,X045檀东路K0+928檀东路桥 新北路方向,在公路上及公路用地范围内堆放物品,是,110118,
十支队-密云执法队,X045檀东路K0+928檀东路桥 新北路方向,在公路上及公路用地范围内摆摊设点,是,110118,
十支队-密云执法队,X045檀东路K0+928檀东路桥 新北路方向,在公路范围内擅自移动井盖,否,110118,
十支队-密云执法队,X045檀东路K0+928檀东路桥 新北路方向,擅自占用、挖掘公路,是,110118,
十支队-密云执法队,X045檀东路K0+928檀东路桥 新北路方向,在公路用地范围内设置公路标志以外的其他标志,是,110118,
十支队-密云执法队,X045檀东路K0+928檀东路桥 新北路方向,遮挡公路附属设施或者利用公路附属设施架设管道、悬挂物品，可能危及公路安全,是,110118,
十支队-密云执法队,X045檀东路K0+928檀东路桥 新北路方向,车辆装载物触地拖行、掉落、遗洒或者飘散，造成公路路面损坏、污染,是,110118,
十支队-顺义执法队,X201李堡路K1+790下行西大坨村,在公路上及公路用地范围内堆放物品,是,110113,
十支队-顺义执法队,X201李堡路K1+790下行西大坨村,在公路上及公路用地范围内摆摊设点,是,110113,
十支队-顺义执法队,X201李堡路K1+790下行西大坨村,在公路范围内擅自移动井盖,否,110113,
十支队-顺义执法队,X201李堡路K1+790下行西大坨村,擅自占用、挖掘公路,是,110113,
十支队-顺义执法队,X201李堡路K1+790下行西大坨村,在公路用地范围内设置公路标志以外的其他标志,是,110113,
十支队-顺义执法队,X201李堡路K1+790下行西大坨村,遮挡公路附属设施或者利用公路附属设施架设管道、悬挂物品，可能危及公路安全,是,110113,
十支队-顺义执法队,X201李堡路K1+790下行西大坨村,车辆装载物触地拖行、掉落、遗洒或者飘散，造成公路路面损坏、污染,是,110113,
十支队-通州执法队,X201任港路K4+620南马庄村,在公路上及公路用地范围内堆放物品,是,110112,
十支队-通州执法队,X201任港路K4+620南马庄村,在公路上及公路用地范围内摆摊设点,是,110112,
十支队-通州执法队,X201任港路K4+620南马庄村,在公路范围内擅自移动井盖,否,110112,
十支队-通州执法队,X201任港路K4+620南马庄村,擅自占用、挖掘公路,是,110112,
十支队-通州执法队,X201任港路K4+620南马庄村,在公路用地范围内设置公路标志以外的其他标志,是,110112,
十支队-通州执法队,X201任港路K4+620南马庄村,遮挡公路附属设施或者利用公路附属设施架设管道、悬挂物品，可能危及公路安全,是,110112,
十支队-通州执法队,X201任港路K4+620南马庄村,车辆装载物触地拖行、掉落、遗洒或者飘散，造成公路路面损坏、污染,是,110112,
十支队-通州执法队,X202九周路K1+580群芳中一街路口北,在公路上及公路用地范围内堆放物品,是,110112,11000000001315828223
十支队-通州执法队,X202九周路K1+580群芳中一街路口北,在公路上及公路用地范围内摆摊设点,是,110112,11000000001315828223
十支队-通州执法队,X202九周路K1+580群芳中一街路口北,在公路范围内擅自移动井盖,否,110112,11000000001315828223
十支队-通州执法队,X202九周路K1+580群芳中一街路口北,擅自占用、挖掘公路,是,110112,11000000001315828223
十支队-通州执法队,X202九周路K1+580群芳中一街路口北,在公路用地范围内设置公路标志以外的其他标志,是,110112,11000000001315828223
十支队-通州执法队,X202九周路K1+580群芳中一街路口北,遮挡公路附属设施或者利用公路附属设施架设管道、悬挂物品，可能危及公路安全,是,110112,11000000001315828223
十支队-通州执法队,X202九周路K1+580群芳中一街路口北,车辆装载物触地拖行、掉落、遗洒或者飘散，造成公路路面损坏、污染,是,110112,11000000001315828223
十支队-顺义执法队,X202左堤路K41+400昌金路口北上行,在公路上及公路用地范围内堆放物品,是,110113,
十支队-顺义执法队,X202左堤路K41+400昌金路口北上行,在公路上及公路用地范围内摆摊设点,是,110113,
十支队-顺义执法队,X202左堤路K41+400昌金路口北上行,在公路范围内擅自移动井盖,否,110113,
十支队-顺义执法队,X202左堤路K41+400昌金路口北上行,擅自占用、挖掘公路,是,110113,
十支队-顺义执法队,X202左堤路K41+400昌金路口北上行,在公路用地范围内设置公路标志以外的其他标志,是,110113,
十支队-顺义执法队,X202左堤路K41+400昌金路口北上行,遮挡公路附属设施或者利用公路附属设施架设管道、悬挂物品，可能危及公路安全,是,110113,
十支队-顺义执法队,X202左堤路K41+400昌金路口北上行,车辆装载物触地拖行、掉落、遗洒或者飘散，造成公路路面损坏、污染,是,110113,
十支队-顺义执法队,X203右堤路K26+400下行减河北路南,在公路上及公路用地范围内堆放物品,是,110113,
十支队-顺义执法队,X203右堤路K26+400下行减河北路南,在公路上及公路用地范围内摆摊设点,是,110113,
十支队-顺义执法队,X203右堤路K26+400下行减河北路南,在公路范围内擅自移动井盖,否,110113,
十支队-顺义执法队,X203右堤路K26+400下行减河北路南,擅自占用、挖掘公路,是,110113,
十支队-顺义执法队,X203右堤路K26+400下行减河北路南,在公路用地范围内设置公路标志以外的其他标志,是,110113,
十支队-顺义执法队,X203右堤路K26+400下行减河北路南,遮挡公路附属设施或者利用公路附属设施架设管道、悬挂物品，可能危及公路安全,是,110113,
十支队-顺义执法队,X203右堤路K26+400下行减河北路南,车辆装载物触地拖行、掉落、遗洒或者飘散，造成公路路面损坏、污染,是,110113,
十支队-顺义执法队,X203右堤路K30+100潮白河大桥上行,在公路上及公路用地范围内堆放物品,是,110113,
十支队-顺义执法队,X203右堤路K30+100潮白河大桥上行,在公路上及公路用地范围内摆摊设点,是,110113,
十支队-顺义执法队,X203右堤路K30+100潮白河大桥上行,在公路范围内擅自移动井盖,否,110113,
十支队-顺义执法队,X203右堤路K30+100潮白河大桥上行,擅自占用、挖掘公路,是,110113,
十支队-顺义执法队,X203右堤路K30+100潮白河大桥上行,在公路用地范围内设置公路标志以外的其他标志,是,110113,
十支队-顺义执法队,X203右堤路K30+100潮白河大桥上行,遮挡公路附属设施或者利用公路附属设施架设管道、悬挂物品，可能危及公路安全,是,110113,
十支队-顺义执法队,X203右堤路K30+100潮白河大桥上行,车辆装载物触地拖行、掉落、遗洒或者飘散，造成公路路面损坏、污染,是,110113,
十支队-通州执法队,X203右堤路K54+700白庙泵站南,在公路上及公路用地范围内堆放物品,是,110112,
十支队-通州执法队,X203右堤路K54+700白庙泵站南,在公路上及公路用地范围内摆摊设点,是,110112,
十支队-通州执法队,X203右堤路K54+700白庙泵站南,在公路范围内擅自移动井盖,否,110112,
十支队-通州执法队,X203右堤路K54+700白庙泵站南,擅自占用、挖掘公路,是,110112,
十支队-通州执法队,X203右堤路K54+700白庙泵站南,在公路用地范围内设置公路标志以外的其他标志,是,110112,
十支队-通州执法队,X203右堤路K54+700白庙泵站南,遮挡公路附属设施或者利用公路附属设施架设管道、悬挂物品，可能危及公路安全,是,110112,
十支队-通州执法队,X203右堤路K54+700白庙泵站南,车辆装载物触地拖行、掉落、遗洒或者飘散，造成公路路面损坏、污染,是,110112,
十支队-怀柔执法队,X211四宝路K30+870牛圈子 四海方向,在公路上及公路用地范围内堆放物品,是,110116,
十支队-怀柔执法队,X211四宝路K30+870牛圈子 四海方向,在公路上及公路用地范围内摆摊设点,是,110116,
十支队-怀柔执法队,X211四宝路K30+870牛圈子 四海方向,在公路范围内擅自移动井盖,否,110116,
十支队-怀柔执法队,X211四宝路K30+870牛圈子 四海方向,擅自占用、挖掘公路,是,110116,
十支队-怀柔执法队,X211四宝路K30+870牛圈子 四海方向,在公路用地范围内设置公路标志以外的其他标志,是,110116,
十支队-怀柔执法队,X211四宝路K30+870牛圈子 四海方向,遮挡公路附属设施或者利用公路附属设施架设管道、悬挂物品，可能危及公路安全,是,110116,
十支队-怀柔执法队,X211四宝路K30+870牛圈子 四海方向,车辆装载物触地拖行、掉落、遗洒或者飘散，造成公路路面损坏、污染,是,110116,
十支队-顺义执法队,X212富密路K1+520上行牛栏山,在公路上及公路用地范围内堆放物品,是,110113,
十支队-顺义执法队,X212富密路K1+520上行牛栏山,在公路上及公路用地范围内摆摊设点,是,110113,
十支队-顺义执法队,X212富密路K1+520上行牛栏山,在公路范围内擅自移动井盖,否,110113,
十支队-顺义执法队,X212富密路K1+520上行牛栏山,擅自占用、挖掘公路,是,110113,
十支队-顺义执法队,X212富密路K1+520上行牛栏山,在公路用地范围内设置公路标志以外的其他标志,是,110113,
十支队-顺义执法队,X212富密路K1+520上行牛栏山,遮挡公路附属设施或者利用公路附属设施架设管道、悬挂物品，可能危及公路安全,是,110113,
十支队-顺义执法队,X212富密路K1+520上行牛栏山,车辆装载物触地拖行、掉落、遗洒或者飘散，造成公路路面损坏、污染,是,110113,
十支队-密云执法队,X213木邵路K11+360葫芦峪,在公路上及公路用地范围内堆放物品,是,110118,
十支队-密云执法队,X213木邵路K11+360葫芦峪,在公路上及公路用地范围内摆摊设点,是,110118,
十支队-密云执法队,X213木邵路K11+360葫芦峪,在公路范围内擅自移动井盖,否,110118,
十支队-密云执法队,X213木邵路K11+360葫芦峪,擅自占用、挖掘公路,是,110118,
十支队-密云执法队,X213木邵路K11+360葫芦峪,在公路用地范围内设置公路标志以外的其他标志,是,110118,
十支队-密云执法队,X213木邵路K11+360葫芦峪,遮挡公路附属设施或者利用公路附属设施架设管道、悬挂物品，可能危及公路安全,是,110118,
十支队-密云执法队,X213木邵路K11+360葫芦峪,车辆装载物触地拖行、掉落、遗洒或者飘散，造成公路路面损坏、污染,是,110118,
十支队-密云执法队,X213木邵路K12+300葫芦峪村北 西邵渠方向,在公路上及公路用地范围内堆放物品,是,110118,
十支队-密云执法队,X213木邵路K12+300葫芦峪村北 西邵渠方向,在公路上及公路用地范围内摆摊设点,是,110118,
十支队-密云执法队,X213木邵路K12+300葫芦峪村北 西邵渠方向,在公路范围内擅自移动井盖,否,110118,
十支队-密云执法队,X213木邵路K12+300葫芦峪村北 西邵渠方向,擅自占用、挖掘公路,是,110118,
十支队-密云执法队,X213木邵路K12+300葫芦峪村北 西邵渠方向,在公路用地范围内设置公路标志以外的其他标志,是,110118,
十支队-密云执法队,X213木邵路K12+300葫芦峪村北 西邵渠方向,遮挡公路附属设施或者利用公路附属设施架设管道、悬挂物品，可能危及公路安全,是,110118,
十支队-密云执法队,X213木邵路K12+300葫芦峪村北 西邵渠方向,车辆装载物触地拖行、掉落、遗洒或者飘散，造成公路路面损坏、污染,是,110118,
十支队-顺义执法队,X213木邵路K4+550下行山丁路口东,在公路上及公路用地范围内堆放物品,是,110113,
十支队-顺义执法队,X213木邵路K4+550下行山丁路口东,在公路上及公路用地范围内摆摊设点,是,110113,
十支队-顺义执法队,X213木邵路K4+550下行山丁路口东,在公路范围内擅自移动井盖,否,110113,
十支队-顺义执法队,X213木邵路K4+550下行山丁路口东,擅自占用、挖掘公路,是,110113,
十支队-顺义执法队,X213木邵路K4+550下行山丁路口东,在公路用地范围内设置公路标志以外的其他标志,是,110113,
十支队-顺义执法队,X213木邵路K4+550下行山丁路口东,遮挡公路附属设施或者利用公路附属设施架设管道、悬挂物品，可能危及公路安全,是,110113,
十支队-顺义执法队,X213木邵路K4+550下行山丁路口东,车辆装载物触地拖行、掉落、遗洒或者飘散，造成公路路面损坏、污染,是,110113,
十支队-顺义执法队,X213木邵路K9+300上行焦庄户村东,在公路上及公路用地范围内堆放物品,是,110113,
十支队-顺义执法队,X213木邵路K9+300上行焦庄户村东,在公路上及公路用地范围内摆摊设点,是,110113,
十支队-顺义执法队,X213木邵路K9+300上行焦庄户村东,在公路范围内擅自移动井盖,否,110113,
十支队-顺义执法队,X213木邵路K9+300上行焦庄户村东,擅自占用、挖掘公路,是,110113,
十支队-顺义执法队,X213木邵路K9+300上行焦庄户村东,在公路用地范围内设置公路标志以外的其他标志,是,110113,
十支队-顺义执法队,X213木邵路K9+300上行焦庄户村东,遮挡公路附属设施或者利用公路附属设施架设管道、悬挂物品，可能危及公路安全,是,110113,
十支队-顺义执法队,X213木邵路K9+300上行焦庄户村东,车辆装载物触地拖行、掉落、遗洒或者飘散，造成公路路面损坏、污染,是,110113,
十支队-怀柔执法队,X214茶良路K2+550大秦铁路桥下行,在公路上及公路用地范围内堆放物品,是,110116,
十支队-怀柔执法队,X214茶良路K2+550大秦铁路桥下行,在公路上及公路用地范围内摆摊设点,是,110116,
十支队-怀柔执法队,X214茶良路K2+550大秦铁路桥下行,在公路范围内擅自移动井盖,否,110116,
十支队-怀柔执法队,X214茶良路K2+550大秦铁路桥下行,擅自占用、挖掘公路,是,110116,
十支队-怀柔执法队,X214茶良路K2+550大秦铁路桥下行,在公路用地范围内设置公路标志以外的其他标志,是,110116,
十支队-怀柔执法队,X214茶良路K2+550大秦铁路桥下行,遮挡公路附属设施或者利用公路附属设施架设管道、悬挂物品，可能危及公路安全,是,110116,
十支队-怀柔执法队,X214茶良路K2+550大秦铁路桥下行,车辆装载物触地拖行、掉落、遗洒或者飘散，造成公路路面损坏、污染,是,110116,
十支队-怀柔执法队,X215北台路K2+450大秦铁路桥北石槽,在公路上及公路用地范围内堆放物品,是,110116,
十支队-怀柔执法队,X215北台路K2+450大秦铁路桥北石槽,在公路上及公路用地范围内摆摊设点,是,110116,
十支队-怀柔执法队,X215北台路K2+450大秦铁路桥北石槽,在公路范围内擅自移动井盖,否,110116,
十支队-怀柔执法队,X215北台路K2+450大秦铁路桥北石槽,擅自占用、挖掘公路,是,110116,
十支队-怀柔执法队,X215北台路K2+450大秦铁路桥北石槽,在公路用地范围内设置公路标志以外的其他标志,是,110116,
十支队-怀柔执法队,X215北台路K2+450大秦铁路桥北石槽,遮挡公路附属设施或者利用公路附属设施架设管道、悬挂物品，可能危及公路安全,是,110116,
十支队-怀柔执法队,X215北台路K2+450大秦铁路桥北石槽,车辆装载物触地拖行、掉落、遗洒或者飘散，造成公路路面损坏、污染,是,110116,
十支队-怀柔执法队,X215北台路K2+450大秦铁路桥台关路方向,在公路上及公路用地范围内堆放物品,是,110116,
十支队-怀柔执法队,X215北台路K2+450大秦铁路桥台关路方向,在公路上及公路用地范围内摆摊设点,是,110116,
十支队-怀柔执法队,X215北台路K2+450大秦铁路桥台关路方向,在公路范围内擅自移动井盖,否,110116,
十支队-怀柔执法队,X215北台路K2+450大秦铁路桥台关路方向,擅自占用、挖掘公路,是,110116,
十支队-怀柔执法队,X215北台路K2+450大秦铁路桥台关路方向,在公路用地范围内设置公路标志以外的其他标志,是,110116,
十支队-怀柔执法队,X215北台路K2+450大秦铁路桥台关路方向,遮挡公路附属设施或者利用公路附属设施架设管道、悬挂物品，可能危及公路安全,是,110116,
十支队-怀柔执法队,X215北台路K2+450大秦铁路桥台关路方向,车辆装载物触地拖行、掉落、遗洒或者飘散，造成公路路面损坏、污染,是,110116,
十支队-顺义执法队,X300顺平辅线K0+850下行梅沟营桥,在公路上及公路用地范围内堆放物品,是,110113,
十支队-顺义执法队,X300顺平辅线K0+850下行梅沟营桥,在公路上及公路用地范围内摆摊设点,是,110113,
十支队-顺义执法队,X300顺平辅线K0+850下行梅沟营桥,在公路范围内擅自移动井盖,否,110113,
十支队-顺义执法队,X300顺平辅线K0+850下行梅沟营桥,擅自占用、挖掘公路,是,110113,
十支队-顺义执法队,X300顺平辅线K0+850下行梅沟营桥,在公路用地范围内设置公路标志以外的其他标志,是,110113,
十支队-顺义执法队,X300顺平辅线K0+850下行梅沟营桥,遮挡公路附属设施或者利用公路附属设施架设管道、悬挂物品，可能危及公路安全,是,110113,
十支队-顺义执法队,X300顺平辅线K0+850下行梅沟营桥,车辆装载物触地拖行、掉落、遗洒或者飘散，造成公路路面损坏、污染,是,110113,
十支队-顺义执法队,X300顺平辅线K4+095上行新俸伯桥西侧桥头,在公路上及公路用地范围内堆放物品,是,110113,
十支队-顺义执法队,X300顺平辅线K4+095上行新俸伯桥西侧桥头,在公路上及公路用地范围内摆摊设点,是,110113,
十支队-顺义执法队,X300顺平辅线K4+095上行新俸伯桥西侧桥头,在公路范围内擅自移动井盖,否,110113,
十支队-顺义执法队,X300顺平辅线K4+095上行新俸伯桥西侧桥头,擅自占用、挖掘公路,是,110113,
十支队-顺义执法队,X300顺平辅线K4+095上行新俸伯桥西侧桥头,在公路用地范围内设置公路标志以外的其他标志,是,110113,
十支队-顺义执法队,X300顺平辅线K4+095上行新俸伯桥西侧桥头,遮挡公路附属设施或者利用公路附属设施架设管道、悬挂物品，可能危及公路安全,是,110113,
十支队-顺义执法队,X300顺平辅线K4+095上行新俸伯桥西侧桥头,车辆装载物触地拖行、掉落、遗洒或者飘散，造成公路路面损坏、污染,是,110113,
十支队-顺义执法队,X300顺平辅线K4+320下行新俸伯桥桥下1号,在公路上及公路用地范围内堆放物品,是,110113,
十支队-顺义执法队,X300顺平辅线K4+320下行新俸伯桥桥下1号,在公路上及公路用地范围内摆摊设点,是,110113,
十支队-顺义执法队,X300顺平辅线K4+320下行新俸伯桥桥下1号,在公路范围内擅自移动井盖,否,110113,
十支队-顺义执法队,X300顺平辅线K4+320下行新俸伯桥桥下1号,擅自占用、挖掘公路,是,110113,
十支队-顺义执法队,X300顺平辅线K4+320下行新俸伯桥桥下1号,在公路用地范围内设置公路标志以外的其他标志,是,110113,
十支队-顺义执法队,X300顺平辅线K4+320下行新俸伯桥桥下1号,遮挡公路附属设施或者利用公路附属设施架设管道、悬挂物品，可能危及公路安全,是,110113,
十支队-顺义执法队,X300顺平辅线K4+320下行新俸伯桥桥下1号,车辆装载物触地拖行、掉落、遗洒或者飘散，造成公路路面损坏、污染,是,110113,
十支队-顺义执法队,X300顺平辅线K4+454上行新俸伯桥桥下2号,在公路上及公路用地范围内堆放物品,是,110113,
十支队-顺义执法队,X300顺平辅线K4+454上行新俸伯桥桥下2号,在公路上及公路用地范围内摆摊设点,是,110113,
十支队-顺义执法队,X300顺平辅线K4+454上行新俸伯桥桥下2号,在公路范围内擅自移动井盖,否,110113,
十支队-顺义执法队,X300顺平辅线K4+454上行新俸伯桥桥下2号,擅自占用、挖掘公路,是,110113,
十支队-顺义执法队,X300顺平辅线K4+454上行新俸伯桥桥下2号,在公路用地范围内设置公路标志以外的其他标志,是,110113,
十支队-顺义执法队,X300顺平辅线K4+454上行新俸伯桥桥下2号,遮挡公路附属设施或者利用公路附属设施架设管道、悬挂物品，可能危及公路安全,是,110113,
十支队-顺义执法队,X300顺平辅线K4+454上行新俸伯桥桥下2号,车辆装载物触地拖行、掉落、遗洒或者飘散，造成公路路面损坏、污染,是,110113,
十支队-顺义执法队,X300顺平辅线K5+200下行俸伯桥,在公路上及公路用地范围内堆放物品,是,110113,
十支队-顺义执法队,X300顺平辅线K5+200下行俸伯桥,在公路上及公路用地范围内摆摊设点,是,110113,
十支队-顺义执法队,X300顺平辅线K5+200下行俸伯桥,在公路范围内擅自移动井盖,否,110113,
十支队-顺义执法队,X300顺平辅线K5+200下行俸伯桥,擅自占用、挖掘公路,是,110113,
十支队-顺义执法队,X300顺平辅线K5+200下行俸伯桥,在公路用地范围内设置公路标志以外的其他标志,是,110113,
十支队-顺义执法队,X300顺平辅线K5+200下行俸伯桥,遮挡公路附属设施或者利用公路附属设施架设管道、悬挂物品，可能危及公路安全,是,110113,
十支队-顺义执法队,X300顺平辅线K5+200下行俸伯桥,车辆装载物触地拖行、掉落、遗洒或者飘散，造成公路路面损坏、污染,是,110113,
十支队-通州执法队,X304漷马路K0+550漷县镇政府西,在公路上及公路用地范围内堆放物品,是,110112,
十支队-通州执法队,X304漷马路K0+550漷县镇政府西,在公路上及公路用地范围内摆摊设点,是,110112,
十支队-通州执法队,X304漷马路K0+550漷县镇政府西,在公路范围内擅自移动井盖,否,110112,
十支队-通州执法队,X304漷马路K0+550漷县镇政府西,擅自占用、挖掘公路,是,110112,
十支队-通州执法队,X304漷马路K0+550漷县镇政府西,在公路用地范围内设置公路标志以外的其他标志,是,110112,
十支队-通州执法队,X304漷马路K0+550漷县镇政府西,遮挡公路附属设施或者利用公路附属设施架设管道、悬挂物品，可能危及公路安全,是,110112,
十支队-通州执法队,X304漷马路K0+550漷县镇政府西,车辆装载物触地拖行、掉落、遗洒或者飘散，造成公路路面损坏、污染,是,110112,
十支队-通州执法队,X304漷马路K23+230马驹桥1号桥北,在公路上及公路用地范围内堆放物品,是,110112,
十支队-通州执法队,X304漷马路K23+230马驹桥1号桥北,在公路上及公路用地范围内摆摊设点,是,110112,
十支队-通州执法队,X304漷马路K23+230马驹桥1号桥北,在公路范围内擅自移动井盖,否,110112,
十支队-通州执法队,X304漷马路K23+230马驹桥1号桥北,擅自占用、挖掘公路,是,110112,
十支队-通州执法队,X304漷马路K23+230马驹桥1号桥北,在公路用地范围内设置公路标志以外的其他标志,是,110112,
十支队-通州执法队,X304漷马路K23+230马驹桥1号桥北,遮挡公路附属设施或者利用公路附属设施架设管道、悬挂物品，可能危及公路安全,是,110112,
十支队-通州执法队,X304漷马路K23+230马驹桥1号桥北,车辆装载物触地拖行、掉落、遗洒或者飘散，造成公路路面损坏、污染,是,110112,
十支队-通州执法队,X304漷马路K24+938马驹桥桥,在公路上及公路用地范围内堆放物品,是,110112,
十支队-通州执法队,X304漷马路K24+938马驹桥桥,在公路上及公路用地范围内摆摊设点,是,110112,
十支队-通州执法队,X304漷马路K24+938马驹桥桥,在公路范围内擅自移动井盖,否,110112,
十支队-通州执法队,X304漷马路K24+938马驹桥桥,擅自占用、挖掘公路,是,110112,
十支队-通州执法队,X304漷马路K24+938马驹桥桥,在公路用地范围内设置公路标志以外的其他标志,是,110112,
十支队-通州执法队,X304漷马路K24+938马驹桥桥,遮挡公路附属设施或者利用公路附属设施架设管道、悬挂物品，可能危及公路安全,是,110112,
十支队-通州执法队,X304漷马路K24+938马驹桥桥,车辆装载物触地拖行、掉落、遗洒或者飘散，造成公路路面损坏、污染,是,110112,
十支队-顺义执法队,X305怀昌路K10+700下行天北路口西,在公路上及公路用地范围内堆放物品,是,110113,
十支队-顺义执法队,X305怀昌路K10+700下行天北路口西,在公路上及公路用地范围内摆摊设点,是,110113,
十支队-顺义执法队,X305怀昌路K10+700下行天北路口西,在公路范围内擅自移动井盖,否,110113,
十支队-顺义执法队,X305怀昌路K10+700下行天北路口西,擅自占用、挖掘公路,是,110113,
十支队-顺义执法队,X305怀昌路K10+700下行天北路口西,在公路用地范围内设置公路标志以外的其他标志,是,110113,
十支队-顺义执法队,X305怀昌路K10+700下行天北路口西,遮挡公路附属设施或者利用公路附属设施架设管道、悬挂物品，可能危及公路安全,是,110113,
十支队-顺义执法队,X305怀昌路K10+700下行天北路口西,车辆装载物触地拖行、掉落、遗洒或者飘散，造成公路路面损坏、污染,是,110113,
十支队-怀柔执法队,X305怀昌路K3+420大秦铁路桥,在公路上及公路用地范围内堆放物品,是,110116,
十支队-怀柔执法队,X305怀昌路K3+420大秦铁路桥,在公路上及公路用地范围内摆摊设点,是,110116,
十支队-怀柔执法队,X305怀昌路K3+420大秦铁路桥,在公路范围内擅自移动井盖,否,110116,
十支队-怀柔执法队,X305怀昌路K3+420大秦铁路桥,擅自占用、挖掘公路,是,110116,
十支队-怀柔执法队,X305怀昌路K3+420大秦铁路桥,在公路用地范围内设置公路标志以外的其他标志,是,110116,
十支队-怀柔执法队,X305怀昌路K3+420大秦铁路桥,遮挡公路附属设施或者利用公路附属设施架设管道、悬挂物品，可能危及公路安全,是,110116,
十支队-怀柔执法队,X305怀昌路K3+420大秦铁路桥,车辆装载物触地拖行、掉落、遗洒或者飘散，造成公路路面损坏、污染,是,110116,
十支队-顺义执法队,X801通顺辅线K0+240下行李家桥南,在公路上及公路用地范围内堆放物品,是,110113,
十支队-顺义执法队,X801通顺辅线K0+240下行李家桥南,在公路上及公路用地范围内摆摊设点,是,110113,
十支队-顺义执法队,X801通顺辅线K0+240下行李家桥南,在公路范围内擅自移动井盖,否,110113,
十支队-顺义执法队,X801通顺辅线K0+240下行李家桥南,擅自占用、挖掘公路,是,110113,
十支队-顺义执法队,X801通顺辅线K0+240下行李家桥南,在公路用地范围内设置公路标志以外的其他标志,是,110113,
十支队-顺义执法队,X801通顺辅线K0+240下行李家桥南,遮挡公路附属设施或者利用公路附属设施架设管道、悬挂物品，可能危及公路安全,是,110113,
十支队-顺义执法队,X801通顺辅线K0+240下行李家桥南,车辆装载物触地拖行、掉落、遗洒或者飘散，造成公路路面损坏、污染,是,110113,
十支队-怀柔执法队,X917迎宾路K1迎宾立交,在公路上及公路用地范围内堆放物品,是,110116,
十支队-怀柔执法队,X917迎宾路K1迎宾立交,在公路上及公路用地范围内摆摊设点,是,110116,
十支队-怀柔执法队,X917迎宾路K1迎宾立交,在公路范围内擅自移动井盖,否,110116,
十支队-怀柔执法队,X917迎宾路K1迎宾立交,擅自占用、挖掘公路,是,110116,
十支队-怀柔执法队,X917迎宾路K1迎宾立交,在公路用地范围内设置公路标志以外的其他标志,是,110116,
十支队-怀柔执法队,X917迎宾路K1迎宾立交,遮挡公路附属设施或者利用公路附属设施架设管道、悬挂物品，可能危及公路安全,是,110116,
十支队-怀柔执法队,X917迎宾路K1迎宾立交,车辆装载物触地拖行、掉落、遗洒或者飘散，造成公路路面损坏、污染,是,110116,
十支队-怀柔执法队,X918京加旧路K0+850怀联铁路桥,在公路上及公路用地范围内堆放物品,是,110116,
十支队-怀柔执法队,X918京加旧路K0+850怀联铁路桥,在公路上及公路用地范围内摆摊设点,是,110116,
十支队-怀柔执法队,X918京加旧路K0+850怀联铁路桥,在公路范围内擅自移动井盖,否,110116,
十支队-怀柔执法队,X918京加旧路K0+850怀联铁路桥,擅自占用、挖掘公路,是,110116,
十支队-怀柔执法队,X918京加旧路K0+850怀联铁路桥,在公路用地范围内设置公路标志以外的其他标志,是,110116,
十支队-怀柔执法队,X918京加旧路K0+850怀联铁路桥,遮挡公路附属设施或者利用公路附属设施架设管道、悬挂物品，可能危及公路安全,是,110116,
十支队-怀柔执法队,X918京加旧路K0+850怀联铁路桥,车辆装载物触地拖行、掉落、遗洒或者飘散，造成公路路面损坏、污染,是,110116,
十支队-密云执法队,X923顺潮街K0+265密云桥东  顺密路立交方向,在公路上及公路用地范围内堆放物品,是,110118,
十支队-密云执法队,X923顺潮街K0+265密云桥东  顺密路立交方向,在公路上及公路用地范围内摆摊设点,是,110118,
十支队-密云执法队,X923顺潮街K0+265密云桥东  顺密路立交方向,在公路范围内擅自移动井盖,否,110118,
十支队-密云执法队,X923顺潮街K0+265密云桥东  顺密路立交方向,擅自占用、挖掘公路,是,110118,
十支队-密云执法队,X923顺潮街K0+265密云桥东  顺密路立交方向,在公路用地范围内设置公路标志以外的其他标志,是,110118,
十支队-密云执法队,X923顺潮街K0+265密云桥东  顺密路立交方向,遮挡公路附属设施或者利用公路附属设施架设管道、悬挂物品，可能危及公路安全,是,110118,
十支队-密云执法队,X923顺潮街K0+265密云桥东  顺密路立交方向,车辆装载物触地拖行、掉落、遗洒或者飘散，造成公路路面损坏、污染,是,110118,
十支队-顺义执法队,X203右堤路K26+400下行减河北路南,在公路上及公路用地范围内堆放物品,是,110113,
十支队-顺义执法队,X203右堤路K26+400下行减河北路南,在公路上及公路用地范围内摆摊设点,是,110113,
十支队-顺义执法队,X203右堤路K26+400下行减河北路南,在公路范围内擅自移动井盖,否,110113,
十支队-顺义执法队,X203右堤路K26+400下行减河北路南,擅自占用、挖掘公路,是,110113,
十支队-顺义执法队,X203右堤路K26+400下行减河北路南,在公路用地范围内设置公路标志以外的其他标志,是,110113,
十支队-顺义执法队,X203右堤路K26+400下行减河北路南,遮挡公路附属设施或者利用公路附属设施架设管道、悬挂物品，可能危及公路安全,是,110113,
十支队-顺义执法队,X203右堤路K26+400下行减河北路南,车辆装载物触地拖行、掉落、遗洒或者飘散，造成公路路面损坏、污染,是,110113,
十支队-顺义执法队,X203右堤路K30+100潮白河大桥上行,在公路上及公路用地范围内堆放物品,是,110113,
十支队-顺义执法队,X203右堤路K30+100潮白河大桥上行,在公路上及公路用地范围内摆摊设点,是,110113,
十支队-顺义执法队,X203右堤路K30+100潮白河大桥上行,在公路范围内擅自移动井盖,否,110113,
十支队-顺义执法队,X203右堤路K30+100潮白河大桥上行,擅自占用、挖掘公路,是,110113,
十支队-顺义执法队,X203右堤路K30+100潮白河大桥上行,在公路用地范围内设置公路标志以外的其他标志,是,110113,
十支队-顺义执法队,X203右堤路K30+100潮白河大桥上行,遮挡公路附属设施或者利用公路附属设施架设管道、悬挂物品，可能危及公路安全,是,110113,
十支队-顺义执法队,X203右堤路K30+100潮白河大桥上行,车辆装载物触地拖行、掉落、遗洒或者飘散，造成公路路面损坏、污染,是,110113,
十支队-通州执法队,X203右堤路K54+700白庙泵站南,在公路上及公路用地范围内堆放物品,是,110112,
十支队-通州执法队,X203右堤路K54+700白庙泵站南,在公路上及公路用地范围内摆摊设点,是,110112,
十支队-通州执法队,X203右堤路K54+700白庙泵站南,在公路范围内擅自移动井盖,否,110112,
十支队-通州执法队,X203右堤路K54+700白庙泵站南,擅自占用、挖掘公路,是,110112,
十支队-通州执法队,X203右堤路K54+700白庙泵站南,在公路用地范围内设置公路标志以外的其他标志,是,110112,
十支队-通州执法队,X203右堤路K54+700白庙泵站南,遮挡公路附属设施或者利用公路附属设施架设管道、悬挂物品，可能危及公路安全,是,110112,
十支队-通州执法队,X203右堤路K54+700白庙泵站南,车辆装载物触地拖行、掉落、遗洒或者飘散，造成公路路面损坏、污染,是,110112,
十支队-怀柔执法队,X211四宝路K30+870牛圈子 四海方向,在公路上及公路用地范围内堆放物品,是,110116,
十支队-怀柔执法队,X211四宝路K30+870牛圈子 四海方向,在公路上及公路用地范围内摆摊设点,是,110116,
十支队-怀柔执法队,X211四宝路K30+870牛圈子 四海方向,在公路范围内擅自移动井盖,否,110116,
十支队-怀柔执法队,X211四宝路K30+870牛圈子 四海方向,擅自占用、挖掘公路,是,110116,
十支队-怀柔执法队,X211四宝路K30+870牛圈子 四海方向,在公路用地范围内设置公路标志以外的其他标志,是,110116,
十支队-怀柔执法队,X211四宝路K30+870牛圈子 四海方向,遮挡公路附属设施或者利用公路附属设施架设管道、悬挂物品，可能危及公路安全,是,110116,
十支队-怀柔执法队,X211四宝路K30+870牛圈子 四海方向,车辆装载物触地拖行、掉落、遗洒或者飘散，造成公路路面损坏、污染,是,110116,
十支队-顺义执法队,X212富密路K1+520上行牛栏山,在公路上及公路用地范围内堆放物品,是,110113,
十支队-顺义执法队,X212富密路K1+520上行牛栏山,在公路上及公路用地范围内摆摊设点,是,110113,
十支队-顺义执法队,X212富密路K1+520上行牛栏山,在公路范围内擅自移动井盖,否,110113,
十支队-顺义执法队,X212富密路K1+520上行牛栏山,擅自占用、挖掘公路,是,110113,
十支队-顺义执法队,X212富密路K1+520上行牛栏山,在公路用地范围内设置公路标志以外的其他标志,是,110113,
十支队-顺义执法队,X212富密路K1+520上行牛栏山,遮挡公路附属设施或者利用公路附属设施架设管道、悬挂物品，可能危及公路安全,是,110113,
十支队-顺义执法队,X212富密路K1+520上行牛栏山,车辆装载物触地拖行、掉落、遗洒或者飘散，造成公路路面损坏、污染,是,110113,
十支队-密云执法队,X213木邵路K11+360葫芦峪,在公路上及公路用地范围内堆放物品,是,110118,
十支队-密云执法队,X213木邵路K11+360葫芦峪,在公路上及公路用地范围内摆摊设点,是,110118,
十支队-密云执法队,X213木邵路K11+360葫芦峪,在公路范围内擅自移动井盖,否,110118,
十支队-密云执法队,X213木邵路K11+360葫芦峪,擅自占用、挖掘公路,是,110118,
十支队-密云执法队,X213木邵路K11+360葫芦峪,在公路用地范围内设置公路标志以外的其他标志,是,110118,
十支队-密云执法队,X213木邵路K11+360葫芦峪,遮挡公路附属设施或者利用公路附属设施架设管道、悬挂物品，可能危及公路安全,是,110118,
十支队-密云执法队,X213木邵路K11+360葫芦峪,车辆装载物触地拖行、掉落、遗洒或者飘散，造成公路路面损坏、污染,是,110118,
十支队-密云执法队,X213木邵路K12+300葫芦峪村北 西邵渠方向,在公路上及公路用地范围内堆放物品,是,110118,
十支队-密云执法队,X213木邵路K12+300葫芦峪村北 西邵渠方向,在公路上及公路用地范围内摆摊设点,是,110118,
十支队-密云执法队,X213木邵路K12+300葫芦峪村北 西邵渠方向,在公路范围内擅自移动井盖,否,110118,
十支队-密云执法队,X213木邵路K12+300葫芦峪村北 西邵渠方向,擅自占用、挖掘公路,是,110118,
十支队-密云执法队,X213木邵路K12+300葫芦峪村北 西邵渠方向,在公路用地范围内设置公路标志以外的其他标志,是,110118,
十支队-密云执法队,X213木邵路K12+300葫芦峪村北 西邵渠方向,遮挡公路附属设施或者利用公路附属设施架设管道、悬挂物品，可能危及公路安全,是,110118,
十支队-密云执法队,X213木邵路K12+300葫芦峪村北 西邵渠方向,车辆装载物触地拖行、掉落、遗洒或者飘散，造成公路路面损坏、污染,是,110118,
十支队-顺义执法队,X213木邵路K4+550下行山丁路口东,在公路上及公路用地范围内堆放物品,是,110113,
十支队-顺义执法队,X213木邵路K4+550下行山丁路口东,在公路上及公路用地范围内摆摊设点,是,110113,
十支队-顺义执法队,X213木邵路K4+550下行山丁路口东,在公路范围内擅自移动井盖,否,110113,
十支队-顺义执法队,X213木邵路K4+550下行山丁路口东,擅自占用、挖掘公路,是,110113,
十支队-顺义执法队,X213木邵路K4+550下行山丁路口东,在公路用地范围内设置公路标志以外的其他标志,是,110113,
十支队-顺义执法队,X213木邵路K4+550下行山丁路口东,遮挡公路附属设施或者利用公路附属设施架设管道、悬挂物品，可能危及公路安全,是,110113,
十支队-顺义执法队,X213木邵路K4+550下行山丁路口东,车辆装载物触地拖行、掉落、遗洒或者飘散，造成公路路面损坏、污染,是,110113,
十支队-顺义执法队,X213木邵路K9+300上行焦庄户村东,在公路上及公路用地范围内堆放物品,是,110113,
十支队-顺义执法队,X213木邵路K9+300上行焦庄户村东,在公路上及公路用地范围内摆摊设点,是,110113,
十支队-顺义执法队,X213木邵路K9+300上行焦庄户村东,在公路范围内擅自移动井盖,否,110113,
十支队-顺义执法队,X213木邵路K9+300上行焦庄户村东,擅自占用、挖掘公路,是,110113,
十支队-顺义执法队,X213木邵路K9+300上行焦庄户村东,在公路用地范围内设置公路标志以外的其他标志,是,110113,
十支队-顺义执法队,X213木邵路K9+300上行焦庄户村东,遮挡公路附属设施或者利用公路附属设施架设管道、悬挂物品，可能危及公路安全,是,110113,
十支队-顺义执法队,X213木邵路K9+300上行焦庄户村东,车辆装载物触地拖行、掉落、遗洒或者飘散，造成公路路面损坏、污染,是,110113,
十支队-怀柔执法队,X214茶良路K2+550大秦铁路桥下行,在公路上及公路用地范围内堆放物品,是,110116,
十支队-怀柔执法队,X214茶良路K2+550大秦铁路桥下行,在公路上及公路用地范围内摆摊设点,是,110116,
十支队-怀柔执法队,X214茶良路K2+550大秦铁路桥下行,在公路范围内擅自移动井盖,否,110116,
十支队-怀柔执法队,X214茶良路K2+550大秦铁路桥下行,擅自占用、挖掘公路,是,110116,
十支队-怀柔执法队,X214茶良路K2+550大秦铁路桥下行,在公路用地范围内设置公路标志以外的其他标志,是,110116,
十支队-怀柔执法队,X214茶良路K2+550大秦铁路桥下行,遮挡公路附属设施或者利用公路附属设施架设管道、悬挂物品，可能危及公路安全,是,110116,
十支队-怀柔执法队,X214茶良路K2+550大秦铁路桥下行,车辆装载物触地拖行、掉落、遗洒或者飘散，造成公路路面损坏、污染,是,110116,
十支队-怀柔执法队,X215北台路K2+450大秦铁路桥北石槽,在公路上及公路用地范围内堆放物品,是,110116,
十支队-怀柔执法队,X215北台路K2+450大秦铁路桥北石槽,在公路上及公路用地范围内摆摊设点,是,110116,
十支队-怀柔执法队,X215北台路K2+450大秦铁路桥北石槽,在公路范围内擅自移动井盖,否,110116,
十支队-怀柔执法队,X215北台路K2+450大秦铁路桥北石槽,擅自占用、挖掘公路,是,110116,
十支队-怀柔执法队,X215北台路K2+450大秦铁路桥北石槽,在公路用地范围内设置公路标志以外的其他标志,是,110116,
十支队-怀柔执法队,X215北台路K2+450大秦铁路桥北石槽,遮挡公路附属设施或者利用公路附属设施架设管道、悬挂物品，可能危及公路安全,是,110116,
十支队-怀柔执法队,X215北台路K2+450大秦铁路桥北石槽,车辆装载物触地拖行、掉落、遗洒或者飘散，造成公路路面损坏、污染,是,110116,
十支队-怀柔执法队,X215北台路K2+450大秦铁路桥台关路方向,在公路上及公路用地范围内堆放物品,是,110116,
十支队-怀柔执法队,X215北台路K2+450大秦铁路桥台关路方向,在公路上及公路用地范围内摆摊设点,是,110116,
十支队-怀柔执法队,X215北台路K2+450大秦铁路桥台关路方向,在公路范围内擅自移动井盖,否,110116,
十支队-怀柔执法队,X215北台路K2+450大秦铁路桥台关路方向,擅自占用、挖掘公路,是,110116,
十支队-怀柔执法队,X215北台路K2+450大秦铁路桥台关路方向,在公路用地范围内设置公路标志以外的其他标志,是,110116,
十支队-怀柔执法队,X215北台路K2+450大秦铁路桥台关路方向,遮挡公路附属设施或者利用公路附属设施架设管道、悬挂物品，可能危及公路安全,是,110116,
十支队-怀柔执法队,X215北台路K2+450大秦铁路桥台关路方向,车辆装载物触地拖行、掉落、遗洒或者飘散，造成公路路面损坏、污染,是,110116,
十支队-顺义执法队,X300顺平辅线K0+850下行梅沟营桥,在公路上及公路用地范围内堆放物品,是,110113,
十支队-顺义执法队,X300顺平辅线K0+850下行梅沟营桥,在公路上及公路用地范围内摆摊设点,是,110113,
十支队-顺义执法队,X300顺平辅线K0+850下行梅沟营桥,在公路范围内擅自移动井盖,否,110113,
十支队-顺义执法队,X300顺平辅线K0+850下行梅沟营桥,擅自占用、挖掘公路,是,110113,
十支队-顺义执法队,X300顺平辅线K0+850下行梅沟营桥,在公路用地范围内设置公路标志以外的其他标志,是,110113,
十支队-顺义执法队,X300顺平辅线K0+850下行梅沟营桥,遮挡公路附属设施或者利用公路附属设施架设管道、悬挂物品，可能危及公路安全,是,110113,
十支队-顺义执法队,X300顺平辅线K0+850下行梅沟营桥,车辆装载物触地拖行、掉落、遗洒或者飘散，造成公路路面损坏、污染,是,110113,
十支队-顺义执法队,X300顺平辅线K4+095上行新俸伯桥西侧桥头,在公路上及公路用地范围内堆放物品,是,110113,
十支队-顺义执法队,X300顺平辅线K4+095上行新俸伯桥西侧桥头,在公路上及公路用地范围内摆摊设点,是,110113,
十支队-顺义执法队,X300顺平辅线K4+095上行新俸伯桥西侧桥头,在公路范围内擅自移动井盖,否,110113,
十支队-顺义执法队,X300顺平辅线K4+095上行新俸伯桥西侧桥头,擅自占用、挖掘公路,是,110113,
十支队-顺义执法队,X300顺平辅线K4+095上行新俸伯桥西侧桥头,在公路用地范围内设置公路标志以外的其他标志,是,110113,
十支队-顺义执法队,X300顺平辅线K4+095上行新俸伯桥西侧桥头,遮挡公路附属设施或者利用公路附属设施架设管道、悬挂物品，可能危及公路安全,是,110113,
十支队-顺义执法队,X300顺平辅线K4+095上行新俸伯桥西侧桥头,车辆装载物触地拖行、掉落、遗洒或者飘散，造成公路路面损坏、污染,是,110113,
十支队-顺义执法队,X300顺平辅线K4+320下行新俸伯桥桥下1号,在公路上及公路用地范围内堆放物品,是,110113,
十支队-顺义执法队,X300顺平辅线K4+320下行新俸伯桥桥下1号,在公路上及公路用地范围内摆摊设点,是,110113,
十支队-顺义执法队,X300顺平辅线K4+320下行新俸伯桥桥下1号,在公路范围内擅自移动井盖,否,110113,
十支队-顺义执法队,X300顺平辅线K4+320下行新俸伯桥桥下1号,擅自占用、挖掘公路,是,110113,
十支队-顺义执法队,X300顺平辅线K4+320下行新俸伯桥桥下1号,在公路用地范围内设置公路标志以外的其他标志,是,110113,
十支队-顺义执法队,X300顺平辅线K4+320下行新俸伯桥桥下1号,遮挡公路附属设施或者利用公路附属设施架设管道、悬挂物品，可能危及公路安全,是,110113,
十支队-顺义执法队,X300顺平辅线K4+320下行新俸伯桥桥下1号,车辆装载物触地拖行、掉落、遗洒或者飘散，造成公路路面损坏、污染,是,110113,
十支队-顺义执法队,X300顺平辅线K4+454上行新俸伯桥桥下2号,在公路上及公路用地范围内堆放物品,是,110113,
十支队-顺义执法队,X300顺平辅线K4+454上行新俸伯桥桥下2号,在公路上及公路用地范围内摆摊设点,是,110113,
十支队-顺义执法队,X300顺平辅线K4+454上行新俸伯桥桥下2号,在公路范围内擅自移动井盖,否,110113,
十支队-顺义执法队,X300顺平辅线K4+454上行新俸伯桥桥下2号,擅自占用、挖掘公路,是,110113,
十支队-顺义执法队,X300顺平辅线K4+454上行新俸伯桥桥下2号,在公路用地范围内设置公路标志以外的其他标志,是,110113,
十支队-顺义执法队,X300顺平辅线K4+454上行新俸伯桥桥下2号,遮挡公路附属设施或者利用公路附属设施架设管道、悬挂物品，可能危及公路安全,是,110113,
十支队-顺义执法队,X300顺平辅线K4+454上行新俸伯桥桥下2号,车辆装载物触地拖行、掉落、遗洒或者飘散，造成公路路面损坏、污染,是,110113,
十支队-顺义执法队,X300顺平辅线K5+200下行俸伯桥,在公路上及公路用地范围内堆放物品,是,110113,
十支队-顺义执法队,X300顺平辅线K5+200下行俸伯桥,在公路上及公路用地范围内摆摊设点,是,110113,
十支队-顺义执法队,X300顺平辅线K5+200下行俸伯桥,在公路范围内擅自移动井盖,否,110113,
十支队-顺义执法队,X300顺平辅线K5+200下行俸伯桥,擅自占用、挖掘公路,是,110113,
十支队-顺义执法队,X300顺平辅线K5+200下行俸伯桥,在公路用地范围内设置公路标志以外的其他标志,是,110113,
十支队-顺义执法队,X300顺平辅线K5+200下行俸伯桥,遮挡公路附属设施或者利用公路附属设施架设管道、悬挂物品，可能危及公路安全,是,110113,
十支队-顺义执法队,X300顺平辅线K5+200下行俸伯桥,车辆装载物触地拖行、掉落、遗洒或者飘散，造成公路路面损坏、污染,是,110113,
十支队-通州执法队,X304漷马路K0+550漷县镇政府西,在公路上及公路用地范围内堆放物品,是,110112,
十支队-通州执法队,X304漷马路K0+550漷县镇政府西,在公路上及公路用地范围内摆摊设点,是,110112,
十支队-通州执法队,X304漷马路K0+550漷县镇政府西,在公路范围内擅自移动井盖,否,110112,
十支队-通州执法队,X304漷马路K0+550漷县镇政府西,擅自占用、挖掘公路,是,110112,
十支队-通州执法队,X304漷马路K0+550漷县镇政府西,在公路用地范围内设置公路标志以外的其他标志,是,110112,
十支队-通州执法队,X304漷马路K0+550漷县镇政府西,遮挡公路附属设施或者利用公路附属设施架设管道、悬挂物品，可能危及公路安全,是,110112,
十支队-通州执法队,X304漷马路K0+550漷县镇政府西,车辆装载物触地拖行、掉落、遗洒或者飘散，造成公路路面损坏、污染,是,110112,
十支队-通州执法队,X304漷马路K23+230马驹桥1号桥北,在公路上及公路用地范围内堆放物品,是,110112,
十支队-通州执法队,X304漷马路K23+230马驹桥1号桥北,在公路上及公路用地范围内摆摊设点,是,110112,
十支队-通州执法队,X304漷马路K23+230马驹桥1号桥北,在公路范围内擅自移动井盖,否,110112,
十支队-通州执法队,X304漷马路K23+230马驹桥1号桥北,擅自占用、挖掘公路,是,110112,
十支队-通州执法队,X304漷马路K23+230马驹桥1号桥北,在公路用地范围内设置公路标志以外的其他标志,是,110112,
十支队-通州执法队,X304漷马路K23+230马驹桥1号桥北,遮挡公路附属设施或者利用公路附属设施架设管道、悬挂物品，可能危及公路安全,是,110112,
十支队-通州执法队,X304漷马路K23+230马驹桥1号桥北,车辆装载物触地拖行、掉落、遗洒或者飘散，造成公路路面损坏、污染,是,110112,
十支队-通州执法队,X304漷马路K24+938马驹桥桥,在公路上及公路用地范围内堆放物品,是,110112,
十支队-通州执法队,X304漷马路K24+938马驹桥桥,在公路上及公路用地范围内摆摊设点,是,110112,
十支队-通州执法队,X304漷马路K24+938马驹桥桥,在公路范围内擅自移动井盖,否,110112,
十支队-通州执法队,X304漷马路K24+938马驹桥桥,擅自占用、挖掘公路,是,110112,
十支队-通州执法队,X304漷马路K24+938马驹桥桥,在公路用地范围内设置公路标志以外的其他标志,是,110112,
十支队-通州执法队,X304漷马路K24+938马驹桥桥,遮挡公路附属设施或者利用公路附属设施架设管道、悬挂物品，可能危及公路安全,是,110112,
十支队-通州执法队,X304漷马路K24+938马驹桥桥,车辆装载物触地拖行、掉落、遗洒或者飘散，造成公路路面损坏、污染,是,110112,
十支队-顺义执法队,X305怀昌路K10+700下行天北路口西,在公路上及公路用地范围内堆放物品,是,110113,
十支队-顺义执法队,X305怀昌路K10+700下行天北路口西,在公路上及公路用地范围内摆摊设点,是,110113,
十支队-顺义执法队,X305怀昌路K10+700下行天北路口西,在公路范围内擅自移动井盖,否,110113,
十支队-顺义执法队,X305怀昌路K10+700下行天北路口西,擅自占用、挖掘公路,是,110113,
十支队-顺义执法队,X305怀昌路K10+700下行天北路口西,在公路用地范围内设置公路标志以外的其他标志,是,110113,
十支队-顺义执法队,X305怀昌路K10+700下行天北路口西,遮挡公路附属设施或者利用公路附属设施架设管道、悬挂物品，可能危及公路安全,是,110113,
十支队-顺义执法队,X305怀昌路K10+700下行天北路口西,车辆装载物触地拖行、掉落、遗洒或者飘散，造成公路路面损坏、污染,是,110113,
十支队-怀柔执法队,X305怀昌路K3+420大秦铁路桥,在公路上及公路用地范围内堆放物品,是,110116,
十支队-怀柔执法队,X305怀昌路K3+420大秦铁路桥,在公路上及公路用地范围内摆摊设点,是,110116,
十支队-怀柔执法队,X305怀昌路K3+420大秦铁路桥,在公路范围内擅自移动井盖,否,110116,
十支队-怀柔执法队,X305怀昌路K3+420大秦铁路桥,擅自占用、挖掘公路,是,110116,
十支队-怀柔执法队,X305怀昌路K3+420大秦铁路桥,在公路用地范围内设置公路标志以外的其他标志,是,110116,
十支队-怀柔执法队,X305怀昌路K3+420大秦铁路桥,遮挡公路附属设施或者利用公路附属设施架设管道、悬挂物品，可能危及公路安全,是,110116,
十支队-怀柔执法队,X305怀昌路K3+420大秦铁路桥,车辆装载物触地拖行、掉落、遗洒或者飘散，造成公路路面损坏、污染,是,110116,
十支队-顺义执法队,X801通顺辅线K0+240下行李家桥南,在公路上及公路用地范围内堆放物品,是,110113,
十支队-顺义执法队,X801通顺辅线K0+240下行李家桥南,在公路上及公路用地范围内摆摊设点,是,110113,
十支队-顺义执法队,X801通顺辅线K0+240下行李家桥南,在公路范围内擅自移动井盖,否,110113,
十支队-顺义执法队,X801通顺辅线K0+240下行李家桥南,擅自占用、挖掘公路,是,110113,
十支队-顺义执法队,X801通顺辅线K0+240下行李家桥南,在公路用地范围内设置公路标志以外的其他标志,是,110113,
十支队-顺义执法队,X801通顺辅线K0+240下行李家桥南,遮挡公路附属设施或者利用公路附属设施架设管道、悬挂物品，可能危及公路安全,是,110113,
十支队-顺义执法队,X801通顺辅线K0+240下行李家桥南,车辆装载物触地拖行、掉落、遗洒或者飘散，造成公路路面损坏、污染,是,110113,
十支队-怀柔执法队,X917迎宾路K1迎宾立交,在公路上及公路用地范围内堆放物品,是,110116,
十支队-怀柔执法队,X917迎宾路K1迎宾立交,在公路上及公路用地范围内摆摊设点,是,110116,
十支队-怀柔执法队,X917迎宾路K1迎宾立交,在公路范围内擅自移动井盖,否,110116,
十支队-怀柔执法队,X917迎宾路K1迎宾立交,擅自占用、挖掘公路,是,110116,
十支队-怀柔执法队,X917迎宾路K1迎宾立交,在公路用地范围内设置公路标志以外的其他标志,是,110116,
十支队-怀柔执法队,X917迎宾路K1迎宾立交,遮挡公路附属设施或者利用公路附属设施架设管道、悬挂物品，可能危及公路安全,是,110116,
十支队-怀柔执法队,X917迎宾路K1迎宾立交,车辆装载物触地拖行、掉落、遗洒或者飘散，造成公路路面损坏、污染,是,110116,
十支队-怀柔执法队,X918京加旧路K0+850怀联铁路桥,在公路上及公路用地范围内堆放物品,是,110116,
十支队-怀柔执法队,X918京加旧路K0+850怀联铁路桥,在公路上及公路用地范围内摆摊设点,是,110116,
十支队-怀柔执法队,X918京加旧路K0+850怀联铁路桥,在公路范围内擅自移动井盖,否,110116,
十支队-怀柔执法队,X918京加旧路K0+850怀联铁路桥,擅自占用、挖掘公路,是,110116,
十支队-怀柔执法队,X918京加旧路K0+850怀联铁路桥,在公路用地范围内设置公路标志以外的其他标志,是,110116,
十支队-怀柔执法队,X918京加旧路K0+850怀联铁路桥,遮挡公路附属设施或者利用公路附属设施架设管道、悬挂物品，可能危及公路安全,是,110116,
十支队-怀柔执法队,X918京加旧路K0+850怀联铁路桥,车辆装载物触地拖行、掉落、遗洒或者飘散，造成公路路面损坏、污染,是,110116,
十支队-密云执法队,X923顺潮街K0+265密云桥东  顺密路立交方向,在公路上及公路用地范围内堆放物品,是,110118,
十支队-密云执法队,X923顺潮街K0+265密云桥东  顺密路立交方向,在公路上及公路用地范围内摆摊设点,是,110118,
十支队-密云执法队,X923顺潮街K0+265密云桥东  顺密路立交方向,在公路范围内擅自移动井盖,否,110118,
十支队-密云执法队,X923顺潮街K0+265密云桥东  顺密路立交方向,擅自占用、挖掘公路,是,110118,
十支队-密云执法队,X923顺潮街K0+265密云桥东  顺密路立交方向,在公路用地范围内设置公路标志以外的其他标志,是,110118,
十支队-密云执法队,X923顺潮街K0+265密云桥东  顺密路立交方向,遮挡公路附属设施或者利用公路附属设施架设管道、悬挂物品，可能危及公路安全,是,110118,
十支队-密云执法队,X923顺潮街K0+265密云桥东  顺密路立交方向,车辆装载物触地拖行、掉落、遗洒或者飘散，造成公路路面损坏、污染,是,110118,
