所属支队,具备视频分析条件的点位,可能会存在的违法行为,是否可用,辖区编码,camera_id
二支队,G106京开高速广场K7+800西红门收费站入口出京1（可控）,大件运输车辆未办理《超限运输车辆通行证》，在公路上超过核定载质量行驶,是,,11011501071328440003
二支队,G106京开高速广场K7+800西红门收费站入口出京1（可控）,车辆已办理《超限运输车辆通行证》，是否按照指定的时间行驶,是,,11011501071328440003
二支队,G106京开高速广场K7+800西红门收费站入口出京1（可控）,大件运输车辆未办理《超限运输车辆通行证》，在公路上超过限高、限宽、限长标准行驶,是,,11011501071328440003
二支队,G106京开高速广场K7+800西红门收费站入口出京1（可控）,车辆已办理《超限运输车辆通行证》，是否按照指定的路线行驶,是,,11011501071328440003
二支队,G106京开高速广场K7+800西红门收费站入口出京1（可控）,车辆装载物触地拖行、掉落、遗洒或者飘散，造成公路路面损坏、污染,是,,11011501071328440003
二支队,G106京开高速广场K7+800西红门收费站入口出京1（可控）,货车不规范苫盖,是,,11011501071328440003
二支队,G106京开高速广场K7+800西红门收费站入口出京1（可控）,溜边等方式逃避超限检测,否,,11011501071328440003
二支队,G106京开高速广场K7+800西红门收费站出口进京2（可控）,大件运输车辆未办理《超限运输车辆通行证》，在公路上超过核定载质量行驶,是,,
二支队,G106京开高速广场K7+800西红门收费站出口进京2（可控）,车辆已办理《超限运输车辆通行证》，是否按照指定的时间行驶,是,,
二支队,G106京开高速广场K7+800西红门收费站出口进京2（可控）,大件运输车辆未办理《超限运输车辆通行证》，在公路上超过限高、限宽、限长标准行驶,是,,
二支队,G106京开高速广场K7+800西红门收费站出口进京2（可控）,车辆已办理《超限运输车辆通行证》，是否按照指定的路线行驶,是,,
二支队,G106京开高速广场K7+800西红门收费站出口进京2（可控）,车辆装载物触地拖行、掉落、遗洒或者飘散，造成公路路面损坏、污染,否,,
二支队,G106京开高速广场K7+800西红门收费站出口进京2（可控）,货车不规范苫盖,是,,
二支队,G106京开高速广场K7+800西红门收费站出口进京2（可控）,溜边等方式逃避超限检测,否,,
二支队,G4京港澳高速广场K9+900杜家坎收费站进京出口双向东2（可控）,大件运输车辆未办理《超限运输车辆通行证》，在公路上超过核定载质量行驶,是,,
二支队,G4京港澳高速广场K9+900杜家坎收费站进京出口双向东2（可控）,车辆已办理《超限运输车辆通行证》，是否按照指定的时间行驶,是,,
二支队,G4京港澳高速广场K9+900杜家坎收费站进京出口双向东2（可控）,大件运输车辆未办理《超限运输车辆通行证》，在公路上超过限高、限宽、限长标准行驶,是,,
二支队,G4京港澳高速广场K9+900杜家坎收费站进京出口双向东2（可控）,车辆已办理《超限运输车辆通行证》，是否按照指定的路线行驶,是,,
二支队,G4京港澳高速广场K9+900杜家坎收费站进京出口双向东2（可控）,车辆装载物触地拖行、掉落、遗洒或者飘散，造成公路路面损坏、污染,否,,
二支队,G4京港澳高速广场K9+900杜家坎收费站进京出口双向东2（可控）,货车不规范苫盖,是,,
二支队,G4京港澳高速广场K9+900杜家坎收费站进京出口双向东2（可控）,溜边等方式逃避超限检测,否,,
二支队,G4京港澳高速广场K9+800杜家坎收费站进京出口双向东（可控）,大件运输车辆未办理《超限运输车辆通行证》，在公路上超过核定载质量行驶,是,,11010601071328140033
二支队,G4京港澳高速广场K9+800杜家坎收费站进京出口双向东（可控）,车辆已办理《超限运输车辆通行证》，是否按照指定的时间行驶,是,,11010601071328140033
二支队,G4京港澳高速广场K9+800杜家坎收费站进京出口双向东（可控）,大件运输车辆未办理《超限运输车辆通行证》，在公路上超过限高、限宽、限长标准行驶,是,,11010601071328140033
二支队,G4京港澳高速广场K9+800杜家坎收费站进京出口双向东（可控）,车辆已办理《超限运输车辆通行证》，是否按照指定的路线行驶,是,,11010601071328140033
二支队,G4京港澳高速广场K9+800杜家坎收费站进京出口双向东（可控）,车辆装载物触地拖行、掉落、遗洒或者飘散，造成公路路面损坏、污染,是,,11010601071328140033
二支队,G4京港澳高速广场K9+800杜家坎收费站进京出口双向东（可控）,货车不规范苫盖,是,,11010601071328140033
二支队,G4京港澳高速广场K9+800杜家坎收费站进京出口双向东（可控）,溜边等方式逃避超限检测,否,,11010601071328140033
九支队-大兴执法队,G3京台高速广场K5+600青云店出京入口2上行南（可控）,溜边等方式逃避超限检测,否,110115,11011501071328050162
九支队-大兴执法队,X038庞安路K2+300京九铁路西,在公路用地范围内设置公路标志以外的其他标志,是,110115,11000000001312735597
九支队-大兴执法队,X038庞安路K2+300京九铁路西,货车不规范苫盖,是,110115,11000000001312735597
九支队-大兴执法队,X038庞安路K2+300京九铁路西,车辆装载物触地拖行、掉落、遗洒或者飘散，造成公路路面损坏、污染,是,110115,11000000001312735597
九支队-大兴执法队,S215京开辅路K9+780金星桥东北角,在公路范围内擅自移动井盖,否,110115,11000000001317168100
九支队-大兴执法队,S215京开辅路K9+780金星桥东北角,车辆装载物触地拖行、掉落、遗洒或者飘散，造成公路路面损坏、污染,是,110115,11000000001317168100
九支队-房山执法队,G5京昆高速广场K25+000夏村收费站入口双向（可控）,大件运输车辆未办理《超限运输车辆通行证》，在公路上超过核定载质量行驶,是,110111,11011101071328110008
九支队-房山执法队,G5京昆高速广场K25+000夏村收费站入口双向（可控）,大件运输车辆未办理《超限运输车辆通行证》，在公路上超过限高、限宽、限长标准行驶,是,110111,11011101071328110008
九支队-房山执法队,G5京昆高速广场K25+000夏村收费站入口双向（可控）,车辆装载物触地拖行、掉落、遗洒或者飘散，造成公路路面损坏、污染,是,110111,11011101071328110008
九支队-房山执法队,G5京昆高速广场K25+000夏村收费站出口双向（可控）,大件运输车辆未办理《超限运输车辆通行证》，在公路上超过核定载质量行驶,是,110111,11011101071328110007
九支队-房山执法队,G5京昆高速广场K25+000夏村收费站出口双向（可控）,大件运输车辆未办理《超限运输车辆通行证》，在公路上超过限高、限宽、限长标准行驶,是,110111,11011101071328110007
九支队-房山执法队,G5京昆高速广场K25+000夏村收费站出口双向（可控）,车辆装载物触地拖行、掉落、遗洒或者飘散，造成公路路面损坏、污染,否,110111,11011101071328110007
九支队-房山执法队,G4京港澳高速广场K9+800杜家坎收费站进京出口双向西（可控）,溜边等方式逃避超限检测,否,110111,
九支队-房山执法队,G4京港澳高速广场K9+900杜家坎收费站出京入口双向东1（可控）,溜边等方式逃避超限检测,否,110111,
九支队-门头沟执法队,"六环路大苑村收费站
G4501六环路广场K111+200大苑村双向出口广场反向（可控）",溜边等方式逃避超限检测,否,110109,
九支队-门头沟执法队,"六环路大苑村收费站
G4501六环路广场K111+200大苑村双向出口广场反向（可控）",大件运输车辆未办理《超限运输车辆通行证》，在公路上超过限高、限宽、限长标准行驶,是,110109,
九支队-门头沟执法队,G4501六环路广场K132+800广宁双向入口广场反向（可控）,溜边等方式逃避超限检测,是,110109,11010701071328230003
九支队-门头沟执法队,六环路石门营收费站（入口方向）,溜边等方式逃避超限检测,是,110109,
九支队-门头沟执法队,六环路石门营收费站（入口方向）,大件运输车辆未办理《超限运输车辆通行证》，在公路上超过限高、限宽、限长标准行驶,是,110109,
九支队-昌平执法队,S321顺沙路K19+350上行秦北路,在公路范围内擅自移动井盖,否,110114,
九支队-昌平执法队,S3801京礼高速K25+800,车辆装载物触地拖行、掉落、遗洒或者飘散，造成公路路面损坏、污染,是,110114,11011401071328090034
九支队-昌平执法队,G6辅路K25+850,车辆装载物触地拖行、掉落、遗洒或者飘散，造成公路路面损坏、污染,是,110114,11000000001317707010
九支队-昌平执法队,X305怀昌路K33+050上行南百路,车辆装载物触地拖行、掉落、遗洒或者飘散，造成公路路面损坏、污染,是,110114,11000000001311719098
九支队-延庆执法队,康草路K0+000,车辆装载物触地拖行、掉落、遗洒或者飘散，造成公路路面损坏、污染,否,110119,
九支队-延庆执法队,X040房柳路K2+880与永艾路交叉口南侧,车辆装载物触地拖行、掉落、遗洒或者飘散，造成公路路面损坏、污染,是,110119,11000000001315612925
九支队-延庆执法队,京青线K76+700,在公路用地范围内设置公路标志以外的其他标志,否,110119,
十支队-顺义执法队,G101京沈线K22+290上行火神营交调站,擅自占用、挖掘公路,是,110113,11000000001317480152
十支队-顺义执法队,G101京沈线K22+290上行火神营交调站,在公路用地范围内设置公路标志以外的其他标志,否,110113,11000000001317480152
十支队-顺义执法队,G101京沈线K22+290上行火神营交调站,车辆装载物触地拖行、掉落、遗洒或者飘散，造成公路路面损坏、污染,否,110113,11000000001317480152
十支队-顺义执法队,G101京沈线K22+290上行火神营交调站,货车不规范苫盖,是,110113,11000000001317480152
十支队-顺义执法队,G101京沈线K39+350下行富各庄,擅自占用、挖掘公路,是,110113,11000000001317193402
十支队-顺义执法队,G101京沈线K39+350下行富各庄,在公路用地范围内设置公路标志以外的其他标志,是,110113,11000000001317193402
十支队-顺义执法队,G101京沈线K39+350下行富各庄,车辆装载物触地拖行、掉落、遗洒或者飘散，造成公路路面损坏、污染,是,110113,11000000001317193402
十支队-顺义执法队,G101京沈线K39+350下行富各庄,货车不规范苫盖,是,110113,11000000001317193402
十支队-顺义执法队,S201通顺路K22+000上行燕京桥下,擅自占用、挖掘公路,是,110113,11000000001314706001
十支队-顺义执法队,S201通顺路K22+000上行燕京桥下,在公路用地范围内设置公路标志以外的其他标志,是,110113,11000000001314706001
十支队-顺义执法队,S201通顺路K22+000上行燕京桥下,车辆装载物触地拖行、掉落、遗洒或者飘散，造成公路路面损坏、污染,是,110113,11000000001314706001
十支队-顺义执法队,S201通顺路K22+000上行燕京桥下,货车不规范苫盖,是,110113,11000000001314706001
十支队-顺义执法队,S203顺密路K17+400下行木林道班,擅自占用、挖掘公路,是,110113,11000000001319399586
十支队-顺义执法队,S203顺密路K17+400下行木林道班,在公路用地范围内设置公路标志以外的其他标志,否,110113,11000000001319399586
十支队-顺义执法队,S203顺密路K17+400下行木林道班,车辆装载物触地拖行、掉落、遗洒或者飘散，造成公路路面损坏、污染,是,110113,11000000001319399586
十支队-顺义执法队,S203顺密路K17+400下行木林道班,货车不规范苫盖,是,110113,11000000001319399586
十支队-顺义执法队,S203顺密路K17+400下行木林道班,遮挡公路附属设施或者利用公路附属设施架设管道、悬挂物品，可能危及公路安全,是,110113,11000000001319399586
十支队-顺义执法队,S214壁富路K8+900上行机场专线,擅自占用、挖掘公路,是,110113,11000000001316185552
十支队-顺义执法队,S214壁富路K8+900上行机场专线,在公路用地范围内设置公路标志以外的其他标志,是,110113,11000000001316185552
十支队-顺义执法队,S214壁富路K8+900上行机场专线,车辆装载物触地拖行、掉落、遗洒或者飘散，造成公路路面损坏、污染,是,110113,11000000001316185552
十支队-顺义执法队,S214壁富路K8+900上行机场专线,货车不规范苫盖,是,110113,11000000001316185552
十支队-顺义执法队,S321顺沙路K15+100下行高白路口西,擅自占用、挖掘公路,是,110113,11000000001313053014
十支队-顺义执法队,S321顺沙路K15+100下行高白路口西,在公路用地范围内设置公路标志以外的其他标志,否,110113,11000000001313053014
十支队-顺义执法队,S321顺沙路K15+100下行高白路口西,车辆装载物触地拖行、掉落、遗洒或者飘散，造成公路路面损坏、污染,否,110113,11000000001313053014
十支队-顺义执法队,S321顺沙路K15+100下行高白路口西,大件运输车辆未办理《超限运输车辆通行证》，在公路上超过限高、限宽、限长标准行驶,是,110113,11000000001313053014
十支队-顺义执法队,S321顺沙路K15+100下行高白路口西,货车不规范苫盖,是,110113,11000000001313053014
十支队-顺义执法队,S332龙塘路K10+150下行苏庄闸桥西,擅自占用、挖掘公路,是,110113,11000000001313113338
十支队-顺义执法队,S332龙塘路K10+150下行苏庄闸桥西,在公路用地范围内设置公路标志以外的其他标志,是,110113,11000000001313113338
十支队-顺义执法队,S332龙塘路K10+150下行苏庄闸桥西,车辆装载物触地拖行、掉落、遗洒或者飘散，造成公路路面损坏、污染,是,110113,11000000001313113338
十支队-顺义执法队,S332龙塘路K10+150下行苏庄闸桥西,货车不规范苫盖,是,110113,11000000001313113338
十支队-顺义执法队,X021木燕辅线K3+700马庄检查站 (出京),擅自占用、挖掘公路,是,110113,11000000001314819953
十支队-顺义执法队,X021木燕辅线K3+700马庄检查站 (出京),在公路用地范围内设置公路标志以外的其他标志,是,110113,11000000001314819953
十支队-顺义执法队,X021木燕辅线K3+700马庄检查站 (出京),车辆装载物触地拖行、掉落、遗洒或者飘散，造成公路路面损坏、污染,是,110113,11000000001314819953
十支队-顺义执法队,X021木燕辅线K3+700马庄检查站 (出京),大件运输车辆未办理《超限运输车辆通行证》，在公路上超过限高、限宽、限长标准行驶,是,110113,11000000001314819953
十支队-顺义执法队,X021木燕辅线K3+700马庄检查站 (出京),货车不规范苫盖,是,110113,11000000001314819953
十支队-顺义执法队,X213木邵路K6+700上行龙尹路口西,擅自占用、挖掘公路,是,110113,11000000001319753987
十支队-顺义执法队,X213木邵路K6+700上行龙尹路口西,在公路用地范围内设置公路标志以外的其他标志,是,110113,11000000001319753987
十支队-顺义执法队,X213木邵路K6+700上行龙尹路口西,车辆装载物触地拖行、掉落、遗洒或者飘散，造成公路路面损坏、污染,是,110113,11000000001319753987
十支队-顺义执法队,X213木邵路K6+700上行龙尹路口西,货车不规范苫盖,是,110113,11000000001319753987
十支队-顺义执法队,X213木邵路K6+700上行龙尹路口西,遮挡公路附属设施或者利用公路附属设施架设管道、悬挂物品，可能危及公路安全,是,110113,11000000001319753987
十支队-怀柔执法队,S227杨雁路K2+300中影基地东,在公路用地范围内设置公路标志以外的其他标志,是,110116,11000000001311966810
十支队-密云执法队,G101京沈线K109+800松曹路路口                    ,大件运输车辆未办理《超限运输车辆通行证》，在公路上超过限高、限宽、限长标准行驶,是,110118,
十支队-密云执法队,G101京沈线K123+980古北口 进京,大件运输车辆未办理《超限运输车辆通行证》，在公路上超过限高、限宽、限长标准行驶,是,110118,
十支队-密云执法队,G234兴阳线K102+460黑龙潭,擅自占用、挖掘公路,是,110118,11000000001313023975
十支队-密云执法队,S204密三路K0+010汽车站路口,擅自占用、挖掘公路,是,110118,11000000001313731852
十支队-密云执法队,S203顺密路K32+175建材市场西口 密云方向,在公路用地范围内设置公路标志以外的其他标志,是,110118,11000000001313033622
十支队-密云执法队,X905新北路K0+577小唐庄站南下凹式立交桥,在公路范围内擅自移动井盖,否,110118,11000000001313164562
十支队-密云执法队,G101京沈线K59+100西统路路口,车辆装载物触地拖行、掉落、遗洒或者飘散，造成公路路面损坏、污染,是,110118,11000000001312652246
十支队-密云执法队,G101京沈线K69+500沙河铁桥路口,车辆装载物触地拖行、掉落、遗洒或者飘散，造成公路路面损坏、污染,否,110118,
十支队-密云执法队,G234兴阳线K59+023辛庄   ,车辆装载物触地拖行、掉落、遗洒或者飘散，造成公路路面损坏、污染,否,110118,
十支队-密云执法队,S311密兴路K0+005金山子路口,车辆装载物触地拖行、掉落、遗洒或者飘散，造成公路路面损坏、污染,是,110118,11000000001314844306
十支队-密云执法队,X202左堤路K21+010河南寨桥东侧,车辆装载物触地拖行、掉落、遗洒或者飘散，造成公路路面损坏、污染,是,110118,11000000001319174399
十支队-密云执法队,G234兴阳线K53+020松树峪南,溜边等方式逃避超限检测,否,110118,
十支队-密云执法队,S203顺密路K24+860荆园村,溜边等方式逃避超限检测,否,110118,
十支队-密云执法队,S204密三路K14+050石峨村西,溜边等方式逃避超限检测,否,110118,
十支队-密云执法队,S311密兴路K3+242海子村,溜边等方式逃避超限检测,否,110118,
十支队-密云执法队,X013西统路K3+000云蒙大桥北 西田各庄方向,溜边等方式逃避超限检测,否,110118,
十支队-密云执法队,X013西统路K3+290云蒙大桥北 京承高速方向,溜边等方式逃避超限检测,否,110118,
十支队-密云执法队,X022西邓路K1+938西庄户村 西康各庄路口方向,溜边等方式逃避超限检测,否,110118,
十支队-密云执法队,X023密兴旧路K12+600久远庄村东 沙岭梁方向,溜边等方式逃避超限检测,否,110118,
十支队-密云执法队,G45大广高速广场K113+200太师屯双向入口车头（可控）,溜边等方式逃避超限检测,否,110118,
十支队-密云执法队,G45大广高速广场K124+750司马台匝道进京入口车头（可控）,溜边等方式逃避超限检测,否,110118,
十支队-密云执法队,G45大广高速广场K68+780穆家峪双向入口车头（可控）,溜边等方式逃避超限检测,否,110118,
十支队-密云执法队,G45大广高速广场K73+300辛安庄双向入口车头（可控）,溜边等方式逃避超限检测,否,110118,
十支队-通州执法队,G509唐通线K220+560牛牧屯检查站西,车辆装载物触地拖行、掉落、遗洒或者飘散，造成公路路面损坏、污染,否,110112,
十支队-通州执法队,G103京滨线K44+460宋郎路路口,货车不规范苫盖,否,110112,
十支队-通州执法队,G103京滨线K36+127唐通线路口,车辆装载物触地拖行、掉落、遗洒或者飘散，造成公路路面损坏、污染,是,110112,11000000001313383528
十支队-通州执法队,G103京滨线K23+550土桥地铁站,车辆装载物触地拖行、掉落、遗洒或者飘散，造成公路路面损坏、污染,否,110112,
十支队-通州执法队,G103京滨线K24+680张采路口,擅自占用、挖掘公路,是,110112,11000000001312966376
十支队-通州执法队,G103京滨线K29+150通怀路口东,车辆装载物触地拖行、掉落、遗洒或者飘散，造成公路路面损坏、污染,是,110112,11000000001312142244
十支队-通州执法队,X011潞西路K4与九周路交叉口西,车辆装载物触地拖行、掉落、遗洒或者飘散，造成公路路面损坏、污染,是,110112,11000000001317645897
十支队-通州执法队,G103京通快速路K13+202双桥出口进京,车辆装载物触地拖行、掉落、遗洒或者飘散，造成公路路面损坏、污染,否,110112,
十支队-通州执法队,S46京通快速路K2+19天成桥进京,车辆装载物触地拖行、掉落、遗洒或者飘散，造成公路路面损坏、污染,是,110112,11011201071328040003
十支队-通州执法队,G102通燕路道路K26+300丁各庄上行（可控）,货车不规范苫盖,是,110112,
十支队-通州执法队,G102通燕路道路K24+410三惠东桥上行（可控）,车辆装载物触地拖行、掉落、遗洒或者飘散，造成公路路面损坏、污染,否,110112,
十支队-顺义执法队,S12机场高速K15+300天竺收费站进京入口内广场,大件运输车辆未办理《超限运输车辆通行证》，在公路上超过核定载质量行驶,否,110113,
十支队-顺义执法队,S12机场高速K15+300天竺收费站进京入口内广场,车辆已办理《超限运输车辆通行证》，是否按照指定的时间行驶,否,110113,
十支队-顺义执法队,S12机场高速K15+300天竺收费站进京入口内广场,大件运输车辆未办理《超限运输车辆通行证》，在公路上超过限高、限宽、限长标准行驶,是,110113,
十支队-顺义执法队,S12机场高速K15+300天竺收费站进京入口内广场,车辆已办理《超限运输车辆通行证》，是否按照指定的路线行驶,否,110113,
十支队-顺义执法队,S12机场高速K15+450天竺收费站出京出口外广场,大件运输车辆未办理《超限运输车辆通行证》，在公路上超过核定载质量行驶,否,110113,
十支队-顺义执法队,S12机场高速K15+450天竺收费站出京出口外广场,车辆已办理《超限运输车辆通行证》，是否按照指定的时间行驶,否,110113,
十支队-顺义执法队,S12机场高速K15+450天竺收费站出京出口外广场,大件运输车辆未办理《超限运输车辆通行证》，在公路上超过限高、限宽、限长标准行驶,是,110113,
十支队-顺义执法队,S12机场高速K15+450天竺收费站出京出口外广场,车辆已办理《超限运输车辆通行证》，是否按照指定的路线行驶,否,110113,
十支队-顺义执法队,S32京平高速广场K13+495吴各庄出京入口广场车头（可控）,大件运输车辆未办理《超限运输车辆通行证》，在公路上超过核定载质量行驶,否,110113,
十支队-顺义执法队,S32京平高速广场K13+495吴各庄出京入口广场车头（可控）,车辆已办理《超限运输车辆通行证》，是否按照指定的时间行驶,否,110113,
十支队-顺义执法队,S32京平高速广场K13+495吴各庄出京入口广场车头（可控）,大件运输车辆未办理《超限运输车辆通行证》，在公路上超过限高、限宽、限长标准行驶,否,110113,
十支队-顺义执法队,S32京平高速广场K13+495吴各庄出京入口广场车头（可控）,车辆已办理《超限运输车辆通行证》，是否按照指定的路线行驶,否,110113,
十支队-顺义执法队,S32京平高速广场K13+495吴各庄进京出口广场车头（可控）,大件运输车辆未办理《超限运输车辆通行证》，在公路上超过核定载质量行驶,否,110113,
十支队-顺义执法队,S32京平高速广场K13+495吴各庄进京出口广场车头（可控）,车辆已办理《超限运输车辆通行证》，是否按照指定的时间行驶,否,110113,
十支队-顺义执法队,S32京平高速广场K13+495吴各庄进京出口广场车头（可控）,大件运输车辆未办理《超限运输车辆通行证》，在公路上超过限高、限宽、限长标准行驶,否,110113,
十支队-顺义执法队,S32京平高速广场K13+495吴各庄进京出口广场车头（可控）,车辆已办理《超限运输车辆通行证》，是否按照指定的路线行驶,否,110113,
十支队-顺义执法队,S51机场第二高速广场K11+500岗山出口车头方向下行西南（可控）,大件运输车辆未办理《超限运输车辆通行证》，在公路上超过核定载质量行驶,否,110113,
十支队-顺义执法队,S51机场第二高速广场K11+500岗山出口车头方向下行西南（可控）,车辆已办理《超限运输车辆通行证》，是否按照指定的时间行驶,否,110113,
十支队-顺义执法队,S51机场第二高速广场K11+500岗山出口车头方向下行西南（可控）,大件运输车辆未办理《超限运输车辆通行证》，在公路上超过限高、限宽、限长标准行驶,是,110113,
十支队-顺义执法队,S51机场第二高速广场K11+500岗山出口车头方向下行西南（可控）,车辆已办理《超限运输车辆通行证》，是否按照指定的路线行驶,否,110113,
十支队-顺义执法队,S51机场第二高速广场K11+500岗山出口车尾方向上行东南（可控）,大件运输车辆未办理《超限运输车辆通行证》，在公路上超过核定载质量行驶,否,110113,
十支队-顺义执法队,S51机场第二高速广场K11+500岗山出口车尾方向上行东南（可控）,车辆已办理《超限运输车辆通行证》，是否按照指定的时间行驶,否,110113,
十支队-顺义执法队,S51机场第二高速广场K11+500岗山出口车尾方向上行东南（可控）,大件运输车辆未办理《超限运输车辆通行证》，在公路上超过限高、限宽、限长标准行驶,是,110113,
十支队-顺义执法队,S51机场第二高速广场K11+500岗山出口车尾方向上行东南（可控）,车辆已办理《超限运输车辆通行证》，是否按照指定的路线行驶,否,110113,
十支队-顺义执法队,S51机场第二高速广场K11+800岗山出口车头方向上行东北（可控）,大件运输车辆未办理《超限运输车辆通行证》，在公路上超过核定载质量行驶,否,110113,
十支队-顺义执法队,S51机场第二高速广场K11+800岗山出口车头方向上行东北（可控）,车辆已办理《超限运输车辆通行证》，是否按照指定的时间行驶,否,110113,
十支队-顺义执法队,S51机场第二高速广场K11+800岗山出口车头方向上行东北（可控）,大件运输车辆未办理《超限运输车辆通行证》，在公路上超过限高、限宽、限长标准行驶,是,110113,
十支队-顺义执法队,S51机场第二高速广场K11+800岗山出口车头方向上行东北（可控）,车辆已办理《超限运输车辆通行证》，是否按照指定的路线行驶,否,110113,
十支队-顺义执法队,S51机场第二高速广场K11+800岗山出口车尾方向下行西北（可控）,大件运输车辆未办理《超限运输车辆通行证》，在公路上超过核定载质量行驶,否,110113,
十支队-顺义执法队,S51机场第二高速广场K11+800岗山出口车尾方向下行西北（可控）,车辆已办理《超限运输车辆通行证》，是否按照指定的时间行驶,否,110113,
十支队-顺义执法队,S51机场第二高速广场K11+800岗山出口车尾方向下行西北（可控）,大件运输车辆未办理《超限运输车辆通行证》，在公路上超过限高、限宽、限长标准行驶,是,110113,
十支队-顺义执法队,S51机场第二高速广场K11+800岗山出口车尾方向下行西北（可控）,车辆已办理《超限运输车辆通行证》，是否按照指定的路线行驶,否,110113,
十支队-通州执法队,S207通清路K9+260通清路纪各庄桥南,大件运输车辆未办理《超限运输车辆通行证》，在公路上超过核定载质量行驶,是,110112,
十支队-通州执法队,X201任港路K4+326徐尹路口南,车辆已办理《超限运输车辆通行证》，是否按照指定的时间行驶,是,110112,
十支队-通州执法队,S221孔兴路K10+837市界北 进京方向,大件运输车辆未办理《超限运输车辆通行证》，在公路上超过限高、限宽、限长标准行驶,是,110112,
十支队-通州执法队,G230通武线K1109+720通武线龙庄村东,车辆已办理《超限运输车辆通行证》，是否按照指定的路线行驶,是,110112,
十支队-通州执法队,X013京榆旧线K2+815结核泵站,在公路用地范围内设置公路标志以外的其他标志,是,110112,11000000001314788804
十支队-通州执法队,S229通怀路K5+380运河东大街路口东南侧03,在公路范围内擅自移动井盖,是,110112,11000000001318667757
十支队-通州执法队,G1京哈高速广场K14+500田家府D站广场出口车尾（可控）,溜边等方式逃避超限检测,是,110112,
十支队-密云执法队,S205密关路K11+925溪翁庄,遮挡公路附属设施或者利用公路附属设施架设管道、悬挂物品，可能危及公路安全,否,110118,11000000001316165898
十支队-密云执法队,X202左堤路K15+200潮河新桥,遮挡公路附属设施或者利用公路附属设施架设管道、悬挂物品，可能危及公路安全,是,110118,11000000001314991452
十支队-密云执法队,X202左堤路K21+010河南寨桥东侧,遮挡公路附属设施或者利用公路附属设施架设管道、悬挂物品，可能危及公路安全,是,110118,11000000001319174399
十支队-密云执法队,X202左堤路K31+700单平路路北 顺义方向,遮挡公路附属设施或者利用公路附属设施架设管道、悬挂物品，可能危及公路安全,是,110118,11000000001319149035
九支队-门头沟执法队,S209石担路K9+900龙泉雾村,擅自占用、挖掘公路,是,110109,11000000001314375767
九支队-门头沟执法队,S209石担路K9+900龙泉雾村,在公路用地范围内设置公路标志以外的其他标志,是,110109,11000000001314375767
九支队-门头沟执法队,S209石担路K9+900龙泉雾村,遮挡公路附属设施或者利用公路附属设施架设管道、悬挂物品，可能危及公路安全,是,110109,11000000001314375767
九支队-门头沟执法队,S209石担路K9+900龙泉雾村,车辆装载物触地拖行、掉落、遗洒或者飘散，造成公路路面损坏、污染,是,110109,11000000001314375767
九支队-门头沟执法队,872638石担路1061灯杆,擅自占用、挖掘公路,否,110109,
九支队-门头沟执法队,872638石担路1061灯杆,在公路用地范围内设置公路标志以外的其他标志,否,110109,
九支队-门头沟执法队,872638石担路1061灯杆,遮挡公路附属设施或者利用公路附属设施架设管道、悬挂物品，可能危及公路安全,否,110109,
九支队-门头沟执法队,872638石担路1061灯杆,车辆装载物触地拖行、掉落、遗洒或者飘散，造成公路路面损坏、污染,否,110109,
九支队-门头沟执法队,492108三家店中街车站向北,擅自占用、挖掘公路,否,110109,
九支队-门头沟执法队,492108三家店中街车站向北,在公路用地范围内设置公路标志以外的其他标志,否,110109,
九支队-门头沟执法队,492108三家店中街车站向北,遮挡公路附属设施或者利用公路附属设施架设管道、悬挂物品，可能危及公路安全,否,110109,
九支队-门头沟执法队,492108三家店中街车站向北,车辆装载物触地拖行、掉落、遗洒或者飘散，造成公路路面损坏、污染,否,110109,
九支队-门头沟执法队,G108京昆线K22+250小园立交桥,擅自占用、挖掘公路,是,110109,11000000001312814604
九支队-门头沟执法队,G108京昆线K22+250小园立交桥,在公路用地范围内设置公路标志以外的其他标志,是,110109,11000000001312814604
九支队-门头沟执法队,G108京昆线K22+250小园立交桥,遮挡公路附属设施或者利用公路附属设施架设管道、悬挂物品，可能危及公路安全,是,110109,11000000001312814604
九支队-门头沟执法队,G108京昆线K22+250小园立交桥,车辆装载物触地拖行、掉落、遗洒或者飘散，造成公路路面损坏、污染,是,110109,11000000001312814604
九支队-门头沟执法队,G108京昆线K30+170鲁家滩二桥,擅自占用、挖掘公路,是,110109,11000000001315973478
九支队-门头沟执法队,G108京昆线K30+170鲁家滩二桥,在公路用地范围内设置公路标志以外的其他标志,是,110109,11000000001315973478
九支队-门头沟执法队,G108京昆线K30+170鲁家滩二桥,遮挡公路附属设施或者利用公路附属设施架设管道、悬挂物品，可能危及公路安全,是,110109,11000000001315973478
九支队-门头沟执法队,G108京昆线K30+170鲁家滩二桥,车辆装载物触地拖行、掉落、遗洒或者飘散，造成公路路面损坏、污染,是,110109,11000000001315973478
九支队-门头沟执法队,G109京拉线K110+770张马路口,擅自占用、挖掘公路,是,110109,11000000001318701885
九支队-门头沟执法队,G109京拉线K110+770张马路口,在公路用地范围内设置公路标志以外的其他标志,是,110109,11000000001318701885
九支队-门头沟执法队,G109京拉线K110+770张马路口,遮挡公路附属设施或者利用公路附属设施架设管道、悬挂物品，可能危及公路安全,是,110109,11000000001318701885
九支队-门头沟执法队,G109京拉线K110+770张马路口,车辆装载物触地拖行、掉落、遗洒或者飘散，造成公路路面损坏、污染,是,110109,11000000001318701885
九支队-门头沟执法队,G109京拉线K35+930担礼隧道,擅自占用、挖掘公路,是,110109,11000000001315959615
九支队-门头沟执法队,G109京拉线K35+930担礼隧道,在公路用地范围内设置公路标志以外的其他标志,是,110109,11000000001315959615
九支队-门头沟执法队,G109京拉线K35+930担礼隧道,遮挡公路附属设施或者利用公路附属设施架设管道、悬挂物品，可能危及公路安全,是,110109,11000000001315959615
九支队-门头沟执法队,G109京拉线K35+930担礼隧道,车辆装载物触地拖行、掉落、遗洒或者飘散，造成公路路面损坏、污染,是,110109,11000000001315959615
九支队-门头沟执法队,G109京拉线K66+000芹峪口,擅自占用、挖掘公路,否,110109,
九支队-门头沟执法队,G109京拉线K66+000芹峪口,在公路用地范围内设置公路标志以外的其他标志,否,110109,
九支队-门头沟执法队,G109京拉线K66+000芹峪口,遮挡公路附属设施或者利用公路附属设施架设管道、悬挂物品，可能危及公路安全,否,110109,
九支队-门头沟执法队,G109京拉线K66+000芹峪口,车辆装载物触地拖行、掉落、遗洒或者飘散，造成公路路面损坏、污染,否,110109,
九支队-门头沟执法队,G109京拉线K87+600新高铺,擅自占用、挖掘公路,是,110109,11000000001315378966
九支队-门头沟执法队,G109京拉线K87+600新高铺,在公路用地范围内设置公路标志以外的其他标志,是,110109,11000000001315378966
九支队-门头沟执法队,G109京拉线K87+600新高铺,遮挡公路附属设施或者利用公路附属设施架设管道、悬挂物品，可能危及公路安全,是,110109,11000000001315378966
九支队-门头沟执法队,G109京拉线K87+600新高铺,车辆装载物触地拖行、掉落、遗洒或者飘散，造成公路路面损坏、污染,是,110109,11000000001315378966
九支队-门头沟执法队,G234兴阳线K342+890鲁家滩环岛,擅自占用、挖掘公路,是,110109,11000000001315432555
九支队-门头沟执法队,G234兴阳线K342+890鲁家滩环岛,在公路用地范围内设置公路标志以外的其他标志,否,110109,11000000001315432555
九支队-门头沟执法队,G234兴阳线K342+890鲁家滩环岛,遮挡公路附属设施或者利用公路附属设施架设管道、悬挂物品，可能危及公路安全,是,110109,11000000001315432555
九支队-门头沟执法队,G234兴阳线K342+890鲁家滩环岛,车辆装载物触地拖行、掉落、遗洒或者飘散，造成公路路面损坏、污染,是,110109,11000000001315432555
九支队-门头沟执法队,S210三温路K1+550与X906交叉口,擅自占用、挖掘公路,是,110109,11000000001315023163
九支队-门头沟执法队,S210三温路K1+550与X906交叉口,在公路用地范围内设置公路标志以外的其他标志,是,110109,11000000001315023163
九支队-门头沟执法队,S210三温路K1+550与X906交叉口,遮挡公路附属设施或者利用公路附属设施架设管道、悬挂物品，可能危及公路安全,是,110109,11000000001315023163
九支队-门头沟执法队,S210三温路K1+550与X906交叉口,车辆装载物触地拖行、掉落、遗洒或者飘散，造成公路路面损坏、污染,是,110109,11000000001315023163
九支队-门头沟执法队,X015杨东路K0+850东杨坨村,擅自占用、挖掘公路,否,110109,11000000001313208456
九支队-门头沟执法队,X015杨东路K0+850东杨坨村,在公路用地范围内设置公路标志以外的其他标志,否,110109,11000000001313208456
九支队-门头沟执法队,X015杨东路K0+850东杨坨村,遮挡公路附属设施或者利用公路附属设施架设管道、悬挂物品，可能危及公路安全,否,110109,11000000001313208456
九支队-门头沟执法队,X015杨东路K0+850东杨坨村,车辆装载物触地拖行、掉落、遗洒或者飘散，造成公路路面损坏、污染,否,110109,11000000001313208456
九支队-门头沟执法队,雁翅入口广场-车尾方向,擅自占用、挖掘公路,否,110109,
九支队-门头沟执法队,雁翅入口广场-车尾方向,在公路用地范围内设置公路标志以外的其他标志,否,110109,
九支队-门头沟执法队,雁翅入口广场-车尾方向,遮挡公路附属设施或者利用公路附属设施架设管道、悬挂物品，可能危及公路安全,否,110109,
九支队-门头沟执法队,雁翅入口广场-车尾方向,车辆装载物触地拖行、掉落、遗洒或者飘散，造成公路路面损坏、污染,否,110109,
九支队-门头沟执法队,雁翅入口广场-车头方向,擅自占用、挖掘公路,否,110109,
九支队-门头沟执法队,雁翅入口广场-车头方向,在公路用地范围内设置公路标志以外的其他标志,否,110109,
九支队-门头沟执法队,雁翅入口广场-车头方向,遮挡公路附属设施或者利用公路附属设施架设管道、悬挂物品，可能危及公路安全,否,110109,
九支队-门头沟执法队,雁翅入口广场-车头方向,车辆装载物触地拖行、掉落、遗洒或者飘散，造成公路路面损坏、污染,否,110109,
九支队-门头沟执法队,斋堂入口广场-车尾方向,擅自占用、挖掘公路,否,110109,
九支队-门头沟执法队,斋堂入口广场-车尾方向,在公路用地范围内设置公路标志以外的其他标志,否,110109,
九支队-门头沟执法队,斋堂入口广场-车尾方向,遮挡公路附属设施或者利用公路附属设施架设管道、悬挂物品，可能危及公路安全,否,110109,
九支队-门头沟执法队,斋堂入口广场-车尾方向,车辆装载物触地拖行、掉落、遗洒或者飘散，造成公路路面损坏、污染,否,110109,
九支队-门头沟执法队,斋堂入口广场-车头方向,擅自占用、挖掘公路,否,110109,
九支队-门头沟执法队,斋堂入口广场-车头方向,在公路用地范围内设置公路标志以外的其他标志,否,110109,
九支队-门头沟执法队,斋堂入口广场-车头方向,遮挡公路附属设施或者利用公路附属设施架设管道、悬挂物品，可能危及公路安全,否,110109,
九支队-门头沟执法队,斋堂入口广场-车头方向,车辆装载物触地拖行、掉落、遗洒或者飘散，造成公路路面损坏、污染,否,110109,
九支队-门头沟执法队,G4501六环路广场K139+700军庄双向入口广场反向（可控）,擅自占用、挖掘公路,否,110109,11010901071328230007
九支队-门头沟执法队,G4501六环路广场K139+700军庄双向入口广场反向（可控）,在公路用地范围内设置公路标志以外的其他标志,否,110109,11010901071328230007
九支队-门头沟执法队,G4501六环路广场K139+700军庄双向入口广场反向（可控）,遮挡公路附属设施或者利用公路附属设施架设管道、悬挂物品，可能危及公路安全,否,110109,11010901071328230007
九支队-门头沟执法队,G4501六环路广场K139+700军庄双向入口广场反向（可控）,车辆装载物触地拖行、掉落、遗洒或者飘散，造成公路路面损坏、污染,否,110109,11010901071328230007
九支队-门头沟执法队,G4501六环路广场K111+200大苑村双向出口广场反向（可控）,擅自占用、挖掘公路,是,110109,11011101071328230001
九支队-门头沟执法队,G4501六环路广场K111+200大苑村双向出口广场反向（可控）,在公路用地范围内设置公路标志以外的其他标志,否,110109,11011101071328230001
九支队-门头沟执法队,G4501六环路广场K111+200大苑村双向出口广场反向（可控）,遮挡公路附属设施或者利用公路附属设施架设管道、悬挂物品，可能危及公路安全,否,110109,11011101071328230001
九支队-门头沟执法队,G4501六环路广场K111+200大苑村双向出口广场反向（可控）,车辆装载物触地拖行、掉落、遗洒或者飘散，造成公路路面损坏、污染,是,110109,11011101071328230001
九支队-门头沟执法队,G4501六环路广场K132+800广宁双向入口广场反向（可控）,擅自占用、挖掘公路,是,110109,11010701071328230003
九支队-门头沟执法队,G4501六环路广场K132+800广宁双向入口广场反向（可控）,在公路用地范围内设置公路标志以外的其他标志,否,110109,11010701071328230003
九支队-门头沟执法队,G4501六环路广场K132+800广宁双向入口广场反向（可控）,遮挡公路附属设施或者利用公路附属设施架设管道、悬挂物品，可能危及公路安全,否,110109,11010701071328230003
九支队-门头沟执法队,G4501六环路广场K132+800广宁双向入口广场反向（可控）,车辆装载物触地拖行、掉落、遗洒或者飘散，造成公路路面损坏、污染,否,110109,11010701071328230003
九支队-门头沟执法队,G4501六环路道路K126+710石门营收费站南外环（可控）,擅自占用、挖掘公路,是,110109,11010901071328230010
九支队-门头沟执法队,G4501六环路道路K126+710石门营收费站南外环（可控）,在公路用地范围内设置公路标志以外的其他标志,是,110109,11010901071328230010
九支队-门头沟执法队,G4501六环路道路K126+710石门营收费站南外环（可控）,遮挡公路附属设施或者利用公路附属设施架设管道、悬挂物品，可能危及公路安全,是,110109,11010901071328230010
九支队-门头沟执法队,G4501六环路道路K126+710石门营收费站南外环（可控）,货车不规范苫盖,是,110109,11010901071328230010
九支队-门头沟执法队,G4501六环路道路K126+710石门营收费站南外环（可控）,车辆装载物触地拖行、掉落、遗洒或者飘散，造成公路路面损坏、污染,是,110109,11010901071328230010
九支队-门头沟执法队,G4501六环路广场K132+800广宁双向入口广场正向（可控）,擅自占用、挖掘公路,是,110109,11010701071328230004
九支队-门头沟执法队,G4501六环路广场K132+800广宁双向入口广场正向（可控）,在公路用地范围内设置公路标志以外的其他标志,否,110109,11010701071328230004
九支队-门头沟执法队,G4501六环路广场K132+800广宁双向入口广场正向（可控）,遮挡公路附属设施或者利用公路附属设施架设管道、悬挂物品，可能危及公路安全,是,110109,11010701071328230004
九支队-门头沟执法队,G4501六环路广场K132+800广宁双向入口广场正向（可控）,货车不规范苫盖,是,110109,11010701071328230004
九支队-门头沟执法队,G4501六环路广场K132+800广宁双向入口广场正向（可控）,车辆装载物触地拖行、掉落、遗洒或者飘散，造成公路路面损坏、污染,是,110109,11010701071328230004
九支队-延庆执法队,G110京青线K98+350下营村西,擅自占用、挖掘公路,是,110119,11000000001315829866
九支队-延庆执法队,G110京青线K98+350下营村西,在公路用地范围内设置公路标志以外的其他标志,是,110119,11000000001315829866
九支队-延庆执法队,G110京青线K98+350下营村西,遮挡公路附属设施或者利用公路附属设施架设管道、悬挂物品，可能危及公路安全,是,110119,11000000001315829866
九支队-延庆执法队,G110京青线K98+350下营村西,货车不规范苫盖,是,110119,11000000001315829866
九支队-延庆执法队,G110京青线K98+350下营村西,车辆装载物触地拖行、掉落、遗洒或者飘散，造成公路路面损坏、污染,是,110119,11000000001315829866
九支队-延庆执法队,G110京青线K99+090下营,擅自占用、挖掘公路,是,110119,11000000001314634205
九支队-延庆执法队,G110京青线K99+090下营,在公路用地范围内设置公路标志以外的其他标志,是,110119,11000000001314634205
九支队-延庆执法队,G110京青线K99+090下营,遮挡公路附属设施或者利用公路附属设施架设管道、悬挂物品，可能危及公路安全,是,110119,11000000001314634205
九支队-延庆执法队,G110京青线K99+090下营,货车不规范苫盖,是,110119,11000000001314634205
九支队-延庆执法队,G110京青线K99+090下营,车辆装载物触地拖行、掉落、遗洒或者飘散，造成公路路面损坏、污染,是,110119,11000000001314634205
九支队-延庆执法队,S323旧小路K11+260龙聚山庄,擅自占用、挖掘公路,是,110119,11000000001319399579
九支队-延庆执法队,S323旧小路K11+260龙聚山庄,在公路用地范围内设置公路标志以外的其他标志,是,110119,11000000001319399579
九支队-延庆执法队,S323旧小路K11+260龙聚山庄,遮挡公路附属设施或者利用公路附属设施架设管道、悬挂物品，可能危及公路安全,是,110119,11000000001319399579
九支队-延庆执法队,S323旧小路K11+260龙聚山庄,货车不规范苫盖,是,110119,11000000001319399579
九支队-延庆执法队,S323旧小路K11+260龙聚山庄,车辆装载物触地拖行、掉落、遗洒或者飘散，造成公路路面损坏、污染,是,110119,11000000001319399579
九支队-延庆执法队,S212昌赤路K50+400永宁服务站,擅自占用、挖掘公路,是,110119,11000000001318180501
九支队-延庆执法队,S212昌赤路K50+400永宁服务站,在公路用地范围内设置公路标志以外的其他标志,否,110119,11000000001318180501
九支队-延庆执法队,S212昌赤路K50+400永宁服务站,遮挡公路附属设施或者利用公路附属设施架设管道、悬挂物品，可能危及公路安全,否,110119,11000000001318180501
九支队-延庆执法队,S212昌赤路K50+400永宁服务站,货车不规范苫盖,是,110119,11000000001318180501
九支队-延庆执法队,S212昌赤路K50+400永宁服务站,车辆装载物触地拖行、掉落、遗洒或者飘散，造成公路路面损坏、污染,否,110119,11000000001318180501
九支队-延庆执法队,G234兴阳线K225+245妫河大桥南桥下,擅自占用、挖掘公路,是,110119,11000000001314955861
九支队-延庆执法队,G234兴阳线K225+245妫河大桥南桥下,在公路用地范围内设置公路标志以外的其他标志,是,110119,11000000001314955861
九支队-延庆执法队,G234兴阳线K225+245妫河大桥南桥下,遮挡公路附属设施或者利用公路附属设施架设管道、悬挂物品，可能危及公路安全,是,110119,11000000001314955861
九支队-延庆执法队,G234兴阳线K225+245妫河大桥南桥下,货车不规范苫盖,是,110119,11000000001314955861
九支队-延庆执法队,G234兴阳线K225+245妫河大桥南桥下,车辆装载物触地拖行、掉落、遗洒或者飘散，造成公路路面损坏、污染,是,110119,11000000001314955861
九支队-延庆执法队,S212昌赤路K32+000大庄科,擅自占用、挖掘公路,是,110119,11000000001313408721
九支队-延庆执法队,S212昌赤路K32+000大庄科,在公路用地范围内设置公路标志以外的其他标志,否,110119,11000000001313408721
九支队-延庆执法队,S212昌赤路K32+000大庄科,遮挡公路附属设施或者利用公路附属设施架设管道、悬挂物品，可能危及公路安全,否,110119,11000000001313408721
九支队-延庆执法队,S212昌赤路K32+000大庄科,货车不规范苫盖,是,110119,11000000001313408721
九支队-延庆执法队,S212昌赤路K32+000大庄科,车辆装载物触地拖行、掉落、遗洒或者飘散，造成公路路面损坏、污染,是,110119,11000000001313408721
九支队-延庆执法队,G110京青线K52+390黄土嘴桥,擅自占用、挖掘公路,是,110119,11000000001311823396
九支队-延庆执法队,G110京青线K52+390黄土嘴桥,在公路用地范围内设置公路标志以外的其他标志,是,110119,11000000001311823396
九支队-延庆执法队,G110京青线K52+390黄土嘴桥,遮挡公路附属设施或者利用公路附属设施架设管道、悬挂物品，可能危及公路安全,是,110119,11000000001311823396
九支队-延庆执法队,G110京青线K52+390黄土嘴桥,货车不规范苫盖,是,110119,11000000001311823396
九支队-延庆执法队,G110京青线K52+390黄土嘴桥,车辆装载物触地拖行、掉落、遗洒或者飘散，造成公路路面损坏、污染,是,110119,11000000001311823396
九支队-延庆执法队,G110京青线K52+900山京沟,擅自占用、挖掘公路,是,110119,11000000001313670338
九支队-延庆执法队,G110京青线K52+900山京沟,在公路用地范围内设置公路标志以外的其他标志,是,110119,11000000001313670338
九支队-延庆执法队,G110京青线K52+900山京沟,遮挡公路附属设施或者利用公路附属设施架设管道、悬挂物品，可能危及公路安全,是,110119,11000000001313670338
九支队-延庆执法队,G110京青线K52+900山京沟,货车不规范苫盖,是,110119,11000000001313670338
九支队-延庆执法队,G110京青线K52+900山京沟,车辆装载物触地拖行、掉落、遗洒或者飘散，造成公路路面损坏、污染,是,110119,11000000001313670338
九支队-延庆执法队,G234兴阳线K231+660兴阳线铁路桥,擅自占用、挖掘公路,是,110119,11000000001316880846
九支队-延庆执法队,G234兴阳线K231+660兴阳线铁路桥,在公路用地范围内设置公路标志以外的其他标志,是,110119,11000000001316880846
九支队-延庆执法队,G234兴阳线K231+660兴阳线铁路桥,遮挡公路附属设施或者利用公路附属设施架设管道、悬挂物品，可能危及公路安全,是,110119,11000000001316880846
九支队-延庆执法队,G234兴阳线K231+660兴阳线铁路桥,货车不规范苫盖,是,110119,11000000001316880846
九支队-延庆执法队,G234兴阳线K231+660兴阳线铁路桥,车辆装载物触地拖行、掉落、遗洒或者飘散，造成公路路面损坏、污染,是,110119,11000000001316880846
九支队-延庆执法队,S217康张路K10+860张山营桥,擅自占用、挖掘公路,是,110119,11000000001315146877
九支队-延庆执法队,S217康张路K10+860张山营桥,在公路用地范围内设置公路标志以外的其他标志,是,110119,11000000001315146877
九支队-延庆执法队,S217康张路K10+860张山营桥,遮挡公路附属设施或者利用公路附属设施架设管道、悬挂物品，可能危及公路安全,是,110119,11000000001315146877
九支队-延庆执法队,S217康张路K10+860张山营桥,货车不规范苫盖,是,110119,11000000001315146877
九支队-延庆执法队,S217康张路K10+860张山营桥,车辆装载物触地拖行、掉落、遗洒或者飘散，造成公路路面损坏、污染,是,110119,11000000001315146877
九支队-延庆执法队,S235八峪路K6+210大柏老,擅自占用、挖掘公路,是,110119,11000000001318088317
九支队-延庆执法队,S235八峪路K6+210大柏老,在公路用地范围内设置公路标志以外的其他标志,否,110119,11000000001318088317
九支队-延庆执法队,S235八峪路K6+210大柏老,遮挡公路附属设施或者利用公路附属设施架设管道、悬挂物品，可能危及公路安全,否,110119,11000000001318088317
九支队-延庆执法队,S235八峪路K6+210大柏老,车辆装载物触地拖行、掉落、遗洒或者飘散，造成公路路面损坏、污染,否,110119,11000000001318088317
九支队-延庆执法队,S213安四路K80+780海字口,擅自占用、挖掘公路,是,110119,11000000001314427730
九支队-延庆执法队,S213安四路K80+780海字口,在公路用地范围内设置公路标志以外的其他标志,是,110119,11000000001314427730
九支队-延庆执法队,S213安四路K80+780海字口,遮挡公路附属设施或者利用公路附属设施架设管道、悬挂物品，可能危及公路安全,是,110119,11000000001314427730
九支队-延庆执法队,S213安四路K80+780海字口,货车不规范苫盖,是,110119,11000000001314427730
九支队-延庆执法队,S213安四路K80+780海字口,车辆装载物触地拖行、掉落、遗洒或者飘散，造成公路路面损坏、污染,是,110119,11000000001314427730
九支队-延庆执法队,S309滦赤路K137+000河西桥北下,擅自占用、挖掘公路,否,110119,
九支队-延庆执法队,S309滦赤路K137+000河西桥北下,在公路用地范围内设置公路标志以外的其他标志,否,110119,
九支队-延庆执法队,S309滦赤路K137+000河西桥北下,遮挡公路附属设施或者利用公路附属设施架设管道、悬挂物品，可能危及公路安全,否,110119,
九支队-延庆执法队,S309滦赤路K137+000河西桥北下,货车不规范苫盖,否,110119,
九支队-延庆执法队,S309滦赤路K137+000河西桥北下,车辆装载物触地拖行、掉落、遗洒或者飘散，造成公路路面损坏、污染,否,110119,
九支队-延庆执法队,S232妫川路K17+150米家堡桥,擅自占用、挖掘公路,是,110119,11000000001313515334
九支队-延庆执法队,S232妫川路K17+150米家堡桥,在公路用地范围内设置公路标志以外的其他标志,是,110119,11000000001313515334
九支队-延庆执法队,S232妫川路K17+150米家堡桥,遮挡公路附属设施或者利用公路附属设施架设管道、悬挂物品，可能危及公路安全,是,110119,11000000001313515334
九支队-延庆执法队,S232妫川路K17+150米家堡桥,货车不规范苫盖,是,110119,11000000001313515334
九支队-延庆执法队,S232妫川路K17+150米家堡桥,车辆装载物触地拖行、掉落、遗洒或者飘散，造成公路路面损坏、污染,是,110119,11000000001313515334
九支队-延庆执法队,X017康草路K0+150铁路桥,擅自占用、挖掘公路,是,110119,11000000001315918584
九支队-延庆执法队,X017康草路K0+150铁路桥,在公路用地范围内设置公路标志以外的其他标志,是,110119,11000000001315918584
九支队-延庆执法队,X017康草路K0+150铁路桥,遮挡公路附属设施或者利用公路附属设施架设管道、悬挂物品，可能危及公路安全,是,110119,11000000001315918584
九支队-延庆执法队,X017康草路K0+150铁路桥,货车不规范苫盖,是,110119,11000000001315918584
九支队-延庆执法队,X017康草路K0+150铁路桥,车辆装载物触地拖行、掉落、遗洒或者飘散，造成公路路面损坏、污染,是,110119,11000000001315918584
九支队-延庆执法队,X031东岔路K0+630东曹营,擅自占用、挖掘公路,是,110119,11000000001313307753
九支队-延庆执法队,X031东岔路K0+630东曹营,在公路用地范围内设置公路标志以外的其他标志,是,110119,11000000001313307753
九支队-延庆执法队,X031东岔路K0+630东曹营,遮挡公路附属设施或者利用公路附属设施架设管道、悬挂物品，可能危及公路安全,是,110119,11000000001313307753
九支队-延庆执法队,X031东岔路K0+630东曹营,货车不规范苫盖,是,110119,11000000001313307753
九支队-延庆执法队,X031东岔路K0+630东曹营,车辆装载物触地拖行、掉落、遗洒或者飘散，造成公路路面损坏、污染,是,110119,11000000001313307753
九支队-延庆执法队,S216G6辅路K57+400八达岭消防队,擅自占用、挖掘公路,是,110119,11000000001314235556
九支队-延庆执法队,S216G6辅路K57+400八达岭消防队,在公路用地范围内设置公路标志以外的其他标志,是,110119,11000000001314235556
九支队-延庆执法队,S216G6辅路K57+400八达岭消防队,遮挡公路附属设施或者利用公路附属设施架设管道、悬挂物品，可能危及公路安全,是,110119,11000000001314235556
九支队-延庆执法队,S216G6辅路K57+400八达岭消防队,货车不规范苫盖,是,110119,11000000001314235556
九支队-延庆执法队,S216G6辅路K57+400八达岭消防队,车辆装载物触地拖行、掉落、遗洒或者飘散，造成公路路面损坏、污染,是,110119,11000000001314235556
九支队-延庆执法队,S216G6辅路K58+230红叶岭停车场,擅自占用、挖掘公路,是,110119,11000000001319719872
九支队-延庆执法队,S216G6辅路K58+230红叶岭停车场,在公路用地范围内设置公路标志以外的其他标志,是,110119,11000000001319719872
九支队-延庆执法队,S216G6辅路K58+230红叶岭停车场,遮挡公路附属设施或者利用公路附属设施架设管道、悬挂物品，可能危及公路安全,否,110119,11000000001319719872
九支队-延庆执法队,S216G6辅路K58+230红叶岭停车场,货车不规范苫盖,是,110119,11000000001319719872
九支队-延庆执法队,S216G6辅路K58+230红叶岭停车场,车辆装载物触地拖行、掉落、遗洒或者飘散，造成公路路面损坏、污染,是,110119,11000000001319719872
九支队-延庆执法队,S216G6辅路K67+920营城子立交桥,擅自占用、挖掘公路,否,110119,11000000001317041960
九支队-延庆执法队,S216G6辅路K67+920营城子立交桥,在公路用地范围内设置公路标志以外的其他标志,是,110119,11000000001317041960
九支队-延庆执法队,S216G6辅路K67+920营城子立交桥,遮挡公路附属设施或者利用公路附属设施架设管道、悬挂物品，可能危及公路安全,是,110119,11000000001317041960
九支队-延庆执法队,S216G6辅路K67+920营城子立交桥,货车不规范苫盖,是,110119,11000000001317041960
九支队-延庆执法队,S216G6辅路K67+920营城子立交桥,车辆装载物触地拖行、掉落、遗洒或者飘散，造成公路路面损坏、污染,是,110119,11000000001317041960
九支队-延庆执法队,G234兴阳线K237+100过水路面北侧,擅自占用、挖掘公路,是,110119,11000000001314907633
九支队-延庆执法队,G234兴阳线K237+100过水路面北侧,在公路用地范围内设置公路标志以外的其他标志,是,110119,11000000001314907633
九支队-延庆执法队,G234兴阳线K237+100过水路面北侧,遮挡公路附属设施或者利用公路附属设施架设管道、悬挂物品，可能危及公路安全,是,110119,11000000001314907633
九支队-延庆执法队,G234兴阳线K237+100过水路面北侧,货车不规范苫盖,是,110119,11000000001314907633
九支队-延庆执法队,G234兴阳线K237+100过水路面北侧,车辆装载物触地拖行、掉落、遗洒或者飘散，造成公路路面损坏、污染,是,110119,11000000001314907633
九支队-昌平执法队,G4501六环路匝道K180+500马坊出口外环,擅自占用、挖掘公路,是,110114,11011401071328230058
九支队-昌平执法队,G4501六环路匝道K180+500马坊出口外环,在公路用地范围内设置公路标志以外的其他标志,是,110114,11011401071328230058
九支队-昌平执法队,G4501六环路匝道K180+500马坊出口外环,遮挡公路附属设施或者利用公路附属设施架设管道、悬挂物品，可能危及公路安全,是,110114,11011401071328230058
九支队-昌平执法队,G4501六环路匝道K180+500马坊出口外环,货车不规范苫盖,是,110114,11011401071328230058
九支队-昌平执法队,G4501六环路匝道K180+500马坊出口外环,车辆装载物触地拖行、掉落、遗洒或者飘散，造成公路路面损坏、污染,是,110114,11011401071328230058
九支队-昌平执法队,G4501六环路广场K150+200北清入口广场东,擅自占用、挖掘公路,是,110114,11010801071328230025
九支队-昌平执法队,G4501六环路广场K150+200北清入口广场东,在公路用地范围内设置公路标志以外的其他标志,是,110114,11010801071328230025
九支队-昌平执法队,G4501六环路广场K150+200北清入口广场东,遮挡公路附属设施或者利用公路附属设施架设管道、悬挂物品，可能危及公路安全,是,110114,11010801071328230025
九支队-昌平执法队,G4501六环路广场K150+200北清入口广场东,货车不规范苫盖,是,110114,11010801071328230025
九支队-昌平执法队,G4501六环路广场K150+200北清入口广场东,车辆装载物触地拖行、掉落、遗洒或者飘散，造成公路路面损坏、污染,是,110114,11010801071328230025
九支队-昌平执法队,G4501六环路道路K164+200楼自庄桥东内环,擅自占用、挖掘公路,是,110114,11011401071328230034
九支队-昌平执法队,G4501六环路道路K164+200楼自庄桥东内环,在公路用地范围内设置公路标志以外的其他标志,是,110114,11011401071328230034
九支队-昌平执法队,G4501六环路道路K164+200楼自庄桥东内环,遮挡公路附属设施或者利用公路附属设施架设管道、悬挂物品，可能危及公路安全,是,110114,11011401071328230034
九支队-昌平执法队,G4501六环路道路K164+200楼自庄桥东内环,货车不规范苫盖,是,110114,11011401071328230034
九支队-昌平执法队,G4501六环路道路K164+200楼自庄桥东内环,车辆装载物触地拖行、掉落、遗洒或者飘散，造成公路路面损坏、污染,是,110114,11011401071328230034
九支队-昌平执法队,G7京新高速道路K15+820京新沙阳北出京,擅自占用、挖掘公路,是,110114,11011401071328030087
九支队-昌平执法队,G7京新高速道路K15+820京新沙阳北出京,在公路用地范围内设置公路标志以外的其他标志,是,110114,11011401071328030087
九支队-昌平执法队,G7京新高速道路K15+820京新沙阳北出京,遮挡公路附属设施或者利用公路附属设施架设管道、悬挂物品，可能危及公路安全,是,110114,11011401071328030087
九支队-昌平执法队,G7京新高速道路K15+820京新沙阳北出京,货车不规范苫盖,是,110114,11011401071328030087
九支队-昌平执法队,G7京新高速道路K15+820京新沙阳北出京,车辆装载物触地拖行、掉落、遗洒或者飘散，造成公路路面损坏、污染,是,110114,11011401071328030087
九支队-昌平执法队,G7京新高速道路K19+650六环路南出京,擅自占用、挖掘公路,是,110114,11011401071328030095
九支队-昌平执法队,G7京新高速道路K19+650六环路南出京,在公路用地范围内设置公路标志以外的其他标志,是,110114,11011401071328030095
九支队-昌平执法队,G7京新高速道路K19+650六环路南出京,遮挡公路附属设施或者利用公路附属设施架设管道、悬挂物品，可能危及公路安全,是,110114,11011401071328030095
九支队-昌平执法队,G7京新高速道路K19+650六环路南出京,货车不规范苫盖,是,110114,11011401071328030095
九支队-昌平执法队,G7京新高速道路K19+650六环路南出京,车辆装载物触地拖行、掉落、遗洒或者飘散，造成公路路面损坏、污染,是,110114,11011401071328030095
九支队-昌平执法队,G7京新高速道路K14+610京新沙河主站进京,擅自占用、挖掘公路,是,110114,11011401071328030086
九支队-昌平执法队,G7京新高速道路K14+610京新沙河主站进京,在公路用地范围内设置公路标志以外的其他标志,是,110114,11011401071328030086
九支队-昌平执法队,G7京新高速道路K14+610京新沙河主站进京,遮挡公路附属设施或者利用公路附属设施架设管道、悬挂物品，可能危及公路安全,是,110114,11011401071328030086
九支队-昌平执法队,G7京新高速道路K14+610京新沙河主站进京,货车不规范苫盖,是,110114,11011401071328030086
九支队-昌平执法队,G7京新高速道路K14+610京新沙河主站进京,车辆装载物触地拖行、掉落、遗洒或者飘散，造成公路路面损坏、污染,是,110114,11011401071328030086
九支队-昌平执法队,G6京藏高速广场K22+670小汤山出京入口,擅自占用、挖掘公路,是,110114,11011401071328170101
九支队-昌平执法队,G6京藏高速广场K22+670小汤山出京入口,在公路用地范围内设置公路标志以外的其他标志,是,110114,11011401071328170101
九支队-昌平执法队,G6京藏高速广场K22+670小汤山出京入口,遮挡公路附属设施或者利用公路附属设施架设管道、悬挂物品，可能危及公路安全,是,110114,11011401071328170101
九支队-昌平执法队,G6京藏高速广场K22+670小汤山出京入口,货车不规范苫盖,是,110114,11011401071328170101
九支队-昌平执法队,G6京藏高速广场K22+670小汤山出京入口,车辆装载物触地拖行、掉落、遗洒或者飘散，造成公路路面损坏、污染,是,110114,11011401071328170101
九支队-昌平执法队,S3801京礼高速K13+810出京,擅自占用、挖掘公路,是,110114,11011401071328090019
九支队-昌平执法队,S3801京礼高速K13+810出京,在公路用地范围内设置公路标志以外的其他标志,是,110114,11011401071328090019
九支队-昌平执法队,S3801京礼高速K13+810出京,遮挡公路附属设施或者利用公路附属设施架设管道、悬挂物品，可能危及公路安全,是,110114,11011401071328090019
九支队-昌平执法队,S3801京礼高速K13+810出京,货车不规范苫盖,是,110114,11011401071328090019
九支队-昌平执法队,S3801京礼高速K13+810出京,车辆装载物触地拖行、掉落、遗洒或者飘散，造成公路路面损坏、污染,是,110114,11011401071328090019
九支队-昌平执法队,S3801京礼高速K8+970进京,擅自占用、挖掘公路,是,110114,11011401071328090011
九支队-昌平执法队,S3801京礼高速K8+970进京,在公路用地范围内设置公路标志以外的其他标志,是,110114,11011401071328090011
九支队-昌平执法队,S3801京礼高速K8+970进京,遮挡公路附属设施或者利用公路附属设施架设管道、悬挂物品，可能危及公路安全,是,110114,11011401071328090011
九支队-昌平执法队,S3801京礼高速K8+970进京,车辆装载物触地拖行、掉落、遗洒或者飘散，造成公路路面损坏、污染,否,110114,11011401071328090011
九支队-昌平执法队,G110京青线K41+750下行德胜口桥,擅自占用、挖掘公路,是,110114,11000000001316766372
九支队-昌平执法队,G110京青线K41+750下行德胜口桥,在公路用地范围内设置公路标志以外的其他标志,是,110114,11000000001316766372
九支队-昌平执法队,G110京青线K41+750下行德胜口桥,遮挡公路附属设施或者利用公路附属设施架设管道、悬挂物品，可能危及公路安全,是,110114,11000000001316766372
九支队-昌平执法队,G110京青线K41+750下行德胜口桥,货车不规范苫盖,是,110114,11000000001316766372
九支队-昌平执法队,G110京青线K41+750下行德胜口桥,车辆装载物触地拖行、掉落、遗洒或者飘散，造成公路路面损坏、污染,是,110114,11000000001316766372
九支队-昌平执法队,S212昌赤路K3+950上行胡庄,擅自占用、挖掘公路,否,110114,
九支队-昌平执法队,S212昌赤路K3+950上行胡庄,在公路用地范围内设置公路标志以外的其他标志,否,110114,
九支队-昌平执法队,S212昌赤路K3+950上行胡庄,遮挡公路附属设施或者利用公路附属设施架设管道、悬挂物品，可能危及公路安全,否,110114,
九支队-昌平执法队,S212昌赤路K3+950上行胡庄,货车不规范苫盖,是,110114,
九支队-昌平执法队,S212昌赤路K3+950上行胡庄,车辆装载物触地拖行、掉落、遗洒或者飘散，造成公路路面损坏、污染,否,110114,
九支队-昌平执法队,S213安四路K15+500下行天通苑北,擅自占用、挖掘公路,否,110114,
九支队-昌平执法队,S213安四路K15+500下行天通苑北,在公路用地范围内设置公路标志以外的其他标志,否,110114,
九支队-昌平执法队,S213安四路K15+500下行天通苑北,遮挡公路附属设施或者利用公路附属设施架设管道、悬挂物品，可能危及公路安全,否,110114,
九支队-昌平执法队,S213安四路K15+500下行天通苑北,货车不规范苫盖,否,110114,
九支队-昌平执法队,S213安四路K15+500下行天通苑北,车辆装载物触地拖行、掉落、遗洒或者飘散，造成公路路面损坏、污染,否,110114,
九支队-昌平执法队,S216G6辅路K22+650下行沙阳路,擅自占用、挖掘公路,是,110114,11000000001319804874
九支队-昌平执法队,S216G6辅路K22+650下行沙阳路,在公路用地范围内设置公路标志以外的其他标志,是,110114,11000000001319804874
九支队-昌平执法队,S216G6辅路K22+650下行沙阳路,遮挡公路附属设施或者利用公路附属设施架设管道、悬挂物品，可能危及公路安全,是,110114,11000000001319804874
九支队-昌平执法队,S216G6辅路K22+650下行沙阳路,货车不规范苫盖,是,110114,11000000001319804874
九支队-昌平执法队,S216G6辅路K22+650下行沙阳路,车辆装载物触地拖行、掉落、遗洒或者飘散，造成公路路面损坏、污染,是,110114,11000000001319804874
九支队-昌平执法队,S219南雁路K0+000上行西大桥西,擅自占用、挖掘公路,是,110114,11000000001319850899
九支队-昌平执法队,S219南雁路K0+000上行西大桥西,在公路用地范围内设置公路标志以外的其他标志,否,110114,11000000001319850899
九支队-昌平执法队,S219南雁路K0+000上行西大桥西,遮挡公路附属设施或者利用公路附属设施架设管道、悬挂物品，可能危及公路安全,是,110114,11000000001319850899
九支队-昌平执法队,S219南雁路K0+000上行西大桥西,货车不规范苫盖,是,110114,11000000001319850899
九支队-昌平执法队,S219南雁路K0+000上行西大桥西,车辆装载物触地拖行、掉落、遗洒或者飘散，造成公路路面损坏、污染,是,110114,11000000001319850899
九支队-昌平执法队,S321顺沙路K23+250上行大柳树环岛,擅自占用、挖掘公路,是,110114,11000000001319325196
九支队-昌平执法队,S321顺沙路K23+250上行大柳树环岛,在公路用地范围内设置公路标志以外的其他标志,是,110114,11000000001319325196
九支队-昌平执法队,S321顺沙路K23+250上行大柳树环岛,遮挡公路附属设施或者利用公路附属设施架设管道、悬挂物品，可能危及公路安全,是,110114,11000000001319325196
九支队-昌平执法队,S321顺沙路K23+250上行大柳树环岛,货车不规范苫盖,是,110114,11000000001319325196
九支队-昌平执法队,S321顺沙路K23+250上行大柳树环岛,车辆装载物触地拖行、掉落、遗洒或者飘散，造成公路路面损坏、污染,是,110114,11000000001319325196
九支队-昌平执法队,S324沙阳路K0+150上行铁路桥,擅自占用、挖掘公路,是,110114,11000000001316925337
九支队-昌平执法队,S324沙阳路K0+150上行铁路桥,在公路用地范围内设置公路标志以外的其他标志,是,110114,11000000001316925337
九支队-昌平执法队,S324沙阳路K0+150上行铁路桥,遮挡公路附属设施或者利用公路附属设施架设管道、悬挂物品，可能危及公路安全,是,110114,11000000001316925337
九支队-昌平执法队,S324沙阳路K0+150上行铁路桥,货车不规范苫盖,是,110114,11000000001316925337
九支队-昌平执法队,S324沙阳路K0+150上行铁路桥,车辆装载物触地拖行、掉落、遗洒或者飘散，造成公路路面损坏、污染,是,110114,11000000001316925337
九支队-昌平执法队,S330昌金路K5+100下行安四路,擅自占用、挖掘公路,是,110114,11000000001312663858
九支队-昌平执法队,S330昌金路K5+100下行安四路,在公路用地范围内设置公路标志以外的其他标志,是,110114,11000000001312663858
九支队-昌平执法队,S330昌金路K5+100下行安四路,遮挡公路附属设施或者利用公路附属设施架设管道、悬挂物品，可能危及公路安全,否,110114,11000000001312663858
九支队-昌平执法队,S330昌金路K5+100下行安四路,货车不规范苫盖,是,110114,11000000001312663858
九支队-昌平执法队,S330昌金路K5+100下行安四路,车辆装载物触地拖行、掉落、遗洒或者飘散，造成公路路面损坏、污染,是,110114,11000000001312663858
九支队-昌平执法队,S337北清路K25+900下行立汤路,擅自占用、挖掘公路,是,110114,11000000001312588152
九支队-昌平执法队,S337北清路K25+900下行立汤路,在公路用地范围内设置公路标志以外的其他标志,是,110114,11000000001312588152
九支队-昌平执法队,S337北清路K25+900下行立汤路,遮挡公路附属设施或者利用公路附属设施架设管道、悬挂物品，可能危及公路安全,是,110114,11000000001312588152
九支队-昌平执法队,S337北清路K25+900下行立汤路,货车不规范苫盖,是,110114,11000000001312588152
九支队-昌平执法队,S337北清路K25+900下行立汤路,车辆装载物触地拖行、掉落、遗洒或者飘散，造成公路路面损坏、污染,是,110114,11000000001312588152
九支队-昌平执法队,X033昌崔路K15+950上行安四路,擅自占用、挖掘公路,是,110114,11000000001317376509
九支队-昌平执法队,X033昌崔路K15+950上行安四路,在公路用地范围内设置公路标志以外的其他标志,是,110114,11000000001317376509
九支队-昌平执法队,X033昌崔路K15+950上行安四路,遮挡公路附属设施或者利用公路附属设施架设管道、悬挂物品，可能危及公路安全,是,110114,11000000001317376509
九支队-昌平执法队,X033昌崔路K15+950上行安四路,货车不规范苫盖,是,110114,11000000001317376509
九支队-昌平执法队,X033昌崔路K15+950上行安四路,车辆装载物触地拖行、掉落、遗洒或者飘散，造成公路路面损坏、污染,是,110114,11000000001317376509
九支队-昌平执法队,X305怀昌路K26+390上行昌金路,擅自占用、挖掘公路,否,110114,
九支队-昌平执法队,X305怀昌路K26+390上行昌金路,在公路用地范围内设置公路标志以外的其他标志,否,110114,
九支队-昌平执法队,X305怀昌路K26+390上行昌金路,遮挡公路附属设施或者利用公路附属设施架设管道、悬挂物品，可能危及公路安全,否,110114,
九支队-昌平执法队,X305怀昌路K26+390上行昌金路,货车不规范苫盖,是,110114,
九支队-昌平执法队,X305怀昌路K26+390上行昌金路,车辆装载物触地拖行、掉落、遗洒或者飘散，造成公路路面损坏、污染,否,110114,
九支队-大兴执法队,G104京岚线K18+200京岚线与兴亦路交叉口,擅自占用、挖掘公路,是,110115,11000000001314317407
九支队-大兴执法队,G104京岚线K18+200京岚线与兴亦路交叉口,在公路用地范围内设置公路标志以外的其他标志,是,110115,11000000001314317407
九支队-大兴执法队,G104京岚线K18+200京岚线与兴亦路交叉口,遮挡公路附属设施或者利用公路附属设施架设管道、悬挂物品，可能危及公路安全,是,110115,11000000001314317407
九支队-大兴执法队,G104京岚线K18+200京岚线与兴亦路交叉口,货车不规范苫盖,是,110115,11000000001314317407
九支队-大兴执法队,G104京岚线K18+200京岚线与兴亦路交叉口,车辆装载物触地拖行、掉落、遗洒或者飘散，造成公路路面损坏、污染,是,110115,11000000001314317407
九支队-大兴执法队,G104京岚线K33+700马朱路口,擅自占用、挖掘公路,是,110115,11000000001313703362
九支队-大兴执法队,G104京岚线K33+700马朱路口,在公路用地范围内设置公路标志以外的其他标志,是,110115,11000000001313703362
九支队-大兴执法队,G104京岚线K33+700马朱路口,遮挡公路附属设施或者利用公路附属设施架设管道、悬挂物品，可能危及公路安全,是,110115,11000000001313703362
九支队-大兴执法队,G104京岚线K33+700马朱路口,货车不规范苫盖,是,110115,11000000001313703362
九支队-大兴执法队,G104京岚线K33+700马朱路口,车辆装载物触地拖行、掉落、遗洒或者飘散，造成公路路面损坏、污染,是,110115,11000000001313703362
九支队-大兴执法队,G105京澳线K35+500上行京澳线与黄徐路桥北,擅自占用、挖掘公路,否,110115,11000000001318199767
九支队-大兴执法队,G105京澳线K35+500上行京澳线与黄徐路桥北,在公路用地范围内设置公路标志以外的其他标志,否,110115,11000000001318199767
九支队-大兴执法队,G105京澳线K35+500上行京澳线与黄徐路桥北,遮挡公路附属设施或者利用公路附属设施架设管道、悬挂物品，可能危及公路安全,否,110115,11000000001318199767
九支队-大兴执法队,G105京澳线K35+500上行京澳线与黄徐路桥北,车辆装载物触地拖行、掉落、遗洒或者飘散，造成公路路面损坏、污染,否,110115,11000000001318199767
九支队-大兴执法队,G105京澳线K35+500上行京澳线与黄徐路桥北,擅自占用、挖掘公路,是,110115,11000000001318199767
九支队-大兴执法队,G105京澳线K35+500上行京澳线与黄徐路桥北,在公路用地范围内设置公路标志以外的其他标志,是,110115,11000000001318199767
九支队-大兴执法队,G105京澳线K35+500上行京澳线与黄徐路桥北,遮挡公路附属设施或者利用公路附属设施架设管道、悬挂物品，可能危及公路安全,是,110115,11000000001318199767
九支队-大兴执法队,G105京澳线K35+500上行京澳线与黄徐路桥北,货车不规范苫盖,是,110115,11000000001318199767
九支队-大兴执法队,G105京澳线K35+500上行京澳线与黄徐路桥北,车辆装载物触地拖行、掉落、遗洒或者飘散，造成公路路面损坏、污染,是,110115,11000000001318199767
九支队-大兴执法队,G230通武线K1149+200通武线与南中轴交叉路口,擅自占用、挖掘公路,是,110115,11000000001314074100
九支队-大兴执法队,G230通武线K1149+200通武线与南中轴交叉路口,在公路用地范围内设置公路标志以外的其他标志,是,110115,11000000001314074100
九支队-大兴执法队,G230通武线K1149+200通武线与南中轴交叉路口,遮挡公路附属设施或者利用公路附属设施架设管道、悬挂物品，可能危及公路安全,是,110115,11000000001314074100
九支队-大兴执法队,G230通武线K1149+200通武线与南中轴交叉路口,货车不规范苫盖,是,110115,11000000001314074100
九支队-大兴执法队,G230通武线K1149+200通武线与南中轴交叉路口,车辆装载物触地拖行、掉落、遗洒或者飘散，造成公路路面损坏、污染,是,110115,11000000001314074100
九支队-大兴执法队,G5京昆高速广场K25+000夏村收费站出口双向（可控）,擅自占用、挖掘公路,是,110115,11011101071328110007
九支队-大兴执法队,G5京昆高速广场K25+000夏村收费站出口双向（可控）,在公路用地范围内设置公路标志以外的其他标志,否,110115,11011101071328110007
九支队-大兴执法队,G5京昆高速广场K25+000夏村收费站出口双向（可控）,遮挡公路附属设施或者利用公路附属设施架设管道、悬挂物品，可能危及公路安全,否,110115,11011101071328110007
九支队-大兴执法队,G5京昆高速广场K25+000夏村收费站出口双向（可控）,货车不规范苫盖,是,110115,11011101071328110007
九支队-大兴执法队,G5京昆高速广场K25+000夏村收费站出口双向（可控）,车辆装载物触地拖行、掉落、遗洒或者飘散，造成公路路面损坏、污染,是,110115,11011101071328110007
九支队-大兴执法队,S215京开东辅路K6+600西红门桥东侧,擅自占用、挖掘公路,是,110115,11000000001315288646
九支队-大兴执法队,S215京开东辅路K6+600西红门桥东侧,在公路用地范围内设置公路标志以外的其他标志,是,110115,11000000001315288646
九支队-大兴执法队,S215京开东辅路K6+600西红门桥东侧,遮挡公路附属设施或者利用公路附属设施架设管道、悬挂物品，可能危及公路安全,否,110115,11000000001315288646
九支队-大兴执法队,S215京开东辅路K6+600西红门桥东侧,货车不规范苫盖,是,110115,11000000001315288646
九支队-大兴执法队,S215京开东辅路K6+600西红门桥东侧,车辆装载物触地拖行、掉落、遗洒或者飘散，造成公路路面损坏、污染,是,110115,11000000001315288646
九支队-大兴执法队,S226马朱路K5+000青采路口北,擅自占用、挖掘公路,是,110115,11000000001318987086
九支队-大兴执法队,S226马朱路K5+000青采路口北,在公路用地范围内设置公路标志以外的其他标志,是,110115,11000000001318987086
九支队-大兴执法队,S226马朱路K5+000青采路口北,遮挡公路附属设施或者利用公路附属设施架设管道、悬挂物品，可能危及公路安全,是,110115,11000000001318987086
九支队-大兴执法队,S226马朱路K5+000青采路口北,货车不规范苫盖,是,110115,11000000001318987086
九支队-大兴执法队,S226马朱路K5+000青采路口北,车辆装载物触地拖行、掉落、遗洒或者飘散，造成公路路面损坏、污染,是,110115,11000000001318987086
九支队-大兴执法队,X048德贤辅路K5+200五环北,擅自占用、挖掘公路,否,110115,
九支队-大兴执法队,X048德贤辅路K5+200五环北,在公路用地范围内设置公路标志以外的其他标志,否,110115,
九支队-大兴执法队,X048德贤辅路K5+200五环北,遮挡公路附属设施或者利用公路附属设施架设管道、悬挂物品，可能危及公路安全,否,110115,
九支队-大兴执法队,X048德贤辅路K5+200五环北,车辆装载物触地拖行、掉落、遗洒或者飘散，造成公路路面损坏、污染,否,110115,
九支队-大兴执法队,G106京开高速道路K28+170薛营入口收费站北200米出京（可控）,擅自占用、挖掘公路,是,110115,11011501071328440096
九支队-大兴执法队,G106京开高速道路K28+170薛营入口收费站北200米出京（可控）,在公路用地范围内设置公路标志以外的其他标志,是,110115,11011501071328440096
九支队-大兴执法队,G106京开高速道路K28+170薛营入口收费站北200米出京（可控）,遮挡公路附属设施或者利用公路附属设施架设管道、悬挂物品，可能危及公路安全,是,110115,11011501071328440096
九支队-大兴执法队,G106京开高速道路K28+170薛营入口收费站北200米出京（可控）,货车不规范苫盖,是,110115,11011501071328440096
九支队-大兴执法队,G106京开高速道路K28+170薛营入口收费站北200米出京（可控）,车辆装载物触地拖行、掉落、遗洒或者飘散，造成公路路面损坏、污染,是,110115,11011501071328440096
九支队-大兴执法队,G106京开高速广场K24+200三融入口出京1（可控）,擅自占用、挖掘公路,是,110115,11011501071328440035
九支队-大兴执法队,G106京开高速广场K24+200三融入口出京1（可控）,在公路用地范围内设置公路标志以外的其他标志,否,110115,11011501071328440035
九支队-大兴执法队,G106京开高速广场K24+200三融入口出京1（可控）,遮挡公路附属设施或者利用公路附属设施架设管道、悬挂物品，可能危及公路安全,否,110115,11011501071328440035
九支队-大兴执法队,G106京开高速广场K24+200三融入口出京1（可控）,货车不规范苫盖,是,110115,11011501071328440035
九支队-大兴执法队,G106京开高速广场K24+200三融入口出京1（可控）,车辆装载物触地拖行、掉落、遗洒或者飘散，造成公路路面损坏、污染,是,110115,11011501071328440035
九支队-大兴执法队,G3京台高速广场K5+600青云店出京入口2上行南（可控）,擅自占用、挖掘公路,否,110115,11011501071328050162
九支队-大兴执法队,G3京台高速广场K5+600青云店出京入口2上行南（可控）,在公路用地范围内设置公路标志以外的其他标志,否,110115,11011501071328050162
九支队-大兴执法队,G3京台高速广场K5+600青云店出京入口2上行南（可控）,遮挡公路附属设施或者利用公路附属设施架设管道、悬挂物品，可能危及公路安全,否,110115,11011501071328050162
九支队-大兴执法队,G3京台高速广场K5+600青云店出京入口2上行南（可控）,车辆装载物触地拖行、掉落、遗洒或者飘散，造成公路路面损坏、污染,否,110115,11011501071328050162
九支队-大兴执法队,S3300大兴机场北线K15+395下行内环新机场互通西,擅自占用、挖掘公路,是,110115,11011501071328220019
九支队-大兴执法队,S3300大兴机场北线K15+395下行内环新机场互通西,在公路用地范围内设置公路标志以外的其他标志,是,110115,11011501071328220019
九支队-大兴执法队,S3300大兴机场北线K15+395下行内环新机场互通西,遮挡公路附属设施或者利用公路附属设施架设管道、悬挂物品，可能危及公路安全,是,110115,11011501071328220019
九支队-大兴执法队,S3300大兴机场北线K15+395下行内环新机场互通西,货车不规范苫盖,是,110115,11011501071328220019
九支队-大兴执法队,S3300大兴机场北线K15+395下行内环新机场互通西,车辆装载物触地拖行、掉落、遗洒或者飘散，造成公路路面损坏、污染,是,110115,11011501071328220019
九支队-大兴执法队,S3300大兴机场北线K6+610下行,擅自占用、挖掘公路,是,110115,11011501071328220065
九支队-大兴执法队,S3300大兴机场北线K6+610下行,在公路用地范围内设置公路标志以外的其他标志,是,110115,11011501071328220065
九支队-大兴执法队,S3300大兴机场北线K6+610下行,遮挡公路附属设施或者利用公路附属设施架设管道、悬挂物品，可能危及公路安全,是,110115,11011501071328220065
九支队-大兴执法队,S3300大兴机场北线K6+610下行,货车不规范苫盖,是,110115,11011501071328220065
九支队-大兴执法队,S3300大兴机场北线K6+610下行,车辆装载物触地拖行、掉落、遗洒或者飘散，造成公路路面损坏、污染,是,110115,11011501071328220065
九支队-大兴执法队,G4501南六环道路K74+550南大红门2.5公里外环(可控),擅自占用、挖掘公路,是,110115,11011501071328230008
九支队-大兴执法队,G4501南六环道路K74+550南大红门2.5公里外环(可控),在公路用地范围内设置公路标志以外的其他标志,是,110115,11011501071328230008
九支队-大兴执法队,G4501南六环道路K74+550南大红门2.5公里外环(可控),遮挡公路附属设施或者利用公路附属设施架设管道、悬挂物品，可能危及公路安全,是,110115,11011501071328230008
九支队-大兴执法队,G4501南六环道路K74+550南大红门2.5公里外环(可控),货车不规范苫盖,是,110115,11011501071328230008
九支队-大兴执法队,G4501南六环道路K74+550南大红门2.5公里外环(可控),车辆装载物触地拖行、掉落、遗洒或者飘散，造成公路路面损坏、污染,是,110115,11011501071328230008
九支队-大兴执法队,G4501南六环广场K85+500念坛收费站入口内环(可控),擅自占用、挖掘公路,是,110115,11011501071328230056
九支队-大兴执法队,G4501南六环广场K85+500念坛收费站入口内环(可控),在公路用地范围内设置公路标志以外的其他标志,否,110115,11011501071328230056
九支队-大兴执法队,G4501南六环广场K85+500念坛收费站入口内环(可控),遮挡公路附属设施或者利用公路附属设施架设管道、悬挂物品，可能危及公路安全,否,110115,11011501071328230056
九支队-大兴执法队,G4501南六环广场K85+500念坛收费站入口内环(可控),车辆装载物触地拖行、掉落、遗洒或者飘散，造成公路路面损坏、污染,是,110115,11011501071328230056
九支队-大兴执法队,G45大广高速广场K1349+950求贤入口进京2（可控）,擅自占用、挖掘公路,是,110115,11011501071328160265
九支队-大兴执法队,G45大广高速广场K1349+950求贤入口进京2（可控）,在公路用地范围内设置公路标志以外的其他标志,是,110115,11011501071328160265
九支队-大兴执法队,G45大广高速广场K1349+950求贤入口进京2（可控）,遮挡公路附属设施或者利用公路附属设施架设管道、悬挂物品，可能危及公路安全,是,110115,11011501071328160265
九支队-大兴执法队,G45大广高速广场K1349+950求贤入口进京2（可控）,货车不规范苫盖,是,110115,11011501071328160265
九支队-大兴执法队,G45大广高速广场K1349+950求贤入口进京2（可控）,车辆装载物触地拖行、掉落、遗洒或者飘散，造成公路路面损坏、污染,是,110115,11011501071328160265
九支队-大兴执法队,S3501大兴机场高速K15+247进京-中心路01,擅自占用、挖掘公路,是,110115,11011501071328210050
九支队-大兴执法队,S3501大兴机场高速K15+247进京-中心路01,在公路用地范围内设置公路标志以外的其他标志,是,110115,11011501071328210050
九支队-大兴执法队,S3501大兴机场高速K15+247进京-中心路01,遮挡公路附属设施或者利用公路附属设施架设管道、悬挂物品，可能危及公路安全,否,110115,11011501071328210050
九支队-大兴执法队,S3501大兴机场高速K15+247进京-中心路01,车辆装载物触地拖行、掉落、遗洒或者飘散，造成公路路面损坏、污染,是,110115,11011501071328210050
九支队-大兴执法队,S3501大兴机场高速K3+450大兴新城收费站入广场3,擅自占用、挖掘公路,否,110115,
九支队-大兴执法队,S3501大兴机场高速K3+450大兴新城收费站入广场3,在公路用地范围内设置公路标志以外的其他标志,否,110115,
九支队-大兴执法队,S3501大兴机场高速K3+450大兴新城收费站入广场3,遮挡公路附属设施或者利用公路附属设施架设管道、悬挂物品，可能危及公路安全,否,110115,
九支队-大兴执法队,S3501大兴机场高速K3+450大兴新城收费站入广场3,货车不规范苫盖,否,110115,
九支队-大兴执法队,S3501大兴机场高速K3+450大兴新城收费站入广场3,车辆装载物触地拖行、掉落、遗洒或者飘散，造成公路路面损坏、污染,否,110115,
九支队-房山执法队,G107京港线K41+600京广线铁路,擅自占用、挖掘公路,是,110111,11000000001315030570
九支队-房山执法队,G107京港线K41+600京广线铁路,在公路用地范围内设置公路标志以外的其他标志,是,110111,11000000001315030570
九支队-房山执法队,G107京港线K41+600京广线铁路,遮挡公路附属设施或者利用公路附属设施架设管道、悬挂物品，可能危及公路安全,是,110111,11000000001315030570
九支队-房山执法队,G107京港线K41+600京广线铁路,货车不规范苫盖,是,110111,11000000001315030570
九支队-房山执法队,G107京港线K41+600京广线铁路,车辆装载物触地拖行、掉落、遗洒或者飘散，造成公路路面损坏、污染,是,110111,11000000001315030570
九支队-房山执法队,G107京港线K53+400琉璃河大桥,擅自占用、挖掘公路,是,110111,11000000001311125069
九支队-房山执法队,G107京港线K53+400琉璃河大桥,在公路用地范围内设置公路标志以外的其他标志,是,110111,11000000001311125069
九支队-房山执法队,G107京港线K53+400琉璃河大桥,遮挡公路附属设施或者利用公路附属设施架设管道、悬挂物品，可能危及公路安全,是,110111,11000000001311125069
九支队-房山执法队,G107京港线K53+400琉璃河大桥,货车不规范苫盖,是,110111,11000000001311125069
九支队-房山执法队,G107京港线K53+400琉璃河大桥,车辆装载物触地拖行、掉落、遗洒或者飘散，造成公路路面损坏、污染,是,110111,11000000001311125069
九支队-房山执法队,G107京港线K55+200琉璃河检查站（出京）,擅自占用、挖掘公路,是,110111,11000000001311523919
九支队-房山执法队,G107京港线K55+200琉璃河检查站（出京）,在公路用地范围内设置公路标志以外的其他标志,是,110111,11000000001311523919
九支队-房山执法队,G107京港线K55+200琉璃河检查站（出京）,遮挡公路附属设施或者利用公路附属设施架设管道、悬挂物品，可能危及公路安全,是,110111,11000000001311523919
九支队-房山执法队,G107京港线K55+200琉璃河检查站（出京）,货车不规范苫盖,是,110111,11000000001311523919
九支队-房山执法队,G107京港线K55+200琉璃河检查站（出京）,车辆装载物触地拖行、掉落、遗洒或者飘散，造成公路路面损坏、污染,是,110111,11000000001311523919
九支队-房山执法队,G107京港线K55+200琉璃河检查站（进京）,擅自占用、挖掘公路,是,110111,11000000001314007362
九支队-房山执法队,G107京港线K55+200琉璃河检查站（进京）,在公路用地范围内设置公路标志以外的其他标志,是,110111,11000000001314007362
九支队-房山执法队,G107京港线K55+200琉璃河检查站（进京）,遮挡公路附属设施或者利用公路附属设施架设管道、悬挂物品，可能危及公路安全,是,110111,11000000001314007362
九支队-房山执法队,G107京港线K55+200琉璃河检查站（进京）,货车不规范苫盖,是,110111,11000000001314007362
九支队-房山执法队,G107京港线K55+200琉璃河检查站（进京）,车辆装载物触地拖行、掉落、遗洒或者飘散，造成公路路面损坏、污染,是,110111,11000000001314007362
九支队-房山执法队,G108京昆线K48+000东庄子桥,擅自占用、挖掘公路,是,110111,11000000001313872319
九支队-房山执法队,G108京昆线K48+000东庄子桥,在公路用地范围内设置公路标志以外的其他标志,是,110111,11000000001313872319
九支队-房山执法队,G108京昆线K48+000东庄子桥,遮挡公路附属设施或者利用公路附属设施架设管道、悬挂物品，可能危及公路安全,是,110111,11000000001313872319
九支队-房山执法队,G108京昆线K48+000东庄子桥,货车不规范苫盖,是,110111,11000000001313872319
九支队-房山执法队,G108京昆线K48+000东庄子桥,车辆装载物触地拖行、掉落、遗洒或者飘散，造成公路路面损坏、污染,是,110111,11000000001313872319
九支队-房山执法队,G230通武线K1178+700下穿京广高铁桥北,擅自占用、挖掘公路,是,110111,11000000001317455018
九支队-房山执法队,G230通武线K1178+700下穿京广高铁桥北,在公路用地范围内设置公路标志以外的其他标志,是,110111,11000000001317455018
九支队-房山执法队,G230通武线K1178+700下穿京广高铁桥北,遮挡公路附属设施或者利用公路附属设施架设管道、悬挂物品，可能危及公路安全,是,110111,11000000001317455018
九支队-房山执法队,G230通武线K1178+700下穿京广高铁桥北,车辆装载物触地拖行、掉落、遗洒或者飘散，造成公路路面损坏、污染,是,110111,11000000001317455018
九支队-房山执法队,G230通武线K1180+100常舍村（出京）,擅自占用、挖掘公路,是,110111,11000000001316769609
九支队-房山执法队,G230通武线K1180+100常舍村（出京）,在公路用地范围内设置公路标志以外的其他标志,是,110111,11000000001316769609
九支队-房山执法队,G230通武线K1180+100常舍村（出京）,遮挡公路附属设施或者利用公路附属设施架设管道、悬挂物品，可能危及公路安全,是,110111,11000000001316769609
九支队-房山执法队,G230通武线K1180+100常舍村（出京）,货车不规范苫盖,是,110111,11000000001316769609
九支队-房山执法队,G230通武线K1180+100常舍村（出京）,车辆装载物触地拖行、掉落、遗洒或者飘散，造成公路路面损坏、污染,是,110111,11000000001316769609
九支队-房山执法队,G230通武线K1180+100常舍村（进京）,擅自占用、挖掘公路,是,110111,11000000001311020418
九支队-房山执法队,G230通武线K1180+100常舍村（进京）,在公路用地范围内设置公路标志以外的其他标志,是,110111,11000000001311020418
九支队-房山执法队,G230通武线K1180+100常舍村（进京）,遮挡公路附属设施或者利用公路附属设施架设管道、悬挂物品，可能危及公路安全,是,110111,11000000001311020418
九支队-房山执法队,G230通武线K1180+100常舍村（进京）,货车不规范苫盖,是,110111,11000000001311020418
九支队-房山执法队,G230通武线K1180+100常舍村（进京）,车辆装载物触地拖行、掉落、遗洒或者飘散，造成公路路面损坏、污染,是,110111,11000000001311020418
九支队-房山执法队,G230通武线K1180+134通武线与琉陶路交叉口南,擅自占用、挖掘公路,是,110111,11000000001319087302
九支队-房山执法队,G230通武线K1180+134通武线与琉陶路交叉口南,在公路用地范围内设置公路标志以外的其他标志,是,110111,11000000001319087302
九支队-房山执法队,G230通武线K1180+134通武线与琉陶路交叉口南,遮挡公路附属设施或者利用公路附属设施架设管道、悬挂物品，可能危及公路安全,是,110111,11000000001319087302
九支队-房山执法队,G230通武线K1180+134通武线与琉陶路交叉口南,货车不规范苫盖,是,110111,11000000001319087302
九支队-房山执法队,G230通武线K1180+134通武线与琉陶路交叉口南,车辆装载物触地拖行、掉落、遗洒或者飘散，造成公路路面损坏、污染,是,110111,11000000001319087302
九支队-房山执法队,G234兴阳线K402+010兴阳线坟庄村非限全景,擅自占用、挖掘公路,是,110111,11000000001319309175
九支队-房山执法队,G234兴阳线K402+010兴阳线坟庄村非限全景,在公路用地范围内设置公路标志以外的其他标志,是,110111,11000000001319309175
九支队-房山执法队,G234兴阳线K402+010兴阳线坟庄村非限全景,遮挡公路附属设施或者利用公路附属设施架设管道、悬挂物品，可能危及公路安全,是,110111,11000000001319309175
九支队-房山执法队,G234兴阳线K402+010兴阳线坟庄村非限全景,车辆装载物触地拖行、掉落、遗洒或者飘散，造成公路路面损坏、污染,是,110111,11000000001319309175
九支队-房山执法队,G234兴阳线K386+350周支铁路,擅自占用、挖掘公路,是,110111,11000000001317589880
九支队-房山执法队,G234兴阳线K386+350周支铁路,在公路用地范围内设置公路标志以外的其他标志,是,110111,11000000001317589880
九支队-房山执法队,G234兴阳线K386+350周支铁路,遮挡公路附属设施或者利用公路附属设施架设管道、悬挂物品，可能危及公路安全,是,110111,11000000001317589880
九支队-房山执法队,G234兴阳线K386+350周支铁路,货车不规范苫盖,是,110111,11000000001317589880
九支队-房山执法队,G234兴阳线K386+350周支铁路,车辆装载物触地拖行、掉落、遗洒或者飘散，造成公路路面损坏、污染,是,110111,11000000001317589880
九支队-房山执法队,S313岳琉路K11+650水泥厂泵站,擅自占用、挖掘公路,是,110111,11000000001312470790
九支队-房山执法队,S313岳琉路K11+650水泥厂泵站,在公路用地范围内设置公路标志以外的其他标志,是,110111,11000000001312470790
九支队-房山执法队,S313岳琉路K11+650水泥厂泵站,遮挡公路附属设施或者利用公路附属设施架设管道、悬挂物品，可能危及公路安全,是,110111,11000000001312470790
九支队-房山执法队,S313岳琉路K11+650水泥厂泵站,车辆装载物触地拖行、掉落、遗洒或者飘散，造成公路路面损坏、污染,是,110111,11000000001312470790
九支队-房山执法队,S313岳琉路K9+100李庄泵站,擅自占用、挖掘公路,是,110111,11000000001315544554
九支队-房山执法队,S313岳琉路K9+100李庄泵站,在公路用地范围内设置公路标志以外的其他标志,是,110111,11000000001315544554
九支队-房山执法队,S313岳琉路K9+100李庄泵站,遮挡公路附属设施或者利用公路附属设施架设管道、悬挂物品，可能危及公路安全,是,110111,11000000001315544554
九支队-房山执法队,S313岳琉路K9+100李庄泵站,货车不规范苫盖,是,110111,11000000001315544554
九支队-房山执法队,S313岳琉路K9+100李庄泵站,车辆装载物触地拖行、掉落、遗洒或者飘散，造成公路路面损坏、污染,是,110111,11000000001315544554
九支队-房山执法队,S315兴良路K9+900非现全景,擅自占用、挖掘公路,否,110111,
九支队-房山执法队,S315兴良路K9+900非现全景,在公路用地范围内设置公路标志以外的其他标志,否,110111,
九支队-房山执法队,S315兴良路K9+900非现全景,遮挡公路附属设施或者利用公路附属设施架设管道、悬挂物品，可能危及公路安全,否,110111,
九支队-房山执法队,S315兴良路K9+900非现全景,车辆装载物触地拖行、掉落、遗洒或者飘散，造成公路路面损坏、污染,否,110111,
九支队-房山执法队,S320G108复线K15+889长操隧道03 进京方向,擅自占用、挖掘公路,是,110111,11000000001313048334
九支队-房山执法队,S320G108复线K15+889长操隧道03 进京方向,在公路用地范围内设置公路标志以外的其他标志,是,110111,11000000001313048334
九支队-房山执法队,S320G108复线K15+889长操隧道03 进京方向,遮挡公路附属设施或者利用公路附属设施架设管道、悬挂物品，可能危及公路安全,是,110111,11000000001313048334
九支队-房山执法队,S320G108复线K15+889长操隧道03 进京方向,货车不规范苫盖,是,110111,11000000001313048334
九支队-房山执法队,S320G108复线K15+889长操隧道03 进京方向,车辆装载物触地拖行、掉落、遗洒或者飘散，造成公路路面损坏、污染,是,110111,11000000001313048334
九支队-房山执法队,S326大件路K9+710丁家洼桥东,擅自占用、挖掘公路,是,110111,11000000001312446525
九支队-房山执法队,S326大件路K9+710丁家洼桥东,在公路用地范围内设置公路标志以外的其他标志,否,110111,11000000001312446525
九支队-房山执法队,S326大件路K9+710丁家洼桥东,遮挡公路附属设施或者利用公路附属设施架设管道、悬挂物品，可能危及公路安全,是,110111,11000000001312446525
九支队-房山执法队,S326大件路K9+710丁家洼桥东,车辆装载物触地拖行、掉落、遗洒或者飘散，造成公路路面损坏、污染,是,110111,11000000001312446525
九支队-房山执法队,G4501南六环广场K94+200长阳收费站入口内环(可控),擅自占用、挖掘公路,是,110111,11011101071328230051
九支队-房山执法队,G4501南六环广场K94+200长阳收费站入口内环(可控),在公路用地范围内设置公路标志以外的其他标志,是,110111,11011101071328230051
九支队-房山执法队,G4501南六环广场K94+200长阳收费站入口内环(可控),遮挡公路附属设施或者利用公路附属设施架设管道、悬挂物品，可能危及公路安全,是,110111,11011101071328230051
九支队-房山执法队,G4501南六环广场K94+200长阳收费站入口内环(可控),货车不规范苫盖,是,110111,11011101071328230051
九支队-房山执法队,G4501南六环广场K94+200长阳收费站入口内环(可控),车辆装载物触地拖行、掉落、遗洒或者飘散，造成公路路面损坏、污染,是,110111,11011101071328230051
九支队-房山执法队,G4京港澳高速广场K18+900京良收费站双向入口双向北2（可控）,擅自占用、挖掘公路,否,110111,
九支队-房山执法队,G4京港澳高速广场K18+900京良收费站双向入口双向北2（可控）,在公路用地范围内设置公路标志以外的其他标志,否,110111,
九支队-房山执法队,G4京港澳高速广场K18+900京良收费站双向入口双向北2（可控）,遮挡公路附属设施或者利用公路附属设施架设管道、悬挂物品，可能危及公路安全,否,110111,
九支队-房山执法队,G4京港澳高速广场K18+900京良收费站双向入口双向北2（可控）,车辆装载物触地拖行、掉落、遗洒或者飘散，造成公路路面损坏、污染,否,110111,
九支队-房山执法队,G5京昆高速广场K25+000夏村收费站入口双向（可控）,擅自占用、挖掘公路,是,110111,11011101071328110008
九支队-房山执法队,G5京昆高速广场K25+000夏村收费站入口双向（可控）,在公路用地范围内设置公路标志以外的其他标志,否,110111,11011101071328110008
九支队-房山执法队,G5京昆高速广场K25+000夏村收费站入口双向（可控）,遮挡公路附属设施或者利用公路附属设施架设管道、悬挂物品，可能危及公路安全,否,110111,11011101071328110008
九支队-房山执法队,G5京昆高速广场K25+000夏村收费站入口双向（可控）,车辆装载物触地拖行、掉落、遗洒或者飘散，造成公路路面损坏、污染,是,110111,11011101071328110008
九支队-房山执法队,G5京昆高速广场K25+000夏村收费站入口双向（可控）,货车不规范苫盖,是,110111,11011101071328110008
九支队-房山执法队,S3601京雄高速全景（4+1）K14+870出京,擅自占用、挖掘公路,否,110111,
九支队-房山执法队,S3601京雄高速全景（4+1）K14+870出京,在公路用地范围内设置公路标志以外的其他标志,否,110111,
九支队-房山执法队,S3601京雄高速全景（4+1）K14+870出京,遮挡公路附属设施或者利用公路附属设施架设管道、悬挂物品，可能危及公路安全,否,110111,
九支队-房山执法队,S3601京雄高速全景（4+1）K14+870出京,车辆装载物触地拖行、掉落、遗洒或者飘散，造成公路路面损坏、污染,否,110111,
九支队-大兴执法队,G3京台高速广场K5+600青云店出京入口2上行南（可控）,在公路上及公路用地范围内堆放物品,是,110115,11011501071328050162
九支队-大兴执法队,G3京台高速广场K5+600青云店出京入口2上行南（可控）,在公路上及公路用地范围内摆摊设点,是,110115,11011501071328050162
九支队-大兴执法队,G3京台高速广场K5+600青云店出京入口2上行南（可控）,在公路范围内擅自移动井盖,否,110115,11011501071328050162
九支队-大兴执法队,G3京台高速广场K5+600青云店出京入口2上行南（可控）,擅自占用、挖掘公路,是,110115,11011501071328050162
九支队-大兴执法队,G3京台高速广场K5+600青云店出京入口2上行南（可控）,在公路用地范围内设置公路标志以外的其他标志,否,110115,11011501071328050162
九支队-大兴执法队,G3京台高速广场K5+600青云店出京入口2上行南（可控）,遮挡公路附属设施或者利用公路附属设施架设管道、悬挂物品，可能危及公路安全,否,110115,11011501071328050162
九支队-大兴执法队,G3京台高速广场K5+600青云店出京入口2上行南（可控）,车辆装载物触地拖行、掉落、遗洒或者飘散，造成公路路面损坏、污染,是,110115,11011501071328050162
九支队-大兴执法队,G3京台高速广场K5+600青云店进京出口2下行北（可控）,在公路上及公路用地范围内堆放物品,是,110115,11011501071328050165
九支队-大兴执法队,G3京台高速广场K5+600青云店进京出口2下行北（可控）,在公路上及公路用地范围内摆摊设点,是,110115,11011501071328050165
九支队-大兴执法队,G3京台高速广场K5+600青云店进京出口2下行北（可控）,在公路范围内擅自移动井盖,否,110115,11011501071328050165
九支队-大兴执法队,G3京台高速广场K5+600青云店进京出口2下行北（可控）,擅自占用、挖掘公路,是,110115,11011501071328050165
九支队-大兴执法队,G3京台高速广场K5+600青云店进京出口2下行北（可控）,在公路用地范围内设置公路标志以外的其他标志,否,110115,11011501071328050165
九支队-大兴执法队,G3京台高速广场K5+600青云店进京出口2下行北（可控）,遮挡公路附属设施或者利用公路附属设施架设管道、悬挂物品，可能危及公路安全,是,110115,11011501071328050165
九支队-大兴执法队,G3京台高速广场K5+600青云店进京出口2下行北（可控）,车辆装载物触地拖行、掉落、遗洒或者飘散，造成公路路面损坏、污染,是,110115,11011501071328050165
九支队-大兴执法队,G3京台高速广场K5+800青云店出京入口上行北（可控）,在公路上及公路用地范围内堆放物品,否,110115,11011501071328050163
九支队-大兴执法队,G3京台高速广场K5+800青云店出京入口上行北（可控）,在公路上及公路用地范围内摆摊设点,否,110115,11011501071328050163
九支队-大兴执法队,G3京台高速广场K5+800青云店出京入口上行北（可控）,在公路范围内擅自移动井盖,否,110115,11011501071328050163
九支队-大兴执法队,G3京台高速广场K5+800青云店出京入口上行北（可控）,擅自占用、挖掘公路,否,110115,11011501071328050163
九支队-大兴执法队,G3京台高速广场K5+800青云店出京入口上行北（可控）,在公路用地范围内设置公路标志以外的其他标志,否,110115,11011501071328050163
九支队-大兴执法队,G3京台高速广场K5+800青云店出京入口上行北（可控）,遮挡公路附属设施或者利用公路附属设施架设管道、悬挂物品，可能危及公路安全,否,110115,11011501071328050163
九支队-大兴执法队,G3京台高速广场K5+800青云店出京入口上行北（可控）,车辆装载物触地拖行、掉落、遗洒或者飘散，造成公路路面损坏、污染,否,110115,11011501071328050163
九支队-大兴执法队,大兴机场礼贤服务区,在公路上及公路用地范围内堆放物品,否,110115,
九支队-大兴执法队,大兴机场礼贤服务区,在公路上及公路用地范围内摆摊设点,否,110115,
九支队-大兴执法队,大兴机场礼贤服务区,在公路范围内擅自移动井盖,否,110115,
九支队-大兴执法队,大兴机场礼贤服务区,擅自占用、挖掘公路,否,110115,
九支队-大兴执法队,大兴机场礼贤服务区,在公路用地范围内设置公路标志以外的其他标志,否,110115,
九支队-大兴执法队,大兴机场礼贤服务区,遮挡公路附属设施或者利用公路附属设施架设管道、悬挂物品，可能危及公路安全,否,110115,
九支队-大兴执法队,大兴机场礼贤服务区,车辆装载物触地拖行、掉落、遗洒或者飘散，造成公路路面损坏、污染,否,110115,
九支队-延庆执法队,S3801京礼高速道路K53+320进京-阪泉服务区进京侧西南口 （可控）,在公路上及公路用地范围内堆放物品,否,110119,
九支队-延庆执法队,S3801京礼高速道路K53+320进京-阪泉服务区进京侧西南口 （可控）,在公路上及公路用地范围内摆摊设点,否,110119,
九支队-延庆执法队,S3801京礼高速道路K53+320进京-阪泉服务区进京侧西南口 （可控）,在公路范围内擅自移动井盖,否,110119,
九支队-延庆执法队,S3801京礼高速道路K53+320进京-阪泉服务区进京侧西南口 （可控）,擅自占用、挖掘公路,否,110119,
九支队-延庆执法队,S3801京礼高速道路K53+320进京-阪泉服务区进京侧西南口 （可控）,在公路用地范围内设置公路标志以外的其他标志,否,110119,
九支队-延庆执法队,S3801京礼高速道路K53+320进京-阪泉服务区进京侧西南口 （可控）,遮挡公路附属设施或者利用公路附属设施架设管道、悬挂物品，可能危及公路安全,否,110119,
九支队-延庆执法队,S3801京礼高速道路K53+320进京-阪泉服务区进京侧西南口 （可控）,车辆装载物触地拖行、掉落、遗洒或者飘散，造成公路路面损坏、污染,否,110119,
九支队-延庆执法队,S3801京礼高速道路K53+900阪泉服务区出京（可控）,在公路上及公路用地范围内堆放物品,是,110119,11011901071328090635
九支队-延庆执法队,S3801京礼高速道路K53+900阪泉服务区出京（可控）,在公路上及公路用地范围内摆摊设点,是,110119,11011901071328090635
九支队-延庆执法队,S3801京礼高速道路K53+900阪泉服务区出京（可控）,在公路范围内擅自移动井盖,否,110119,11011901071328090635
九支队-延庆执法队,S3801京礼高速道路K53+900阪泉服务区出京（可控）,擅自占用、挖掘公路,是,110119,11011901071328090635
九支队-延庆执法队,S3801京礼高速道路K53+900阪泉服务区出京（可控）,在公路用地范围内设置公路标志以外的其他标志,是,110119,11011901071328090635
九支队-延庆执法队,S3801京礼高速道路K53+900阪泉服务区出京（可控）,遮挡公路附属设施或者利用公路附属设施架设管道、悬挂物品，可能危及公路安全,是,110119,11011901071328090635
九支队-延庆执法队,S3801京礼高速道路K53+900阪泉服务区出京（可控）,车辆装载物触地拖行、掉落、遗洒或者飘散，造成公路路面损坏、污染,是,110119,11011901071328090635
九支队-延庆执法队,S3801京礼高速道路K53+800进京-阪泉服务区进京侧西口 （可控）,在公路上及公路用地范围内堆放物品,否,110119,
九支队-延庆执法队,S3801京礼高速道路K53+800进京-阪泉服务区进京侧西口 （可控）,在公路上及公路用地范围内摆摊设点,否,110119,
九支队-延庆执法队,S3801京礼高速道路K53+800进京-阪泉服务区进京侧西口 （可控）,在公路范围内擅自移动井盖,否,110119,
九支队-延庆执法队,S3801京礼高速道路K53+800进京-阪泉服务区进京侧西口 （可控）,擅自占用、挖掘公路,否,110119,
九支队-延庆执法队,S3801京礼高速道路K53+800进京-阪泉服务区进京侧西口 （可控）,在公路用地范围内设置公路标志以外的其他标志,否,110119,
九支队-延庆执法队,S3801京礼高速道路K53+800进京-阪泉服务区进京侧西口 （可控）,遮挡公路附属设施或者利用公路附属设施架设管道、悬挂物品，可能危及公路安全,否,110119,
九支队-延庆执法队,S3801京礼高速道路K53+800进京-阪泉服务区进京侧西口 （可控）,车辆装载物触地拖行、掉落、遗洒或者飘散，造成公路路面损坏、污染,是,110119,
九支队-昌平执法队,G6京藏高速道路K27+000百葛服务区进京,在公路上及公路用地范围内堆放物品,否,110114,
九支队-昌平执法队,G6京藏高速道路K27+000百葛服务区进京,在公路上及公路用地范围内摆摊设点,否,110114,
九支队-昌平执法队,G6京藏高速道路K27+000百葛服务区进京,在公路范围内擅自移动井盖,否,110114,
九支队-昌平执法队,G6京藏高速道路K27+000百葛服务区进京,擅自占用、挖掘公路,否,110114,
九支队-昌平执法队,G6京藏高速道路K27+000百葛服务区进京,在公路用地范围内设置公路标志以外的其他标志,否,110114,
九支队-昌平执法队,G6京藏高速道路K27+000百葛服务区进京,遮挡公路附属设施或者利用公路附属设施架设管道、悬挂物品，可能危及公路安全,否,110114,
九支队-昌平执法队,G6京藏高速道路K27+000百葛服务区进京,车辆装载物触地拖行、掉落、遗洒或者飘散，造成公路路面损坏、污染,否,110114,
九支队-昌平执法队,S3801京礼高速K7+359上店服务区南区进京03,在公路上及公路用地范围内堆放物品,否,110114,
九支队-昌平执法队,S3801京礼高速K7+359上店服务区南区进京03,在公路上及公路用地范围内摆摊设点,否,110114,
九支队-昌平执法队,S3801京礼高速K7+359上店服务区南区进京03,在公路范围内擅自移动井盖,否,110114,
九支队-昌平执法队,S3801京礼高速K7+359上店服务区南区进京03,擅自占用、挖掘公路,否,110114,
九支队-昌平执法队,S3801京礼高速K7+359上店服务区南区进京03,在公路用地范围内设置公路标志以外的其他标志,否,110114,
九支队-昌平执法队,S3801京礼高速K7+359上店服务区南区进京03,遮挡公路附属设施或者利用公路附属设施架设管道、悬挂物品，可能危及公路安全,否,110114,
九支队-昌平执法队,S3801京礼高速K7+359上店服务区南区进京03,车辆装载物触地拖行、掉落、遗洒或者飘散，造成公路路面损坏、污染,否,110114,
九支队-昌平执法队,S3801京礼高速K7+359上店服务区南区进京04,在公路上及公路用地范围内堆放物品,否,110114,
九支队-昌平执法队,S3801京礼高速K7+359上店服务区南区进京04,在公路上及公路用地范围内摆摊设点,否,110114,
九支队-昌平执法队,S3801京礼高速K7+359上店服务区南区进京04,在公路范围内擅自移动井盖,否,110114,
九支队-昌平执法队,S3801京礼高速K7+359上店服务区南区进京04,擅自占用、挖掘公路,否,110114,
九支队-昌平执法队,S3801京礼高速K7+359上店服务区南区进京04,在公路用地范围内设置公路标志以外的其他标志,否,110114,
九支队-昌平执法队,S3801京礼高速K7+359上店服务区南区进京04,遮挡公路附属设施或者利用公路附属设施架设管道、悬挂物品，可能危及公路安全,否,110114,
九支队-昌平执法队,S3801京礼高速K7+359上店服务区南区进京04,车辆装载物触地拖行、掉落、遗洒或者飘散，造成公路路面损坏、污染,否,110114,
九支队-房山执法队,G4京港澳高速道路K35+000窦店站区附近出京下行南（可控）,在公路上及公路用地范围内堆放物品,是,110111,11011101071328140030
九支队-房山执法队,G4京港澳高速道路K35+000窦店站区附近出京下行南（可控）,在公路上及公路用地范围内摆摊设点,是,110111,11011101071328140030
九支队-房山执法队,G4京港澳高速道路K35+000窦店站区附近出京下行南（可控）,在公路范围内擅自移动井盖,否,110111,11011101071328140030
九支队-房山执法队,G4京港澳高速道路K35+000窦店站区附近出京下行南（可控）,擅自占用、挖掘公路,是,110111,11011101071328140030
九支队-房山执法队,G4京港澳高速道路K35+000窦店站区附近出京下行南（可控）,在公路用地范围内设置公路标志以外的其他标志,是,110111,11011101071328140030
九支队-房山执法队,G4京港澳高速道路K35+000窦店站区附近出京下行南（可控）,遮挡公路附属设施或者利用公路附属设施架设管道、悬挂物品，可能危及公路安全,是,110111,11011101071328140030
九支队-房山执法队,G4京港澳高速道路K35+000窦店站区附近出京下行南（可控）,车辆装载物触地拖行、掉落、遗洒或者飘散，造成公路路面损坏、污染,否,110111,11011101071328140030
九支队-房山执法队,G5京昆高速道路K36+780服务区1出京（可控）,在公路上及公路用地范围内堆放物品,是,110111,
九支队-房山执法队,G5京昆高速道路K36+780服务区1出京（可控）,在公路上及公路用地范围内摆摊设点,是,110111,
九支队-房山执法队,G5京昆高速道路K36+780服务区1出京（可控）,在公路范围内擅自移动井盖,否,110111,
九支队-房山执法队,G5京昆高速道路K36+780服务区1出京（可控）,擅自占用、挖掘公路,是,110111,
九支队-房山执法队,G5京昆高速道路K36+780服务区1出京（可控）,在公路用地范围内设置公路标志以外的其他标志,是,110111,
九支队-房山执法队,G5京昆高速道路K36+780服务区1出京（可控）,遮挡公路附属设施或者利用公路附属设施架设管道、悬挂物品，可能危及公路安全,是,110111,
九支队-房山执法队,G5京昆高速道路K36+780服务区1出京（可控）,车辆装载物触地拖行、掉落、遗洒或者飘散，造成公路路面损坏、污染,是,110111,
九支队-房山执法队,G5京昆高速道路K36+950服务区2进京（可控）,在公路上及公路用地范围内堆放物品,否,110111,11011101071328110056
九支队-房山执法队,G5京昆高速道路K36+950服务区2进京（可控）,在公路上及公路用地范围内摆摊设点,否,110111,11011101071328110056
九支队-房山执法队,G5京昆高速道路K36+950服务区2进京（可控）,在公路范围内擅自移动井盖,否,110111,11011101071328110056
九支队-房山执法队,G5京昆高速道路K36+950服务区2进京（可控）,擅自占用、挖掘公路,否,110111,11011101071328110056
九支队-房山执法队,G5京昆高速道路K36+950服务区2进京（可控）,在公路用地范围内设置公路标志以外的其他标志,否,110111,11011101071328110056
九支队-房山执法队,G5京昆高速道路K36+950服务区2进京（可控）,遮挡公路附属设施或者利用公路附属设施架设管道、悬挂物品，可能危及公路安全,否,110111,11011101071328110056
九支队-房山执法队,G5京昆高速道路K36+950服务区2进京（可控）,车辆装载物触地拖行、掉落、遗洒或者飘散，造成公路路面损坏、污染,是,110111,11011101071328110056
九支队-房山执法队,S3601京雄高速全景（4+1）K14+870出京,在公路上及公路用地范围内堆放物品,否,110111,
九支队-房山执法队,S3601京雄高速全景（4+1）K14+870出京,在公路上及公路用地范围内摆摊设点,否,110111,
九支队-房山执法队,S3601京雄高速全景（4+1）K14+870出京,在公路范围内擅自移动井盖,否,110111,
九支队-房山执法队,S3601京雄高速全景（4+1）K14+870出京,擅自占用、挖掘公路,否,110111,
九支队-房山执法队,S3601京雄高速全景（4+1）K14+870出京,在公路用地范围内设置公路标志以外的其他标志,否,110111,
九支队-房山执法队,S3601京雄高速全景（4+1）K14+870出京,遮挡公路附属设施或者利用公路附属设施架设管道、悬挂物品，可能危及公路安全,否,110111,
九支队-房山执法队,S3601京雄高速全景（4+1）K14+870出京,车辆装载物触地拖行、掉落、遗洒或者飘散，造成公路路面损坏、污染,否,110111,
九支队-房山执法队,S3601京雄高速遥控K14+700进京,在公路上及公路用地范围内堆放物品,否,110111,
九支队-房山执法队,S3601京雄高速遥控K14+700进京,在公路上及公路用地范围内摆摊设点,否,110111,
九支队-房山执法队,S3601京雄高速遥控K14+700进京,在公路范围内擅自移动井盖,否,110111,
九支队-房山执法队,S3601京雄高速遥控K14+700进京,擅自占用、挖掘公路,否,110111,
九支队-房山执法队,S3601京雄高速遥控K14+700进京,在公路用地范围内设置公路标志以外的其他标志,否,110111,
九支队-房山执法队,S3601京雄高速遥控K14+700进京,遮挡公路附属设施或者利用公路附属设施架设管道、悬挂物品，可能危及公路安全,否,110111,
九支队-房山执法队,S3601京雄高速遥控K14+700进京,车辆装载物触地拖行、掉落、遗洒或者飘散，造成公路路面损坏、污染,否,110111,
九支队-房山执法队,G107京港线K25+500黄良线铁路,在公路上及公路用地范围内堆放物品,是,110111,11000000001315274648
九支队-房山执法队,G107京港线K25+500黄良线铁路,在公路上及公路用地范围内摆摊设点,是,110111,11000000001315274648
九支队-房山执法队,G107京港线K25+500黄良线铁路,在公路范围内擅自移动井盖,否,110111,11000000001315274648
九支队-房山执法队,G107京港线K25+500黄良线铁路,擅自占用、挖掘公路,是,110111,11000000001315274648
九支队-房山执法队,G107京港线K25+500黄良线铁路,在公路用地范围内设置公路标志以外的其他标志,是,110111,11000000001315274648
九支队-房山执法队,G107京港线K25+500黄良线铁路,遮挡公路附属设施或者利用公路附属设施架设管道、悬挂物品，可能危及公路安全,是,110111,11000000001315274648
九支队-房山执法队,G107京港线K25+500黄良线铁路,车辆装载物触地拖行、掉落、遗洒或者飘散，造成公路路面损坏、污染,否,110111,11000000001315274648
九支队-房山执法队,G107京港线K47+300京港澳高速,在公路上及公路用地范围内堆放物品,否,110111,
九支队-房山执法队,G107京港线K47+300京港澳高速,在公路上及公路用地范围内摆摊设点,否,110111,
九支队-房山执法队,G107京港线K47+300京港澳高速,在公路范围内擅自移动井盖,否,110111,
九支队-房山执法队,G107京港线K47+300京港澳高速,擅自占用、挖掘公路,否,110111,
九支队-房山执法队,G107京港线K47+300京港澳高速,在公路用地范围内设置公路标志以外的其他标志,否,110111,
九支队-房山执法队,G107京港线K47+300京港澳高速,遮挡公路附属设施或者利用公路附属设施架设管道、悬挂物品，可能危及公路安全,否,110111,
九支队-房山执法队,G107京港线K47+300京港澳高速,车辆装载物触地拖行、掉落、遗洒或者飘散，造成公路路面损坏、污染,否,110111,
九支队-房山执法队,G234兴阳线K359+730积水点,在公路上及公路用地范围内堆放物品,是,110111,11000000001316494428
九支队-房山执法队,G234兴阳线K359+730积水点,在公路上及公路用地范围内摆摊设点,是,110111,11000000001316494428
九支队-房山执法队,G234兴阳线K359+730积水点,在公路范围内擅自移动井盖,否,110111,11000000001316494428
九支队-房山执法队,G234兴阳线K359+730积水点,擅自占用、挖掘公路,是,110111,11000000001316494428
九支队-房山执法队,G234兴阳线K359+730积水点,在公路用地范围内设置公路标志以外的其他标志,是,110111,11000000001316494428
九支队-房山执法队,G234兴阳线K359+730积水点,遮挡公路附属设施或者利用公路附属设施架设管道、悬挂物品，可能危及公路安全,是,110111,11000000001316494428
九支队-房山执法队,G234兴阳线K359+730积水点,车辆装载物触地拖行、掉落、遗洒或者飘散，造成公路路面损坏、污染,是,110111,11000000001316494428
九支队-房山执法队,G234兴阳线K386+350周支铁路,在公路上及公路用地范围内堆放物品,是,110111,11000000001317589880
九支队-房山执法队,G234兴阳线K386+350周支铁路,在公路上及公路用地范围内摆摊设点,是,110111,11000000001317589880
九支队-房山执法队,G234兴阳线K386+350周支铁路,在公路范围内擅自移动井盖,否,110111,11000000001317589880
九支队-房山执法队,G234兴阳线K386+350周支铁路,擅自占用、挖掘公路,是,110111,11000000001317589880
九支队-房山执法队,G234兴阳线K386+350周支铁路,在公路用地范围内设置公路标志以外的其他标志,是,110111,11000000001317589880
九支队-房山执法队,G234兴阳线K386+350周支铁路,遮挡公路附属设施或者利用公路附属设施架设管道、悬挂物品，可能危及公路安全,是,110111,11000000001317589880
九支队-房山执法队,G234兴阳线K386+350周支铁路,车辆装载物触地拖行、掉落、遗洒或者飘散，造成公路路面损坏、污染,是,110111,11000000001317589880
九支队-房山执法队,S313岳琉路K11+650水泥厂泵站,在公路上及公路用地范围内堆放物品,是,110111,11000000001312470790
九支队-房山执法队,S313岳琉路K11+650水泥厂泵站,在公路上及公路用地范围内摆摊设点,是,110111,11000000001312470790
九支队-房山执法队,S313岳琉路K11+650水泥厂泵站,在公路范围内擅自移动井盖,否,110111,11000000001312470790
九支队-房山执法队,S313岳琉路K11+650水泥厂泵站,擅自占用、挖掘公路,是,110111,11000000001312470790
九支队-房山执法队,S313岳琉路K11+650水泥厂泵站,在公路用地范围内设置公路标志以外的其他标志,是,110111,11000000001312470790
九支队-房山执法队,S313岳琉路K11+650水泥厂泵站,遮挡公路附属设施或者利用公路附属设施架设管道、悬挂物品，可能危及公路安全,是,110111,11000000001312470790
九支队-房山执法队,S313岳琉路K11+650水泥厂泵站,车辆装载物触地拖行、掉落、遗洒或者飘散，造成公路路面损坏、污染,是,110111,11000000001312470790
九支队-房山执法队,S313岳琉路K9+100李庄泵站,在公路上及公路用地范围内堆放物品,是,110111,11000000001315544554
九支队-房山执法队,S313岳琉路K9+100李庄泵站,在公路上及公路用地范围内摆摊设点,是,110111,11000000001315544554
九支队-房山执法队,S313岳琉路K9+100李庄泵站,在公路范围内擅自移动井盖,否,110111,11000000001315544554
九支队-房山执法队,S313岳琉路K9+100李庄泵站,擅自占用、挖掘公路,是,110111,11000000001315544554
九支队-房山执法队,S313岳琉路K9+100李庄泵站,在公路用地范围内设置公路标志以外的其他标志,是,110111,11000000001315544554
九支队-房山执法队,S313岳琉路K9+100李庄泵站,遮挡公路附属设施或者利用公路附属设施架设管道、悬挂物品，可能危及公路安全,是,110111,11000000001315544554
九支队-房山执法队,S313岳琉路K9+100李庄泵站,车辆装载物触地拖行、掉落、遗洒或者飘散，造成公路路面损坏、污染,否,110111,11000000001315544554
九支队-房山执法队,S316兴良路K17+800京广铁路,在公路上及公路用地范围内堆放物品,是,110111,11000000001315578322
九支队-房山执法队,S316兴良路K17+800京广铁路,在公路上及公路用地范围内摆摊设点,是,110111,11000000001315578322
九支队-房山执法队,S316兴良路K17+800京广铁路,在公路范围内擅自移动井盖,否,110111,11000000001315578322
九支队-房山执法队,S316兴良路K17+800京广铁路,擅自占用、挖掘公路,是,110111,11000000001315578322
九支队-房山执法队,S316兴良路K17+800京广铁路,在公路用地范围内设置公路标志以外的其他标志,是,110111,11000000001315578322
九支队-房山执法队,S316兴良路K17+800京广铁路,遮挡公路附属设施或者利用公路附属设施架设管道、悬挂物品，可能危及公路安全,是,110111,11000000001315578322
九支队-房山执法队,S316兴良路K17+800京广铁路,车辆装载物触地拖行、掉落、遗洒或者飘散，造成公路路面损坏、污染,是,110111,11000000001315578322
九支队-房山执法队,S317京周路K37+200(01),在公路上及公路用地范围内堆放物品,是,110111,
九支队-房山执法队,S317京周路K37+200(01),在公路上及公路用地范围内摆摊设点,是,110111,
九支队-房山执法队,S317京周路K37+200(01),在公路范围内擅自移动井盖,否,110111,
九支队-房山执法队,S317京周路K37+200(01),擅自占用、挖掘公路,是,110111,
九支队-房山执法队,S317京周路K37+200(01),在公路用地范围内设置公路标志以外的其他标志,是,110111,
九支队-房山执法队,S317京周路K37+200(01),遮挡公路附属设施或者利用公路附属设施架设管道、悬挂物品，可能危及公路安全,是,110111,
九支队-房山执法队,S317京周路K37+200(01),车辆装载物触地拖行、掉落、遗洒或者飘散，造成公路路面损坏、污染,是,110111,
九支队-房山执法队,S317京周路K37+200(02),在公路上及公路用地范围内堆放物品,否,110111,
九支队-房山执法队,S317京周路K37+200(02),在公路上及公路用地范围内摆摊设点,否,110111,
九支队-房山执法队,S317京周路K37+200(02),在公路范围内擅自移动井盖,否,110111,
九支队-房山执法队,S317京周路K37+200(02),擅自占用、挖掘公路,否,110111,
九支队-房山执法队,S317京周路K37+200(02),在公路用地范围内设置公路标志以外的其他标志,否,110111,
九支队-房山执法队,S317京周路K37+200(02),遮挡公路附属设施或者利用公路附属设施架设管道、悬挂物品，可能危及公路安全,否,110111,
九支队-房山执法队,S317京周路K37+200(02),车辆装载物触地拖行、掉落、遗洒或者飘散，造成公路路面损坏、污染,否,110111,
九支队-房山执法队,S317京周路K36+200(01),在公路上及公路用地范围内堆放物品,否,110111,
九支队-房山执法队,S317京周路K36+200(01),在公路上及公路用地范围内摆摊设点,否,110111,
九支队-房山执法队,S317京周路K36+200(01),在公路范围内擅自移动井盖,否,110111,
九支队-房山执法队,S317京周路K36+200(01),擅自占用、挖掘公路,否,110111,
九支队-房山执法队,S317京周路K36+200(01),在公路用地范围内设置公路标志以外的其他标志,否,110111,
九支队-房山执法队,S317京周路K36+200(01),遮挡公路附属设施或者利用公路附属设施架设管道、悬挂物品，可能危及公路安全,否,110111,
九支队-房山执法队,S317京周路K36+200(01),车辆装载物触地拖行、掉落、遗洒或者飘散，造成公路路面损坏、污染,否,110111,
九支队-房山执法队,S317京周路K36+200(02),在公路上及公路用地范围内堆放物品,否,110111,
九支队-房山执法队,S317京周路K36+200(02),在公路上及公路用地范围内摆摊设点,否,110111,
九支队-房山执法队,S317京周路K36+200(02),在公路范围内擅自移动井盖,否,110111,
九支队-房山执法队,S317京周路K36+200(02),擅自占用、挖掘公路,否,110111,
九支队-房山执法队,S317京周路K36+200(02),在公路用地范围内设置公路标志以外的其他标志,否,110111,
九支队-房山执法队,S317京周路K36+200(02),遮挡公路附属设施或者利用公路附属设施架设管道、悬挂物品，可能危及公路安全,否,110111,
九支队-房山执法队,S317京周路K36+200(02),车辆装载物触地拖行、掉落、遗洒或者飘散，造成公路路面损坏、污染,否,110111,
九支队-门头沟执法队,S209石担路K0+000石门营,在公路上及公路用地范围内堆放物品,是,110109,11000000001312100585
九支队-门头沟执法队,S209石担路K0+000石门营,在公路上及公路用地范围内摆摊设点,是,110109,11000000001312100585
九支队-门头沟执法队,S209石担路K0+000石门营,在公路范围内擅自移动井盖,否,110109,11000000001312100585
九支队-门头沟执法队,S209石担路K0+000石门营,擅自占用、挖掘公路,是,110109,11000000001312100585
九支队-门头沟执法队,S209石担路K0+000石门营,在公路用地范围内设置公路标志以外的其他标志,是,110109,11000000001312100585
九支队-门头沟执法队,S209石担路K0+000石门营,遮挡公路附属设施或者利用公路附属设施架设管道、悬挂物品，可能危及公路安全,是,110109,11000000001312100585
九支队-门头沟执法队,S209石担路K0+000石门营,车辆装载物触地拖行、掉落、遗洒或者飘散，造成公路路面损坏、污染,否,110109,11000000001312100585
九支队-门头沟执法队,S209石担路K3+000葡萄嘴南,在公路上及公路用地范围内堆放物品,是,110109,11000000001317757452
九支队-门头沟执法队,S209石担路K3+000葡萄嘴南,在公路上及公路用地范围内摆摊设点,是,110109,11000000001317757452
九支队-门头沟执法队,S209石担路K3+000葡萄嘴南,在公路范围内擅自移动井盖,否,110109,11000000001317757452
九支队-门头沟执法队,S209石担路K3+000葡萄嘴南,擅自占用、挖掘公路,是,110109,11000000001317757452
九支队-门头沟执法队,S209石担路K3+000葡萄嘴南,在公路用地范围内设置公路标志以外的其他标志,是,110109,11000000001317757452
九支队-门头沟执法队,S209石担路K3+000葡萄嘴南,遮挡公路附属设施或者利用公路附属设施架设管道、悬挂物品，可能危及公路安全,是,110109,11000000001317757452
九支队-门头沟执法队,S209石担路K3+000葡萄嘴南,车辆装载物触地拖行、掉落、遗洒或者飘散，造成公路路面损坏、污染,否,110109,11000000001317757452
九支队-门头沟执法队,S209石担路K3+100葡萄嘴,在公路上及公路用地范围内堆放物品,是,110109,
九支队-门头沟执法队,S209石担路K3+100葡萄嘴,在公路上及公路用地范围内摆摊设点,是,110109,
九支队-门头沟执法队,S209石担路K3+100葡萄嘴,在公路范围内擅自移动井盖,否,110109,
九支队-门头沟执法队,S209石担路K3+100葡萄嘴,擅自占用、挖掘公路,是,110109,
九支队-门头沟执法队,S209石担路K3+100葡萄嘴,在公路用地范围内设置公路标志以外的其他标志,是,110109,
九支队-门头沟执法队,S209石担路K3+100葡萄嘴,遮挡公路附属设施或者利用公路附属设施架设管道、悬挂物品，可能危及公路安全,是,110109,
九支队-门头沟执法队,S209石担路K3+100葡萄嘴,车辆装载物触地拖行、掉落、遗洒或者飘散，造成公路路面损坏、污染,否,110109,
九支队-门头沟执法队,S209石担路K6+800城子铁道桥南,在公路上及公路用地范围内堆放物品,是,110109,
九支队-门头沟执法队,S209石担路K6+800城子铁道桥南,在公路上及公路用地范围内摆摊设点,是,110109,
九支队-门头沟执法队,S209石担路K6+800城子铁道桥南,在公路范围内擅自移动井盖,否,110109,
九支队-门头沟执法队,S209石担路K6+800城子铁道桥南,擅自占用、挖掘公路,是,110109,
九支队-门头沟执法队,S209石担路K6+800城子铁道桥南,在公路用地范围内设置公路标志以外的其他标志,是,110109,
九支队-门头沟执法队,S209石担路K6+800城子铁道桥南,遮挡公路附属设施或者利用公路附属设施架设管道、悬挂物品，可能危及公路安全,是,110109,
九支队-门头沟执法队,S209石担路K6+800城子铁道桥南,车辆装载物触地拖行、掉落、遗洒或者飘散，造成公路路面损坏、污染,否,110109,
九支队-门头沟执法队,S209石担路K7+200城子铁道桥北,在公路上及公路用地范围内堆放物品,否,110109,11000000001312946366
九支队-门头沟执法队,S209石担路K7+200城子铁道桥北,在公路上及公路用地范围内摆摊设点,否,110109,11000000001312946366
九支队-门头沟执法队,S209石担路K7+200城子铁道桥北,在公路范围内擅自移动井盖,否,110109,11000000001312946366
九支队-门头沟执法队,S209石担路K7+200城子铁道桥北,擅自占用、挖掘公路,否,110109,11000000001312946366
九支队-门头沟执法队,S209石担路K7+200城子铁道桥北,在公路用地范围内设置公路标志以外的其他标志,否,110109,11000000001312946366
九支队-门头沟执法队,S209石担路K7+200城子铁道桥北,遮挡公路附属设施或者利用公路附属设施架设管道、悬挂物品，可能危及公路安全,否,110109,11000000001312946366
九支队-门头沟执法队,S209石担路K7+200城子铁道桥北,车辆装载物触地拖行、掉落、遗洒或者飘散，造成公路路面损坏、污染,否,110109,11000000001312946366
九支队-门头沟执法队,S209石担路K9+900龙泉雾村,在公路上及公路用地范围内堆放物品,是,110109,11000000001314375767
九支队-门头沟执法队,S209石担路K9+900龙泉雾村,在公路上及公路用地范围内摆摊设点,是,110109,11000000001314375767
九支队-门头沟执法队,S209石担路K9+900龙泉雾村,在公路范围内擅自移动井盖,否,110109,11000000001314375767
九支队-门头沟执法队,S209石担路K9+900龙泉雾村,擅自占用、挖掘公路,是,110109,11000000001314375767
九支队-门头沟执法队,S209石担路K9+900龙泉雾村,在公路用地范围内设置公路标志以外的其他标志,是,110109,11000000001314375767
九支队-门头沟执法队,S209石担路K9+900龙泉雾村,遮挡公路附属设施或者利用公路附属设施架设管道、悬挂物品，可能危及公路安全,是,110109,11000000001314375767
九支队-门头沟执法队,S209石担路K9+900龙泉雾村,车辆装载物触地拖行、掉落、遗洒或者飘散，造成公路路面损坏、污染,是,110109,11000000001314375767
九支队-门头沟执法队,X906石担路联络线K0+350水闸桥,在公路上及公路用地范围内堆放物品,是,110109,11000000001312901721
九支队-门头沟执法队,X906石担路联络线K0+350水闸桥,在公路上及公路用地范围内摆摊设点,是,110109,11000000001312901721
九支队-门头沟执法队,X906石担路联络线K0+350水闸桥,在公路范围内擅自移动井盖,否,110109,11000000001312901721
九支队-门头沟执法队,X906石担路联络线K0+350水闸桥,擅自占用、挖掘公路,是,110109,11000000001312901721
九支队-门头沟执法队,X906石担路联络线K0+350水闸桥,在公路用地范围内设置公路标志以外的其他标志,是,110109,11000000001312901721
九支队-门头沟执法队,X906石担路联络线K0+350水闸桥,遮挡公路附属设施或者利用公路附属设施架设管道、悬挂物品，可能危及公路安全,是,110109,11000000001312901721
九支队-门头沟执法队,X906石担路联络线K0+350水闸桥,车辆装载物触地拖行、掉落、遗洒或者飘散，造成公路路面损坏、污染,是,110109,11000000001312901721
九支队-门头沟执法队,037054 石担路1141灯杆,在公路上及公路用地范围内堆放物品,否,110109,
九支队-门头沟执法队,037054 石担路1141灯杆,在公路上及公路用地范围内摆摊设点,否,110109,
九支队-门头沟执法队,037054 石担路1141灯杆,在公路范围内擅自移动井盖,否,110109,
九支队-门头沟执法队,037054 石担路1141灯杆,擅自占用、挖掘公路,否,110109,
九支队-门头沟执法队,037054 石担路1141灯杆,在公路用地范围内设置公路标志以外的其他标志,否,110109,
九支队-门头沟执法队,037054 石担路1141灯杆,遮挡公路附属设施或者利用公路附属设施架设管道、悬挂物品，可能危及公路安全,否,110109,
九支队-门头沟执法队,037054 石担路1141灯杆,车辆装载物触地拖行、掉落、遗洒或者飘散，造成公路路面损坏、污染,否,110109,
九支队-门头沟执法队,877043 石担路1061灯杆,在公路上及公路用地范围内堆放物品,否,110109,
九支队-门头沟执法队,877043 石担路1061灯杆,在公路上及公路用地范围内摆摊设点,否,110109,
九支队-门头沟执法队,877043 石担路1061灯杆,在公路范围内擅自移动井盖,否,110109,
九支队-门头沟执法队,877043 石担路1061灯杆,擅自占用、挖掘公路,否,110109,
九支队-门头沟执法队,877043 石担路1061灯杆,在公路用地范围内设置公路标志以外的其他标志,否,110109,
九支队-门头沟执法队,877043 石担路1061灯杆,遮挡公路附属设施或者利用公路附属设施架设管道、悬挂物品，可能危及公路安全,否,110109,
九支队-门头沟执法队,877043 石担路1061灯杆,车辆装载物触地拖行、掉落、遗洒或者飘散，造成公路路面损坏、污染,否,110109,
九支队-门头沟执法队,792073 石担路1057灯杆,在公路上及公路用地范围内堆放物品,否,110109,
九支队-门头沟执法队,792073 石担路1057灯杆,在公路上及公路用地范围内摆摊设点,否,110109,
九支队-门头沟执法队,792073 石担路1057灯杆,在公路范围内擅自移动井盖,否,110109,
九支队-门头沟执法队,792073 石担路1057灯杆,擅自占用、挖掘公路,否,110109,
九支队-门头沟执法队,792073 石担路1057灯杆,在公路用地范围内设置公路标志以外的其他标志,否,110109,
九支队-门头沟执法队,792073 石担路1057灯杆,遮挡公路附属设施或者利用公路附属设施架设管道、悬挂物品，可能危及公路安全,否,110109,
九支队-门头沟执法队,792073 石担路1057灯杆,车辆装载物触地拖行、掉落、遗洒或者飘散，造成公路路面损坏、污染,否,110109,
九支队-门头沟执法队,872631 石担路1051灯杆向南,在公路上及公路用地范围内堆放物品,否,110109,
九支队-门头沟执法队,872631 石担路1051灯杆向南,在公路上及公路用地范围内摆摊设点,否,110109,
九支队-门头沟执法队,872631 石担路1051灯杆向南,在公路范围内擅自移动井盖,否,110109,
九支队-门头沟执法队,872631 石担路1051灯杆向南,擅自占用、挖掘公路,否,110109,
九支队-门头沟执法队,872631 石担路1051灯杆向南,在公路用地范围内设置公路标志以外的其他标志,否,110109,
九支队-门头沟执法队,872631 石担路1051灯杆向南,遮挡公路附属设施或者利用公路附属设施架设管道、悬挂物品，可能危及公路安全,否,110109,
九支队-门头沟执法队,872631 石担路1051灯杆向南,车辆装载物触地拖行、掉落、遗洒或者飘散，造成公路路面损坏、污染,否,110109,
九支队-门头沟执法队,792071 石担路1054灯杆向北,在公路上及公路用地范围内堆放物品,否,110109,
九支队-门头沟执法队,792071 石担路1054灯杆向北,在公路上及公路用地范围内摆摊设点,否,110109,
九支队-门头沟执法队,792071 石担路1054灯杆向北,在公路范围内擅自移动井盖,否,110109,
九支队-门头沟执法队,792071 石担路1054灯杆向北,擅自占用、挖掘公路,否,110109,
九支队-门头沟执法队,792071 石担路1054灯杆向北,在公路用地范围内设置公路标志以外的其他标志,否,110109,
九支队-门头沟执法队,792071 石担路1054灯杆向北,遮挡公路附属设施或者利用公路附属设施架设管道、悬挂物品，可能危及公路安全,否,110109,
九支队-门头沟执法队,792071 石担路1054灯杆向北,车辆装载物触地拖行、掉落、遗洒或者飘散，造成公路路面损坏、污染,否,110109,
九支队-门头沟执法队,G4501六环路匝道K126+500石门营入口内环（可控）,在公路上及公路用地范围内堆放物品,是,110109,11010901071328230025
九支队-门头沟执法队,G4501六环路匝道K126+500石门营入口内环（可控）,在公路上及公路用地范围内摆摊设点,是,110109,11010901071328230025
九支队-门头沟执法队,G4501六环路匝道K126+500石门营入口内环（可控）,在公路范围内擅自移动井盖,否,110109,11010901071328230025
九支队-门头沟执法队,G4501六环路匝道K126+500石门营入口内环（可控）,擅自占用、挖掘公路,是,110109,11010901071328230025
九支队-门头沟执法队,G4501六环路匝道K126+500石门营入口内环（可控）,在公路用地范围内设置公路标志以外的其他标志,是,110109,11010901071328230025
九支队-门头沟执法队,G4501六环路匝道K126+500石门营入口内环（可控）,遮挡公路附属设施或者利用公路附属设施架设管道、悬挂物品，可能危及公路安全,是,110109,11010901071328230025
九支队-门头沟执法队,G4501六环路匝道K126+500石门营入口内环（可控）,车辆装载物触地拖行、掉落、遗洒或者飘散，造成公路路面损坏、污染,是,110109,11010901071328230025
九支队-门头沟执法队,G4501六环路匝道K126+500石门营出口外环（可控）,在公路上及公路用地范围内堆放物品,是,110109,11010901071328230024
九支队-门头沟执法队,G4501六环路匝道K126+500石门营出口外环（可控）,在公路上及公路用地范围内摆摊设点,是,110109,11010901071328230024
九支队-门头沟执法队,G4501六环路匝道K126+500石门营出口外环（可控）,在公路范围内擅自移动井盖,否,110109,11010901071328230024
九支队-门头沟执法队,G4501六环路匝道K126+500石门营出口外环（可控）,擅自占用、挖掘公路,是,110109,11010901071328230024
九支队-门头沟执法队,G4501六环路匝道K126+500石门营出口外环（可控）,在公路用地范围内设置公路标志以外的其他标志,是,110109,11010901071328230024
九支队-门头沟执法队,G4501六环路匝道K126+500石门营出口外环（可控）,遮挡公路附属设施或者利用公路附属设施架设管道、悬挂物品，可能危及公路安全,是,110109,11010901071328230024
九支队-门头沟执法队,G4501六环路匝道K126+500石门营出口外环（可控）,车辆装载物触地拖行、掉落、遗洒或者飘散，造成公路路面损坏、污染,是,110109,11010901071328230024
九支队-门头沟执法队,G4501六环路匝道K132+800广宁入口外环（可控）,在公路上及公路用地范围内堆放物品,是,110109,
九支队-门头沟执法队,G4501六环路匝道K132+800广宁入口外环（可控）,在公路上及公路用地范围内摆摊设点,是,110109,
九支队-门头沟执法队,G4501六环路匝道K132+800广宁入口外环（可控）,在公路范围内擅自移动井盖,否,110109,
九支队-门头沟执法队,G4501六环路匝道K132+800广宁入口外环（可控）,擅自占用、挖掘公路,是,110109,
九支队-门头沟执法队,G4501六环路匝道K132+800广宁入口外环（可控）,在公路用地范围内设置公路标志以外的其他标志,是,110109,
九支队-门头沟执法队,G4501六环路匝道K132+800广宁入口外环（可控）,遮挡公路附属设施或者利用公路附属设施架设管道、悬挂物品，可能危及公路安全,是,110109,
九支队-门头沟执法队,G4501六环路匝道K132+800广宁入口外环（可控）,车辆装载物触地拖行、掉落、遗洒或者飘散，造成公路路面损坏、污染,是,110109,
九支队-门头沟执法队,G4501六环路匝道K132+800广宁出口内环（可控）,在公路上及公路用地范围内堆放物品,是,110109,11010701071328230016
九支队-门头沟执法队,G4501六环路匝道K132+800广宁出口内环（可控）,在公路上及公路用地范围内摆摊设点,是,110109,11010701071328230016
九支队-门头沟执法队,G4501六环路匝道K132+800广宁出口内环（可控）,在公路范围内擅自移动井盖,否,110109,11010701071328230016
九支队-门头沟执法队,G4501六环路匝道K132+800广宁出口内环（可控）,擅自占用、挖掘公路,是,110109,11010701071328230016
九支队-门头沟执法队,G4501六环路匝道K132+800广宁出口内环（可控）,在公路用地范围内设置公路标志以外的其他标志,是,110109,11010701071328230016
九支队-门头沟执法队,G4501六环路匝道K132+800广宁出口内环（可控）,遮挡公路附属设施或者利用公路附属设施架设管道、悬挂物品，可能危及公路安全,是,110109,11010701071328230016
九支队-门头沟执法队,G4501六环路匝道K132+800广宁出口内环（可控）,车辆装载物触地拖行、掉落、遗洒或者飘散，造成公路路面损坏、污染,是,110109,11010701071328230016
九支队-门头沟执法队,G4501六环路匝道K139+700军庄入口内、外环（可控）,在公路上及公路用地范围内堆放物品,是,110109,11010901071328230029
九支队-门头沟执法队,G4501六环路匝道K139+700军庄入口内、外环（可控）,在公路上及公路用地范围内摆摊设点,是,110109,11010901071328230029
九支队-门头沟执法队,G4501六环路匝道K139+700军庄入口内、外环（可控）,在公路范围内擅自移动井盖,否,110109,11010901071328230029
九支队-门头沟执法队,G4501六环路匝道K139+700军庄入口内、外环（可控）,擅自占用、挖掘公路,是,110109,11010901071328230029
九支队-门头沟执法队,G4501六环路匝道K139+700军庄入口内、外环（可控）,在公路用地范围内设置公路标志以外的其他标志,是,110109,11010901071328230029
九支队-门头沟执法队,G4501六环路匝道K139+700军庄入口内、外环（可控）,遮挡公路附属设施或者利用公路附属设施架设管道、悬挂物品，可能危及公路安全,是,110109,11010901071328230029
九支队-门头沟执法队,G4501六环路匝道K139+700军庄入口内、外环（可控）,车辆装载物触地拖行、掉落、遗洒或者飘散，造成公路路面损坏、污染,是,110109,11010901071328230029
九支队-门头沟执法队,G4501六环路匝道K139+700军庄入口内环（可控）,在公路上及公路用地范围内堆放物品,是,110109,11010901071328230028
九支队-门头沟执法队,G4501六环路匝道K139+700军庄入口内环（可控）,在公路上及公路用地范围内摆摊设点,是,110109,11010901071328230028
九支队-门头沟执法队,G4501六环路匝道K139+700军庄入口内环（可控）,在公路范围内擅自移动井盖,否,110109,11010901071328230028
九支队-门头沟执法队,G4501六环路匝道K139+700军庄入口内环（可控）,擅自占用、挖掘公路,是,110109,11010901071328230028
九支队-门头沟执法队,G4501六环路匝道K139+700军庄入口内环（可控）,在公路用地范围内设置公路标志以外的其他标志,是,110109,11010901071328230028
九支队-门头沟执法队,G4501六环路匝道K139+700军庄入口内环（可控）,遮挡公路附属设施或者利用公路附属设施架设管道、悬挂物品，可能危及公路安全,是,110109,11010901071328230028
九支队-门头沟执法队,G4501六环路匝道K139+700军庄入口内环（可控）,车辆装载物触地拖行、掉落、遗洒或者飘散，造成公路路面损坏、污染,是,110109,11010901071328230028
九支队-门头沟执法队,G4501六环路广场K126+500广宁双向出口反向（可控）,在公路上及公路用地范围内堆放物品,是,110109,
九支队-门头沟执法队,G4501六环路广场K126+500广宁双向出口反向（可控）,在公路上及公路用地范围内摆摊设点,是,110109,
九支队-门头沟执法队,G4501六环路广场K126+500广宁双向出口反向（可控）,在公路范围内擅自移动井盖,否,110109,
九支队-门头沟执法队,G4501六环路广场K126+500广宁双向出口反向（可控）,擅自占用、挖掘公路,是,110109,
九支队-门头沟执法队,G4501六环路广场K126+500广宁双向出口反向（可控）,在公路用地范围内设置公路标志以外的其他标志,是,110109,
九支队-门头沟执法队,G4501六环路广场K126+500广宁双向出口反向（可控）,遮挡公路附属设施或者利用公路附属设施架设管道、悬挂物品，可能危及公路安全,是,110109,
九支队-门头沟执法队,G4501六环路广场K126+500广宁双向出口反向（可控）,车辆装载物触地拖行、掉落、遗洒或者飘散，造成公路路面损坏、污染,否,110109,
九支队-门头沟执法队,G4501六环路广场K126+500石门营双向入口广场反向（可控）,在公路上及公路用地范围内堆放物品,否,110109,
九支队-门头沟执法队,G4501六环路广场K126+500石门营双向入口广场反向（可控）,在公路上及公路用地范围内摆摊设点,否,110109,
九支队-门头沟执法队,G4501六环路广场K126+500石门营双向入口广场反向（可控）,在公路范围内擅自移动井盖,否,110109,
九支队-门头沟执法队,G4501六环路广场K126+500石门营双向入口广场反向（可控）,擅自占用、挖掘公路,否,110109,
九支队-门头沟执法队,G4501六环路广场K126+500石门营双向入口广场反向（可控）,在公路用地范围内设置公路标志以外的其他标志,否,110109,
九支队-门头沟执法队,G4501六环路广场K126+500石门营双向入口广场反向（可控）,遮挡公路附属设施或者利用公路附属设施架设管道、悬挂物品，可能危及公路安全,否,110109,
九支队-门头沟执法队,G4501六环路广场K126+500石门营双向入口广场反向（可控）,车辆装载物触地拖行、掉落、遗洒或者飘散，造成公路路面损坏、污染,否,110109,
九支队-门头沟执法队,G4501六环路广场K126+500石门营双向出口广场正向（可控）,在公路上及公路用地范围内堆放物品,是,110109,
九支队-门头沟执法队,G4501六环路广场K126+500石门营双向出口广场正向（可控）,在公路上及公路用地范围内摆摊设点,是,110109,
九支队-门头沟执法队,G4501六环路广场K126+500石门营双向出口广场正向（可控）,在公路范围内擅自移动井盖,否,110109,
九支队-门头沟执法队,G4501六环路广场K126+500石门营双向出口广场正向（可控）,擅自占用、挖掘公路,是,110109,
九支队-门头沟执法队,G4501六环路广场K126+500石门营双向出口广场正向（可控）,在公路用地范围内设置公路标志以外的其他标志,否,110109,
九支队-门头沟执法队,G4501六环路广场K126+500石门营双向出口广场正向（可控）,遮挡公路附属设施或者利用公路附属设施架设管道、悬挂物品，可能危及公路安全,是,110109,
九支队-门头沟执法队,G4501六环路广场K126+500石门营双向出口广场正向（可控）,车辆装载物触地拖行、掉落、遗洒或者飘散，造成公路路面损坏、污染,是,110109,
九支队-门头沟执法队,G4501六环路广场K132+800广宁双向入口广场反向（可控）,在公路上及公路用地范围内堆放物品,是,110109,11010701071328230003
九支队-门头沟执法队,G4501六环路广场K132+800广宁双向入口广场反向（可控）,在公路上及公路用地范围内摆摊设点,是,110109,11010701071328230003
九支队-门头沟执法队,G4501六环路广场K132+800广宁双向入口广场反向（可控）,在公路范围内擅自移动井盖,否,110109,11010701071328230003
九支队-门头沟执法队,G4501六环路广场K132+800广宁双向入口广场反向（可控）,擅自占用、挖掘公路,是,110109,11010701071328230003
九支队-门头沟执法队,G4501六环路广场K132+800广宁双向入口广场反向（可控）,在公路用地范围内设置公路标志以外的其他标志,是,110109,11010701071328230003
九支队-门头沟执法队,G4501六环路广场K132+800广宁双向入口广场反向（可控）,遮挡公路附属设施或者利用公路附属设施架设管道、悬挂物品，可能危及公路安全,是,110109,11010701071328230003
九支队-门头沟执法队,G4501六环路广场K132+800广宁双向入口广场反向（可控）,车辆装载物触地拖行、掉落、遗洒或者飘散，造成公路路面损坏、污染,否,110109,11010701071328230003
九支队-门头沟执法队,G4501六环路广场K132+800广宁双向出口广场正向（可控）,在公路上及公路用地范围内堆放物品,否,110109,
九支队-门头沟执法队,G4501六环路广场K132+800广宁双向出口广场正向（可控）,在公路上及公路用地范围内摆摊设点,否,110109,
九支队-门头沟执法队,G4501六环路广场K132+800广宁双向出口广场正向（可控）,在公路范围内擅自移动井盖,否,110109,
九支队-门头沟执法队,G4501六环路广场K132+800广宁双向出口广场正向（可控）,擅自占用、挖掘公路,否,110109,
九支队-门头沟执法队,G4501六环路广场K132+800广宁双向出口广场正向（可控）,在公路用地范围内设置公路标志以外的其他标志,否,110109,
九支队-门头沟执法队,G4501六环路广场K132+800广宁双向出口广场正向（可控）,遮挡公路附属设施或者利用公路附属设施架设管道、悬挂物品，可能危及公路安全,否,110109,
九支队-门头沟执法队,G4501六环路广场K132+800广宁双向出口广场正向（可控）,车辆装载物触地拖行、掉落、遗洒或者飘散，造成公路路面损坏、污染,是,110109,
九支队-门头沟执法队,G4501六环路广场K139+700军庄双向入口广场反向（可控）,在公路上及公路用地范围内堆放物品,否,110109,11010901071328230007
九支队-门头沟执法队,G4501六环路广场K139+700军庄双向入口广场反向（可控）,在公路上及公路用地范围内摆摊设点,否,110109,11010901071328230007
九支队-门头沟执法队,G4501六环路广场K139+700军庄双向入口广场反向（可控）,在公路范围内擅自移动井盖,否,110109,11010901071328230007
九支队-门头沟执法队,G4501六环路广场K139+700军庄双向入口广场反向（可控）,擅自占用、挖掘公路,否,110109,11010901071328230007
九支队-门头沟执法队,G4501六环路广场K139+700军庄双向入口广场反向（可控）,在公路用地范围内设置公路标志以外的其他标志,否,110109,11010901071328230007
九支队-门头沟执法队,G4501六环路广场K139+700军庄双向入口广场反向（可控）,遮挡公路附属设施或者利用公路附属设施架设管道、悬挂物品，可能危及公路安全,否,110109,11010901071328230007
九支队-门头沟执法队,G4501六环路广场K139+700军庄双向入口广场反向（可控）,车辆装载物触地拖行、掉落、遗洒或者飘散，造成公路路面损坏、污染,否,110109,11010901071328230007
九支队-门头沟执法队,G4501六环路广场K139+700军庄双向出口广场正向（可控）,在公路上及公路用地范围内堆放物品,否,110109,
九支队-门头沟执法队,G4501六环路广场K139+700军庄双向出口广场正向（可控）,在公路上及公路用地范围内摆摊设点,否,110109,
九支队-门头沟执法队,G4501六环路广场K139+700军庄双向出口广场正向（可控）,在公路范围内擅自移动井盖,否,110109,
九支队-门头沟执法队,G4501六环路广场K139+700军庄双向出口广场正向（可控）,擅自占用、挖掘公路,否,110109,
九支队-门头沟执法队,G4501六环路广场K139+700军庄双向出口广场正向（可控）,在公路用地范围内设置公路标志以外的其他标志,否,110109,
九支队-门头沟执法队,G4501六环路广场K139+700军庄双向出口广场正向（可控）,遮挡公路附属设施或者利用公路附属设施架设管道、悬挂物品，可能危及公路安全,否,110109,
九支队-门头沟执法队,G4501六环路广场K139+700军庄双向出口广场正向（可控）,车辆装载物触地拖行、掉落、遗洒或者飘散，造成公路路面损坏、污染,是,110109,
九支队-门头沟执法队,G4501六环路桥下K130+180四道外环（可控）,在公路上及公路用地范围内堆放物品,否,110109,
九支队-门头沟执法队,G4501六环路桥下K130+180四道外环（可控）,在公路上及公路用地范围内摆摊设点,否,110109,
九支队-门头沟执法队,G4501六环路桥下K130+180四道外环（可控）,在公路范围内擅自移动井盖,否,110109,
九支队-门头沟执法队,G4501六环路桥下K130+180四道外环（可控）,擅自占用、挖掘公路,否,110109,
九支队-门头沟执法队,G4501六环路桥下K130+180四道外环（可控）,在公路用地范围内设置公路标志以外的其他标志,否,110109,
九支队-门头沟执法队,G4501六环路桥下K130+180四道外环（可控）,遮挡公路附属设施或者利用公路附属设施架设管道、悬挂物品，可能危及公路安全,否,110109,
九支队-门头沟执法队,G4501六环路桥下K130+180四道外环（可控）,车辆装载物触地拖行、掉落、遗洒或者飘散，造成公路路面损坏、污染,否,110109,
九支队-门头沟执法队,G4501六环路桥下K132+610双峪内环（可控）,在公路上及公路用地范围内堆放物品,是,110109,11010901071328230030
九支队-门头沟执法队,G4501六环路桥下K132+610双峪内环（可控）,在公路上及公路用地范围内摆摊设点,是,110109,11010901071328230030
九支队-门头沟执法队,G4501六环路桥下K132+610双峪内环（可控）,在公路范围内擅自移动井盖,否,110109,11010901071328230030
九支队-门头沟执法队,G4501六环路桥下K132+610双峪内环（可控）,擅自占用、挖掘公路,是,110109,11010901071328230030
九支队-门头沟执法队,G4501六环路桥下K132+610双峪内环（可控）,在公路用地范围内设置公路标志以外的其他标志,是,110109,11010901071328230030
九支队-门头沟执法队,G4501六环路桥下K132+610双峪内环（可控）,遮挡公路附属设施或者利用公路附属设施架设管道、悬挂物品，可能危及公路安全,是,110109,11010901071328230030
九支队-门头沟执法队,G4501六环路桥下K132+610双峪内环（可控）,车辆装载物触地拖行、掉落、遗洒或者飘散，造成公路路面损坏、污染,否,110109,11010901071328230030
九支队-门头沟执法队,G4501六环路桥下K132+970双峪外环（可控）,在公路上及公路用地范围内堆放物品,否,110109,
九支队-门头沟执法队,G4501六环路桥下K132+970双峪外环（可控）,在公路上及公路用地范围内摆摊设点,否,110109,
九支队-门头沟执法队,G4501六环路桥下K132+970双峪外环（可控）,在公路范围内擅自移动井盖,否,110109,
九支队-门头沟执法队,G4501六环路桥下K132+970双峪外环（可控）,擅自占用、挖掘公路,否,110109,
九支队-门头沟执法队,G4501六环路桥下K132+970双峪外环（可控）,在公路用地范围内设置公路标志以外的其他标志,否,110109,
九支队-门头沟执法队,G4501六环路桥下K132+970双峪外环（可控）,遮挡公路附属设施或者利用公路附属设施架设管道、悬挂物品，可能危及公路安全,否,110109,
九支队-门头沟执法队,G4501六环路桥下K132+970双峪外环（可控）,车辆装载物触地拖行、掉落、遗洒或者飘散，造成公路路面损坏、污染,否,110109,
九支队-门头沟执法队,G4501六环路桥下K134+525三家店大桥外环（可控）,在公路上及公路用地范围内堆放物品,否,110109,
九支队-门头沟执法队,G4501六环路桥下K134+525三家店大桥外环（可控）,在公路上及公路用地范围内摆摊设点,否,110109,
九支队-门头沟执法队,G4501六环路桥下K134+525三家店大桥外环（可控）,在公路范围内擅自移动井盖,否,110109,
九支队-门头沟执法队,G4501六环路桥下K134+525三家店大桥外环（可控）,擅自占用、挖掘公路,否,110109,
九支队-门头沟执法队,G4501六环路桥下K134+525三家店大桥外环（可控）,在公路用地范围内设置公路标志以外的其他标志,否,110109,
九支队-门头沟执法队,G4501六环路桥下K134+525三家店大桥外环（可控）,遮挡公路附属设施或者利用公路附属设施架设管道、悬挂物品，可能危及公路安全,否,110109,
九支队-门头沟执法队,G4501六环路桥下K134+525三家店大桥外环（可控）,车辆装载物触地拖行、掉落、遗洒或者飘散，造成公路路面损坏、污染,否,110109,
九支队-门头沟执法队,G4501六环路桥下K136+780三家店大桥内环（可控）,在公路上及公路用地范围内堆放物品,是,110109,11010901071328230035
九支队-门头沟执法队,G4501六环路桥下K136+780三家店大桥内环（可控）,在公路上及公路用地范围内摆摊设点,是,110109,11010901071328230035
九支队-门头沟执法队,G4501六环路桥下K136+780三家店大桥内环（可控）,在公路范围内擅自移动井盖,否,110109,11010901071328230035
九支队-门头沟执法队,G4501六环路桥下K136+780三家店大桥内环（可控）,擅自占用、挖掘公路,是,110109,11010901071328230035
九支队-门头沟执法队,G4501六环路桥下K136+780三家店大桥内环（可控）,在公路用地范围内设置公路标志以外的其他标志,是,110109,11010901071328230035
九支队-门头沟执法队,G4501六环路桥下K136+780三家店大桥内环（可控）,遮挡公路附属设施或者利用公路附属设施架设管道、悬挂物品，可能危及公路安全,是,110109,11010901071328230035
九支队-门头沟执法队,G4501六环路桥下K136+780三家店大桥内环（可控）,车辆装载物触地拖行、掉落、遗洒或者飘散，造成公路路面损坏、污染,否,110109,11010901071328230035
九支队-门头沟执法队,G4501六环路道路K126+710石门营收费站南外环（可控）,在公路上及公路用地范围内堆放物品,否,110109,11010901071328230010
九支队-门头沟执法队,G4501六环路道路K126+710石门营收费站南外环（可控）,在公路上及公路用地范围内摆摊设点,否,110109,11010901071328230010
九支队-门头沟执法队,G4501六环路道路K126+710石门营收费站南外环（可控）,在公路范围内擅自移动井盖,否,110109,11010901071328230010
九支队-门头沟执法队,G4501六环路道路K126+710石门营收费站南外环（可控）,擅自占用、挖掘公路,否,110109,11010901071328230010
九支队-门头沟执法队,G4501六环路道路K126+710石门营收费站南外环（可控）,在公路用地范围内设置公路标志以外的其他标志,否,110109,11010901071328230010
九支队-门头沟执法队,G4501六环路道路K126+710石门营收费站南外环（可控）,遮挡公路附属设施或者利用公路附属设施架设管道、悬挂物品，可能危及公路安全,否,110109,11010901071328230010
九支队-门头沟执法队,G4501六环路道路K126+710石门营收费站南外环（可控）,车辆装载物触地拖行、掉落、遗洒或者飘散，造成公路路面损坏、污染,否,110109,11010901071328230010
九支队-门头沟执法队,G4501六环路道路K127+500白庄子桥北1外环（可控）,在公路上及公路用地范围内堆放物品,否,110109,
九支队-门头沟执法队,G4501六环路道路K127+500白庄子桥北1外环（可控）,在公路上及公路用地范围内摆摊设点,否,110109,
九支队-门头沟执法队,G4501六环路道路K127+500白庄子桥北1外环（可控）,在公路范围内擅自移动井盖,否,110109,
九支队-门头沟执法队,G4501六环路道路K127+500白庄子桥北1外环（可控）,擅自占用、挖掘公路,否,110109,
九支队-门头沟执法队,G4501六环路道路K127+500白庄子桥北1外环（可控）,在公路用地范围内设置公路标志以外的其他标志,否,110109,
九支队-门头沟执法队,G4501六环路道路K127+500白庄子桥北1外环（可控）,遮挡公路附属设施或者利用公路附属设施架设管道、悬挂物品，可能危及公路安全,否,110109,
九支队-门头沟执法队,G4501六环路道路K127+500白庄子桥北1外环（可控）,车辆装载物触地拖行、掉落、遗洒或者飘散，造成公路路面损坏、污染,否,110109,
九支队-门头沟执法队,G4501六环路道路K128+550白庄子北桥南2内环（可控）,在公路上及公路用地范围内堆放物品,是,110109,11010601071328230040
九支队-门头沟执法队,G4501六环路道路K128+550白庄子北桥南2内环（可控）,在公路上及公路用地范围内摆摊设点,是,110109,11010601071328230040
九支队-门头沟执法队,G4501六环路道路K128+550白庄子北桥南2内环（可控）,在公路范围内擅自移动井盖,否,110109,11010601071328230040
九支队-门头沟执法队,G4501六环路道路K128+550白庄子北桥南2内环（可控）,擅自占用、挖掘公路,是,110109,11010601071328230040
九支队-门头沟执法队,G4501六环路道路K128+550白庄子北桥南2内环（可控）,在公路用地范围内设置公路标志以外的其他标志,是,110109,11010601071328230040
九支队-门头沟执法队,G4501六环路道路K128+550白庄子北桥南2内环（可控）,遮挡公路附属设施或者利用公路附属设施架设管道、悬挂物品，可能危及公路安全,是,110109,11010601071328230040
九支队-门头沟执法队,G4501六环路道路K128+550白庄子北桥南2内环（可控）,车辆装载物触地拖行、掉落、遗洒或者飘散，造成公路路面损坏、污染,是,110109,11010601071328230040
九支队-门头沟执法队,G4501六环路道路K132+280广宁互通北内环（可控）,在公路上及公路用地范围内堆放物品,是,110109,
九支队-门头沟执法队,G4501六环路道路K132+280广宁互通北内环（可控）,在公路上及公路用地范围内摆摊设点,是,110109,
九支队-门头沟执法队,G4501六环路道路K132+280广宁互通北内环（可控）,在公路范围内擅自移动井盖,否,110109,
九支队-门头沟执法队,G4501六环路道路K132+280广宁互通北内环（可控）,擅自占用、挖掘公路,是,110109,
九支队-门头沟执法队,G4501六环路道路K132+280广宁互通北内环（可控）,在公路用地范围内设置公路标志以外的其他标志,是,110109,
九支队-门头沟执法队,G4501六环路道路K132+280广宁互通北内环（可控）,遮挡公路附属设施或者利用公路附属设施架设管道、悬挂物品，可能危及公路安全,是,110109,
九支队-门头沟执法队,G4501六环路道路K132+280广宁互通北内环（可控）,车辆装载物触地拖行、掉落、遗洒或者飘散，造成公路路面损坏、污染,是,110109,
九支队-门头沟执法队,G4501六环路道路K133+400三家店大桥南外环（可控）,在公路上及公路用地范围内堆放物品,是,110109,
九支队-门头沟执法队,G4501六环路道路K133+400三家店大桥南外环（可控）,在公路上及公路用地范围内摆摊设点,是,110109,
九支队-门头沟执法队,G4501六环路道路K133+400三家店大桥南外环（可控）,在公路范围内擅自移动井盖,否,110109,
九支队-门头沟执法队,G4501六环路道路K133+400三家店大桥南外环（可控）,擅自占用、挖掘公路,是,110109,
九支队-门头沟执法队,G4501六环路道路K133+400三家店大桥南外环（可控）,在公路用地范围内设置公路标志以外的其他标志,是,110109,
九支队-门头沟执法队,G4501六环路道路K133+400三家店大桥南外环（可控）,遮挡公路附属设施或者利用公路附属设施架设管道、悬挂物品，可能危及公路安全,是,110109,
九支队-门头沟执法队,G4501六环路道路K133+400三家店大桥南外环（可控）,车辆装载物触地拖行、掉落、遗洒或者飘散，造成公路路面损坏、污染,否,110109,
九支队-门头沟执法队,G4501六环路道路K134+525三家店大桥外环（可控）,在公路上及公路用地范围内堆放物品,是,110109,11010901071328230011
九支队-门头沟执法队,G4501六环路道路K134+525三家店大桥外环（可控）,在公路上及公路用地范围内摆摊设点,是,110109,11010901071328230011
九支队-门头沟执法队,G4501六环路道路K134+525三家店大桥外环（可控）,在公路范围内擅自移动井盖,否,110109,11010901071328230011
九支队-门头沟执法队,G4501六环路道路K134+525三家店大桥外环（可控）,擅自占用、挖掘公路,是,110109,11010901071328230011
九支队-门头沟执法队,G4501六环路道路K134+525三家店大桥外环（可控）,在公路用地范围内设置公路标志以外的其他标志,是,110109,11010901071328230011
九支队-门头沟执法队,G4501六环路道路K134+525三家店大桥外环（可控）,遮挡公路附属设施或者利用公路附属设施架设管道、悬挂物品，可能危及公路安全,是,110109,11010901071328230011
九支队-门头沟执法队,G4501六环路道路K134+525三家店大桥外环（可控）,车辆装载物触地拖行、掉落、遗洒或者飘散，造成公路路面损坏、污染,否,110109,11010901071328230011
九支队-门头沟执法队,G4501六环路道路K138+685军庄互通南外环（可控）,在公路上及公路用地范围内堆放物品,是,110109,11010801071328230005
九支队-门头沟执法队,G4501六环路道路K138+685军庄互通南外环（可控）,在公路上及公路用地范围内摆摊设点,是,110109,11010801071328230005
九支队-门头沟执法队,G4501六环路道路K138+685军庄互通南外环（可控）,在公路范围内擅自移动井盖,否,110109,11010801071328230005
九支队-门头沟执法队,G4501六环路道路K138+685军庄互通南外环（可控）,擅自占用、挖掘公路,是,110109,11010801071328230005
九支队-门头沟执法队,G4501六环路道路K138+685军庄互通南外环（可控）,在公路用地范围内设置公路标志以外的其他标志,是,110109,11010801071328230005
九支队-门头沟执法队,G4501六环路道路K138+685军庄互通南外环（可控）,遮挡公路附属设施或者利用公路附属设施架设管道、悬挂物品，可能危及公路安全,是,110109,11010801071328230005
九支队-门头沟执法队,G4501六环路道路K138+685军庄互通南外环（可控）,车辆装载物触地拖行、掉落、遗洒或者飘散，造成公路路面损坏、污染,是,110109,11010801071328230005
九支队-门头沟执法队,G4501六环路道路K139+700军庄收费站入口外环（可控）,在公路上及公路用地范围内堆放物品,是,110109,11010801071328230008
九支队-门头沟执法队,G4501六环路道路K139+700军庄收费站入口外环（可控）,在公路上及公路用地范围内摆摊设点,是,110109,11010801071328230008
九支队-门头沟执法队,G4501六环路道路K139+700军庄收费站入口外环（可控）,在公路范围内擅自移动井盖,否,110109,11010801071328230008
九支队-门头沟执法队,G4501六环路道路K139+700军庄收费站入口外环（可控）,擅自占用、挖掘公路,是,110109,11010801071328230008
九支队-门头沟执法队,G4501六环路道路K139+700军庄收费站入口外环（可控）,在公路用地范围内设置公路标志以外的其他标志,是,110109,11010801071328230008
九支队-门头沟执法队,G4501六环路道路K139+700军庄收费站入口外环（可控）,遮挡公路附属设施或者利用公路附属设施架设管道、悬挂物品，可能危及公路安全,是,110109,11010801071328230008
九支队-门头沟执法队,G4501六环路道路K139+700军庄收费站入口外环（可控）,车辆装载物触地拖行、掉落、遗洒或者飘散，造成公路路面损坏、污染,否,110109,11010801071328230008
九支队-门头沟执法队,G4501六环路道路K139+700军庄收费站内环（可控）,在公路上及公路用地范围内堆放物品,是,110109,11010801071328230006
九支队-门头沟执法队,G4501六环路道路K139+700军庄收费站内环（可控）,在公路上及公路用地范围内摆摊设点,是,110109,11010801071328230006
九支队-门头沟执法队,G4501六环路道路K139+700军庄收费站内环（可控）,在公路范围内擅自移动井盖,否,110109,11010801071328230006
九支队-门头沟执法队,G4501六环路道路K139+700军庄收费站内环（可控）,擅自占用、挖掘公路,是,110109,11010801071328230006
九支队-门头沟执法队,G4501六环路道路K139+700军庄收费站内环（可控）,在公路用地范围内设置公路标志以外的其他标志,是,110109,11010801071328230006
九支队-门头沟执法队,G4501六环路道路K139+700军庄收费站内环（可控）,遮挡公路附属设施或者利用公路附属设施架设管道、悬挂物品，可能危及公路安全,是,110109,11010801071328230006
九支队-门头沟执法队,G4501六环路道路K139+700军庄收费站内环（可控）,车辆装载物触地拖行、掉落、遗洒或者飘散，造成公路路面损坏、污染,是,110109,11010801071328230006
九支队-门头沟执法队,G4501六环路道路K139+700军庄收费站外环（可控）,在公路上及公路用地范围内堆放物品,是,110109,11010801071328230007
九支队-门头沟执法队,G4501六环路道路K139+700军庄收费站外环（可控）,在公路上及公路用地范围内摆摊设点,是,110109,11010801071328230007
九支队-门头沟执法队,G4501六环路道路K139+700军庄收费站外环（可控）,在公路范围内擅自移动井盖,否,110109,11010801071328230007
九支队-门头沟执法队,G4501六环路道路K139+700军庄收费站外环（可控）,擅自占用、挖掘公路,是,110109,11010801071328230007
九支队-门头沟执法队,G4501六环路道路K139+700军庄收费站外环（可控）,在公路用地范围内设置公路标志以外的其他标志,是,110109,11010801071328230007
九支队-门头沟执法队,G4501六环路道路K139+700军庄收费站外环（可控）,遮挡公路附属设施或者利用公路附属设施架设管道、悬挂物品，可能危及公路安全,是,110109,11010801071328230007
九支队-门头沟执法队,G4501六环路道路K139+700军庄收费站外环（可控）,车辆装载物触地拖行、掉落、遗洒或者飘散，造成公路路面损坏、污染,是,110109,11010801071328230007
十支队-顺义执法队,S201通顺路K22+000上行燕京桥下,在公路上及公路用地范围内堆放物品,是,110113,11000000001314706001
十支队-顺义执法队,S201通顺路K22+000上行燕京桥下,在公路上及公路用地范围内摆摊设点,是,110113,11000000001314706001
十支队-顺义执法队,S201通顺路K22+000上行燕京桥下,在公路范围内擅自移动井盖,否,110113,11000000001314706001
十支队-顺义执法队,S201通顺路K22+000上行燕京桥下,擅自占用、挖掘公路,是,110113,11000000001314706001
十支队-顺义执法队,S201通顺路K22+000上行燕京桥下,在公路用地范围内设置公路标志以外的其他标志,是,110113,11000000001314706001
十支队-顺义执法队,S201通顺路K22+000上行燕京桥下,遮挡公路附属设施或者利用公路附属设施架设管道、悬挂物品，可能危及公路安全,是,110113,11000000001314706001
十支队-顺义执法队,S201通顺路K22+000上行燕京桥下,车辆装载物触地拖行、掉落、遗洒或者飘散，造成公路路面损坏、污染,是,110113,11000000001314706001
十支队-顺义执法队,S330昌金路K25+220上行京承铁路桥东,在公路上及公路用地范围内堆放物品,是,110113,11000000001319111345
十支队-顺义执法队,S330昌金路K25+220上行京承铁路桥东,在公路上及公路用地范围内摆摊设点,是,110113,11000000001319111345
十支队-顺义执法队,S330昌金路K25+220上行京承铁路桥东,在公路范围内擅自移动井盖,否,110113,11000000001319111345
十支队-顺义执法队,S330昌金路K25+220上行京承铁路桥东,擅自占用、挖掘公路,是,110113,11000000001319111345
十支队-顺义执法队,S330昌金路K25+220上行京承铁路桥东,在公路用地范围内设置公路标志以外的其他标志,是,110113,11000000001319111345
十支队-顺义执法队,S330昌金路K25+220上行京承铁路桥东,遮挡公路附属设施或者利用公路附属设施架设管道、悬挂物品，可能危及公路安全,是,110113,11000000001319111345
十支队-顺义执法队,S330昌金路K25+220上行京承铁路桥东,车辆装载物触地拖行、掉落、遗洒或者飘散，造成公路路面损坏、污染,是,110113,11000000001319111345
十支队-顺义执法队,S330昌金路K28+650上行牛栏山引水桥西,在公路上及公路用地范围内堆放物品,是,110113,11000000001316998289
十支队-顺义执法队,S330昌金路K28+650上行牛栏山引水桥西,在公路上及公路用地范围内摆摊设点,是,110113,11000000001316998289
十支队-顺义执法队,S330昌金路K28+650上行牛栏山引水桥西,在公路范围内擅自移动井盖,否,110113,11000000001316998289
十支队-顺义执法队,S330昌金路K28+650上行牛栏山引水桥西,擅自占用、挖掘公路,是,110113,11000000001316998289
十支队-顺义执法队,S330昌金路K28+650上行牛栏山引水桥西,在公路用地范围内设置公路标志以外的其他标志,是,110113,11000000001316998289
十支队-顺义执法队,S330昌金路K28+650上行牛栏山引水桥西,遮挡公路附属设施或者利用公路附属设施架设管道、悬挂物品，可能危及公路安全,是,110113,11000000001316998289
十支队-顺义执法队,S330昌金路K28+650上行牛栏山引水桥西,车辆装载物触地拖行、掉落、遗洒或者飘散，造成公路路面损坏、污染,是,110113,11000000001316998289
十支队-顺义执法队,S332龙塘路K2+250下行京承铁路桥,在公路上及公路用地范围内堆放物品,是,110113,11000000001319061904
十支队-顺义执法队,S332龙塘路K2+250下行京承铁路桥,在公路上及公路用地范围内摆摊设点,是,110113,11000000001319061904
十支队-顺义执法队,S332龙塘路K2+250下行京承铁路桥,在公路范围内擅自移动井盖,否,110113,11000000001319061904
十支队-顺义执法队,S332龙塘路K2+250下行京承铁路桥,擅自占用、挖掘公路,是,110113,11000000001319061904
十支队-顺义执法队,S332龙塘路K2+250下行京承铁路桥,在公路用地范围内设置公路标志以外的其他标志,是,110113,11000000001319061904
十支队-顺义执法队,S332龙塘路K2+250下行京承铁路桥,遮挡公路附属设施或者利用公路附属设施架设管道、悬挂物品，可能危及公路安全,是,110113,11000000001319061904
十支队-顺义执法队,S332龙塘路K2+250下行京承铁路桥,车辆装载物触地拖行、掉落、遗洒或者飘散，造成公路路面损坏、污染,是,110113,11000000001319061904
十支队-顺义执法队,S335白马路K16+050上行京承铁路桥西,在公路上及公路用地范围内堆放物品,是,110113,11000000001314943982
十支队-顺义执法队,S335白马路K16+050上行京承铁路桥西,在公路上及公路用地范围内摆摊设点,是,110113,11000000001314943982
十支队-顺义执法队,S335白马路K16+050上行京承铁路桥西,在公路范围内擅自移动井盖,否,110113,11000000001314943982
十支队-顺义执法队,S335白马路K16+050上行京承铁路桥西,擅自占用、挖掘公路,是,110113,11000000001314943982
十支队-顺义执法队,S335白马路K16+050上行京承铁路桥西,在公路用地范围内设置公路标志以外的其他标志,是,110113,11000000001314943982
十支队-顺义执法队,S335白马路K16+050上行京承铁路桥西,遮挡公路附属设施或者利用公路附属设施架设管道、悬挂物品，可能危及公路安全,是,110113,11000000001314943982
十支队-顺义执法队,S335白马路K16+050上行京承铁路桥西,车辆装载物触地拖行、掉落、遗洒或者飘散，造成公路路面损坏、污染,是,110113,11000000001314943982
十支队-顺义执法队,S335白马路K40+760上行大秦铁路桥,在公路上及公路用地范围内堆放物品,是,110113,11000000001313254359
十支队-顺义执法队,S335白马路K40+760上行大秦铁路桥,在公路上及公路用地范围内摆摊设点,是,110113,11000000001313254359
十支队-顺义执法队,S335白马路K40+760上行大秦铁路桥,在公路范围内擅自移动井盖,否,110113,11000000001313254359
十支队-顺义执法队,S335白马路K40+760上行大秦铁路桥,擅自占用、挖掘公路,是,110113,11000000001313254359
十支队-顺义执法队,S335白马路K40+760上行大秦铁路桥,在公路用地范围内设置公路标志以外的其他标志,是,110113,11000000001313254359
十支队-顺义执法队,S335白马路K40+760上行大秦铁路桥,遮挡公路附属设施或者利用公路附属设施架设管道、悬挂物品，可能危及公路安全,是,110113,11000000001313254359
十支队-顺义执法队,S335白马路K40+760上行大秦铁路桥,车辆装载物触地拖行、掉落、遗洒或者飘散，造成公路路面损坏、污染,是,110113,11000000001313254359
十支队-顺义执法队,X001七大路K6+400上行大秦铁路桥,在公路上及公路用地范围内堆放物品,是,110113,11000000001319735496
十支队-顺义执法队,X001七大路K6+400上行大秦铁路桥,在公路上及公路用地范围内摆摊设点,是,110113,11000000001319735496
十支队-顺义执法队,X001七大路K6+400上行大秦铁路桥,在公路范围内擅自移动井盖,否,110113,11000000001319735496
十支队-顺义执法队,X001七大路K6+400上行大秦铁路桥,擅自占用、挖掘公路,是,110113,11000000001319735496
十支队-顺义执法队,X001七大路K6+400上行大秦铁路桥,在公路用地范围内设置公路标志以外的其他标志,是,110113,11000000001319735496
十支队-顺义执法队,X001七大路K6+400上行大秦铁路桥,遮挡公路附属设施或者利用公路附属设施架设管道、悬挂物品，可能危及公路安全,是,110113,11000000001319735496
十支队-顺义执法队,X001七大路K6+400上行大秦铁路桥,车辆装载物触地拖行、掉落、遗洒或者飘散，造成公路路面损坏、污染,是,110113,11000000001319735496
十支队-顺义执法队,X003龙尹路K4+400上行大秦铁路桥,在公路上及公路用地范围内堆放物品,是,110113,11000000001315881548
十支队-顺义执法队,X003龙尹路K4+400上行大秦铁路桥,在公路上及公路用地范围内摆摊设点,是,110113,11000000001315881548
十支队-顺义执法队,X003龙尹路K4+400上行大秦铁路桥,在公路范围内擅自移动井盖,否,110113,11000000001315881548
十支队-顺义执法队,X003龙尹路K4+400上行大秦铁路桥,擅自占用、挖掘公路,是,110113,11000000001315881548
十支队-顺义执法队,X003龙尹路K4+400上行大秦铁路桥,在公路用地范围内设置公路标志以外的其他标志,是,110113,11000000001315881548
十支队-顺义执法队,X003龙尹路K4+400上行大秦铁路桥,遮挡公路附属设施或者利用公路附属设施架设管道、悬挂物品，可能危及公路安全,是,110113,11000000001315881548
十支队-顺义执法队,X003龙尹路K4+400上行大秦铁路桥,车辆装载物触地拖行、掉落、遗洒或者飘散，造成公路路面损坏、污染,是,110113,11000000001315881548
十支队-顺义执法队,X017北木路西侧路K9+200上行京承铁路桥,在公路上及公路用地范围内堆放物品,是,110113,11000000001316448543
十支队-顺义执法队,X017北木路西侧路K9+200上行京承铁路桥,在公路上及公路用地范围内摆摊设点,是,110113,11000000001316448543
十支队-顺义执法队,X017北木路西侧路K9+200上行京承铁路桥,在公路范围内擅自移动井盖,否,110113,11000000001316448543
十支队-顺义执法队,X017北木路西侧路K9+200上行京承铁路桥,擅自占用、挖掘公路,是,110113,11000000001316448543
十支队-顺义执法队,X017北木路西侧路K9+200上行京承铁路桥,在公路用地范围内设置公路标志以外的其他标志,是,110113,11000000001316448543
十支队-顺义执法队,X017北木路西侧路K9+200上行京承铁路桥,遮挡公路附属设施或者利用公路附属设施架设管道、悬挂物品，可能危及公路安全,是,110113,11000000001316448543
十支队-顺义执法队,X017北木路西侧路K9+200上行京承铁路桥,车辆装载物触地拖行、掉落、遗洒或者飘散，造成公路路面损坏、污染,是,110113,11000000001316448543
十支队-顺义执法队,X031外环路K16+454上行京承铁路桥西,在公路上及公路用地范围内堆放物品,是,110113,11000000001319420133
十支队-顺义执法队,X031外环路K16+454上行京承铁路桥西,在公路上及公路用地范围内摆摊设点,是,110113,11000000001319420133
十支队-顺义执法队,X031外环路K16+454上行京承铁路桥西,在公路范围内擅自移动井盖,否,110113,11000000001319420133
十支队-顺义执法队,X031外环路K16+454上行京承铁路桥西,擅自占用、挖掘公路,是,110113,11000000001319420133
十支队-顺义执法队,X031外环路K16+454上行京承铁路桥西,在公路用地范围内设置公路标志以外的其他标志,是,110113,11000000001319420133
十支队-顺义执法队,X031外环路K16+454上行京承铁路桥西,遮挡公路附属设施或者利用公路附属设施架设管道、悬挂物品，可能危及公路安全,是,110113,11000000001319420133
十支队-顺义执法队,X031外环路K16+454上行京承铁路桥西,车辆装载物触地拖行、掉落、遗洒或者飘散，造成公路路面损坏、污染,是,110113,11000000001319420133
十支队-怀柔执法队,G111京漠线K69+500峪道河桥南,在公路上及公路用地范围内堆放物品,是,110116,11000000001312794240
十支队-怀柔执法队,G111京漠线K69+500峪道河桥南,在公路上及公路用地范围内摆摊设点,是,110116,11000000001312794240
十支队-怀柔执法队,G111京漠线K69+500峪道河桥南,在公路范围内擅自移动井盖,否,110116,11000000001312794240
十支队-怀柔执法队,G111京漠线K69+500峪道河桥南,擅自占用、挖掘公路,是,110116,11000000001312794240
十支队-怀柔执法队,G111京漠线K69+500峪道河桥南,在公路用地范围内设置公路标志以外的其他标志,是,110116,11000000001312794240
十支队-怀柔执法队,G111京漠线K69+500峪道河桥南,遮挡公路附属设施或者利用公路附属设施架设管道、悬挂物品，可能危及公路安全,是,110116,11000000001312794240
十支队-怀柔执法队,G111京漠线K69+500峪道河桥南,车辆装载物触地拖行、掉落、遗洒或者飘散，造成公路路面损坏、污染,是,110116,11000000001312794240
十支队-怀柔执法队,G111京漠线K107+270古石隧道进京方向,在公路上及公路用地范围内堆放物品,是,110116,11000000001316487631
十支队-怀柔执法队,G111京漠线K107+270古石隧道进京方向,在公路上及公路用地范围内摆摊设点,是,110116,11000000001316487631
十支队-怀柔执法队,G111京漠线K107+270古石隧道进京方向,在公路范围内擅自移动井盖,否,110116,11000000001316487631
十支队-怀柔执法队,G111京漠线K107+270古石隧道进京方向,擅自占用、挖掘公路,是,110116,11000000001316487631
十支队-怀柔执法队,G111京漠线K107+270古石隧道进京方向,在公路用地范围内设置公路标志以外的其他标志,是,110116,11000000001316487631
十支队-怀柔执法队,G111京漠线K107+270古石隧道进京方向,遮挡公路附属设施或者利用公路附属设施架设管道、悬挂物品，可能危及公路安全,是,110116,11000000001316487631
十支队-怀柔执法队,G111京漠线K107+270古石隧道进京方向,车辆装载物触地拖行、掉落、遗洒或者飘散，造成公路路面损坏、污染,是,110116,11000000001316487631
十支队-怀柔执法队,G111京漠线K143+240头道穴隧道出京入口上行,在公路上及公路用地范围内堆放物品,是,110116,11000000001315664304
十支队-怀柔执法队,G111京漠线K143+240头道穴隧道出京入口上行,在公路上及公路用地范围内摆摊设点,是,110116,11000000001315664304
十支队-怀柔执法队,G111京漠线K143+240头道穴隧道出京入口上行,在公路范围内擅自移动井盖,否,110116,11000000001315664304
十支队-怀柔执法队,G111京漠线K143+240头道穴隧道出京入口上行,擅自占用、挖掘公路,是,110116,11000000001315664304
十支队-怀柔执法队,G111京漠线K143+240头道穴隧道出京入口上行,在公路用地范围内设置公路标志以外的其他标志,是,110116,11000000001315664304
十支队-怀柔执法队,G111京漠线K143+240头道穴隧道出京入口上行,遮挡公路附属设施或者利用公路附属设施架设管道、悬挂物品，可能危及公路安全,是,110116,11000000001315664304
十支队-怀柔执法队,G111京漠线K143+240头道穴隧道出京入口上行,车辆装载物触地拖行、掉落、遗洒或者飘散，造成公路路面损坏、污染,是,110116,11000000001315664304
十支队-怀柔执法队,G111京漠线K143+545头道穴隧道出京1上行,在公路上及公路用地范围内堆放物品,是,110116,11000000001311590446
十支队-怀柔执法队,G111京漠线K143+545头道穴隧道出京1上行,在公路上及公路用地范围内摆摊设点,是,110116,11000000001311590446
十支队-怀柔执法队,G111京漠线K143+545头道穴隧道出京1上行,在公路范围内擅自移动井盖,否,110116,11000000001311590446
十支队-怀柔执法队,G111京漠线K143+545头道穴隧道出京1上行,擅自占用、挖掘公路,是,110116,11000000001311590446
十支队-怀柔执法队,G111京漠线K143+545头道穴隧道出京1上行,在公路用地范围内设置公路标志以外的其他标志,是,110116,11000000001311590446
十支队-怀柔执法队,G111京漠线K143+545头道穴隧道出京1上行,遮挡公路附属设施或者利用公路附属设施架设管道、悬挂物品，可能危及公路安全,是,110116,11000000001311590446
十支队-怀柔执法队,G111京漠线K143+545头道穴隧道出京1上行,车辆装载物触地拖行、掉落、遗洒或者飘散，造成公路路面损坏、污染,是,110116,11000000001311590446
十支队-怀柔执法队,G111京漠线K143+655头道穴隧道进京3上行,在公路上及公路用地范围内堆放物品,是,110116,11000000001312119512
十支队-怀柔执法队,G111京漠线K143+655头道穴隧道进京3上行,在公路上及公路用地范围内摆摊设点,是,110116,11000000001312119512
十支队-怀柔执法队,G111京漠线K143+655头道穴隧道进京3上行,在公路范围内擅自移动井盖,否,110116,11000000001312119512
十支队-怀柔执法队,G111京漠线K143+655头道穴隧道进京3上行,擅自占用、挖掘公路,是,110116,11000000001312119512
十支队-怀柔执法队,G111京漠线K143+655头道穴隧道进京3上行,在公路用地范围内设置公路标志以外的其他标志,是,110116,11000000001312119512
十支队-怀柔执法队,G111京漠线K143+655头道穴隧道进京3上行,遮挡公路附属设施或者利用公路附属设施架设管道、悬挂物品，可能危及公路安全,是,110116,11000000001312119512
十支队-怀柔执法队,G111京漠线K143+655头道穴隧道进京3上行,车辆装载物触地拖行、掉落、遗洒或者飘散，造成公路路面损坏、污染,是,110116,11000000001312119512
十支队-怀柔执法队,G111京漠线K143+675头道穴隧道出京2上行,在公路上及公路用地范围内堆放物品,是,110116,11000000001318183268
十支队-怀柔执法队,G111京漠线K143+675头道穴隧道出京2上行,在公路上及公路用地范围内摆摊设点,是,110116,11000000001318183268
十支队-怀柔执法队,G111京漠线K143+675头道穴隧道出京2上行,在公路范围内擅自移动井盖,否,110116,11000000001318183268
十支队-怀柔执法队,G111京漠线K143+675头道穴隧道出京2上行,擅自占用、挖掘公路,是,110116,11000000001318183268
十支队-怀柔执法队,G111京漠线K143+675头道穴隧道出京2上行,在公路用地范围内设置公路标志以外的其他标志,是,110116,11000000001318183268
十支队-怀柔执法队,G111京漠线K143+675头道穴隧道出京2上行,遮挡公路附属设施或者利用公路附属设施架设管道、悬挂物品，可能危及公路安全,是,110116,11000000001318183268
十支队-怀柔执法队,G111京漠线K143+675头道穴隧道出京2上行,车辆装载物触地拖行、掉落、遗洒或者飘散，造成公路路面损坏、污染,是,110116,11000000001318183268
十支队-怀柔执法队,G111京漠线K143+795头道穴隧道进京2上行,在公路上及公路用地范围内堆放物品,是,110116,11000000001316383819
十支队-怀柔执法队,G111京漠线K143+795头道穴隧道进京2上行,在公路上及公路用地范围内摆摊设点,是,110116,11000000001316383819
十支队-怀柔执法队,G111京漠线K143+795头道穴隧道进京2上行,在公路范围内擅自移动井盖,否,110116,11000000001316383819
十支队-怀柔执法队,G111京漠线K143+795头道穴隧道进京2上行,擅自占用、挖掘公路,是,110116,11000000001316383819
十支队-怀柔执法队,G111京漠线K143+795头道穴隧道进京2上行,在公路用地范围内设置公路标志以外的其他标志,是,110116,11000000001316383819
十支队-怀柔执法队,G111京漠线K143+795头道穴隧道进京2上行,遮挡公路附属设施或者利用公路附属设施架设管道、悬挂物品，可能危及公路安全,是,110116,11000000001316383819
十支队-怀柔执法队,G111京漠线K143+795头道穴隧道进京2上行,车辆装载物触地拖行、掉落、遗洒或者飘散，造成公路路面损坏、污染,是,110116,11000000001316383819
十支队-怀柔执法队,G111京漠线K143+840头道穴隧道出京3上行,在公路上及公路用地范围内堆放物品,是,110116,11000000001314370625
十支队-怀柔执法队,G111京漠线K143+840头道穴隧道出京3上行,在公路上及公路用地范围内摆摊设点,是,110116,11000000001314370625
十支队-怀柔执法队,G111京漠线K143+840头道穴隧道出京3上行,在公路范围内擅自移动井盖,否,110116,11000000001314370625
十支队-怀柔执法队,G111京漠线K143+840头道穴隧道出京3上行,擅自占用、挖掘公路,是,110116,11000000001314370625
十支队-怀柔执法队,G111京漠线K143+840头道穴隧道出京3上行,在公路用地范围内设置公路标志以外的其他标志,是,110116,11000000001314370625
十支队-怀柔执法队,G111京漠线K143+840头道穴隧道出京3上行,遮挡公路附属设施或者利用公路附属设施架设管道、悬挂物品，可能危及公路安全,是,110116,11000000001314370625
十支队-怀柔执法队,G111京漠线K143+840头道穴隧道出京3上行,车辆装载物触地拖行、掉落、遗洒或者飘散，造成公路路面损坏、污染,是,110116,11000000001314370625
十支队-怀柔执法队,G111京漠线K143+940头道穴隧道进京1上行,在公路上及公路用地范围内堆放物品,是,110116,
十支队-怀柔执法队,G111京漠线K143+940头道穴隧道进京1上行,在公路上及公路用地范围内摆摊设点,是,110116,
十支队-怀柔执法队,G111京漠线K143+940头道穴隧道进京1上行,在公路范围内擅自移动井盖,否,110116,
十支队-怀柔执法队,G111京漠线K143+940头道穴隧道进京1上行,擅自占用、挖掘公路,是,110116,
十支队-怀柔执法队,G111京漠线K143+940头道穴隧道进京1上行,在公路用地范围内设置公路标志以外的其他标志,是,110116,
十支队-怀柔执法队,G111京漠线K143+940头道穴隧道进京1上行,遮挡公路附属设施或者利用公路附属设施架设管道、悬挂物品，可能危及公路安全,是,110116,
十支队-怀柔执法队,G111京漠线K143+940头道穴隧道进京1上行,车辆装载物触地拖行、掉落、遗洒或者飘散，造成公路路面损坏、污染,是,110116,
十支队-怀柔执法队,G111京漠线K143+980头道穴隧道出京4上行,在公路上及公路用地范围内堆放物品,是,110116,11000000001313943627
十支队-怀柔执法队,G111京漠线K143+980头道穴隧道出京4上行,在公路上及公路用地范围内摆摊设点,是,110116,11000000001313943627
十支队-怀柔执法队,G111京漠线K143+980头道穴隧道出京4上行,在公路范围内擅自移动井盖,否,110116,11000000001313943627
十支队-怀柔执法队,G111京漠线K143+980头道穴隧道出京4上行,擅自占用、挖掘公路,是,110116,11000000001313943627
十支队-怀柔执法队,G111京漠线K143+980头道穴隧道出京4上行,在公路用地范围内设置公路标志以外的其他标志,是,110116,11000000001313943627
十支队-怀柔执法队,G111京漠线K143+980头道穴隧道出京4上行,遮挡公路附属设施或者利用公路附属设施架设管道、悬挂物品，可能危及公路安全,是,110116,11000000001313943627
十支队-怀柔执法队,G111京漠线K143+980头道穴隧道出京4上行,车辆装载物触地拖行、掉落、遗洒或者飘散，造成公路路面损坏、污染,是,110116,11000000001313943627
十支队-怀柔执法队,G111京漠线K153+675怀丰隧道出京1上行,在公路上及公路用地范围内堆放物品,是,110116,11000000001315978696
十支队-怀柔执法队,G111京漠线K153+675怀丰隧道出京1上行,在公路上及公路用地范围内摆摊设点,是,110116,11000000001315978696
十支队-怀柔执法队,G111京漠线K153+675怀丰隧道出京1上行,在公路范围内擅自移动井盖,否,110116,11000000001315978696
十支队-怀柔执法队,G111京漠线K153+675怀丰隧道出京1上行,擅自占用、挖掘公路,是,110116,11000000001315978696
十支队-怀柔执法队,G111京漠线K153+675怀丰隧道出京1上行,在公路用地范围内设置公路标志以外的其他标志,是,110116,11000000001315978696
十支队-怀柔执法队,G111京漠线K153+675怀丰隧道出京1上行,遮挡公路附属设施或者利用公路附属设施架设管道、悬挂物品，可能危及公路安全,是,110116,11000000001315978696
十支队-怀柔执法队,G111京漠线K153+675怀丰隧道出京1上行,车辆装载物触地拖行、掉落、遗洒或者飘散，造成公路路面损坏、污染,是,110116,11000000001315978696
十支队-怀柔执法队,G111京漠线K153+775怀丰隧道进京11下行,在公路上及公路用地范围内堆放物品,是,110116,11000000001313844682
十支队-怀柔执法队,G111京漠线K153+775怀丰隧道进京11下行,在公路上及公路用地范围内摆摊设点,是,110116,11000000001313844682
十支队-怀柔执法队,G111京漠线K153+775怀丰隧道进京11下行,在公路范围内擅自移动井盖,否,110116,11000000001313844682
十支队-怀柔执法队,G111京漠线K153+775怀丰隧道进京11下行,擅自占用、挖掘公路,是,110116,11000000001313844682
十支队-怀柔执法队,G111京漠线K153+775怀丰隧道进京11下行,在公路用地范围内设置公路标志以外的其他标志,是,110116,11000000001313844682
十支队-怀柔执法队,G111京漠线K153+775怀丰隧道进京11下行,遮挡公路附属设施或者利用公路附属设施架设管道、悬挂物品，可能危及公路安全,是,110116,11000000001313844682
十支队-怀柔执法队,G111京漠线K153+775怀丰隧道进京11下行,车辆装载物触地拖行、掉落、遗洒或者飘散，造成公路路面损坏、污染,是,110116,11000000001313844682
十支队-怀柔执法队,G111京漠线K153+815怀丰隧道出京2上行,在公路上及公路用地范围内堆放物品,是,110116,11000000001317851594
十支队-怀柔执法队,G111京漠线K153+815怀丰隧道出京2上行,在公路上及公路用地范围内摆摊设点,是,110116,11000000001317851594
十支队-怀柔执法队,G111京漠线K153+815怀丰隧道出京2上行,在公路范围内擅自移动井盖,否,110116,11000000001317851594
十支队-怀柔执法队,G111京漠线K153+815怀丰隧道出京2上行,擅自占用、挖掘公路,是,110116,11000000001317851594
十支队-怀柔执法队,G111京漠线K153+815怀丰隧道出京2上行,在公路用地范围内设置公路标志以外的其他标志,是,110116,11000000001317851594
十支队-怀柔执法队,G111京漠线K153+815怀丰隧道出京2上行,遮挡公路附属设施或者利用公路附属设施架设管道、悬挂物品，可能危及公路安全,是,110116,11000000001317851594
十支队-怀柔执法队,G111京漠线K153+815怀丰隧道出京2上行,车辆装载物触地拖行、掉落、遗洒或者飘散，造成公路路面损坏、污染,是,110116,11000000001317851594
十支队-怀柔执法队,G111京漠线K153+893怀丰隧道进京10下行,在公路上及公路用地范围内堆放物品,是,110116,11000000001319216820
十支队-怀柔执法队,G111京漠线K153+893怀丰隧道进京10下行,在公路上及公路用地范围内摆摊设点,是,110116,11000000001319216820
十支队-怀柔执法队,G111京漠线K153+893怀丰隧道进京10下行,在公路范围内擅自移动井盖,否,110116,11000000001319216820
十支队-怀柔执法队,G111京漠线K153+893怀丰隧道进京10下行,擅自占用、挖掘公路,是,110116,11000000001319216820
十支队-怀柔执法队,G111京漠线K153+893怀丰隧道进京10下行,在公路用地范围内设置公路标志以外的其他标志,是,110116,11000000001319216820
十支队-怀柔执法队,G111京漠线K153+893怀丰隧道进京10下行,遮挡公路附属设施或者利用公路附属设施架设管道、悬挂物品，可能危及公路安全,是,110116,11000000001319216820
十支队-怀柔执法队,G111京漠线K153+893怀丰隧道进京10下行,车辆装载物触地拖行、掉落、遗洒或者飘散，造成公路路面损坏、污染,是,110116,11000000001319216820
十支队-怀柔执法队,G111京漠线K153+927怀丰隧道出京3上行,在公路上及公路用地范围内堆放物品,是,110116,11000000001314767302
十支队-怀柔执法队,G111京漠线K153+927怀丰隧道出京3上行,在公路上及公路用地范围内摆摊设点,是,110116,11000000001314767302
十支队-怀柔执法队,G111京漠线K153+927怀丰隧道出京3上行,在公路范围内擅自移动井盖,否,110116,11000000001314767302
十支队-怀柔执法队,G111京漠线K153+927怀丰隧道出京3上行,擅自占用、挖掘公路,是,110116,11000000001314767302
十支队-怀柔执法队,G111京漠线K153+927怀丰隧道出京3上行,在公路用地范围内设置公路标志以外的其他标志,是,110116,11000000001314767302
十支队-怀柔执法队,G111京漠线K153+927怀丰隧道出京3上行,遮挡公路附属设施或者利用公路附属设施架设管道、悬挂物品，可能危及公路安全,是,110116,11000000001314767302
十支队-怀柔执法队,G111京漠线K153+927怀丰隧道出京3上行,车辆装载物触地拖行、掉落、遗洒或者飘散，造成公路路面损坏、污染,是,110116,11000000001314767302
十支队-怀柔执法队,G111京漠线K154+005怀丰隧道进京9下行,在公路上及公路用地范围内堆放物品,是,110116,11000000001316899594
十支队-怀柔执法队,G111京漠线K154+005怀丰隧道进京9下行,在公路上及公路用地范围内摆摊设点,是,110116,11000000001316899594
十支队-怀柔执法队,G111京漠线K154+005怀丰隧道进京9下行,在公路范围内擅自移动井盖,否,110116,11000000001316899594
十支队-怀柔执法队,G111京漠线K154+005怀丰隧道进京9下行,擅自占用、挖掘公路,是,110116,11000000001316899594
十支队-怀柔执法队,G111京漠线K154+005怀丰隧道进京9下行,在公路用地范围内设置公路标志以外的其他标志,是,110116,11000000001316899594
十支队-怀柔执法队,G111京漠线K154+005怀丰隧道进京9下行,遮挡公路附属设施或者利用公路附属设施架设管道、悬挂物品，可能危及公路安全,是,110116,11000000001316899594
十支队-怀柔执法队,G111京漠线K154+005怀丰隧道进京9下行,车辆装载物触地拖行、掉落、遗洒或者飘散，造成公路路面损坏、污染,是,110116,11000000001316899594
十支队-怀柔执法队,G111京漠线K154+040怀丰隧道出京4上行,在公路上及公路用地范围内堆放物品,是,110116,11000000001313686989
十支队-怀柔执法队,G111京漠线K154+040怀丰隧道出京4上行,在公路上及公路用地范围内摆摊设点,是,110116,11000000001313686989
十支队-怀柔执法队,G111京漠线K154+040怀丰隧道出京4上行,在公路范围内擅自移动井盖,否,110116,11000000001313686989
十支队-怀柔执法队,G111京漠线K154+040怀丰隧道出京4上行,擅自占用、挖掘公路,是,110116,11000000001313686989
十支队-怀柔执法队,G111京漠线K154+040怀丰隧道出京4上行,在公路用地范围内设置公路标志以外的其他标志,是,110116,11000000001313686989
十支队-怀柔执法队,G111京漠线K154+040怀丰隧道出京4上行,遮挡公路附属设施或者利用公路附属设施架设管道、悬挂物品，可能危及公路安全,是,110116,11000000001313686989
十支队-怀柔执法队,G111京漠线K154+040怀丰隧道出京4上行,车辆装载物触地拖行、掉落、遗洒或者飘散，造成公路路面损坏、污染,是,110116,11000000001313686989
十支队-怀柔执法队,G111京漠线K154+235怀丰隧道进京7下行,在公路上及公路用地范围内堆放物品,是,110116,11000000001312652186
十支队-怀柔执法队,G111京漠线K154+235怀丰隧道进京7下行,在公路上及公路用地范围内摆摊设点,是,110116,11000000001312652186
十支队-怀柔执法队,G111京漠线K154+235怀丰隧道进京7下行,在公路范围内擅自移动井盖,否,110116,11000000001312652186
十支队-怀柔执法队,G111京漠线K154+235怀丰隧道进京7下行,擅自占用、挖掘公路,是,110116,11000000001312652186
十支队-怀柔执法队,G111京漠线K154+235怀丰隧道进京7下行,在公路用地范围内设置公路标志以外的其他标志,是,110116,11000000001312652186
十支队-怀柔执法队,G111京漠线K154+235怀丰隧道进京7下行,遮挡公路附属设施或者利用公路附属设施架设管道、悬挂物品，可能危及公路安全,是,110116,11000000001312652186
十支队-怀柔执法队,G111京漠线K154+235怀丰隧道进京7下行,车辆装载物触地拖行、掉落、遗洒或者飘散，造成公路路面损坏、污染,是,110116,11000000001312652186
十支队-怀柔执法队,G111京漠线K154+295怀丰隧道出京6上行,在公路上及公路用地范围内堆放物品,是,110116,11000000001318255026
十支队-怀柔执法队,G111京漠线K154+295怀丰隧道出京6上行,在公路上及公路用地范围内摆摊设点,是,110116,11000000001318255026
十支队-怀柔执法队,G111京漠线K154+295怀丰隧道出京6上行,在公路范围内擅自移动井盖,否,110116,11000000001318255026
十支队-怀柔执法队,G111京漠线K154+295怀丰隧道出京6上行,擅自占用、挖掘公路,是,110116,11000000001318255026
十支队-怀柔执法队,G111京漠线K154+295怀丰隧道出京6上行,在公路用地范围内设置公路标志以外的其他标志,是,110116,11000000001318255026
十支队-怀柔执法队,G111京漠线K154+295怀丰隧道出京6上行,遮挡公路附属设施或者利用公路附属设施架设管道、悬挂物品，可能危及公路安全,是,110116,11000000001318255026
十支队-怀柔执法队,G111京漠线K154+295怀丰隧道出京6上行,车辆装载物触地拖行、掉落、遗洒或者飘散，造成公路路面损坏、污染,是,110116,11000000001318255026
十支队-怀柔执法队,G111京漠线K154+370怀丰隧道进京6下行,在公路上及公路用地范围内堆放物品,是,110116,11000000001315276016
十支队-怀柔执法队,G111京漠线K154+370怀丰隧道进京6下行,在公路上及公路用地范围内摆摊设点,是,110116,11000000001315276016
十支队-怀柔执法队,G111京漠线K154+370怀丰隧道进京6下行,在公路范围内擅自移动井盖,否,110116,11000000001315276016
十支队-怀柔执法队,G111京漠线K154+370怀丰隧道进京6下行,擅自占用、挖掘公路,是,110116,11000000001315276016
十支队-怀柔执法队,G111京漠线K154+370怀丰隧道进京6下行,在公路用地范围内设置公路标志以外的其他标志,是,110116,11000000001315276016
十支队-怀柔执法队,G111京漠线K154+370怀丰隧道进京6下行,遮挡公路附属设施或者利用公路附属设施架设管道、悬挂物品，可能危及公路安全,是,110116,11000000001315276016
十支队-怀柔执法队,G111京漠线K154+370怀丰隧道进京6下行,车辆装载物触地拖行、掉落、遗洒或者飘散，造成公路路面损坏、污染,是,110116,11000000001315276016
十支队-怀柔执法队,G111京漠线K154+420怀丰隧道出京7上行,在公路上及公路用地范围内堆放物品,是,110116,11000000001315360121
十支队-怀柔执法队,G111京漠线K154+420怀丰隧道出京7上行,在公路上及公路用地范围内摆摊设点,是,110116,11000000001315360121
十支队-怀柔执法队,G111京漠线K154+420怀丰隧道出京7上行,在公路范围内擅自移动井盖,否,110116,11000000001315360121
十支队-怀柔执法队,G111京漠线K154+420怀丰隧道出京7上行,擅自占用、挖掘公路,是,110116,11000000001315360121
十支队-怀柔执法队,G111京漠线K154+420怀丰隧道出京7上行,在公路用地范围内设置公路标志以外的其他标志,是,110116,11000000001315360121
十支队-怀柔执法队,G111京漠线K154+420怀丰隧道出京7上行,遮挡公路附属设施或者利用公路附属设施架设管道、悬挂物品，可能危及公路安全,是,110116,11000000001315360121
十支队-怀柔执法队,G111京漠线K154+420怀丰隧道出京7上行,车辆装载物触地拖行、掉落、遗洒或者飘散，造成公路路面损坏、污染,是,110116,11000000001315360121
十支队-怀柔执法队,G111京漠线K154+495怀丰隧道进京5下行,在公路上及公路用地范围内堆放物品,是,110116,11000000001319439208
十支队-怀柔执法队,G111京漠线K154+495怀丰隧道进京5下行,在公路上及公路用地范围内摆摊设点,是,110116,11000000001319439208
十支队-怀柔执法队,G111京漠线K154+495怀丰隧道进京5下行,在公路范围内擅自移动井盖,否,110116,11000000001319439208
十支队-怀柔执法队,G111京漠线K154+495怀丰隧道进京5下行,擅自占用、挖掘公路,是,110116,11000000001319439208
十支队-怀柔执法队,G111京漠线K154+495怀丰隧道进京5下行,在公路用地范围内设置公路标志以外的其他标志,是,110116,11000000001319439208
十支队-怀柔执法队,G111京漠线K154+495怀丰隧道进京5下行,遮挡公路附属设施或者利用公路附属设施架设管道、悬挂物品，可能危及公路安全,是,110116,11000000001319439208
十支队-怀柔执法队,G111京漠线K154+495怀丰隧道进京5下行,车辆装载物触地拖行、掉落、遗洒或者飘散，造成公路路面损坏、污染,是,110116,11000000001319439208
十支队-怀柔执法队,G111京漠线K154+540怀丰隧道出京8上行,在公路上及公路用地范围内堆放物品,是,110116,11000000001319707276
十支队-怀柔执法队,G111京漠线K154+540怀丰隧道出京8上行,在公路上及公路用地范围内摆摊设点,是,110116,11000000001319707276
十支队-怀柔执法队,G111京漠线K154+540怀丰隧道出京8上行,在公路范围内擅自移动井盖,否,110116,11000000001319707276
十支队-怀柔执法队,G111京漠线K154+540怀丰隧道出京8上行,擅自占用、挖掘公路,是,110116,11000000001319707276
十支队-怀柔执法队,G111京漠线K154+540怀丰隧道出京8上行,在公路用地范围内设置公路标志以外的其他标志,是,110116,11000000001319707276
十支队-怀柔执法队,G111京漠线K154+540怀丰隧道出京8上行,遮挡公路附属设施或者利用公路附属设施架设管道、悬挂物品，可能危及公路安全,是,110116,11000000001319707276
十支队-怀柔执法队,G111京漠线K154+540怀丰隧道出京8上行,车辆装载物触地拖行、掉落、遗洒或者飘散，造成公路路面损坏、污染,是,110116,11000000001319707276
十支队-怀柔执法队,G111京漠线K154+545怀丰隧道出京停车带上行,在公路上及公路用地范围内堆放物品,是,110116,11000000001316460992
十支队-怀柔执法队,G111京漠线K154+545怀丰隧道出京停车带上行,在公路上及公路用地范围内摆摊设点,是,110116,11000000001316460992
十支队-怀柔执法队,G111京漠线K154+545怀丰隧道出京停车带上行,在公路范围内擅自移动井盖,否,110116,11000000001316460992
十支队-怀柔执法队,G111京漠线K154+545怀丰隧道出京停车带上行,擅自占用、挖掘公路,是,110116,11000000001316460992
十支队-怀柔执法队,G111京漠线K154+545怀丰隧道出京停车带上行,在公路用地范围内设置公路标志以外的其他标志,是,110116,11000000001316460992
十支队-怀柔执法队,G111京漠线K154+545怀丰隧道出京停车带上行,遮挡公路附属设施或者利用公路附属设施架设管道、悬挂物品，可能危及公路安全,是,110116,11000000001316460992
十支队-怀柔执法队,G111京漠线K154+545怀丰隧道出京停车带上行,车辆装载物触地拖行、掉落、遗洒或者飘散，造成公路路面损坏、污染,是,110116,11000000001316460992
十支队-怀柔执法队,G111京漠线K154+625怀丰隧道进京4下行,在公路上及公路用地范围内堆放物品,是,110116,11000000001317033280
十支队-怀柔执法队,G111京漠线K154+625怀丰隧道进京4下行,在公路上及公路用地范围内摆摊设点,是,110116,11000000001317033280
十支队-怀柔执法队,G111京漠线K154+625怀丰隧道进京4下行,在公路范围内擅自移动井盖,否,110116,11000000001317033280
十支队-怀柔执法队,G111京漠线K154+625怀丰隧道进京4下行,擅自占用、挖掘公路,是,110116,11000000001317033280
十支队-怀柔执法队,G111京漠线K154+625怀丰隧道进京4下行,在公路用地范围内设置公路标志以外的其他标志,是,110116,11000000001317033280
十支队-怀柔执法队,G111京漠线K154+625怀丰隧道进京4下行,遮挡公路附属设施或者利用公路附属设施架设管道、悬挂物品，可能危及公路安全,是,110116,11000000001317033280
十支队-怀柔执法队,G111京漠线K154+625怀丰隧道进京4下行,车辆装载物触地拖行、掉落、遗洒或者飘散，造成公路路面损坏、污染,是,110116,11000000001317033280
十支队-怀柔执法队,G111京漠线K154+660怀丰隧道出京9上行,在公路上及公路用地范围内堆放物品,是,110116,11000000001314884292
十支队-怀柔执法队,G111京漠线K154+660怀丰隧道出京9上行,在公路上及公路用地范围内摆摊设点,是,110116,11000000001314884292
十支队-怀柔执法队,G111京漠线K154+660怀丰隧道出京9上行,在公路范围内擅自移动井盖,否,110116,11000000001314884292
十支队-怀柔执法队,G111京漠线K154+660怀丰隧道出京9上行,擅自占用、挖掘公路,是,110116,11000000001314884292
十支队-怀柔执法队,G111京漠线K154+660怀丰隧道出京9上行,在公路用地范围内设置公路标志以外的其他标志,是,110116,11000000001314884292
十支队-怀柔执法队,G111京漠线K154+660怀丰隧道出京9上行,遮挡公路附属设施或者利用公路附属设施架设管道、悬挂物品，可能危及公路安全,是,110116,11000000001314884292
十支队-怀柔执法队,G111京漠线K154+660怀丰隧道出京9上行,车辆装载物触地拖行、掉落、遗洒或者飘散，造成公路路面损坏、污染,是,110116,11000000001314884292
十支队-怀柔执法队,G111京漠线K154+774怀丰隧道进京3下行,在公路上及公路用地范围内堆放物品,是,110116,11000000001313078876
十支队-怀柔执法队,G111京漠线K154+774怀丰隧道进京3下行,在公路上及公路用地范围内摆摊设点,是,110116,11000000001313078876
十支队-怀柔执法队,G111京漠线K154+774怀丰隧道进京3下行,在公路范围内擅自移动井盖,否,110116,11000000001313078876
十支队-怀柔执法队,G111京漠线K154+774怀丰隧道进京3下行,擅自占用、挖掘公路,是,110116,11000000001313078876
十支队-怀柔执法队,G111京漠线K154+774怀丰隧道进京3下行,在公路用地范围内设置公路标志以外的其他标志,是,110116,11000000001313078876
十支队-怀柔执法队,G111京漠线K154+774怀丰隧道进京3下行,遮挡公路附属设施或者利用公路附属设施架设管道、悬挂物品，可能危及公路安全,是,110116,11000000001313078876
十支队-怀柔执法队,G111京漠线K154+774怀丰隧道进京3下行,车辆装载物触地拖行、掉落、遗洒或者飘散，造成公路路面损坏、污染,是,110116,11000000001313078876
十支队-怀柔执法队,G111京漠线K154+905怀丰隧道出京11上行,在公路上及公路用地范围内堆放物品,是,110116,11000000001315169111
十支队-怀柔执法队,G111京漠线K154+905怀丰隧道出京11上行,在公路上及公路用地范围内摆摊设点,是,110116,11000000001315169111
十支队-怀柔执法队,G111京漠线K154+905怀丰隧道出京11上行,在公路范围内擅自移动井盖,否,110116,11000000001315169111
十支队-怀柔执法队,G111京漠线K154+905怀丰隧道出京11上行,擅自占用、挖掘公路,是,110116,11000000001315169111
十支队-怀柔执法队,G111京漠线K154+905怀丰隧道出京11上行,在公路用地范围内设置公路标志以外的其他标志,是,110116,11000000001315169111
十支队-怀柔执法队,G111京漠线K154+905怀丰隧道出京11上行,遮挡公路附属设施或者利用公路附属设施架设管道、悬挂物品，可能危及公路安全,是,110116,11000000001315169111
十支队-怀柔执法队,G111京漠线K154+905怀丰隧道出京11上行,车辆装载物触地拖行、掉落、遗洒或者飘散，造成公路路面损坏、污染,是,110116,11000000001315169111
十支队-怀柔执法队,G111京漠线K154+975怀丰隧道进京1下行,在公路上及公路用地范围内堆放物品,是,110116,11000000001314744791
十支队-怀柔执法队,G111京漠线K154+975怀丰隧道进京1下行,在公路上及公路用地范围内摆摊设点,是,110116,11000000001314744791
十支队-怀柔执法队,G111京漠线K154+975怀丰隧道进京1下行,在公路范围内擅自移动井盖,否,110116,11000000001314744791
十支队-怀柔执法队,G111京漠线K154+975怀丰隧道进京1下行,擅自占用、挖掘公路,是,110116,11000000001314744791
十支队-怀柔执法队,G111京漠线K154+975怀丰隧道进京1下行,在公路用地范围内设置公路标志以外的其他标志,是,110116,11000000001314744791
十支队-怀柔执法队,G111京漠线K154+975怀丰隧道进京1下行,遮挡公路附属设施或者利用公路附属设施架设管道、悬挂物品，可能危及公路安全,是,110116,11000000001314744791
十支队-怀柔执法队,G111京漠线K154+975怀丰隧道进京1下行,车辆装载物触地拖行、掉落、遗洒或者飘散，造成公路路面损坏、污染,是,110116,11000000001314744791
十支队-怀柔执法队,G111京漠线K67+606河防口隧道进京04,在公路上及公路用地范围内堆放物品,是,110116,11000000001319628110
十支队-怀柔执法队,G111京漠线K67+606河防口隧道进京04,在公路上及公路用地范围内摆摊设点,是,110116,11000000001319628110
十支队-怀柔执法队,G111京漠线K67+606河防口隧道进京04,在公路范围内擅自移动井盖,否,110116,11000000001319628110
十支队-怀柔执法队,G111京漠线K67+606河防口隧道进京04,擅自占用、挖掘公路,是,110116,11000000001319628110
十支队-怀柔执法队,G111京漠线K67+606河防口隧道进京04,在公路用地范围内设置公路标志以外的其他标志,是,110116,11000000001319628110
十支队-怀柔执法队,G111京漠线K67+606河防口隧道进京04,遮挡公路附属设施或者利用公路附属设施架设管道、悬挂物品，可能危及公路安全,是,110116,11000000001319628110
十支队-怀柔执法队,G111京漠线K67+606河防口隧道进京04,车辆装载物触地拖行、掉落、遗洒或者飘散，造成公路路面损坏、污染,是,110116,11000000001319628110
十支队-怀柔执法队,G111京漠线K67+700河防口隧道出京01,在公路上及公路用地范围内堆放物品,是,110116,11000000001317350488
十支队-怀柔执法队,G111京漠线K67+700河防口隧道出京01,在公路上及公路用地范围内摆摊设点,是,110116,11000000001317350488
十支队-怀柔执法队,G111京漠线K67+700河防口隧道出京01,在公路范围内擅自移动井盖,否,110116,11000000001317350488
十支队-怀柔执法队,G111京漠线K67+700河防口隧道出京01,擅自占用、挖掘公路,是,110116,11000000001317350488
十支队-怀柔执法队,G111京漠线K67+700河防口隧道出京01,在公路用地范围内设置公路标志以外的其他标志,是,110116,11000000001317350488
十支队-怀柔执法队,G111京漠线K67+700河防口隧道出京01,遮挡公路附属设施或者利用公路附属设施架设管道、悬挂物品，可能危及公路安全,是,110116,11000000001317350488
十支队-怀柔执法队,G111京漠线K67+700河防口隧道出京01,车辆装载物触地拖行、掉落、遗洒或者飘散，造成公路路面损坏、污染,是,110116,11000000001317350488
十支队-怀柔执法队,G111京漠线K68+056河防口隧道进京01,在公路上及公路用地范围内堆放物品,是,110116,11000000001318114050
十支队-怀柔执法队,G111京漠线K68+056河防口隧道进京01,在公路上及公路用地范围内摆摊设点,是,110116,11000000001318114050
十支队-怀柔执法队,G111京漠线K68+056河防口隧道进京01,在公路范围内擅自移动井盖,否,110116,11000000001318114050
十支队-怀柔执法队,G111京漠线K68+056河防口隧道进京01,擅自占用、挖掘公路,是,110116,11000000001318114050
十支队-怀柔执法队,G111京漠线K68+056河防口隧道进京01,在公路用地范围内设置公路标志以外的其他标志,是,110116,11000000001318114050
十支队-怀柔执法队,G111京漠线K68+056河防口隧道进京01,遮挡公路附属设施或者利用公路附属设施架设管道、悬挂物品，可能危及公路安全,是,110116,11000000001318114050
十支队-怀柔执法队,G111京漠线K68+056河防口隧道进京01,车辆装载物触地拖行、掉落、遗洒或者飘散，造成公路路面损坏、污染,是,110116,11000000001318114050
十支队-怀柔执法队,G111京漠线K68+076河防口隧道下行-进口,在公路上及公路用地范围内堆放物品,是,110116,
十支队-怀柔执法队,G111京漠线K68+076河防口隧道下行-进口,在公路上及公路用地范围内摆摊设点,是,110116,
十支队-怀柔执法队,G111京漠线K68+076河防口隧道下行-进口,在公路范围内擅自移动井盖,否,110116,
十支队-怀柔执法队,G111京漠线K68+076河防口隧道下行-进口,擅自占用、挖掘公路,是,110116,
十支队-怀柔执法队,G111京漠线K68+076河防口隧道下行-进口,在公路用地范围内设置公路标志以外的其他标志,是,110116,
十支队-怀柔执法队,G111京漠线K68+076河防口隧道下行-进口,遮挡公路附属设施或者利用公路附属设施架设管道、悬挂物品，可能危及公路安全,是,110116,
十支队-怀柔执法队,G111京漠线K68+076河防口隧道下行-进口,车辆装载物触地拖行、掉落、遗洒或者飘散，造成公路路面损坏、污染,是,110116,
十支队-怀柔执法队,G111京漠线K68+150河防口隧道出京04,在公路上及公路用地范围内堆放物品,是,110116,11000000001316126726
十支队-怀柔执法队,G111京漠线K68+150河防口隧道出京04,在公路上及公路用地范围内摆摊设点,是,110116,11000000001316126726
十支队-怀柔执法队,G111京漠线K68+150河防口隧道出京04,在公路范围内擅自移动井盖,否,110116,11000000001316126726
十支队-怀柔执法队,G111京漠线K68+150河防口隧道出京04,擅自占用、挖掘公路,是,110116,11000000001316126726
十支队-怀柔执法队,G111京漠线K68+150河防口隧道出京04,在公路用地范围内设置公路标志以外的其他标志,是,110116,11000000001316126726
十支队-怀柔执法队,G111京漠线K68+150河防口隧道出京04,遮挡公路附属设施或者利用公路附属设施架设管道、悬挂物品，可能危及公路安全,是,110116,11000000001316126726
十支队-怀柔执法队,G111京漠线K68+150河防口隧道出京04,车辆装载物触地拖行、掉落、遗洒或者飘散，造成公路路面损坏、污染,是,110116,11000000001316126726
十支队-怀柔执法队,G111京漠线K68+283河防口隧道上行-出口,在公路上及公路用地范围内堆放物品,是,110116,
十支队-怀柔执法队,G111京漠线K68+283河防口隧道上行-出口,在公路上及公路用地范围内摆摊设点,是,110116,
十支队-怀柔执法队,G111京漠线K68+283河防口隧道上行-出口,在公路范围内擅自移动井盖,否,110116,
十支队-怀柔执法队,G111京漠线K68+283河防口隧道上行-出口,擅自占用、挖掘公路,是,110116,
十支队-怀柔执法队,G111京漠线K68+283河防口隧道上行-出口,在公路用地范围内设置公路标志以外的其他标志,是,110116,
十支队-怀柔执法队,G111京漠线K68+283河防口隧道上行-出口,遮挡公路附属设施或者利用公路附属设施架设管道、悬挂物品，可能危及公路安全,是,110116,
十支队-怀柔执法队,G111京漠线K68+283河防口隧道上行-出口,车辆装载物触地拖行、掉落、遗洒或者飘散，造成公路路面损坏、污染,是,110116,
十支队-怀柔执法队,G111京漠线K68河防口隧道出京03,在公路上及公路用地范围内堆放物品,是,110116,11000000001315968791
十支队-怀柔执法队,G111京漠线K68河防口隧道出京03,在公路上及公路用地范围内摆摊设点,是,110116,11000000001315968791
十支队-怀柔执法队,G111京漠线K68河防口隧道出京03,在公路范围内擅自移动井盖,否,110116,11000000001315968791
十支队-怀柔执法队,G111京漠线K68河防口隧道出京03,擅自占用、挖掘公路,是,110116,11000000001315968791
十支队-怀柔执法队,G111京漠线K68河防口隧道出京03,在公路用地范围内设置公路标志以外的其他标志,是,110116,11000000001315968791
十支队-怀柔执法队,G111京漠线K68河防口隧道出京03,遮挡公路附属设施或者利用公路附属设施架设管道、悬挂物品，可能危及公路安全,是,110116,11000000001315968791
十支队-怀柔执法队,G111京漠线K68河防口隧道出京03,车辆装载物触地拖行、掉落、遗洒或者飘散，造成公路路面损坏、污染,是,110116,11000000001315968791
十支队-怀柔执法队,G111京漠线K76+474分水岭进京25,在公路上及公路用地范围内堆放物品,是,110116,11000000001311917763
十支队-怀柔执法队,G111京漠线K76+474分水岭进京25,在公路上及公路用地范围内摆摊设点,是,110116,11000000001311917763
十支队-怀柔执法队,G111京漠线K76+474分水岭进京25,在公路范围内擅自移动井盖,否,110116,11000000001311917763
十支队-怀柔执法队,G111京漠线K76+474分水岭进京25,擅自占用、挖掘公路,是,110116,11000000001311917763
十支队-怀柔执法队,G111京漠线K76+474分水岭进京25,在公路用地范围内设置公路标志以外的其他标志,是,110116,11000000001311917763
十支队-怀柔执法队,G111京漠线K76+474分水岭进京25,遮挡公路附属设施或者利用公路附属设施架设管道、悬挂物品，可能危及公路安全,是,110116,11000000001311917763
十支队-怀柔执法队,G111京漠线K76+474分水岭进京25,车辆装载物触地拖行、掉落、遗洒或者飘散，造成公路路面损坏、污染,是,110116,11000000001311917763
十支队-怀柔执法队,G111京漠线K76+617分水岭进京24,在公路上及公路用地范围内堆放物品,是,110116,11000000001312095982
十支队-怀柔执法队,G111京漠线K76+617分水岭进京24,在公路上及公路用地范围内摆摊设点,是,110116,11000000001312095982
十支队-怀柔执法队,G111京漠线K76+617分水岭进京24,在公路范围内擅自移动井盖,否,110116,11000000001312095982
十支队-怀柔执法队,G111京漠线K76+617分水岭进京24,擅自占用、挖掘公路,是,110116,11000000001312095982
十支队-怀柔执法队,G111京漠线K76+617分水岭进京24,在公路用地范围内设置公路标志以外的其他标志,是,110116,11000000001312095982
十支队-怀柔执法队,G111京漠线K76+617分水岭进京24,遮挡公路附属设施或者利用公路附属设施架设管道、悬挂物品，可能危及公路安全,是,110116,11000000001312095982
十支队-怀柔执法队,G111京漠线K76+617分水岭进京24,车辆装载物触地拖行、掉落、遗洒或者飘散，造成公路路面损坏、污染,是,110116,11000000001312095982
十支队-怀柔执法队,G111京漠线K76+654分水岭出京1,在公路上及公路用地范围内堆放物品,是,110116,11000000001317429773
十支队-怀柔执法队,G111京漠线K76+654分水岭出京1,在公路上及公路用地范围内摆摊设点,是,110116,11000000001317429773
十支队-怀柔执法队,G111京漠线K76+654分水岭出京1,在公路范围内擅自移动井盖,否,110116,11000000001317429773
十支队-怀柔执法队,G111京漠线K76+654分水岭出京1,擅自占用、挖掘公路,是,110116,11000000001317429773
十支队-怀柔执法队,G111京漠线K76+654分水岭出京1,在公路用地范围内设置公路标志以外的其他标志,是,110116,11000000001317429773
十支队-怀柔执法队,G111京漠线K76+654分水岭出京1,遮挡公路附属设施或者利用公路附属设施架设管道、悬挂物品，可能危及公路安全,是,110116,11000000001317429773
十支队-怀柔执法队,G111京漠线K76+654分水岭出京1,车辆装载物触地拖行、掉落、遗洒或者飘散，造成公路路面损坏、污染,是,110116,11000000001317429773
十支队-怀柔执法队,G111京漠线K76+936分水岭进京22,在公路上及公路用地范围内堆放物品,是,110116,11000000001315581147
十支队-怀柔执法队,G111京漠线K76+936分水岭进京22,在公路上及公路用地范围内摆摊设点,是,110116,11000000001315581147
十支队-怀柔执法队,G111京漠线K76+936分水岭进京22,在公路范围内擅自移动井盖,否,110116,11000000001315581147
十支队-怀柔执法队,G111京漠线K76+936分水岭进京22,擅自占用、挖掘公路,是,110116,11000000001315581147
十支队-怀柔执法队,G111京漠线K76+936分水岭进京22,在公路用地范围内设置公路标志以外的其他标志,是,110116,11000000001315581147
十支队-怀柔执法队,G111京漠线K76+936分水岭进京22,遮挡公路附属设施或者利用公路附属设施架设管道、悬挂物品，可能危及公路安全,是,110116,11000000001315581147
十支队-怀柔执法队,G111京漠线K76+936分水岭进京22,车辆装载物触地拖行、掉落、遗洒或者飘散，造成公路路面损坏、污染,是,110116,11000000001315581147
十支队-怀柔执法队,G111京漠线K76+940分水岭出京3,在公路上及公路用地范围内堆放物品,是,110116,11000000001314225729
十支队-怀柔执法队,G111京漠线K76+940分水岭出京3,在公路上及公路用地范围内摆摊设点,是,110116,11000000001314225729
十支队-怀柔执法队,G111京漠线K76+940分水岭出京3,在公路范围内擅自移动井盖,否,110116,11000000001314225729
十支队-怀柔执法队,G111京漠线K76+940分水岭出京3,擅自占用、挖掘公路,是,110116,11000000001314225729
十支队-怀柔执法队,G111京漠线K76+940分水岭出京3,在公路用地范围内设置公路标志以外的其他标志,是,110116,11000000001314225729
十支队-怀柔执法队,G111京漠线K76+940分水岭出京3,遮挡公路附属设施或者利用公路附属设施架设管道、悬挂物品，可能危及公路安全,是,110116,11000000001314225729
十支队-怀柔执法队,G111京漠线K76+940分水岭出京3,车辆装载物触地拖行、掉落、遗洒或者飘散，造成公路路面损坏、污染,是,110116,11000000001314225729
十支队-怀柔执法队,G111京漠线K77+016分水岭进京停4,在公路上及公路用地范围内堆放物品,是,110116,11000000001319438003
十支队-怀柔执法队,G111京漠线K77+016分水岭进京停4,在公路上及公路用地范围内摆摊设点,是,110116,11000000001319438003
十支队-怀柔执法队,G111京漠线K77+016分水岭进京停4,在公路范围内擅自移动井盖,否,110116,11000000001319438003
十支队-怀柔执法队,G111京漠线K77+016分水岭进京停4,擅自占用、挖掘公路,是,110116,11000000001319438003
十支队-怀柔执法队,G111京漠线K77+016分水岭进京停4,在公路用地范围内设置公路标志以外的其他标志,是,110116,11000000001319438003
十支队-怀柔执法队,G111京漠线K77+016分水岭进京停4,遮挡公路附属设施或者利用公路附属设施架设管道、悬挂物品，可能危及公路安全,是,110116,11000000001319438003
十支队-怀柔执法队,G111京漠线K77+016分水岭进京停4,车辆装载物触地拖行、掉落、遗洒或者飘散，造成公路路面损坏、污染,是,110116,11000000001319438003
十支队-怀柔执法队,G111京漠线K77+054分水岭进京21,在公路上及公路用地范围内堆放物品,是,110116,11000000001319219114
十支队-怀柔执法队,G111京漠线K77+054分水岭进京21,在公路上及公路用地范围内摆摊设点,是,110116,11000000001319219114
十支队-怀柔执法队,G111京漠线K77+054分水岭进京21,在公路范围内擅自移动井盖,否,110116,11000000001319219114
十支队-怀柔执法队,G111京漠线K77+054分水岭进京21,擅自占用、挖掘公路,是,110116,11000000001319219114
十支队-怀柔执法队,G111京漠线K77+054分水岭进京21,在公路用地范围内设置公路标志以外的其他标志,是,110116,11000000001319219114
十支队-怀柔执法队,G111京漠线K77+054分水岭进京21,遮挡公路附属设施或者利用公路附属设施架设管道、悬挂物品，可能危及公路安全,是,110116,11000000001319219114
十支队-怀柔执法队,G111京漠线K77+054分水岭进京21,车辆装载物触地拖行、掉落、遗洒或者飘散，造成公路路面损坏、污染,是,110116,11000000001319219114
十支队-怀柔执法队,G111京漠线K77+069分水岭出京4,在公路上及公路用地范围内堆放物品,是,110116,11000000001312659270
十支队-怀柔执法队,G111京漠线K77+069分水岭出京4,在公路上及公路用地范围内摆摊设点,是,110116,11000000001312659270
十支队-怀柔执法队,G111京漠线K77+069分水岭出京4,在公路范围内擅自移动井盖,否,110116,11000000001312659270
十支队-怀柔执法队,G111京漠线K77+069分水岭出京4,擅自占用、挖掘公路,是,110116,11000000001312659270
十支队-怀柔执法队,G111京漠线K77+069分水岭出京4,在公路用地范围内设置公路标志以外的其他标志,是,110116,11000000001312659270
十支队-怀柔执法队,G111京漠线K77+069分水岭出京4,遮挡公路附属设施或者利用公路附属设施架设管道、悬挂物品，可能危及公路安全,是,110116,11000000001312659270
十支队-怀柔执法队,G111京漠线K77+069分水岭出京4,车辆装载物触地拖行、掉落、遗洒或者飘散，造成公路路面损坏、污染,是,110116,11000000001312659270
十支队-怀柔执法队,G111京漠线K77+075分水岭出京停1,在公路上及公路用地范围内堆放物品,是,110116,11000000001312100002
十支队-怀柔执法队,G111京漠线K77+075分水岭出京停1,在公路上及公路用地范围内摆摊设点,是,110116,11000000001312100002
十支队-怀柔执法队,G111京漠线K77+075分水岭出京停1,在公路范围内擅自移动井盖,否,110116,11000000001312100002
十支队-怀柔执法队,G111京漠线K77+075分水岭出京停1,擅自占用、挖掘公路,是,110116,11000000001312100002
十支队-怀柔执法队,G111京漠线K77+075分水岭出京停1,在公路用地范围内设置公路标志以外的其他标志,是,110116,11000000001312100002
十支队-怀柔执法队,G111京漠线K77+075分水岭出京停1,遮挡公路附属设施或者利用公路附属设施架设管道、悬挂物品，可能危及公路安全,是,110116,11000000001312100002
十支队-怀柔执法队,G111京漠线K77+075分水岭出京停1,车辆装载物触地拖行、掉落、遗洒或者飘散，造成公路路面损坏、污染,是,110116,11000000001312100002
十支队-怀柔执法队,G111京漠线K77+078分水岭进京20,在公路上及公路用地范围内堆放物品,是,110116,11000000001314078899
十支队-怀柔执法队,G111京漠线K77+078分水岭进京20,在公路上及公路用地范围内摆摊设点,是,110116,11000000001314078899
十支队-怀柔执法队,G111京漠线K77+078分水岭进京20,在公路范围内擅自移动井盖,否,110116,11000000001314078899
十支队-怀柔执法队,G111京漠线K77+078分水岭进京20,擅自占用、挖掘公路,是,110116,11000000001314078899
十支队-怀柔执法队,G111京漠线K77+078分水岭进京20,在公路用地范围内设置公路标志以外的其他标志,是,110116,11000000001314078899
十支队-怀柔执法队,G111京漠线K77+078分水岭进京20,遮挡公路附属设施或者利用公路附属设施架设管道、悬挂物品，可能危及公路安全,是,110116,11000000001314078899
十支队-怀柔执法队,G111京漠线K77+078分水岭进京20,车辆装载物触地拖行、掉落、遗洒或者飘散，造成公路路面损坏、污染,是,110116,11000000001314078899
十支队-怀柔执法队,G111京漠线K77+155分水岭进京19,在公路上及公路用地范围内堆放物品,是,110116,11000000001312892083
十支队-怀柔执法队,G111京漠线K77+155分水岭进京19,在公路上及公路用地范围内摆摊设点,是,110116,11000000001312892083
十支队-怀柔执法队,G111京漠线K77+155分水岭进京19,在公路范围内擅自移动井盖,否,110116,11000000001312892083
十支队-怀柔执法队,G111京漠线K77+155分水岭进京19,擅自占用、挖掘公路,是,110116,11000000001312892083
十支队-怀柔执法队,G111京漠线K77+155分水岭进京19,在公路用地范围内设置公路标志以外的其他标志,是,110116,11000000001312892083
十支队-怀柔执法队,G111京漠线K77+155分水岭进京19,遮挡公路附属设施或者利用公路附属设施架设管道、悬挂物品，可能危及公路安全,是,110116,11000000001312892083
十支队-怀柔执法队,G111京漠线K77+155分水岭进京19,车辆装载物触地拖行、掉落、遗洒或者飘散，造成公路路面损坏、污染,是,110116,11000000001312892083
十支队-怀柔执法队,G111京漠线K77+170分水岭出京5,在公路上及公路用地范围内堆放物品,是,110116,11000000001314425851
十支队-怀柔执法队,G111京漠线K77+170分水岭出京5,在公路上及公路用地范围内摆摊设点,是,110116,11000000001314425851
十支队-怀柔执法队,G111京漠线K77+170分水岭出京5,在公路范围内擅自移动井盖,否,110116,11000000001314425851
十支队-怀柔执法队,G111京漠线K77+170分水岭出京5,擅自占用、挖掘公路,是,110116,11000000001314425851
十支队-怀柔执法队,G111京漠线K77+170分水岭出京5,在公路用地范围内设置公路标志以外的其他标志,是,110116,11000000001314425851
十支队-怀柔执法队,G111京漠线K77+170分水岭出京5,遮挡公路附属设施或者利用公路附属设施架设管道、悬挂物品，可能危及公路安全,是,110116,11000000001314425851
十支队-怀柔执法队,G111京漠线K77+170分水岭出京5,车辆装载物触地拖行、掉落、遗洒或者飘散，造成公路路面损坏、污染,是,110116,11000000001314425851
十支队-怀柔执法队,G111京漠线K77+220分水岭出京6,在公路上及公路用地范围内堆放物品,是,110116,11000000001319067178
十支队-怀柔执法队,G111京漠线K77+220分水岭出京6,在公路上及公路用地范围内摆摊设点,是,110116,11000000001319067178
十支队-怀柔执法队,G111京漠线K77+220分水岭出京6,在公路范围内擅自移动井盖,否,110116,11000000001319067178
十支队-怀柔执法队,G111京漠线K77+220分水岭出京6,擅自占用、挖掘公路,是,110116,11000000001319067178
十支队-怀柔执法队,G111京漠线K77+220分水岭出京6,在公路用地范围内设置公路标志以外的其他标志,是,110116,11000000001319067178
十支队-怀柔执法队,G111京漠线K77+220分水岭出京6,遮挡公路附属设施或者利用公路附属设施架设管道、悬挂物品，可能危及公路安全,是,110116,11000000001319067178
十支队-怀柔执法队,G111京漠线K77+220分水岭出京6,车辆装载物触地拖行、掉落、遗洒或者飘散，造成公路路面损坏、污染,是,110116,11000000001319067178
十支队-怀柔执法队,G111京漠线K77+235分水岭进京18,在公路上及公路用地范围内堆放物品,是,110116,11000000001314754370
十支队-怀柔执法队,G111京漠线K77+235分水岭进京18,在公路上及公路用地范围内摆摊设点,是,110116,11000000001314754370
十支队-怀柔执法队,G111京漠线K77+235分水岭进京18,在公路范围内擅自移动井盖,否,110116,11000000001314754370
十支队-怀柔执法队,G111京漠线K77+235分水岭进京18,擅自占用、挖掘公路,是,110116,11000000001314754370
十支队-怀柔执法队,G111京漠线K77+235分水岭进京18,在公路用地范围内设置公路标志以外的其他标志,是,110116,11000000001314754370
十支队-怀柔执法队,G111京漠线K77+235分水岭进京18,遮挡公路附属设施或者利用公路附属设施架设管道、悬挂物品，可能危及公路安全,是,110116,11000000001314754370
十支队-怀柔执法队,G111京漠线K77+235分水岭进京18,车辆装载物触地拖行、掉落、遗洒或者飘散，造成公路路面损坏、污染,是,110116,11000000001314754370
十支队-怀柔执法队,G111京漠线K77+371分水岭出京7,在公路上及公路用地范围内堆放物品,是,110116,11000000001317223068
十支队-怀柔执法队,G111京漠线K77+371分水岭出京7,在公路上及公路用地范围内摆摊设点,是,110116,11000000001317223068
十支队-怀柔执法队,G111京漠线K77+371分水岭出京7,在公路范围内擅自移动井盖,否,110116,11000000001317223068
十支队-怀柔执法队,G111京漠线K77+371分水岭出京7,擅自占用、挖掘公路,是,110116,11000000001317223068
十支队-怀柔执法队,G111京漠线K77+371分水岭出京7,在公路用地范围内设置公路标志以外的其他标志,是,110116,11000000001317223068
十支队-怀柔执法队,G111京漠线K77+371分水岭出京7,遮挡公路附属设施或者利用公路附属设施架设管道、悬挂物品，可能危及公路安全,是,110116,11000000001317223068
十支队-怀柔执法队,G111京漠线K77+371分水岭出京7,车辆装载物触地拖行、掉落、遗洒或者飘散，造成公路路面损坏、污染,是,110116,11000000001317223068
十支队-怀柔执法队,G111京漠线K77+424分水岭进京17,在公路上及公路用地范围内堆放物品,是,110116,11000000001311388120
十支队-怀柔执法队,G111京漠线K77+424分水岭进京17,在公路上及公路用地范围内摆摊设点,是,110116,11000000001311388120
十支队-怀柔执法队,G111京漠线K77+424分水岭进京17,在公路范围内擅自移动井盖,否,110116,11000000001311388120
十支队-怀柔执法队,G111京漠线K77+424分水岭进京17,擅自占用、挖掘公路,是,110116,11000000001311388120
十支队-怀柔执法队,G111京漠线K77+424分水岭进京17,在公路用地范围内设置公路标志以外的其他标志,是,110116,11000000001311388120
十支队-怀柔执法队,G111京漠线K77+424分水岭进京17,遮挡公路附属设施或者利用公路附属设施架设管道、悬挂物品，可能危及公路安全,是,110116,11000000001311388120
十支队-怀柔执法队,G111京漠线K77+424分水岭进京17,车辆装载物触地拖行、掉落、遗洒或者飘散，造成公路路面损坏、污染,是,110116,11000000001311388120
十支队-怀柔执法队,G111京漠线K77+440分水岭出京8,在公路上及公路用地范围内堆放物品,是,110116,11000000001318828226
十支队-怀柔执法队,G111京漠线K77+440分水岭出京8,在公路上及公路用地范围内摆摊设点,是,110116,11000000001318828226
十支队-怀柔执法队,G111京漠线K77+440分水岭出京8,在公路范围内擅自移动井盖,否,110116,11000000001318828226
十支队-怀柔执法队,G111京漠线K77+440分水岭出京8,擅自占用、挖掘公路,是,110116,11000000001318828226
十支队-怀柔执法队,G111京漠线K77+440分水岭出京8,在公路用地范围内设置公路标志以外的其他标志,是,110116,11000000001318828226
十支队-怀柔执法队,G111京漠线K77+440分水岭出京8,遮挡公路附属设施或者利用公路附属设施架设管道、悬挂物品，可能危及公路安全,是,110116,11000000001318828226
十支队-怀柔执法队,G111京漠线K77+440分水岭出京8,车辆装载物触地拖行、掉落、遗洒或者飘散，造成公路路面损坏、污染,是,110116,11000000001318828226
十支队-怀柔执法队,G111京漠线K77+522分水岭出京9,在公路上及公路用地范围内堆放物品,是,110116,11000000001317936393
十支队-怀柔执法队,G111京漠线K77+522分水岭出京9,在公路上及公路用地范围内摆摊设点,是,110116,11000000001317936393
十支队-怀柔执法队,G111京漠线K77+522分水岭出京9,在公路范围内擅自移动井盖,否,110116,11000000001317936393
十支队-怀柔执法队,G111京漠线K77+522分水岭出京9,擅自占用、挖掘公路,是,110116,11000000001317936393
十支队-怀柔执法队,G111京漠线K77+522分水岭出京9,在公路用地范围内设置公路标志以外的其他标志,是,110116,11000000001317936393
十支队-怀柔执法队,G111京漠线K77+522分水岭出京9,遮挡公路附属设施或者利用公路附属设施架设管道、悬挂物品，可能危及公路安全,是,110116,11000000001317936393
十支队-怀柔执法队,G111京漠线K77+522分水岭出京9,车辆装载物触地拖行、掉落、遗洒或者飘散，造成公路路面损坏、污染,是,110116,11000000001317936393
十支队-怀柔执法队,G111京漠线K77+562分水岭进京16,在公路上及公路用地范围内堆放物品,是,110116,11000000001317842202
十支队-怀柔执法队,G111京漠线K77+562分水岭进京16,在公路上及公路用地范围内摆摊设点,是,110116,11000000001317842202
十支队-怀柔执法队,G111京漠线K77+562分水岭进京16,在公路范围内擅自移动井盖,否,110116,11000000001317842202
十支队-怀柔执法队,G111京漠线K77+562分水岭进京16,擅自占用、挖掘公路,是,110116,11000000001317842202
十支队-怀柔执法队,G111京漠线K77+562分水岭进京16,在公路用地范围内设置公路标志以外的其他标志,是,110116,11000000001317842202
十支队-怀柔执法队,G111京漠线K77+562分水岭进京16,遮挡公路附属设施或者利用公路附属设施架设管道、悬挂物品，可能危及公路安全,是,110116,11000000001317842202
十支队-怀柔执法队,G111京漠线K77+562分水岭进京16,车辆装载物触地拖行、掉落、遗洒或者飘散，造成公路路面损坏、污染,是,110116,11000000001317842202
十支队-怀柔执法队,G111京漠线K77+672分水岭出京10,在公路上及公路用地范围内堆放物品,是,110116,11000000001311105564
十支队-怀柔执法队,G111京漠线K77+672分水岭出京10,在公路上及公路用地范围内摆摊设点,是,110116,11000000001311105564
十支队-怀柔执法队,G111京漠线K77+672分水岭出京10,在公路范围内擅自移动井盖,否,110116,11000000001311105564
十支队-怀柔执法队,G111京漠线K77+672分水岭出京10,擅自占用、挖掘公路,是,110116,11000000001311105564
十支队-怀柔执法队,G111京漠线K77+672分水岭出京10,在公路用地范围内设置公路标志以外的其他标志,是,110116,11000000001311105564
十支队-怀柔执法队,G111京漠线K77+672分水岭出京10,遮挡公路附属设施或者利用公路附属设施架设管道、悬挂物品，可能危及公路安全,是,110116,11000000001311105564
十支队-怀柔执法队,G111京漠线K77+672分水岭出京10,车辆装载物触地拖行、掉落、遗洒或者飘散，造成公路路面损坏、污染,是,110116,11000000001311105564
十支队-怀柔执法队,G111京漠线K77+686分水岭进京15,在公路上及公路用地范围内堆放物品,是,110116,11000000001312856366
十支队-怀柔执法队,G111京漠线K77+686分水岭进京15,在公路上及公路用地范围内摆摊设点,是,110116,11000000001312856366
十支队-怀柔执法队,G111京漠线K77+686分水岭进京15,在公路范围内擅自移动井盖,否,110116,11000000001312856366
十支队-怀柔执法队,G111京漠线K77+686分水岭进京15,擅自占用、挖掘公路,是,110116,11000000001312856366
十支队-怀柔执法队,G111京漠线K77+686分水岭进京15,在公路用地范围内设置公路标志以外的其他标志,是,110116,11000000001312856366
十支队-怀柔执法队,G111京漠线K77+686分水岭进京15,遮挡公路附属设施或者利用公路附属设施架设管道、悬挂物品，可能危及公路安全,是,110116,11000000001312856366
十支队-怀柔执法队,G111京漠线K77+686分水岭进京15,车辆装载物触地拖行、掉落、遗洒或者飘散，造成公路路面损坏、污染,是,110116,11000000001312856366
十支队-怀柔执法队,G111京漠线K77+696分水岭进京车3,在公路上及公路用地范围内堆放物品,是,110116,11000000001313975730
十支队-怀柔执法队,G111京漠线K77+696分水岭进京车3,在公路上及公路用地范围内摆摊设点,是,110116,11000000001313975730
十支队-怀柔执法队,G111京漠线K77+696分水岭进京车3,在公路范围内擅自移动井盖,否,110116,11000000001313975730
十支队-怀柔执法队,G111京漠线K77+696分水岭进京车3,擅自占用、挖掘公路,是,110116,11000000001313975730
十支队-怀柔执法队,G111京漠线K77+696分水岭进京车3,在公路用地范围内设置公路标志以外的其他标志,是,110116,11000000001313975730
十支队-怀柔执法队,G111京漠线K77+696分水岭进京车3,遮挡公路附属设施或者利用公路附属设施架设管道、悬挂物品，可能危及公路安全,是,110116,11000000001313975730
十支队-怀柔执法队,G111京漠线K77+696分水岭进京车3,车辆装载物触地拖行、掉落、遗洒或者飘散，造成公路路面损坏、污染,是,110116,11000000001313975730
十支队-怀柔执法队,G111京漠线K77+775分水岭进京停3,在公路上及公路用地范围内堆放物品,是,110116,11000000001316253960
十支队-怀柔执法队,G111京漠线K77+775分水岭进京停3,在公路上及公路用地范围内摆摊设点,是,110116,11000000001316253960
十支队-怀柔执法队,G111京漠线K77+775分水岭进京停3,在公路范围内擅自移动井盖,否,110116,11000000001316253960
十支队-怀柔执法队,G111京漠线K77+775分水岭进京停3,擅自占用、挖掘公路,是,110116,11000000001316253960
十支队-怀柔执法队,G111京漠线K77+775分水岭进京停3,在公路用地范围内设置公路标志以外的其他标志,是,110116,11000000001316253960
十支队-怀柔执法队,G111京漠线K77+775分水岭进京停3,遮挡公路附属设施或者利用公路附属设施架设管道、悬挂物品，可能危及公路安全,是,110116,11000000001316253960
十支队-怀柔执法队,G111京漠线K77+775分水岭进京停3,车辆装载物触地拖行、掉落、遗洒或者飘散，造成公路路面损坏、污染,是,110116,11000000001316253960
十支队-怀柔执法队,G111京漠线K77+819分水岭出京11,在公路上及公路用地范围内堆放物品,是,110116,11000000001312065770
十支队-怀柔执法队,G111京漠线K77+819分水岭出京11,在公路上及公路用地范围内摆摊设点,是,110116,11000000001312065770
十支队-怀柔执法队,G111京漠线K77+819分水岭出京11,在公路范围内擅自移动井盖,否,110116,11000000001312065770
十支队-怀柔执法队,G111京漠线K77+819分水岭出京11,擅自占用、挖掘公路,是,110116,11000000001312065770
十支队-怀柔执法队,G111京漠线K77+819分水岭出京11,在公路用地范围内设置公路标志以外的其他标志,是,110116,11000000001312065770
十支队-怀柔执法队,G111京漠线K77+819分水岭出京11,遮挡公路附属设施或者利用公路附属设施架设管道、悬挂物品，可能危及公路安全,是,110116,11000000001312065770
十支队-怀柔执法队,G111京漠线K77+819分水岭出京11,车辆装载物触地拖行、掉落、遗洒或者飘散，造成公路路面损坏、污染,是,110116,11000000001312065770
十支队-怀柔执法队,G111京漠线K77+822分水岭出京停2,在公路上及公路用地范围内堆放物品,是,110116,11000000001317655430
十支队-怀柔执法队,G111京漠线K77+822分水岭出京停2,在公路上及公路用地范围内摆摊设点,是,110116,11000000001317655430
十支队-怀柔执法队,G111京漠线K77+822分水岭出京停2,在公路范围内擅自移动井盖,否,110116,11000000001317655430
十支队-怀柔执法队,G111京漠线K77+822分水岭出京停2,擅自占用、挖掘公路,是,110116,11000000001317655430
十支队-怀柔执法队,G111京漠线K77+822分水岭出京停2,在公路用地范围内设置公路标志以外的其他标志,是,110116,11000000001317655430
十支队-怀柔执法队,G111京漠线K77+822分水岭出京停2,遮挡公路附属设施或者利用公路附属设施架设管道、悬挂物品，可能危及公路安全,是,110116,11000000001317655430
十支队-怀柔执法队,G111京漠线K77+822分水岭出京停2,车辆装载物触地拖行、掉落、遗洒或者飘散，造成公路路面损坏、污染,是,110116,11000000001317655430
十支队-怀柔执法队,G111京漠线K77+836分水岭进京14,在公路上及公路用地范围内堆放物品,是,110116,11000000001315827053
十支队-怀柔执法队,G111京漠线K77+836分水岭进京14,在公路上及公路用地范围内摆摊设点,是,110116,11000000001315827053
十支队-怀柔执法队,G111京漠线K77+836分水岭进京14,在公路范围内擅自移动井盖,否,110116,11000000001315827053
十支队-怀柔执法队,G111京漠线K77+836分水岭进京14,擅自占用、挖掘公路,是,110116,11000000001315827053
十支队-怀柔执法队,G111京漠线K77+836分水岭进京14,在公路用地范围内设置公路标志以外的其他标志,是,110116,11000000001315827053
十支队-怀柔执法队,G111京漠线K77+836分水岭进京14,遮挡公路附属设施或者利用公路附属设施架设管道、悬挂物品，可能危及公路安全,是,110116,11000000001315827053
十支队-怀柔执法队,G111京漠线K77+836分水岭进京14,车辆装载物触地拖行、掉落、遗洒或者飘散，造成公路路面损坏、污染,是,110116,11000000001315827053
十支队-怀柔执法队,G111京漠线K77+927分水岭出京12,在公路上及公路用地范围内堆放物品,是,110116,11000000001311782729
十支队-怀柔执法队,G111京漠线K77+927分水岭出京12,在公路上及公路用地范围内摆摊设点,是,110116,11000000001311782729
十支队-怀柔执法队,G111京漠线K77+927分水岭出京12,在公路范围内擅自移动井盖,否,110116,11000000001311782729
十支队-怀柔执法队,G111京漠线K77+927分水岭出京12,擅自占用、挖掘公路,是,110116,11000000001311782729
十支队-怀柔执法队,G111京漠线K77+927分水岭出京12,在公路用地范围内设置公路标志以外的其他标志,是,110116,11000000001311782729
十支队-怀柔执法队,G111京漠线K77+927分水岭出京12,遮挡公路附属设施或者利用公路附属设施架设管道、悬挂物品，可能危及公路安全,是,110116,11000000001311782729
十支队-怀柔执法队,G111京漠线K77+927分水岭出京12,车辆装载物触地拖行、掉落、遗洒或者飘散，造成公路路面损坏、污染,是,110116,11000000001311782729
十支队-怀柔执法队,G111京漠线K77+986分水岭进京13,在公路上及公路用地范围内堆放物品,是,110116,11000000001318383478
十支队-怀柔执法队,G111京漠线K77+986分水岭进京13,在公路上及公路用地范围内摆摊设点,是,110116,11000000001318383478
十支队-怀柔执法队,G111京漠线K77+986分水岭进京13,在公路范围内擅自移动井盖,否,110116,11000000001318383478
十支队-怀柔执法队,G111京漠线K77+986分水岭进京13,擅自占用、挖掘公路,是,110116,11000000001318383478
十支队-怀柔执法队,G111京漠线K77+986分水岭进京13,在公路用地范围内设置公路标志以外的其他标志,是,110116,11000000001318383478
十支队-怀柔执法队,G111京漠线K77+986分水岭进京13,遮挡公路附属设施或者利用公路附属设施架设管道、悬挂物品，可能危及公路安全,是,110116,11000000001318383478
十支队-怀柔执法队,G111京漠线K77+986分水岭进京13,车辆装载物触地拖行、掉落、遗洒或者飘散，造成公路路面损坏、污染,是,110116,11000000001318383478
十支队-怀柔执法队,G111京漠线K78+126分水岭出京13,在公路上及公路用地范围内堆放物品,是,110116,11000000001313934719
十支队-怀柔执法队,G111京漠线K78+126分水岭出京13,在公路上及公路用地范围内摆摊设点,是,110116,11000000001313934719
十支队-怀柔执法队,G111京漠线K78+126分水岭出京13,在公路范围内擅自移动井盖,否,110116,11000000001313934719
十支队-怀柔执法队,G111京漠线K78+126分水岭出京13,擅自占用、挖掘公路,是,110116,11000000001313934719
十支队-怀柔执法队,G111京漠线K78+126分水岭出京13,在公路用地范围内设置公路标志以外的其他标志,是,110116,11000000001313934719
十支队-怀柔执法队,G111京漠线K78+126分水岭出京13,遮挡公路附属设施或者利用公路附属设施架设管道、悬挂物品，可能危及公路安全,是,110116,11000000001313934719
十支队-怀柔执法队,G111京漠线K78+126分水岭出京13,车辆装载物触地拖行、掉落、遗洒或者飘散，造成公路路面损坏、污染,是,110116,11000000001313934719
十支队-怀柔执法队,G111京漠线K78+142分水岭进京12,在公路上及公路用地范围内堆放物品,是,110116,11000000001311059264
十支队-怀柔执法队,G111京漠线K78+142分水岭进京12,在公路上及公路用地范围内摆摊设点,是,110116,11000000001311059264
十支队-怀柔执法队,G111京漠线K78+142分水岭进京12,在公路范围内擅自移动井盖,否,110116,11000000001311059264
十支队-怀柔执法队,G111京漠线K78+142分水岭进京12,擅自占用、挖掘公路,是,110116,11000000001311059264
十支队-怀柔执法队,G111京漠线K78+142分水岭进京12,在公路用地范围内设置公路标志以外的其他标志,是,110116,11000000001311059264
十支队-怀柔执法队,G111京漠线K78+142分水岭进京12,遮挡公路附属设施或者利用公路附属设施架设管道、悬挂物品，可能危及公路安全,是,110116,11000000001311059264
十支队-怀柔执法队,G111京漠线K78+142分水岭进京12,车辆装载物触地拖行、掉落、遗洒或者飘散，造成公路路面损坏、污染,是,110116,11000000001311059264
十支队-怀柔执法队,G111京漠线K78+271分水岭出京14,在公路上及公路用地范围内堆放物品,是,110116,11000000001315313700
十支队-怀柔执法队,G111京漠线K78+271分水岭出京14,在公路上及公路用地范围内摆摊设点,是,110116,11000000001315313700
十支队-怀柔执法队,G111京漠线K78+271分水岭出京14,在公路范围内擅自移动井盖,否,110116,11000000001315313700
十支队-怀柔执法队,G111京漠线K78+271分水岭出京14,擅自占用、挖掘公路,是,110116,11000000001315313700
十支队-怀柔执法队,G111京漠线K78+271分水岭出京14,在公路用地范围内设置公路标志以外的其他标志,是,110116,11000000001315313700
十支队-怀柔执法队,G111京漠线K78+271分水岭出京14,遮挡公路附属设施或者利用公路附属设施架设管道、悬挂物品，可能危及公路安全,是,110116,11000000001315313700
十支队-怀柔执法队,G111京漠线K78+271分水岭出京14,车辆装载物触地拖行、掉落、遗洒或者飘散，造成公路路面损坏、污染,是,110116,11000000001315313700
十支队-怀柔执法队,G111京漠线K78+291分水岭进京11,在公路上及公路用地范围内堆放物品,是,110116,11000000001314920453
十支队-怀柔执法队,G111京漠线K78+291分水岭进京11,在公路上及公路用地范围内摆摊设点,是,110116,11000000001314920453
十支队-怀柔执法队,G111京漠线K78+291分水岭进京11,在公路范围内擅自移动井盖,否,110116,11000000001314920453
十支队-怀柔执法队,G111京漠线K78+291分水岭进京11,擅自占用、挖掘公路,是,110116,11000000001314920453
十支队-怀柔执法队,G111京漠线K78+291分水岭进京11,在公路用地范围内设置公路标志以外的其他标志,是,110116,11000000001314920453
十支队-怀柔执法队,G111京漠线K78+291分水岭进京11,遮挡公路附属设施或者利用公路附属设施架设管道、悬挂物品，可能危及公路安全,是,110116,11000000001314920453
十支队-怀柔执法队,G111京漠线K78+291分水岭进京11,车辆装载物触地拖行、掉落、遗洒或者飘散，造成公路路面损坏、污染,是,110116,11000000001314920453
十支队-怀柔执法队,G111京漠线K78+413分水岭进京10,在公路上及公路用地范围内堆放物品,是,110116,11000000001319494877
十支队-怀柔执法队,G111京漠线K78+413分水岭进京10,在公路上及公路用地范围内摆摊设点,是,110116,11000000001319494877
十支队-怀柔执法队,G111京漠线K78+413分水岭进京10,在公路范围内擅自移动井盖,否,110116,11000000001319494877
十支队-怀柔执法队,G111京漠线K78+413分水岭进京10,擅自占用、挖掘公路,是,110116,11000000001319494877
十支队-怀柔执法队,G111京漠线K78+413分水岭进京10,在公路用地范围内设置公路标志以外的其他标志,是,110116,11000000001319494877
十支队-怀柔执法队,G111京漠线K78+413分水岭进京10,遮挡公路附属设施或者利用公路附属设施架设管道、悬挂物品，可能危及公路安全,是,110116,11000000001319494877
十支队-怀柔执法队,G111京漠线K78+413分水岭进京10,车辆装载物触地拖行、掉落、遗洒或者飘散，造成公路路面损坏、污染,是,110116,11000000001319494877
十支队-怀柔执法队,G111京漠线K78+423分水岭出京15,在公路上及公路用地范围内堆放物品,是,110116,11000000001319077488
十支队-怀柔执法队,G111京漠线K78+423分水岭出京15,在公路上及公路用地范围内摆摊设点,是,110116,11000000001319077488
十支队-怀柔执法队,G111京漠线K78+423分水岭出京15,在公路范围内擅自移动井盖,否,110116,11000000001319077488
十支队-怀柔执法队,G111京漠线K78+423分水岭出京15,擅自占用、挖掘公路,是,110116,11000000001319077488
十支队-怀柔执法队,G111京漠线K78+423分水岭出京15,在公路用地范围内设置公路标志以外的其他标志,是,110116,11000000001319077488
十支队-怀柔执法队,G111京漠线K78+423分水岭出京15,遮挡公路附属设施或者利用公路附属设施架设管道、悬挂物品，可能危及公路安全,是,110116,11000000001319077488
十支队-怀柔执法队,G111京漠线K78+423分水岭出京15,车辆装载物触地拖行、掉落、遗洒或者飘散，造成公路路面损坏、污染,是,110116,11000000001319077488
十支队-怀柔执法队,G111京漠线K78+535分水岭进京停2,在公路上及公路用地范围内堆放物品,是,110116,11000000001318168325
十支队-怀柔执法队,G111京漠线K78+535分水岭进京停2,在公路上及公路用地范围内摆摊设点,是,110116,11000000001318168325
十支队-怀柔执法队,G111京漠线K78+535分水岭进京停2,在公路范围内擅自移动井盖,否,110116,11000000001318168325
十支队-怀柔执法队,G111京漠线K78+535分水岭进京停2,擅自占用、挖掘公路,是,110116,11000000001318168325
十支队-怀柔执法队,G111京漠线K78+535分水岭进京停2,在公路用地范围内设置公路标志以外的其他标志,是,110116,11000000001318168325
十支队-怀柔执法队,G111京漠线K78+535分水岭进京停2,遮挡公路附属设施或者利用公路附属设施架设管道、悬挂物品，可能危及公路安全,是,110116,11000000001318168325
十支队-怀柔执法队,G111京漠线K78+535分水岭进京停2,车辆装载物触地拖行、掉落、遗洒或者飘散，造成公路路面损坏、污染,是,110116,11000000001318168325
十支队-怀柔执法队,G111京漠线K78+594分水岭进京9,在公路上及公路用地范围内堆放物品,是,110116,11000000001318284855
十支队-怀柔执法队,G111京漠线K78+594分水岭进京9,在公路上及公路用地范围内摆摊设点,是,110116,11000000001318284855
十支队-怀柔执法队,G111京漠线K78+594分水岭进京9,在公路范围内擅自移动井盖,否,110116,11000000001318284855
十支队-怀柔执法队,G111京漠线K78+594分水岭进京9,擅自占用、挖掘公路,是,110116,11000000001318284855
十支队-怀柔执法队,G111京漠线K78+594分水岭进京9,在公路用地范围内设置公路标志以外的其他标志,是,110116,11000000001318284855
十支队-怀柔执法队,G111京漠线K78+594分水岭进京9,遮挡公路附属设施或者利用公路附属设施架设管道、悬挂物品，可能危及公路安全,是,110116,11000000001318284855
十支队-怀柔执法队,G111京漠线K78+594分水岭进京9,车辆装载物触地拖行、掉落、遗洒或者飘散，造成公路路面损坏、污染,是,110116,11000000001318284855
十支队-怀柔执法队,G111京漠线K78+654分水岭出京16,在公路上及公路用地范围内堆放物品,是,110116,11000000001314659965
十支队-怀柔执法队,G111京漠线K78+654分水岭出京16,在公路上及公路用地范围内摆摊设点,是,110116,11000000001314659965
十支队-怀柔执法队,G111京漠线K78+654分水岭出京16,在公路范围内擅自移动井盖,否,110116,11000000001314659965
十支队-怀柔执法队,G111京漠线K78+654分水岭出京16,擅自占用、挖掘公路,是,110116,11000000001314659965
十支队-怀柔执法队,G111京漠线K78+654分水岭出京16,在公路用地范围内设置公路标志以外的其他标志,是,110116,11000000001314659965
十支队-怀柔执法队,G111京漠线K78+654分水岭出京16,遮挡公路附属设施或者利用公路附属设施架设管道、悬挂物品，可能危及公路安全,是,110116,11000000001314659965
十支队-怀柔执法队,G111京漠线K78+654分水岭出京16,车辆装载物触地拖行、掉落、遗洒或者飘散，造成公路路面损坏、污染,是,110116,11000000001314659965
十支队-怀柔执法队,G111京漠线K78+655分水岭出京停3,在公路上及公路用地范围内堆放物品,是,110116,11000000001318161721
十支队-怀柔执法队,G111京漠线K78+655分水岭出京停3,在公路上及公路用地范围内摆摊设点,是,110116,11000000001318161721
十支队-怀柔执法队,G111京漠线K78+655分水岭出京停3,在公路范围内擅自移动井盖,否,110116,11000000001318161721
十支队-怀柔执法队,G111京漠线K78+655分水岭出京停3,擅自占用、挖掘公路,是,110116,11000000001318161721
十支队-怀柔执法队,G111京漠线K78+655分水岭出京停3,在公路用地范围内设置公路标志以外的其他标志,是,110116,11000000001318161721
十支队-怀柔执法队,G111京漠线K78+655分水岭出京停3,遮挡公路附属设施或者利用公路附属设施架设管道、悬挂物品，可能危及公路安全,是,110116,11000000001318161721
十支队-怀柔执法队,G111京漠线K78+655分水岭出京停3,车辆装载物触地拖行、掉落、遗洒或者飘散，造成公路路面损坏、污染,是,110116,11000000001318161721
十支队-怀柔执法队,G111京漠线K78+742分水岭出京17,在公路上及公路用地范围内堆放物品,是,110116,11000000001318561604
十支队-怀柔执法队,G111京漠线K78+742分水岭出京17,在公路上及公路用地范围内摆摊设点,是,110116,11000000001318561604
十支队-怀柔执法队,G111京漠线K78+742分水岭出京17,在公路范围内擅自移动井盖,否,110116,11000000001318561604
十支队-怀柔执法队,G111京漠线K78+742分水岭出京17,擅自占用、挖掘公路,是,110116,11000000001318561604
十支队-怀柔执法队,G111京漠线K78+742分水岭出京17,在公路用地范围内设置公路标志以外的其他标志,是,110116,11000000001318561604
十支队-怀柔执法队,G111京漠线K78+742分水岭出京17,遮挡公路附属设施或者利用公路附属设施架设管道、悬挂物品，可能危及公路安全,是,110116,11000000001318561604
十支队-怀柔执法队,G111京漠线K78+742分水岭出京17,车辆装载物触地拖行、掉落、遗洒或者飘散，造成公路路面损坏、污染,是,110116,11000000001318561604
十支队-怀柔执法队,G111京漠线K78+747分水岭进京8,在公路上及公路用地范围内堆放物品,是,110116,11000000001312550340
十支队-怀柔执法队,G111京漠线K78+747分水岭进京8,在公路上及公路用地范围内摆摊设点,是,110116,11000000001312550340
十支队-怀柔执法队,G111京漠线K78+747分水岭进京8,在公路范围内擅自移动井盖,否,110116,11000000001312550340
十支队-怀柔执法队,G111京漠线K78+747分水岭进京8,擅自占用、挖掘公路,是,110116,11000000001312550340
十支队-怀柔执法队,G111京漠线K78+747分水岭进京8,在公路用地范围内设置公路标志以外的其他标志,是,110116,11000000001312550340
十支队-怀柔执法队,G111京漠线K78+747分水岭进京8,遮挡公路附属设施或者利用公路附属设施架设管道、悬挂物品，可能危及公路安全,是,110116,11000000001312550340
十支队-怀柔执法队,G111京漠线K78+747分水岭进京8,车辆装载物触地拖行、掉落、遗洒或者飘散，造成公路路面损坏、污染,是,110116,11000000001312550340
十支队-怀柔执法队,G111京漠线K78+876分水岭出京18,在公路上及公路用地范围内堆放物品,是,110116,11000000001315416657
十支队-怀柔执法队,G111京漠线K78+876分水岭出京18,在公路上及公路用地范围内摆摊设点,是,110116,11000000001315416657
十支队-怀柔执法队,G111京漠线K78+876分水岭出京18,在公路范围内擅自移动井盖,否,110116,11000000001315416657
十支队-怀柔执法队,G111京漠线K78+876分水岭出京18,擅自占用、挖掘公路,是,110116,11000000001315416657
十支队-怀柔执法队,G111京漠线K78+876分水岭出京18,在公路用地范围内设置公路标志以外的其他标志,是,110116,11000000001315416657
十支队-怀柔执法队,G111京漠线K78+876分水岭出京18,遮挡公路附属设施或者利用公路附属设施架设管道、悬挂物品，可能危及公路安全,是,110116,11000000001315416657
十支队-怀柔执法队,G111京漠线K78+876分水岭出京18,车辆装载物触地拖行、掉落、遗洒或者飘散，造成公路路面损坏、污染,是,110116,11000000001315416657
十支队-怀柔执法队,G111京漠线K78+898分水岭进京7,在公路上及公路用地范围内堆放物品,是,110116,11000000001311716398
十支队-怀柔执法队,G111京漠线K78+898分水岭进京7,在公路上及公路用地范围内摆摊设点,是,110116,11000000001311716398
十支队-怀柔执法队,G111京漠线K78+898分水岭进京7,在公路范围内擅自移动井盖,否,110116,11000000001311716398
十支队-怀柔执法队,G111京漠线K78+898分水岭进京7,擅自占用、挖掘公路,是,110116,11000000001311716398
十支队-怀柔执法队,G111京漠线K78+898分水岭进京7,在公路用地范围内设置公路标志以外的其他标志,是,110116,11000000001311716398
十支队-怀柔执法队,G111京漠线K78+898分水岭进京7,遮挡公路附属设施或者利用公路附属设施架设管道、悬挂物品，可能危及公路安全,是,110116,11000000001311716398
十支队-怀柔执法队,G111京漠线K78+898分水岭进京7,车辆装载物触地拖行、掉落、遗洒或者飘散，造成公路路面损坏、污染,是,110116,11000000001311716398
十支队-怀柔执法队,G111京漠线K79+076分水岭出京19,在公路上及公路用地范围内堆放物品,是,110116,11000000001311894883
十支队-怀柔执法队,G111京漠线K79+076分水岭出京19,在公路上及公路用地范围内摆摊设点,是,110116,11000000001311894883
十支队-怀柔执法队,G111京漠线K79+076分水岭出京19,在公路范围内擅自移动井盖,否,110116,11000000001311894883
十支队-怀柔执法队,G111京漠线K79+076分水岭出京19,擅自占用、挖掘公路,是,110116,11000000001311894883
十支队-怀柔执法队,G111京漠线K79+076分水岭出京19,在公路用地范围内设置公路标志以外的其他标志,是,110116,11000000001311894883
十支队-怀柔执法队,G111京漠线K79+076分水岭出京19,遮挡公路附属设施或者利用公路附属设施架设管道、悬挂物品，可能危及公路安全,是,110116,11000000001311894883
十支队-怀柔执法队,G111京漠线K79+076分水岭出京19,车辆装载物触地拖行、掉落、遗洒或者飘散，造成公路路面损坏、污染,是,110116,11000000001311894883
十支队-怀柔执法队,G111京漠线K79+081分水岭进京6,在公路上及公路用地范围内堆放物品,是,110116,11000000001317961366
十支队-怀柔执法队,G111京漠线K79+081分水岭进京6,在公路上及公路用地范围内摆摊设点,是,110116,11000000001317961366
十支队-怀柔执法队,G111京漠线K79+081分水岭进京6,在公路范围内擅自移动井盖,否,110116,11000000001317961366
十支队-怀柔执法队,G111京漠线K79+081分水岭进京6,擅自占用、挖掘公路,是,110116,11000000001317961366
十支队-怀柔执法队,G111京漠线K79+081分水岭进京6,在公路用地范围内设置公路标志以外的其他标志,是,110116,11000000001317961366
十支队-怀柔执法队,G111京漠线K79+081分水岭进京6,遮挡公路附属设施或者利用公路附属设施架设管道、悬挂物品，可能危及公路安全,是,110116,11000000001317961366
十支队-怀柔执法队,G111京漠线K79+081分水岭进京6,车辆装载物触地拖行、掉落、遗洒或者飘散，造成公路路面损坏、污染,是,110116,11000000001317961366
十支队-怀柔执法队,G111京漠线K79+177分水岭出京20,在公路上及公路用地范围内堆放物品,是,110116,11000000001319605223
十支队-怀柔执法队,G111京漠线K79+177分水岭出京20,在公路上及公路用地范围内摆摊设点,是,110116,11000000001319605223
十支队-怀柔执法队,G111京漠线K79+177分水岭出京20,在公路范围内擅自移动井盖,否,110116,11000000001319605223
十支队-怀柔执法队,G111京漠线K79+177分水岭出京20,擅自占用、挖掘公路,是,110116,11000000001319605223
十支队-怀柔执法队,G111京漠线K79+177分水岭出京20,在公路用地范围内设置公路标志以外的其他标志,是,110116,11000000001319605223
十支队-怀柔执法队,G111京漠线K79+177分水岭出京20,遮挡公路附属设施或者利用公路附属设施架设管道、悬挂物品，可能危及公路安全,是,110116,11000000001319605223
十支队-怀柔执法队,G111京漠线K79+177分水岭出京20,车辆装载物触地拖行、掉落、遗洒或者飘散，造成公路路面损坏、污染,是,110116,11000000001319605223
十支队-怀柔执法队,G111京漠线K79+199分水岭进京5,在公路上及公路用地范围内堆放物品,是,110116,11000000001317026064
十支队-怀柔执法队,G111京漠线K79+199分水岭进京5,在公路上及公路用地范围内摆摊设点,是,110116,11000000001317026064
十支队-怀柔执法队,G111京漠线K79+199分水岭进京5,在公路范围内擅自移动井盖,否,110116,11000000001317026064
十支队-怀柔执法队,G111京漠线K79+199分水岭进京5,擅自占用、挖掘公路,是,110116,11000000001317026064
十支队-怀柔执法队,G111京漠线K79+199分水岭进京5,在公路用地范围内设置公路标志以外的其他标志,是,110116,11000000001317026064
十支队-怀柔执法队,G111京漠线K79+199分水岭进京5,遮挡公路附属设施或者利用公路附属设施架设管道、悬挂物品，可能危及公路安全,是,110116,11000000001317026064
十支队-怀柔执法队,G111京漠线K79+199分水岭进京5,车辆装载物触地拖行、掉落、遗洒或者飘散，造成公路路面损坏、污染,是,110116,11000000001317026064
十支队-怀柔执法队,G111京漠线K79+288分水岭进京停1,在公路上及公路用地范围内堆放物品,是,110116,11000000001313047610
十支队-怀柔执法队,G111京漠线K79+288分水岭进京停1,在公路上及公路用地范围内摆摊设点,是,110116,11000000001313047610
十支队-怀柔执法队,G111京漠线K79+288分水岭进京停1,在公路范围内擅自移动井盖,否,110116,11000000001313047610
十支队-怀柔执法队,G111京漠线K79+288分水岭进京停1,擅自占用、挖掘公路,是,110116,11000000001313047610
十支队-怀柔执法队,G111京漠线K79+288分水岭进京停1,在公路用地范围内设置公路标志以外的其他标志,是,110116,11000000001313047610
十支队-怀柔执法队,G111京漠线K79+288分水岭进京停1,遮挡公路附属设施或者利用公路附属设施架设管道、悬挂物品，可能危及公路安全,是,110116,11000000001313047610
十支队-怀柔执法队,G111京漠线K79+288分水岭进京停1,车辆装载物触地拖行、掉落、遗洒或者飘散，造成公路路面损坏、污染,是,110116,11000000001313047610
十支队-怀柔执法队,G111京漠线K79+330分水岭出京21,在公路上及公路用地范围内堆放物品,是,110116,11000000001315560520
十支队-怀柔执法队,G111京漠线K79+330分水岭出京21,在公路上及公路用地范围内摆摊设点,是,110116,11000000001315560520
十支队-怀柔执法队,G111京漠线K79+330分水岭出京21,在公路范围内擅自移动井盖,否,110116,11000000001315560520
十支队-怀柔执法队,G111京漠线K79+330分水岭出京21,擅自占用、挖掘公路,是,110116,11000000001315560520
十支队-怀柔执法队,G111京漠线K79+330分水岭出京21,在公路用地范围内设置公路标志以外的其他标志,是,110116,11000000001315560520
十支队-怀柔执法队,G111京漠线K79+330分水岭出京21,遮挡公路附属设施或者利用公路附属设施架设管道、悬挂物品，可能危及公路安全,是,110116,11000000001315560520
十支队-怀柔执法队,G111京漠线K79+330分水岭出京21,车辆装载物触地拖行、掉落、遗洒或者飘散，造成公路路面损坏、污染,是,110116,11000000001315560520
十支队-怀柔执法队,G111京漠线K79+338分水岭出京停4,在公路上及公路用地范围内堆放物品,是,110116,11000000001312368694
十支队-怀柔执法队,G111京漠线K79+338分水岭出京停4,在公路上及公路用地范围内摆摊设点,是,110116,11000000001312368694
十支队-怀柔执法队,G111京漠线K79+338分水岭出京停4,在公路范围内擅自移动井盖,否,110116,11000000001312368694
十支队-怀柔执法队,G111京漠线K79+338分水岭出京停4,擅自占用、挖掘公路,是,110116,11000000001312368694
十支队-怀柔执法队,G111京漠线K79+338分水岭出京停4,在公路用地范围内设置公路标志以外的其他标志,是,110116,11000000001312368694
十支队-怀柔执法队,G111京漠线K79+338分水岭出京停4,遮挡公路附属设施或者利用公路附属设施架设管道、悬挂物品，可能危及公路安全,是,110116,11000000001312368694
十支队-怀柔执法队,G111京漠线K79+338分水岭出京停4,车辆装载物触地拖行、掉落、遗洒或者飘散，造成公路路面损坏、污染,是,110116,11000000001312368694
十支队-怀柔执法队,G111京漠线K79+352分水岭进京4,在公路上及公路用地范围内堆放物品,是,110116,11000000001312519728
十支队-怀柔执法队,G111京漠线K79+352分水岭进京4,在公路上及公路用地范围内摆摊设点,是,110116,11000000001312519728
十支队-怀柔执法队,G111京漠线K79+352分水岭进京4,在公路范围内擅自移动井盖,否,110116,11000000001312519728
十支队-怀柔执法队,G111京漠线K79+352分水岭进京4,擅自占用、挖掘公路,是,110116,11000000001312519728
十支队-怀柔执法队,G111京漠线K79+352分水岭进京4,在公路用地范围内设置公路标志以外的其他标志,是,110116,11000000001312519728
十支队-怀柔执法队,G111京漠线K79+352分水岭进京4,遮挡公路附属设施或者利用公路附属设施架设管道、悬挂物品，可能危及公路安全,是,110116,11000000001312519728
十支队-怀柔执法队,G111京漠线K79+352分水岭进京4,车辆装载物触地拖行、掉落、遗洒或者飘散，造成公路路面损坏、污染,是,110116,11000000001312519728
十支队-怀柔执法队,G111京漠线K79+478分水岭出京22,在公路上及公路用地范围内堆放物品,是,110116,11000000001313602432
十支队-怀柔执法队,G111京漠线K79+478分水岭出京22,在公路上及公路用地范围内摆摊设点,是,110116,11000000001313602432
十支队-怀柔执法队,G111京漠线K79+478分水岭出京22,在公路范围内擅自移动井盖,否,110116,11000000001313602432
十支队-怀柔执法队,G111京漠线K79+478分水岭出京22,擅自占用、挖掘公路,是,110116,11000000001313602432
十支队-怀柔执法队,G111京漠线K79+478分水岭出京22,在公路用地范围内设置公路标志以外的其他标志,是,110116,11000000001313602432
十支队-怀柔执法队,G111京漠线K79+478分水岭出京22,遮挡公路附属设施或者利用公路附属设施架设管道、悬挂物品，可能危及公路安全,是,110116,11000000001313602432
十支队-怀柔执法队,G111京漠线K79+478分水岭出京22,车辆装载物触地拖行、掉落、遗洒或者飘散，造成公路路面损坏、污染,是,110116,11000000001313602432
十支队-怀柔执法队,G111京漠线K79+504分水岭进京3,在公路上及公路用地范围内堆放物品,是,110116,11000000001312269724
十支队-怀柔执法队,G111京漠线K79+504分水岭进京3,在公路上及公路用地范围内摆摊设点,是,110116,11000000001312269724
十支队-怀柔执法队,G111京漠线K79+504分水岭进京3,在公路范围内擅自移动井盖,否,110116,11000000001312269724
十支队-怀柔执法队,G111京漠线K79+504分水岭进京3,擅自占用、挖掘公路,是,110116,11000000001312269724
十支队-怀柔执法队,G111京漠线K79+504分水岭进京3,在公路用地范围内设置公路标志以外的其他标志,是,110116,11000000001312269724
十支队-怀柔执法队,G111京漠线K79+504分水岭进京3,遮挡公路附属设施或者利用公路附属设施架设管道、悬挂物品，可能危及公路安全,是,110116,11000000001312269724
十支队-怀柔执法队,G111京漠线K79+504分水岭进京3,车辆装载物触地拖行、掉落、遗洒或者飘散，造成公路路面损坏、污染,是,110116,11000000001312269724
十支队-怀柔执法队,G111京漠线K79+631分水岭出京23,在公路上及公路用地范围内堆放物品,是,110116,11000000001315982987
十支队-怀柔执法队,G111京漠线K79+631分水岭出京23,在公路上及公路用地范围内摆摊设点,是,110116,11000000001315982987
十支队-怀柔执法队,G111京漠线K79+631分水岭出京23,在公路范围内擅自移动井盖,否,110116,11000000001315982987
十支队-怀柔执法队,G111京漠线K79+631分水岭出京23,擅自占用、挖掘公路,是,110116,11000000001315982987
十支队-怀柔执法队,G111京漠线K79+631分水岭出京23,在公路用地范围内设置公路标志以外的其他标志,是,110116,11000000001315982987
十支队-怀柔执法队,G111京漠线K79+631分水岭出京23,遮挡公路附属设施或者利用公路附属设施架设管道、悬挂物品，可能危及公路安全,是,110116,11000000001315982987
十支队-怀柔执法队,G111京漠线K79+631分水岭出京23,车辆装载物触地拖行、掉落、遗洒或者飘散，造成公路路面损坏、污染,是,110116,11000000001315982987
十支队-怀柔执法队,G111京漠线K79+651分水岭进京2,在公路上及公路用地范围内堆放物品,是,110116,11000000001313778388
十支队-怀柔执法队,G111京漠线K79+651分水岭进京2,在公路上及公路用地范围内摆摊设点,是,110116,11000000001313778388
十支队-怀柔执法队,G111京漠线K79+651分水岭进京2,在公路范围内擅自移动井盖,否,110116,11000000001313778388
十支队-怀柔执法队,G111京漠线K79+651分水岭进京2,擅自占用、挖掘公路,是,110116,11000000001313778388
十支队-怀柔执法队,G111京漠线K79+651分水岭进京2,在公路用地范围内设置公路标志以外的其他标志,是,110116,11000000001313778388
十支队-怀柔执法队,G111京漠线K79+651分水岭进京2,遮挡公路附属设施或者利用公路附属设施架设管道、悬挂物品，可能危及公路安全,是,110116,11000000001313778388
十支队-怀柔执法队,G111京漠线K79+651分水岭进京2,车辆装载物触地拖行、掉落、遗洒或者飘散，造成公路路面损坏、污染,是,110116,11000000001313778388
十支队-怀柔执法队,G111京漠线K79+804分水岭进京1,在公路上及公路用地范围内堆放物品,是,110116,11000000001314163214
十支队-怀柔执法队,G111京漠线K79+804分水岭进京1,在公路上及公路用地范围内摆摊设点,是,110116,11000000001314163214
十支队-怀柔执法队,G111京漠线K79+804分水岭进京1,在公路范围内擅自移动井盖,否,110116,11000000001314163214
十支队-怀柔执法队,G111京漠线K79+804分水岭进京1,擅自占用、挖掘公路,是,110116,11000000001314163214
十支队-怀柔执法队,G111京漠线K79+804分水岭进京1,在公路用地范围内设置公路标志以外的其他标志,是,110116,11000000001314163214
十支队-怀柔执法队,G111京漠线K79+804分水岭进京1,遮挡公路附属设施或者利用公路附属设施架设管道、悬挂物品，可能危及公路安全,是,110116,11000000001314163214
十支队-怀柔执法队,G111京漠线K79+804分水岭进京1,车辆装载物触地拖行、掉落、遗洒或者飘散，造成公路路面损坏、污染,是,110116,11000000001314163214
十支队-怀柔执法队,G111京漠线K79+898分水岭出京25,在公路上及公路用地范围内堆放物品,是,110116,11000000001314941190
十支队-怀柔执法队,G111京漠线K79+898分水岭出京25,在公路上及公路用地范围内摆摊设点,是,110116,11000000001314941190
十支队-怀柔执法队,G111京漠线K79+898分水岭出京25,在公路范围内擅自移动井盖,否,110116,11000000001314941190
十支队-怀柔执法队,G111京漠线K79+898分水岭出京25,擅自占用、挖掘公路,是,110116,11000000001314941190
十支队-怀柔执法队,G111京漠线K79+898分水岭出京25,在公路用地范围内设置公路标志以外的其他标志,是,110116,11000000001314941190
十支队-怀柔执法队,G111京漠线K79+898分水岭出京25,遮挡公路附属设施或者利用公路附属设施架设管道、悬挂物品，可能危及公路安全,是,110116,11000000001314941190
十支队-怀柔执法队,G111京漠线K79+898分水岭出京25,车辆装载物触地拖行、掉落、遗洒或者飘散，造成公路路面损坏、污染,是,110116,11000000001314941190
十支队-怀柔执法队,S308怀长路K16+756西四渡河隧道进口,在公路上及公路用地范围内堆放物品,是,110116,11000000001311458883
十支队-怀柔执法队,S308怀长路K16+756西四渡河隧道进口,在公路上及公路用地范围内摆摊设点,是,110116,11000000001311458883
十支队-怀柔执法队,S308怀长路K16+756西四渡河隧道进口,在公路范围内擅自移动井盖,否,110116,11000000001311458883
十支队-怀柔执法队,S308怀长路K16+756西四渡河隧道进口,擅自占用、挖掘公路,是,110116,11000000001311458883
十支队-怀柔执法队,S308怀长路K16+756西四渡河隧道进口,在公路用地范围内设置公路标志以外的其他标志,是,110116,11000000001311458883
十支队-怀柔执法队,S308怀长路K16+756西四渡河隧道进口,遮挡公路附属设施或者利用公路附属设施架设管道、悬挂物品，可能危及公路安全,是,110116,11000000001311458883
十支队-怀柔执法队,S308怀长路K16+756西四渡河隧道进口,车辆装载物触地拖行、掉落、遗洒或者飘散，造成公路路面损坏、污染,是,110116,11000000001311458883
十支队-怀柔执法队,S308怀长路K17+309西四渡河隧道出口,在公路上及公路用地范围内堆放物品,是,110116,11000000001312049244
十支队-怀柔执法队,S308怀长路K17+309西四渡河隧道出口,在公路上及公路用地范围内摆摊设点,是,110116,11000000001312049244
十支队-怀柔执法队,S308怀长路K17+309西四渡河隧道出口,在公路范围内擅自移动井盖,否,110116,11000000001312049244
十支队-怀柔执法队,S308怀长路K17+309西四渡河隧道出口,擅自占用、挖掘公路,是,110116,11000000001312049244
十支队-怀柔执法队,S308怀长路K17+309西四渡河隧道出口,在公路用地范围内设置公路标志以外的其他标志,是,110116,11000000001312049244
十支队-怀柔执法队,S308怀长路K17+309西四渡河隧道出口,遮挡公路附属设施或者利用公路附属设施架设管道、悬挂物品，可能危及公路安全,是,110116,11000000001312049244
十支队-怀柔执法队,S308怀长路K17+309西四渡河隧道出口,车辆装载物触地拖行、掉落、遗洒或者飘散，造成公路路面损坏、污染,是,110116,11000000001312049244
十支队-密云执法队,新北路K0+577,在公路上及公路用地范围内堆放物品,是,110118,11000000001313164562
十支队-密云执法队,新北路K0+577,在公路上及公路用地范围内摆摊设点,是,110118,11000000001313164562
十支队-密云执法队,新北路K0+577,在公路范围内擅自移动井盖,否,110118,11000000001313164562
十支队-密云执法队,新北路K0+577,擅自占用、挖掘公路,是,110118,11000000001313164562
十支队-密云执法队,新北路K0+577,在公路用地范围内设置公路标志以外的其他标志,是,110118,11000000001313164562
十支队-密云执法队,新北路K0+577,遮挡公路附属设施或者利用公路附属设施架设管道、悬挂物品，可能危及公路安全,是,110118,11000000001313164562
十支队-密云执法队,新北路K0+577,车辆装载物触地拖行、掉落、遗洒或者飘散，造成公路路面损坏、污染,是,110118,11000000001313164562
十支队-密云执法队,新西路K0+570,在公路上及公路用地范围内堆放物品,是,110118,11000000001311835051
十支队-密云执法队,新西路K0+570,在公路上及公路用地范围内摆摊设点,是,110118,11000000001311835051
十支队-密云执法队,新西路K0+570,在公路范围内擅自移动井盖,否,110118,11000000001311835051
十支队-密云执法队,新西路K0+570,擅自占用、挖掘公路,是,110118,11000000001311835051
十支队-密云执法队,新西路K0+570,在公路用地范围内设置公路标志以外的其他标志,是,110118,11000000001311835051
十支队-密云执法队,新西路K0+570,遮挡公路附属设施或者利用公路附属设施架设管道、悬挂物品，可能危及公路安全,是,110118,11000000001311835051
十支队-密云执法队,新西路K0+570,车辆装载物触地拖行、掉落、遗洒或者飘散，造成公路路面损坏、污染,是,110118,11000000001311835051
十支队-密云执法队,黄下路K14+850,在公路上及公路用地范围内堆放物品,是,110118,11000000001319378013
十支队-密云执法队,黄下路K14+850,在公路上及公路用地范围内摆摊设点,是,110118,11000000001319378013
十支队-密云执法队,黄下路K14+850,在公路范围内擅自移动井盖,否,110118,11000000001319378013
十支队-密云执法队,黄下路K14+850,擅自占用、挖掘公路,是,110118,11000000001319378013
十支队-密云执法队,黄下路K14+850,在公路用地范围内设置公路标志以外的其他标志,是,110118,11000000001319378013
十支队-密云执法队,黄下路K14+850,遮挡公路附属设施或者利用公路附属设施架设管道、悬挂物品，可能危及公路安全,是,110118,11000000001319378013
十支队-密云执法队,黄下路K14+850,车辆装载物触地拖行、掉落、遗洒或者飘散，造成公路路面损坏、污染,是,110118,11000000001319378013
十支队-平谷执法队,X040华西路K4+100隧道,在公路上及公路用地范围内堆放物品,是,110117,11000000001319352022
十支队-平谷执法队,X040华西路K4+100隧道,在公路上及公路用地范围内摆摊设点,是,110117,11000000001319352022
十支队-平谷执法队,X040华西路K4+100隧道,在公路范围内擅自移动井盖,否,110117,11000000001319352022
十支队-平谷执法队,X040华西路K4+100隧道,擅自占用、挖掘公路,是,110117,11000000001319352022
十支队-平谷执法队,X040华西路K4+100隧道,在公路用地范围内设置公路标志以外的其他标志,是,110117,11000000001319352022
十支队-平谷执法队,X040华西路K4+100隧道,遮挡公路附属设施或者利用公路附属设施架设管道、悬挂物品，可能危及公路安全,是,110117,11000000001319352022
十支队-平谷执法队,X040华西路K4+100隧道,车辆装载物触地拖行、掉落、遗洒或者飘散，造成公路路面损坏、污染,是,110117,11000000001319352022
十支队-平谷执法队,X002胡关路K17+600黄土梁,在公路上及公路用地范围内堆放物品,是,110117,11000000001315780339
十支队-平谷执法队,X002胡关路K17+600黄土梁,在公路上及公路用地范围内摆摊设点,是,110117,11000000001315780339
十支队-平谷执法队,X002胡关路K17+600黄土梁,在公路范围内擅自移动井盖,否,110117,11000000001315780339
十支队-平谷执法队,X002胡关路K17+600黄土梁,擅自占用、挖掘公路,是,110117,11000000001315780339
十支队-平谷执法队,X002胡关路K17+600黄土梁,在公路用地范围内设置公路标志以外的其他标志,是,110117,11000000001315780339
十支队-平谷执法队,X002胡关路K17+600黄土梁,遮挡公路附属设施或者利用公路附属设施架设管道、悬挂物品，可能危及公路安全,是,110117,11000000001315780339
十支队-平谷执法队,X002胡关路K17+600黄土梁,车辆装载物触地拖行、掉落、遗洒或者飘散，造成公路路面损坏、污染,是,110117,11000000001315780339
十支队-顺义执法队,S330昌金路K41+950上行大秦铁路桥,在公路上及公路用地范围内堆放物品,否,110113,11000000001314158795
十支队-顺义执法队,S330昌金路K41+950上行大秦铁路桥,在公路上及公路用地范围内摆摊设点,否,110113,11000000001314158795
十支队-顺义执法队,S330昌金路K41+950上行大秦铁路桥,在公路范围内擅自移动井盖,否,110113,11000000001314158795
十支队-顺义执法队,S330昌金路K41+950上行大秦铁路桥,擅自占用、挖掘公路,否,110113,11000000001314158795
十支队-顺义执法队,S330昌金路K41+950上行大秦铁路桥,在公路用地范围内设置公路标志以外的其他标志,否,110113,11000000001314158795
十支队-顺义执法队,S330昌金路K41+950上行大秦铁路桥,遮挡公路附属设施或者利用公路附属设施架设管道、悬挂物品，可能危及公路安全,否,110113,11000000001314158795
十支队-顺义执法队,S330昌金路K41+950上行大秦铁路桥,车辆装载物触地拖行、掉落、遗洒或者飘散，造成公路路面损坏、污染,是,110113,11000000001314158795
十支队-怀柔执法队,S308怀长路K16+950西四渡河隧道1,在公路上及公路用地范围内堆放物品,否,110116,11000000001319332340
十支队-怀柔执法队,S308怀长路K16+950西四渡河隧道1,在公路上及公路用地范围内摆摊设点,否,110116,11000000001319332340
十支队-怀柔执法队,S308怀长路K16+950西四渡河隧道1,在公路范围内擅自移动井盖,否,110116,11000000001319332340
十支队-怀柔执法队,S308怀长路K16+950西四渡河隧道1,擅自占用、挖掘公路,否,110116,11000000001319332340
十支队-怀柔执法队,S308怀长路K16+950西四渡河隧道1,在公路用地范围内设置公路标志以外的其他标志,否,110116,11000000001319332340
十支队-怀柔执法队,S308怀长路K16+950西四渡河隧道1,遮挡公路附属设施或者利用公路附属设施架设管道、悬挂物品，可能危及公路安全,否,110116,11000000001319332340
十支队-怀柔执法队,S308怀长路K16+950西四渡河隧道1,车辆装载物触地拖行、掉落、遗洒或者飘散，造成公路路面损坏、污染,是,110116,11000000001319332340
十支队-怀柔执法队,S308怀长路K17+100西四渡河隧道2,在公路上及公路用地范围内堆放物品,否,110116,11000000001313767675
十支队-怀柔执法队,S308怀长路K17+100西四渡河隧道2,在公路上及公路用地范围内摆摊设点,否,110116,11000000001313767675
十支队-怀柔执法队,S308怀长路K17+100西四渡河隧道2,在公路范围内擅自移动井盖,否,110116,11000000001313767675
十支队-怀柔执法队,S308怀长路K17+100西四渡河隧道2,擅自占用、挖掘公路,否,110116,11000000001313767675
十支队-怀柔执法队,S308怀长路K17+100西四渡河隧道2,在公路用地范围内设置公路标志以外的其他标志,否,110116,11000000001313767675
十支队-怀柔执法队,S308怀长路K17+100西四渡河隧道2,遮挡公路附属设施或者利用公路附属设施架设管道、悬挂物品，可能危及公路安全,否,110116,11000000001313767675
十支队-怀柔执法队,S308怀长路K17+100西四渡河隧道2,车辆装载物触地拖行、掉落、遗洒或者飘散，造成公路路面损坏、污染,是,110116,11000000001313767675
十支队-通州执法队,G95首都环线高速-k197+740-永乐店高架（云）,在公路上及公路用地范围内堆放物品,是,110112,
十支队-通州执法队,G95首都环线高速-k197+740-永乐店高架（云）,在公路上及公路用地范围内摆摊设点,否,110112,
十支队-通州执法队,G95首都环线高速-k197+740-永乐店高架（云）,在公路范围内擅自移动井盖,否,110112,
十支队-通州执法队,G95首都环线高速-k197+740-永乐店高架（云）,擅自占用、挖掘公路,是,110112,
十支队-通州执法队,G95首都环线高速-k197+740-永乐店高架（云）,在公路用地范围内设置公路标志以外的其他标志,否,110112,
十支队-通州执法队,G95首都环线高速-k197+740-永乐店高架（云）,遮挡公路附属设施或者利用公路附属设施架设管道、悬挂物品，可能危及公路安全,是,110112,
十支队-通州执法队,G95首都环线高速-k197+740-永乐店高架（云）,车辆装载物触地拖行、掉落、遗洒或者飘散，造成公路路面损坏、污染,否,110112,
十支队-通州执法队,G95首都环线高速-k198+840-永乐店高架（云）,在公路上及公路用地范围内堆放物品,是,110112,
十支队-通州执法队,G95首都环线高速-k198+840-永乐店高架（云）,在公路上及公路用地范围内摆摊设点,否,110112,
十支队-通州执法队,G95首都环线高速-k198+840-永乐店高架（云）,在公路范围内擅自移动井盖,否,110112,
十支队-通州执法队,G95首都环线高速-k198+840-永乐店高架（云）,擅自占用、挖掘公路,是,110112,
十支队-通州执法队,G95首都环线高速-k198+840-永乐店高架（云）,在公路用地范围内设置公路标志以外的其他标志,否,110112,
十支队-通州执法队,G95首都环线高速-k198+840-永乐店高架（云）,遮挡公路附属设施或者利用公路附属设施架设管道、悬挂物品，可能危及公路安全,是,110112,
十支队-通州执法队,G95首都环线高速-k198+840-永乐店高架（云）,车辆装载物触地拖行、掉落、遗洒或者飘散，造成公路路面损坏、污染,否,110112,
十支队-通州执法队,G95首都环线高速-k200+190-永于路桥（云）,在公路上及公路用地范围内堆放物品,是,110112,
十支队-通州执法队,G95首都环线高速-k200+190-永于路桥（云）,在公路上及公路用地范围内摆摊设点,否,110112,
十支队-通州执法队,G95首都环线高速-k200+190-永于路桥（云）,在公路范围内擅自移动井盖,否,110112,
十支队-通州执法队,G95首都环线高速-k200+190-永于路桥（云）,擅自占用、挖掘公路,是,110112,
十支队-通州执法队,G95首都环线高速-k200+190-永于路桥（云）,在公路用地范围内设置公路标志以外的其他标志,否,110112,
十支队-通州执法队,G95首都环线高速-k200+190-永于路桥（云）,遮挡公路附属设施或者利用公路附属设施架设管道、悬挂物品，可能危及公路安全,是,110112,
十支队-通州执法队,G95首都环线高速-k200+190-永于路桥（云）,车辆装载物触地拖行、掉落、遗洒或者飘散，造成公路路面损坏、污染,否,110112,
十支队-通州执法队,G95首都环线高速-k200+340-永于路桥（云）,在公路上及公路用地范围内堆放物品,是,110112,
十支队-通州执法队,G95首都环线高速-k200+340-永于路桥（云）,在公路上及公路用地范围内摆摊设点,否,110112,
十支队-通州执法队,G95首都环线高速-k200+340-永于路桥（云）,在公路范围内擅自移动井盖,否,110112,
十支队-通州执法队,G95首都环线高速-k200+340-永于路桥（云）,擅自占用、挖掘公路,是,110112,
十支队-通州执法队,G95首都环线高速-k200+340-永于路桥（云）,在公路用地范围内设置公路标志以外的其他标志,否,110112,
十支队-通州执法队,G95首都环线高速-k200+340-永于路桥（云）,遮挡公路附属设施或者利用公路附属设施架设管道、悬挂物品，可能危及公路安全,是,110112,
十支队-通州执法队,G95首都环线高速-k200+340-永于路桥（云）,车辆装载物触地拖行、掉落、遗洒或者飘散，造成公路路面损坏、污染,否,110112,
十支队-通州执法队,G95首都环线高速-k201+860-三北路桥（云）,在公路上及公路用地范围内堆放物品,是,110112,
十支队-通州执法队,G95首都环线高速-k201+860-三北路桥（云）,在公路上及公路用地范围内摆摊设点,否,110112,
十支队-通州执法队,G95首都环线高速-k201+860-三北路桥（云）,在公路范围内擅自移动井盖,否,110112,
十支队-通州执法队,G95首都环线高速-k201+860-三北路桥（云）,擅自占用、挖掘公路,是,110112,
十支队-通州执法队,G95首都环线高速-k201+860-三北路桥（云）,在公路用地范围内设置公路标志以外的其他标志,否,110112,
十支队-通州执法队,G95首都环线高速-k201+860-三北路桥（云）,遮挡公路附属设施或者利用公路附属设施架设管道、悬挂物品，可能危及公路安全,是,110112,
十支队-通州执法队,G95首都环线高速-k201+860-三北路桥（云）,车辆装载物触地拖行、掉落、遗洒或者飘散，造成公路路面损坏、污染,否,110112,
十支队-通州执法队,G95首都环线高速-k201+970-三北路桥（云）,在公路上及公路用地范围内堆放物品,是,110112,
十支队-通州执法队,G95首都环线高速-k201+970-三北路桥（云）,在公路上及公路用地范围内摆摊设点,否,110112,
十支队-通州执法队,G95首都环线高速-k201+970-三北路桥（云）,在公路范围内擅自移动井盖,否,110112,
十支队-通州执法队,G95首都环线高速-k201+970-三北路桥（云）,擅自占用、挖掘公路,是,110112,
十支队-通州执法队,G95首都环线高速-k201+970-三北路桥（云）,在公路用地范围内设置公路标志以外的其他标志,否,110112,
十支队-通州执法队,G95首都环线高速-k201+970-三北路桥（云）,遮挡公路附属设施或者利用公路附属设施架设管道、悬挂物品，可能危及公路安全,是,110112,
十支队-通州执法队,G95首都环线高速-k201+970-三北路桥（云）,车辆装载物触地拖行、掉落、遗洒或者飘散，造成公路路面损坏、污染,否,110112,
十支队-通州执法队,G95首都环线高速-k202+560-团结沟桥（云）,在公路上及公路用地范围内堆放物品,是,110112,
十支队-通州执法队,G95首都环线高速-k202+560-团结沟桥（云）,在公路上及公路用地范围内摆摊设点,否,110112,
十支队-通州执法队,G95首都环线高速-k202+560-团结沟桥（云）,在公路范围内擅自移动井盖,否,110112,
十支队-通州执法队,G95首都环线高速-k202+560-团结沟桥（云）,擅自占用、挖掘公路,是,110112,
十支队-通州执法队,G95首都环线高速-k202+560-团结沟桥（云）,在公路用地范围内设置公路标志以外的其他标志,否,110112,
十支队-通州执法队,G95首都环线高速-k202+560-团结沟桥（云）,遮挡公路附属设施或者利用公路附属设施架设管道、悬挂物品，可能危及公路安全,是,110112,
十支队-通州执法队,G95首都环线高速-k202+560-团结沟桥（云）,车辆装载物触地拖行、掉落、遗洒或者飘散，造成公路路面损坏、污染,否,110112,
十支队-通州执法队,G95首都环线高速-k202+640-团结沟桥（云）,在公路上及公路用地范围内堆放物品,是,110112,
十支队-通州执法队,G95首都环线高速-k202+640-团结沟桥（云）,在公路上及公路用地范围内摆摊设点,否,110112,
十支队-通州执法队,G95首都环线高速-k202+640-团结沟桥（云）,在公路范围内擅自移动井盖,否,110112,
十支队-通州执法队,G95首都环线高速-k202+640-团结沟桥（云）,擅自占用、挖掘公路,是,110112,
十支队-通州执法队,G95首都环线高速-k202+640-团结沟桥（云）,在公路用地范围内设置公路标志以外的其他标志,否,110112,
十支队-通州执法队,G95首都环线高速-k202+640-团结沟桥（云）,遮挡公路附属设施或者利用公路附属设施架设管道、悬挂物品，可能危及公路安全,是,110112,
十支队-通州执法队,G95首都环线高速-k202+640-团结沟桥（云）,车辆装载物触地拖行、掉落、遗洒或者飘散，造成公路路面损坏、污染,否,110112,
十支队-通州执法队,G95首都环线高速-k204+540-张凤路桥（云）,在公路上及公路用地范围内堆放物品,是,110112,
十支队-通州执法队,G95首都环线高速-k204+540-张凤路桥（云）,在公路上及公路用地范围内摆摊设点,否,110112,
十支队-通州执法队,G95首都环线高速-k204+540-张凤路桥（云）,在公路范围内擅自移动井盖,否,110112,
十支队-通州执法队,G95首都环线高速-k204+540-张凤路桥（云）,擅自占用、挖掘公路,是,110112,
十支队-通州执法队,G95首都环线高速-k204+540-张凤路桥（云）,在公路用地范围内设置公路标志以外的其他标志,否,110112,
十支队-通州执法队,G95首都环线高速-k204+540-张凤路桥（云）,遮挡公路附属设施或者利用公路附属设施架设管道、悬挂物品，可能危及公路安全,是,110112,
十支队-通州执法队,G95首都环线高速-k204+540-张凤路桥（云）,车辆装载物触地拖行、掉落、遗洒或者飘散，造成公路路面损坏、污染,否,110112,
十支队-通州执法队,G95首都环线高速-k204+690-张凤路桥（云）,在公路上及公路用地范围内堆放物品,是,110112,
十支队-通州执法队,G95首都环线高速-k204+690-张凤路桥（云）,在公路上及公路用地范围内摆摊设点,否,110112,
十支队-通州执法队,G95首都环线高速-k204+690-张凤路桥（云）,在公路范围内擅自移动井盖,否,110112,
十支队-通州执法队,G95首都环线高速-k204+690-张凤路桥（云）,擅自占用、挖掘公路,是,110112,
十支队-通州执法队,G95首都环线高速-k204+690-张凤路桥（云）,在公路用地范围内设置公路标志以外的其他标志,否,110112,
十支队-通州执法队,G95首都环线高速-k204+690-张凤路桥（云）,遮挡公路附属设施或者利用公路附属设施架设管道、悬挂物品，可能危及公路安全,是,110112,
十支队-通州执法队,G95首都环线高速-k204+690-张凤路桥（云）,车辆装载物触地拖行、掉落、遗洒或者飘散，造成公路路面损坏、污染,否,110112,
十支队-通州执法队,G95首都环线高速-k206+390-采于特大桥（云）,在公路上及公路用地范围内堆放物品,是,110112,
十支队-通州执法队,G95首都环线高速-k206+390-采于特大桥（云）,在公路上及公路用地范围内摆摊设点,否,110112,
十支队-通州执法队,G95首都环线高速-k206+390-采于特大桥（云）,在公路范围内擅自移动井盖,否,110112,
十支队-通州执法队,G95首都环线高速-k206+390-采于特大桥（云）,擅自占用、挖掘公路,是,110112,
十支队-通州执法队,G95首都环线高速-k206+390-采于特大桥（云）,在公路用地范围内设置公路标志以外的其他标志,否,110112,
十支队-通州执法队,G95首都环线高速-k206+390-采于特大桥（云）,遮挡公路附属设施或者利用公路附属设施架设管道、悬挂物品，可能危及公路安全,是,110112,
十支队-通州执法队,G95首都环线高速-k206+390-采于特大桥（云）,车辆装载物触地拖行、掉落、遗洒或者飘散，造成公路路面损坏、污染,否,110112,
十支队-通州执法队,G95首都环线高速-k208+840-采于特大桥（云）,在公路上及公路用地范围内堆放物品,是,110112,
十支队-通州执法队,G95首都环线高速-k208+840-采于特大桥（云）,在公路上及公路用地范围内摆摊设点,否,110112,
十支队-通州执法队,G95首都环线高速-k208+840-采于特大桥（云）,在公路范围内擅自移动井盖,否,110112,
十支队-通州执法队,G95首都环线高速-k208+840-采于特大桥（云）,擅自占用、挖掘公路,是,110112,
十支队-通州执法队,G95首都环线高速-k208+840-采于特大桥（云）,在公路用地范围内设置公路标志以外的其他标志,否,110112,
十支队-通州执法队,G95首都环线高速-k208+840-采于特大桥（云）,遮挡公路附属设施或者利用公路附属设施架设管道、悬挂物品，可能危及公路安全,是,110112,
十支队-通州执法队,G95首都环线高速-k208+840-采于特大桥（云）,车辆装载物触地拖行、掉落、遗洒或者飘散，造成公路路面损坏、污染,否,110112,
十支队-通州执法队,G95首都环线高速-k211+440-采于特大桥（云）,在公路上及公路用地范围内堆放物品,是,110112,
十支队-通州执法队,G95首都环线高速-k211+440-采于特大桥（云）,在公路上及公路用地范围内摆摊设点,否,110112,
十支队-通州执法队,G95首都环线高速-k211+440-采于特大桥（云）,在公路范围内擅自移动井盖,否,110112,
十支队-通州执法队,G95首都环线高速-k211+440-采于特大桥（云）,擅自占用、挖掘公路,是,110112,
十支队-通州执法队,G95首都环线高速-k211+440-采于特大桥（云）,在公路用地范围内设置公路标志以外的其他标志,否,110112,
十支队-通州执法队,G95首都环线高速-k211+440-采于特大桥（云）,遮挡公路附属设施或者利用公路附属设施架设管道、悬挂物品，可能危及公路安全,是,110112,
十支队-通州执法队,G95首都环线高速-k211+440-采于特大桥（云）,车辆装载物触地拖行、掉落、遗洒或者飘散，造成公路路面损坏、污染,否,110112,
十支队-通州执法队,G95首都环线高速-k213+090-采于特大桥（云）,在公路上及公路用地范围内堆放物品,是,110112,
十支队-通州执法队,G95首都环线高速-k213+090-采于特大桥（云）,在公路上及公路用地范围内摆摊设点,否,110112,
十支队-通州执法队,G95首都环线高速-k213+090-采于特大桥（云）,在公路范围内擅自移动井盖,否,110112,
十支队-通州执法队,G95首都环线高速-k213+090-采于特大桥（云）,擅自占用、挖掘公路,是,110112,
十支队-通州执法队,G95首都环线高速-k213+090-采于特大桥（云）,在公路用地范围内设置公路标志以外的其他标志,否,110112,
十支队-通州执法队,G95首都环线高速-k213+090-采于特大桥（云）,遮挡公路附属设施或者利用公路附属设施架设管道、悬挂物品，可能危及公路安全,是,110112,
十支队-通州执法队,G95首都环线高速-k213+090-采于特大桥（云）,车辆装载物触地拖行、掉落、遗洒或者飘散，造成公路路面损坏、污染,否,110112,
十支队-通州执法队,G95首都环线高速-k213+840-融青生态园桥（云）,在公路上及公路用地范围内堆放物品,是,110112,
十支队-通州执法队,G95首都环线高速-k213+840-融青生态园桥（云）,在公路上及公路用地范围内摆摊设点,否,110112,
十支队-通州执法队,G95首都环线高速-k213+840-融青生态园桥（云）,在公路范围内擅自移动井盖,否,110112,
十支队-通州执法队,G95首都环线高速-k213+840-融青生态园桥（云）,擅自占用、挖掘公路,是,110112,
十支队-通州执法队,G95首都环线高速-k213+840-融青生态园桥（云）,在公路用地范围内设置公路标志以外的其他标志,否,110112,
十支队-通州执法队,G95首都环线高速-k213+840-融青生态园桥（云）,遮挡公路附属设施或者利用公路附属设施架设管道、悬挂物品，可能危及公路安全,是,110112,
十支队-通州执法队,G95首都环线高速-k213+840-融青生态园桥（云）,车辆装载物触地拖行、掉落、遗洒或者飘散，造成公路路面损坏、污染,否,110112,
十支队-通州执法队,G95首都环线高速-k213+890-融青生态园桥（云）,在公路上及公路用地范围内堆放物品,是,110112,
十支队-通州执法队,G95首都环线高速-k213+890-融青生态园桥（云）,在公路上及公路用地范围内摆摊设点,否,110112,
十支队-通州执法队,G95首都环线高速-k213+890-融青生态园桥（云）,在公路范围内擅自移动井盖,否,110112,
十支队-通州执法队,G95首都环线高速-k213+890-融青生态园桥（云）,擅自占用、挖掘公路,是,110112,
十支队-通州执法队,G95首都环线高速-k213+890-融青生态园桥（云）,在公路用地范围内设置公路标志以外的其他标志,否,110112,
十支队-通州执法队,G95首都环线高速-k213+890-融青生态园桥（云）,遮挡公路附属设施或者利用公路附属设施架设管道、悬挂物品，可能危及公路安全,是,110112,
十支队-通州执法队,G95首都环线高速-k213+890-融青生态园桥（云）,车辆装载物触地拖行、掉落、遗洒或者飘散，造成公路路面损坏、污染,否,110112,
十支队-通州执法队,G95首都环线高速-k214+340-京福桥（云）,在公路上及公路用地范围内堆放物品,是,110112,
十支队-通州执法队,G95首都环线高速-k214+340-京福桥（云）,在公路上及公路用地范围内摆摊设点,否,110112,
十支队-通州执法队,G95首都环线高速-k214+340-京福桥（云）,在公路范围内擅自移动井盖,否,110112,
十支队-通州执法队,G95首都环线高速-k214+340-京福桥（云）,擅自占用、挖掘公路,是,110112,
十支队-通州执法队,G95首都环线高速-k214+340-京福桥（云）,在公路用地范围内设置公路标志以外的其他标志,否,110112,
十支队-通州执法队,G95首都环线高速-k214+340-京福桥（云）,遮挡公路附属设施或者利用公路附属设施架设管道、悬挂物品，可能危及公路安全,是,110112,
十支队-通州执法队,G95首都环线高速-k214+340-京福桥（云）,车辆装载物触地拖行、掉落、遗洒或者飘散，造成公路路面损坏、污染,否,110112,
十支队-通州执法队,G95首都环线高速-k214+450-京福桥（云）,在公路上及公路用地范围内堆放物品,是,110112,
十支队-通州执法队,G95首都环线高速-k214+450-京福桥（云）,在公路上及公路用地范围内摆摊设点,否,110112,
十支队-通州执法队,G95首都环线高速-k214+450-京福桥（云）,在公路范围内擅自移动井盖,否,110112,
十支队-通州执法队,G95首都环线高速-k214+450-京福桥（云）,擅自占用、挖掘公路,是,110112,
十支队-通州执法队,G95首都环线高速-k214+450-京福桥（云）,在公路用地范围内设置公路标志以外的其他标志,否,110112,
十支队-通州执法队,G95首都环线高速-k214+450-京福桥（云）,遮挡公路附属设施或者利用公路附属设施架设管道、悬挂物品，可能危及公路安全,是,110112,
十支队-通州执法队,G95首都环线高速-k214+450-京福桥（云）,车辆装载物触地拖行、掉落、遗洒或者飘散，造成公路路面损坏、污染,否,110112,
十支队-通州执法队,G95首都环线高速-k214+990-凤河桥（云）,在公路上及公路用地范围内堆放物品,是,110112,
十支队-通州执法队,G95首都环线高速-k214+990-凤河桥（云）,在公路上及公路用地范围内摆摊设点,否,110112,
十支队-通州执法队,G95首都环线高速-k214+990-凤河桥（云）,在公路范围内擅自移动井盖,否,110112,
十支队-通州执法队,G95首都环线高速-k214+990-凤河桥（云）,擅自占用、挖掘公路,是,110112,
十支队-通州执法队,G95首都环线高速-k214+990-凤河桥（云）,在公路用地范围内设置公路标志以外的其他标志,否,110112,
十支队-通州执法队,G95首都环线高速-k214+990-凤河桥（云）,遮挡公路附属设施或者利用公路附属设施架设管道、悬挂物品，可能危及公路安全,是,110112,
十支队-通州执法队,G95首都环线高速-k214+990-凤河桥（云）,车辆装载物触地拖行、掉落、遗洒或者飘散，造成公路路面损坏、污染,否,110112,
十支队-通州执法队,G95首都环线高速-k215+090-凤河桥（云）,在公路上及公路用地范围内堆放物品,是,110112,
十支队-通州执法队,G95首都环线高速-k215+090-凤河桥（云）,在公路上及公路用地范围内摆摊设点,否,110112,
十支队-通州执法队,G95首都环线高速-k215+090-凤河桥（云）,在公路范围内擅自移动井盖,否,110112,
十支队-通州执法队,G95首都环线高速-k215+090-凤河桥（云）,擅自占用、挖掘公路,是,110112,
十支队-通州执法队,G95首都环线高速-k215+090-凤河桥（云）,在公路用地范围内设置公路标志以外的其他标志,否,110112,
十支队-通州执法队,G95首都环线高速-k215+090-凤河桥（云）,遮挡公路附属设施或者利用公路附属设施架设管道、悬挂物品，可能危及公路安全,是,110112,
十支队-通州执法队,G95首都环线高速-k215+090-凤河桥（云）,车辆装载物触地拖行、掉落、遗洒或者飘散，造成公路路面损坏、污染,否,110112,
十支队-通州执法队,G95首都环线高速-k215+480-安采桥（云）,在公路上及公路用地范围内堆放物品,是,110112,
十支队-通州执法队,G95首都环线高速-k215+480-安采桥（云）,在公路上及公路用地范围内摆摊设点,否,110112,
十支队-通州执法队,G95首都环线高速-k215+480-安采桥（云）,在公路范围内擅自移动井盖,否,110112,
十支队-通州执法队,G95首都环线高速-k215+480-安采桥（云）,擅自占用、挖掘公路,是,110112,
十支队-通州执法队,G95首都环线高速-k215+480-安采桥（云）,在公路用地范围内设置公路标志以外的其他标志,否,110112,
十支队-通州执法队,G95首都环线高速-k215+480-安采桥（云）,遮挡公路附属设施或者利用公路附属设施架设管道、悬挂物品，可能危及公路安全,是,110112,
十支队-通州执法队,G95首都环线高速-k215+480-安采桥（云）,车辆装载物触地拖行、掉落、遗洒或者飘散，造成公路路面损坏、污染,否,110112,
十支队-通州执法队,G95首都环线高速-k215+540-安采桥（云）,在公路上及公路用地范围内堆放物品,是,110112,
十支队-通州执法队,G95首都环线高速-k215+540-安采桥（云）,在公路上及公路用地范围内摆摊设点,否,110112,
十支队-通州执法队,G95首都环线高速-k215+540-安采桥（云）,在公路范围内擅自移动井盖,否,110112,
十支队-通州执法队,G95首都环线高速-k215+540-安采桥（云）,擅自占用、挖掘公路,是,110112,
十支队-通州执法队,G95首都环线高速-k215+540-安采桥（云）,在公路用地范围内设置公路标志以外的其他标志,否,110112,
十支队-通州执法队,G95首都环线高速-k215+540-安采桥（云）,遮挡公路附属设施或者利用公路附属设施架设管道、悬挂物品，可能危及公路安全,是,110112,
十支队-通州执法队,G95首都环线高速-k215+540-安采桥（云）,车辆装载物触地拖行、掉落、遗洒或者飘散，造成公路路面损坏、污染,否,110112,
十支队-通州执法队,G95首都环线高速-k216+740-韩营沟桥（云）,在公路上及公路用地范围内堆放物品,是,110112,
十支队-通州执法队,G95首都环线高速-k216+740-韩营沟桥（云）,在公路上及公路用地范围内摆摊设点,否,110112,
十支队-通州执法队,G95首都环线高速-k216+740-韩营沟桥（云）,在公路范围内擅自移动井盖,否,110112,
十支队-通州执法队,G95首都环线高速-k216+740-韩营沟桥（云）,擅自占用、挖掘公路,是,110112,
十支队-通州执法队,G95首都环线高速-k216+740-韩营沟桥（云）,在公路用地范围内设置公路标志以外的其他标志,否,110112,
十支队-通州执法队,G95首都环线高速-k216+740-韩营沟桥（云）,遮挡公路附属设施或者利用公路附属设施架设管道、悬挂物品，可能危及公路安全,是,110112,
十支队-通州执法队,G95首都环线高速-k216+740-韩营沟桥（云）,车辆装载物触地拖行、掉落、遗洒或者飘散，造成公路路面损坏、污染,否,110112,
十支队-顺义执法队,S201通顺路K22+000上行燕京桥下,在公路上及公路用地范围内堆放物品,是,110113,11000000001314706001
十支队-顺义执法队,S201通顺路K22+000上行燕京桥下,在公路上及公路用地范围内摆摊设点,否,110113,11000000001314706001
十支队-顺义执法队,S201通顺路K22+000上行燕京桥下,在公路范围内擅自移动井盖,否,110113,11000000001314706001
十支队-顺义执法队,S201通顺路K22+000上行燕京桥下,擅自占用、挖掘公路,是,110113,11000000001314706001
十支队-顺义执法队,S201通顺路K22+000上行燕京桥下,在公路用地范围内设置公路标志以外的其他标志,否,110113,11000000001314706001
十支队-顺义执法队,S201通顺路K22+000上行燕京桥下,遮挡公路附属设施或者利用公路附属设施架设管道、悬挂物品，可能危及公路安全,是,110113,11000000001314706001
十支队-顺义执法队,S201通顺路K22+000上行燕京桥下,车辆装载物触地拖行、掉落、遗洒或者飘散，造成公路路面损坏、污染,否,110113,11000000001314706001
十支队-顺义执法队,S332龙塘路K10+150下行苏庄闸桥西,在公路上及公路用地范围内堆放物品,是,110113,11000000001313113338
十支队-顺义执法队,S332龙塘路K10+150下行苏庄闸桥西,在公路上及公路用地范围内摆摊设点,否,110113,11000000001313113338
十支队-顺义执法队,S332龙塘路K10+150下行苏庄闸桥西,在公路范围内擅自移动井盖,否,110113,11000000001313113338
十支队-顺义执法队,S332龙塘路K10+150下行苏庄闸桥西,擅自占用、挖掘公路,是,110113,11000000001313113338
十支队-顺义执法队,S332龙塘路K10+150下行苏庄闸桥西,在公路用地范围内设置公路标志以外的其他标志,否,110113,11000000001313113338
十支队-顺义执法队,S332龙塘路K10+150下行苏庄闸桥西,遮挡公路附属设施或者利用公路附属设施架设管道、悬挂物品，可能危及公路安全,是,110113,11000000001313113338
十支队-顺义执法队,S332龙塘路K10+150下行苏庄闸桥西,车辆装载物触地拖行、掉落、遗洒或者飘散，造成公路路面损坏、污染,否,110113,11000000001313113338
十支队-顺义执法队,G101京沈路K32+300上行马坡桥南,在公路上及公路用地范围内堆放物品,是,110113,
十支队-顺义执法队,G101京沈路K32+300上行马坡桥南,在公路上及公路用地范围内摆摊设点,否,110113,
十支队-顺义执法队,G101京沈路K32+300上行马坡桥南,在公路范围内擅自移动井盖,否,110113,
十支队-顺义执法队,G101京沈路K32+300上行马坡桥南,擅自占用、挖掘公路,是,110113,
十支队-顺义执法队,G101京沈路K32+300上行马坡桥南,在公路用地范围内设置公路标志以外的其他标志,否,110113,
十支队-顺义执法队,G101京沈路K32+300上行马坡桥南,遮挡公路附属设施或者利用公路附属设施架设管道、悬挂物品，可能危及公路安全,是,110113,
十支队-顺义执法队,G101京沈路K32+300上行马坡桥南,车辆装载物触地拖行、掉落、遗洒或者飘散，造成公路路面损坏、污染,否,110113,
十支队-顺义执法队,S305顺平路K11+900上行燕京桥东,在公路上及公路用地范围内堆放物品,是,110113,
十支队-顺义执法队,S305顺平路K11+900上行燕京桥东,在公路上及公路用地范围内摆摊设点,否,110113,
十支队-顺义执法队,S305顺平路K11+900上行燕京桥东,在公路范围内擅自移动井盖,否,110113,
十支队-顺义执法队,S305顺平路K11+900上行燕京桥东,擅自占用、挖掘公路,是,110113,
十支队-顺义执法队,S305顺平路K11+900上行燕京桥东,在公路用地范围内设置公路标志以外的其他标志,否,110113,
十支队-顺义执法队,S305顺平路K11+900上行燕京桥东,遮挡公路附属设施或者利用公路附属设施架设管道、悬挂物品，可能危及公路安全,是,110113,
十支队-顺义执法队,S305顺平路K11+900上行燕京桥东,车辆装载物触地拖行、掉落、遗洒或者飘散，造成公路路面损坏、污染,否,110113,
十支队-顺义执法队,S305顺平路K38+400下行大秦铁路桥西,在公路上及公路用地范围内堆放物品,是,110113,
十支队-顺义执法队,S305顺平路K38+400下行大秦铁路桥西,在公路上及公路用地范围内摆摊设点,否,110113,
十支队-顺义执法队,S305顺平路K38+400下行大秦铁路桥西,在公路范围内擅自移动井盖,否,110113,
十支队-顺义执法队,S305顺平路K38+400下行大秦铁路桥西,擅自占用、挖掘公路,是,110113,
十支队-顺义执法队,S305顺平路K38+400下行大秦铁路桥西,在公路用地范围内设置公路标志以外的其他标志,否,110113,
十支队-顺义执法队,S305顺平路K38+400下行大秦铁路桥西,遮挡公路附属设施或者利用公路附属设施架设管道、悬挂物品，可能危及公路安全,是,110113,
十支队-顺义执法队,S305顺平路K38+400下行大秦铁路桥西,车辆装载物触地拖行、掉落、遗洒或者飘散，造成公路路面损坏、污染,否,110113,
十支队-顺义执法队,S330昌金路K28+650上行牛栏山引水桥西,在公路上及公路用地范围内堆放物品,是,110113,11000000001316998289
十支队-顺义执法队,S330昌金路K28+650上行牛栏山引水桥西,在公路上及公路用地范围内摆摊设点,否,110113,11000000001316998289
十支队-顺义执法队,S330昌金路K28+650上行牛栏山引水桥西,在公路范围内擅自移动井盖,否,110113,11000000001316998289
十支队-顺义执法队,S330昌金路K28+650上行牛栏山引水桥西,擅自占用、挖掘公路,是,110113,11000000001316998289
十支队-顺义执法队,S330昌金路K28+650上行牛栏山引水桥西,在公路用地范围内设置公路标志以外的其他标志,否,110113,11000000001316998289
十支队-顺义执法队,S330昌金路K28+650上行牛栏山引水桥西,遮挡公路附属设施或者利用公路附属设施架设管道、悬挂物品，可能危及公路安全,是,110113,11000000001316998289
十支队-顺义执法队,S330昌金路K28+650上行牛栏山引水桥西,车辆装载物触地拖行、掉落、遗洒或者飘散，造成公路路面损坏、污染,否,110113,11000000001316998289
十支队-顺义执法队,S330昌金路K28+650下行牛栏山引水桥西,在公路上及公路用地范围内堆放物品,是,110113,
十支队-顺义执法队,S330昌金路K28+650下行牛栏山引水桥西,在公路上及公路用地范围内摆摊设点,否,110113,
十支队-顺义执法队,S330昌金路K28+650下行牛栏山引水桥西,在公路范围内擅自移动井盖,否,110113,
十支队-顺义执法队,S330昌金路K28+650下行牛栏山引水桥西,擅自占用、挖掘公路,是,110113,
十支队-顺义执法队,S330昌金路K28+650下行牛栏山引水桥西,在公路用地范围内设置公路标志以外的其他标志,否,110113,
十支队-顺义执法队,S330昌金路K28+650下行牛栏山引水桥西,遮挡公路附属设施或者利用公路附属设施架设管道、悬挂物品，可能危及公路安全,是,110113,
十支队-顺义执法队,S330昌金路K28+650下行牛栏山引水桥西,车辆装载物触地拖行、掉落、遗洒或者飘散，造成公路路面损坏、污染,否,110113,
十支队-顺义执法队,S330昌金路K41+950上行大秦铁路桥,在公路上及公路用地范围内堆放物品,是,110113,11000000001314158795
十支队-顺义执法队,S330昌金路K41+950上行大秦铁路桥,在公路上及公路用地范围内摆摊设点,否,110113,11000000001314158795
十支队-顺义执法队,S330昌金路K41+950上行大秦铁路桥,在公路范围内擅自移动井盖,否,110113,11000000001314158795
十支队-顺义执法队,S330昌金路K41+950上行大秦铁路桥,擅自占用、挖掘公路,是,110113,11000000001314158795
十支队-顺义执法队,S330昌金路K41+950上行大秦铁路桥,在公路用地范围内设置公路标志以外的其他标志,否,110113,11000000001314158795
十支队-顺义执法队,S330昌金路K41+950上行大秦铁路桥,遮挡公路附属设施或者利用公路附属设施架设管道、悬挂物品，可能危及公路安全,是,110113,11000000001314158795
十支队-顺义执法队,S330昌金路K41+950上行大秦铁路桥,车辆装载物触地拖行、掉落、遗洒或者飘散，造成公路路面损坏、污染,否,110113,11000000001314158795
十支队-顺义执法队,S335白马路K40+760上行大秦铁路桥,在公路上及公路用地范围内堆放物品,是,110113,11000000001313254359
十支队-顺义执法队,S335白马路K40+760上行大秦铁路桥,在公路上及公路用地范围内摆摊设点,否,110113,11000000001313254359
十支队-顺义执法队,S335白马路K40+760上行大秦铁路桥,在公路范围内擅自移动井盖,否,110113,11000000001313254359
十支队-顺义执法队,S335白马路K40+760上行大秦铁路桥,擅自占用、挖掘公路,是,110113,11000000001313254359
十支队-顺义执法队,S335白马路K40+760上行大秦铁路桥,在公路用地范围内设置公路标志以外的其他标志,否,110113,11000000001313254359
十支队-顺义执法队,S335白马路K40+760上行大秦铁路桥,遮挡公路附属设施或者利用公路附属设施架设管道、悬挂物品，可能危及公路安全,是,110113,11000000001313254359
十支队-顺义执法队,S335白马路K40+760上行大秦铁路桥,车辆装载物触地拖行、掉落、遗洒或者飘散，造成公路路面损坏、污染,否,110113,11000000001313254359
十支队-怀柔执法队,G111京漠线K69+500峪道河桥南,在公路上及公路用地范围内堆放物品,是,110116,11000000001312794240
十支队-怀柔执法队,G111京漠线K69+500峪道河桥南,在公路上及公路用地范围内摆摊设点,否,110116,11000000001312794240
十支队-怀柔执法队,G111京漠线K69+500峪道河桥南,在公路范围内擅自移动井盖,否,110116,11000000001312794240
十支队-怀柔执法队,G111京漠线K69+500峪道河桥南,擅自占用、挖掘公路,是,110116,11000000001312794240
十支队-怀柔执法队,G111京漠线K69+500峪道河桥南,在公路用地范围内设置公路标志以外的其他标志,否,110116,11000000001312794240
十支队-怀柔执法队,G111京漠线K69+500峪道河桥南,遮挡公路附属设施或者利用公路附属设施架设管道、悬挂物品，可能危及公路安全,是,110116,11000000001312794240
十支队-怀柔执法队,G111京漠线K69+500峪道河桥南,车辆装载物触地拖行、掉落、遗洒或者飘散，造成公路路面损坏、污染,否,110116,11000000001312794240
十支队-平谷执法队,S32(京平高速)K45+700河北村桥下01,在公路上及公路用地范围内堆放物品,是,110117,
十支队-平谷执法队,S32(京平高速)K45+700河北村桥下01,在公路上及公路用地范围内摆摊设点,否,110117,
十支队-平谷执法队,S32(京平高速)K45+700河北村桥下01,在公路范围内擅自移动井盖,否,110117,
十支队-平谷执法队,S32(京平高速)K45+700河北村桥下01,擅自占用、挖掘公路,是,110117,
十支队-平谷执法队,S32(京平高速)K45+700河北村桥下01,在公路用地范围内设置公路标志以外的其他标志,否,110117,
十支队-平谷执法队,S32(京平高速)K45+700河北村桥下01,遮挡公路附属设施或者利用公路附属设施架设管道、悬挂物品，可能危及公路安全,是,110117,
十支队-平谷执法队,S32(京平高速)K45+700河北村桥下01,车辆装载物触地拖行、掉落、遗洒或者飘散，造成公路路面损坏、污染,否,110117,
十支队-平谷执法队,S32(京平高速)K45+700河北村桥下02,在公路上及公路用地范围内堆放物品,是,110117,
十支队-平谷执法队,S32(京平高速)K45+700河北村桥下02,在公路上及公路用地范围内摆摊设点,否,110117,
十支队-平谷执法队,S32(京平高速)K45+700河北村桥下02,在公路范围内擅自移动井盖,否,110117,
十支队-平谷执法队,S32(京平高速)K45+700河北村桥下02,擅自占用、挖掘公路,是,110117,
十支队-平谷执法队,S32(京平高速)K45+700河北村桥下02,在公路用地范围内设置公路标志以外的其他标志,否,110117,
十支队-平谷执法队,S32(京平高速)K45+700河北村桥下02,遮挡公路附属设施或者利用公路附属设施架设管道、悬挂物品，可能危及公路安全,是,110117,
十支队-平谷执法队,S32(京平高速)K45+700河北村桥下02,车辆装载物触地拖行、掉落、遗洒或者飘散，造成公路路面损坏、污染,否,110117,
十支队-平谷执法队,S32(京平高速)K47+850马坊桥下01,在公路上及公路用地范围内堆放物品,是,110117,
十支队-平谷执法队,S32(京平高速)K47+850马坊桥下01,在公路上及公路用地范围内摆摊设点,否,110117,
十支队-平谷执法队,S32(京平高速)K47+850马坊桥下01,在公路范围内擅自移动井盖,否,110117,
十支队-平谷执法队,S32(京平高速)K47+850马坊桥下01,擅自占用、挖掘公路,是,110117,
十支队-平谷执法队,S32(京平高速)K47+850马坊桥下01,在公路用地范围内设置公路标志以外的其他标志,否,110117,
十支队-平谷执法队,S32(京平高速)K47+850马坊桥下01,遮挡公路附属设施或者利用公路附属设施架设管道、悬挂物品，可能危及公路安全,是,110117,
十支队-平谷执法队,S32(京平高速)K47+850马坊桥下01,车辆装载物触地拖行、掉落、遗洒或者飘散，造成公路路面损坏、污染,否,110117,
十支队-平谷执法队,S32(京平高速)K47+850马坊桥下02,在公路上及公路用地范围内堆放物品,是,110117,
十支队-平谷执法队,S32(京平高速)K47+850马坊桥下02,在公路上及公路用地范围内摆摊设点,否,110117,
十支队-平谷执法队,S32(京平高速)K47+850马坊桥下02,在公路范围内擅自移动井盖,否,110117,
十支队-平谷执法队,S32(京平高速)K47+850马坊桥下02,擅自占用、挖掘公路,是,110117,
十支队-平谷执法队,S32(京平高速)K47+850马坊桥下02,在公路用地范围内设置公路标志以外的其他标志,否,110117,
十支队-平谷执法队,S32(京平高速)K47+850马坊桥下02,遮挡公路附属设施或者利用公路附属设施架设管道、悬挂物品，可能危及公路安全,是,110117,
十支队-平谷执法队,S32(京平高速)K47+850马坊桥下02,车辆装载物触地拖行、掉落、遗洒或者飘散，造成公路路面损坏、污染,否,110117,
十支队-平谷执法队,S32(京平高速)K47+850马坊桥下03,在公路上及公路用地范围内堆放物品,是,110117,
十支队-平谷执法队,S32(京平高速)K47+850马坊桥下03,在公路上及公路用地范围内摆摊设点,否,110117,
十支队-平谷执法队,S32(京平高速)K47+850马坊桥下03,在公路范围内擅自移动井盖,否,110117,
十支队-平谷执法队,S32(京平高速)K47+850马坊桥下03,擅自占用、挖掘公路,是,110117,
十支队-平谷执法队,S32(京平高速)K47+850马坊桥下03,在公路用地范围内设置公路标志以外的其他标志,否,110117,
十支队-平谷执法队,S32(京平高速)K47+850马坊桥下03,遮挡公路附属设施或者利用公路附属设施架设管道、悬挂物品，可能危及公路安全,是,110117,
十支队-平谷执法队,S32(京平高速)K47+850马坊桥下03,车辆装载物触地拖行、掉落、遗洒或者飘散，造成公路路面损坏、污染,否,110117,
十支队-平谷执法队,S32(京平高速)K47+850马坊桥下04,在公路上及公路用地范围内堆放物品,是,110117,
十支队-平谷执法队,S32(京平高速)K47+850马坊桥下04,在公路上及公路用地范围内摆摊设点,否,110117,
十支队-平谷执法队,S32(京平高速)K47+850马坊桥下04,在公路范围内擅自移动井盖,否,110117,
十支队-平谷执法队,S32(京平高速)K47+850马坊桥下04,擅自占用、挖掘公路,是,110117,
十支队-平谷执法队,S32(京平高速)K47+850马坊桥下04,在公路用地范围内设置公路标志以外的其他标志,否,110117,
十支队-平谷执法队,S32(京平高速)K47+850马坊桥下04,遮挡公路附属设施或者利用公路附属设施架设管道、悬挂物品，可能危及公路安全,是,110117,
十支队-平谷执法队,S32(京平高速)K47+850马坊桥下04,车辆装载物触地拖行、掉落、遗洒或者飘散，造成公路路面损坏、污染,否,110117,
十支队-平谷执法队,S32(京平高速)K47+850马坊桥下05,在公路上及公路用地范围内堆放物品,是,110117,
十支队-平谷执法队,S32(京平高速)K47+850马坊桥下05,在公路上及公路用地范围内摆摊设点,否,110117,
十支队-平谷执法队,S32(京平高速)K47+850马坊桥下05,在公路范围内擅自移动井盖,否,110117,
十支队-平谷执法队,S32(京平高速)K47+850马坊桥下05,擅自占用、挖掘公路,是,110117,
十支队-平谷执法队,S32(京平高速)K47+850马坊桥下05,在公路用地范围内设置公路标志以外的其他标志,否,110117,
十支队-平谷执法队,S32(京平高速)K47+850马坊桥下05,遮挡公路附属设施或者利用公路附属设施架设管道、悬挂物品，可能危及公路安全,是,110117,
十支队-平谷执法队,S32(京平高速)K47+850马坊桥下05,车辆装载物触地拖行、掉落、遗洒或者飘散，造成公路路面损坏、污染,否,110117,
十支队-平谷执法队,S32(京平高速)K47+850马坊桥下06,在公路上及公路用地范围内堆放物品,是,110117,
十支队-平谷执法队,S32(京平高速)K47+850马坊桥下06,在公路上及公路用地范围内摆摊设点,否,110117,
十支队-平谷执法队,S32(京平高速)K47+850马坊桥下06,在公路范围内擅自移动井盖,否,110117,
十支队-平谷执法队,S32(京平高速)K47+850马坊桥下06,擅自占用、挖掘公路,是,110117,
十支队-平谷执法队,S32(京平高速)K47+850马坊桥下06,在公路用地范围内设置公路标志以外的其他标志,否,110117,
十支队-平谷执法队,S32(京平高速)K47+850马坊桥下06,遮挡公路附属设施或者利用公路附属设施架设管道、悬挂物品，可能危及公路安全,是,110117,
十支队-平谷执法队,S32(京平高速)K47+850马坊桥下06,车辆装载物触地拖行、掉落、遗洒或者飘散，造成公路路面损坏、污染,否,110117,
十支队-平谷执法队,S32(京平高速)K47+850马坊桥下07,在公路上及公路用地范围内堆放物品,是,110117,
十支队-平谷执法队,S32(京平高速)K47+850马坊桥下07,在公路上及公路用地范围内摆摊设点,否,110117,
十支队-平谷执法队,S32(京平高速)K47+850马坊桥下07,在公路范围内擅自移动井盖,否,110117,
十支队-平谷执法队,S32(京平高速)K47+850马坊桥下07,擅自占用、挖掘公路,是,110117,
十支队-平谷执法队,S32(京平高速)K47+850马坊桥下07,在公路用地范围内设置公路标志以外的其他标志,否,110117,
十支队-平谷执法队,S32(京平高速)K47+850马坊桥下07,遮挡公路附属设施或者利用公路附属设施架设管道、悬挂物品，可能危及公路安全,是,110117,
十支队-平谷执法队,S32(京平高速)K47+850马坊桥下07,车辆装载物触地拖行、掉落、遗洒或者飘散，造成公路路面损坏、污染,否,110117,
十支队-平谷执法队,S32(京平高速)K47+850马坊桥下08,在公路上及公路用地范围内堆放物品,是,110117,
十支队-平谷执法队,S32(京平高速)K47+850马坊桥下08,在公路上及公路用地范围内摆摊设点,否,110117,
十支队-平谷执法队,S32(京平高速)K47+850马坊桥下08,在公路范围内擅自移动井盖,否,110117,
十支队-平谷执法队,S32(京平高速)K47+850马坊桥下08,擅自占用、挖掘公路,是,110117,
十支队-平谷执法队,S32(京平高速)K47+850马坊桥下08,在公路用地范围内设置公路标志以外的其他标志,否,110117,
十支队-平谷执法队,S32(京平高速)K47+850马坊桥下08,遮挡公路附属设施或者利用公路附属设施架设管道、悬挂物品，可能危及公路安全,是,110117,
十支队-平谷执法队,S32(京平高速)K47+850马坊桥下08,车辆装载物触地拖行、掉落、遗洒或者飘散，造成公路路面损坏、污染,否,110117,
十支队-平谷执法队,S32(京平高速)K48+900泃河桥下01,在公路上及公路用地范围内堆放物品,是,110117,
十支队-平谷执法队,S32(京平高速)K48+900泃河桥下01,在公路上及公路用地范围内摆摊设点,否,110117,
十支队-平谷执法队,S32(京平高速)K48+900泃河桥下01,在公路范围内擅自移动井盖,否,110117,
十支队-平谷执法队,S32(京平高速)K48+900泃河桥下01,擅自占用、挖掘公路,是,110117,
十支队-平谷执法队,S32(京平高速)K48+900泃河桥下01,在公路用地范围内设置公路标志以外的其他标志,否,110117,
十支队-平谷执法队,S32(京平高速)K48+900泃河桥下01,遮挡公路附属设施或者利用公路附属设施架设管道、悬挂物品，可能危及公路安全,是,110117,
十支队-平谷执法队,S32(京平高速)K48+900泃河桥下01,车辆装载物触地拖行、掉落、遗洒或者飘散，造成公路路面损坏、污染,否,110117,
十支队-平谷执法队,S32(京平高速)K48+900泃河桥下02,在公路上及公路用地范围内堆放物品,是,110117,
十支队-平谷执法队,S32(京平高速)K48+900泃河桥下02,在公路上及公路用地范围内摆摊设点,否,110117,
十支队-平谷执法队,S32(京平高速)K48+900泃河桥下02,在公路范围内擅自移动井盖,否,110117,
十支队-平谷执法队,S32(京平高速)K48+900泃河桥下02,擅自占用、挖掘公路,是,110117,
十支队-平谷执法队,S32(京平高速)K48+900泃河桥下02,在公路用地范围内设置公路标志以外的其他标志,否,110117,
十支队-平谷执法队,S32(京平高速)K48+900泃河桥下02,遮挡公路附属设施或者利用公路附属设施架设管道、悬挂物品，可能危及公路安全,是,110117,
十支队-平谷执法队,S32(京平高速)K48+900泃河桥下02,车辆装载物触地拖行、掉落、遗洒或者飘散，造成公路路面损坏、污染,否,110117,
十支队-平谷执法队,S32(京平高速)K48+900泃河桥下03,在公路上及公路用地范围内堆放物品,是,110117,
十支队-平谷执法队,S32(京平高速)K48+900泃河桥下03,在公路上及公路用地范围内摆摊设点,否,110117,
十支队-平谷执法队,S32(京平高速)K48+900泃河桥下03,在公路范围内擅自移动井盖,否,110117,
十支队-平谷执法队,S32(京平高速)K48+900泃河桥下03,擅自占用、挖掘公路,是,110117,
十支队-平谷执法队,S32(京平高速)K48+900泃河桥下03,在公路用地范围内设置公路标志以外的其他标志,否,110117,
十支队-平谷执法队,S32(京平高速)K48+900泃河桥下03,遮挡公路附属设施或者利用公路附属设施架设管道、悬挂物品，可能危及公路安全,是,110117,
十支队-平谷执法队,S32(京平高速)K48+900泃河桥下03,车辆装载物触地拖行、掉落、遗洒或者飘散，造成公路路面损坏、污染,否,110117,
十支队-平谷执法队,S32(京平高速)K48+900泃河桥下04,在公路上及公路用地范围内堆放物品,是,110117,
十支队-平谷执法队,S32(京平高速)K48+900泃河桥下04,在公路上及公路用地范围内摆摊设点,否,110117,
十支队-平谷执法队,S32(京平高速)K48+900泃河桥下04,在公路范围内擅自移动井盖,否,110117,
十支队-平谷执法队,S32(京平高速)K48+900泃河桥下04,擅自占用、挖掘公路,是,110117,
十支队-平谷执法队,S32(京平高速)K48+900泃河桥下04,在公路用地范围内设置公路标志以外的其他标志,否,110117,
十支队-平谷执法队,S32(京平高速)K48+900泃河桥下04,遮挡公路附属设施或者利用公路附属设施架设管道、悬挂物品，可能危及公路安全,是,110117,
十支队-平谷执法队,S32(京平高速)K48+900泃河桥下04,车辆装载物触地拖行、掉落、遗洒或者飘散，造成公路路面损坏、污染,否,110117,
十支队-平谷执法队,S32(京平高速)K48+900泃河桥下06,在公路上及公路用地范围内堆放物品,是,110117,
十支队-平谷执法队,S32(京平高速)K48+900泃河桥下06,在公路上及公路用地范围内摆摊设点,否,110117,
十支队-平谷执法队,S32(京平高速)K48+900泃河桥下06,在公路范围内擅自移动井盖,否,110117,
十支队-平谷执法队,S32(京平高速)K48+900泃河桥下06,擅自占用、挖掘公路,是,110117,
十支队-平谷执法队,S32(京平高速)K48+900泃河桥下06,在公路用地范围内设置公路标志以外的其他标志,否,110117,
十支队-平谷执法队,S32(京平高速)K48+900泃河桥下06,遮挡公路附属设施或者利用公路附属设施架设管道、悬挂物品，可能危及公路安全,是,110117,
十支队-平谷执法队,S32(京平高速)K48+900泃河桥下06,车辆装载物触地拖行、掉落、遗洒或者飘散，造成公路路面损坏、污染,否,110117,
十支队-平谷执法队,S32(京平高速)K50+200物流园桥下01,在公路上及公路用地范围内堆放物品,是,110117,
十支队-平谷执法队,S32(京平高速)K50+200物流园桥下01,在公路上及公路用地范围内摆摊设点,否,110117,
十支队-平谷执法队,S32(京平高速)K50+200物流园桥下01,在公路范围内擅自移动井盖,否,110117,
十支队-平谷执法队,S32(京平高速)K50+200物流园桥下01,擅自占用、挖掘公路,是,110117,
十支队-平谷执法队,S32(京平高速)K50+200物流园桥下01,在公路用地范围内设置公路标志以外的其他标志,否,110117,
十支队-平谷执法队,S32(京平高速)K50+200物流园桥下01,遮挡公路附属设施或者利用公路附属设施架设管道、悬挂物品，可能危及公路安全,是,110117,
十支队-平谷执法队,S32(京平高速)K50+200物流园桥下01,车辆装载物触地拖行、掉落、遗洒或者飘散，造成公路路面损坏、污染,否,110117,
十支队-平谷执法队,S32(京平高速)K50+020物流园桥下02,在公路上及公路用地范围内堆放物品,是,110117,
十支队-平谷执法队,S32(京平高速)K50+020物流园桥下02,在公路上及公路用地范围内摆摊设点,否,110117,
十支队-平谷执法队,S32(京平高速)K50+020物流园桥下02,在公路范围内擅自移动井盖,否,110117,
十支队-平谷执法队,S32(京平高速)K50+020物流园桥下02,擅自占用、挖掘公路,是,110117,
十支队-平谷执法队,S32(京平高速)K50+020物流园桥下02,在公路用地范围内设置公路标志以外的其他标志,否,110117,
十支队-平谷执法队,S32(京平高速)K50+020物流园桥下02,遮挡公路附属设施或者利用公路附属设施架设管道、悬挂物品，可能危及公路安全,是,110117,
十支队-平谷执法队,S32(京平高速)K50+020物流园桥下02,车辆装载物触地拖行、掉落、遗洒或者飘散，造成公路路面损坏、污染,否,110117,
十支队-平谷执法队,S32(京平高速)K57+300东高村桥下01,在公路上及公路用地范围内堆放物品,是,110117,
十支队-平谷执法队,S32(京平高速)K57+300东高村桥下01,在公路上及公路用地范围内摆摊设点,否,110117,
十支队-平谷执法队,S32(京平高速)K57+300东高村桥下01,在公路范围内擅自移动井盖,否,110117,
十支队-平谷执法队,S32(京平高速)K57+300东高村桥下01,擅自占用、挖掘公路,是,110117,
十支队-平谷执法队,S32(京平高速)K57+300东高村桥下01,在公路用地范围内设置公路标志以外的其他标志,否,110117,
十支队-平谷执法队,S32(京平高速)K57+300东高村桥下01,遮挡公路附属设施或者利用公路附属设施架设管道、悬挂物品，可能危及公路安全,是,110117,
十支队-平谷执法队,S32(京平高速)K57+300东高村桥下01,车辆装载物触地拖行、掉落、遗洒或者飘散，造成公路路面损坏、污染,否,110117,
十支队-平谷执法队,S32(京平高速)K57+300东高村桥下02,在公路上及公路用地范围内堆放物品,是,110117,
十支队-平谷执法队,S32(京平高速)K57+300东高村桥下02,在公路上及公路用地范围内摆摊设点,否,110117,
十支队-平谷执法队,S32(京平高速)K57+300东高村桥下02,在公路范围内擅自移动井盖,否,110117,
十支队-平谷执法队,S32(京平高速)K57+300东高村桥下02,擅自占用、挖掘公路,是,110117,
十支队-平谷执法队,S32(京平高速)K57+300东高村桥下02,在公路用地范围内设置公路标志以外的其他标志,否,110117,
十支队-平谷执法队,S32(京平高速)K57+300东高村桥下02,遮挡公路附属设施或者利用公路附属设施架设管道、悬挂物品，可能危及公路安全,是,110117,
十支队-平谷执法队,S32(京平高速)K57+300东高村桥下02,车辆装载物触地拖行、掉落、遗洒或者飘散，造成公路路面损坏、污染,否,110117,
十支队-平谷执法队,S32(京平高速)K63+500夏各庄西桥下01,在公路上及公路用地范围内堆放物品,是,110117,
十支队-平谷执法队,S32(京平高速)K63+500夏各庄西桥下01,在公路上及公路用地范围内摆摊设点,否,110117,
十支队-平谷执法队,S32(京平高速)K63+500夏各庄西桥下01,在公路范围内擅自移动井盖,否,110117,
十支队-平谷执法队,S32(京平高速)K63+500夏各庄西桥下01,擅自占用、挖掘公路,是,110117,
十支队-平谷执法队,S32(京平高速)K63+500夏各庄西桥下01,在公路用地范围内设置公路标志以外的其他标志,否,110117,
十支队-平谷执法队,S32(京平高速)K63+500夏各庄西桥下01,遮挡公路附属设施或者利用公路附属设施架设管道、悬挂物品，可能危及公路安全,是,110117,
十支队-平谷执法队,S32(京平高速)K63+500夏各庄西桥下01,车辆装载物触地拖行、掉落、遗洒或者飘散，造成公路路面损坏、污染,否,110117,
十支队-平谷执法队,S32(京平高速)K64+300夏各庄桥下01,在公路上及公路用地范围内堆放物品,是,110117,
十支队-平谷执法队,S32(京平高速)K64+300夏各庄桥下01,在公路上及公路用地范围内摆摊设点,否,110117,
十支队-平谷执法队,S32(京平高速)K64+300夏各庄桥下01,在公路范围内擅自移动井盖,否,110117,
十支队-平谷执法队,S32(京平高速)K64+300夏各庄桥下01,擅自占用、挖掘公路,是,110117,
十支队-平谷执法队,S32(京平高速)K64+300夏各庄桥下01,在公路用地范围内设置公路标志以外的其他标志,否,110117,
十支队-平谷执法队,S32(京平高速)K64+300夏各庄桥下01,遮挡公路附属设施或者利用公路附属设施架设管道、悬挂物品，可能危及公路安全,是,110117,
十支队-平谷执法队,S32(京平高速)K64+300夏各庄桥下01,车辆装载物触地拖行、掉落、遗洒或者飘散，造成公路路面损坏、污染,否,110117,
十支队-平谷执法队,S32(京平高速)K64+300夏各庄桥下02,在公路上及公路用地范围内堆放物品,是,110117,
十支队-平谷执法队,S32(京平高速)K64+300夏各庄桥下02,在公路上及公路用地范围内摆摊设点,否,110117,
十支队-平谷执法队,S32(京平高速)K64+300夏各庄桥下02,在公路范围内擅自移动井盖,否,110117,
十支队-平谷执法队,S32(京平高速)K64+300夏各庄桥下02,擅自占用、挖掘公路,是,110117,
十支队-平谷执法队,S32(京平高速)K64+300夏各庄桥下02,在公路用地范围内设置公路标志以外的其他标志,否,110117,
十支队-平谷执法队,S32(京平高速)K64+300夏各庄桥下02,遮挡公路附属设施或者利用公路附属设施架设管道、悬挂物品，可能危及公路安全,是,110117,
十支队-平谷执法队,S32(京平高速)K64+300夏各庄桥下02,车辆装载物触地拖行、掉落、遗洒或者飘散，造成公路路面损坏、污染,否,110117,
十支队-怀柔执法队,S308怀长路K16+756西四渡河隧道进口,在公路上及公路用地范围内堆放物品,是,110116,11000000001311458883
十支队-怀柔执法队,S308怀长路K16+756西四渡河隧道进口,在公路上及公路用地范围内摆摊设点,否,110116,11000000001311458883
十支队-怀柔执法队,S308怀长路K16+756西四渡河隧道进口,在公路范围内擅自移动井盖,否,110116,11000000001311458883
十支队-怀柔执法队,S308怀长路K16+756西四渡河隧道进口,擅自占用、挖掘公路,是,110116,11000000001311458883
十支队-怀柔执法队,S308怀长路K16+756西四渡河隧道进口,在公路用地范围内设置公路标志以外的其他标志,否,110116,11000000001311458883
十支队-怀柔执法队,S308怀长路K16+756西四渡河隧道进口,遮挡公路附属设施或者利用公路附属设施架设管道、悬挂物品，可能危及公路安全,是,110116,11000000001311458883
十支队-怀柔执法队,S308怀长路K16+756西四渡河隧道进口,车辆装载物触地拖行、掉落、遗洒或者飘散，造成公路路面损坏、污染,否,110116,11000000001311458883
十支队-怀柔执法队,S308怀长路K16+950西四渡河隧道1,在公路上及公路用地范围内堆放物品,是,110116,11000000001319332340
十支队-怀柔执法队,S308怀长路K16+950西四渡河隧道1,在公路上及公路用地范围内摆摊设点,否,110116,11000000001319332340
十支队-怀柔执法队,S308怀长路K16+950西四渡河隧道1,在公路范围内擅自移动井盖,否,110116,11000000001319332340
十支队-怀柔执法队,S308怀长路K16+950西四渡河隧道1,擅自占用、挖掘公路,是,110116,11000000001319332340
十支队-怀柔执法队,S308怀长路K16+950西四渡河隧道1,在公路用地范围内设置公路标志以外的其他标志,否,110116,11000000001319332340
十支队-怀柔执法队,S308怀长路K16+950西四渡河隧道1,遮挡公路附属设施或者利用公路附属设施架设管道、悬挂物品，可能危及公路安全,是,110116,11000000001319332340
十支队-怀柔执法队,S308怀长路K16+950西四渡河隧道1,车辆装载物触地拖行、掉落、遗洒或者飘散，造成公路路面损坏、污染,否,110116,11000000001319332340
十支队-怀柔执法队,S308怀长路K17+100西四渡河隧道2,在公路上及公路用地范围内堆放物品,是,110116,11000000001313767675
十支队-怀柔执法队,S308怀长路K17+100西四渡河隧道2,在公路上及公路用地范围内摆摊设点,否,110116,11000000001313767675
十支队-怀柔执法队,S308怀长路K17+100西四渡河隧道2,在公路范围内擅自移动井盖,否,110116,11000000001313767675
十支队-怀柔执法队,S308怀长路K17+100西四渡河隧道2,擅自占用、挖掘公路,是,110116,11000000001313767675
十支队-怀柔执法队,S308怀长路K17+100西四渡河隧道2,在公路用地范围内设置公路标志以外的其他标志,否,110116,11000000001313767675
十支队-怀柔执法队,S308怀长路K17+100西四渡河隧道2,遮挡公路附属设施或者利用公路附属设施架设管道、悬挂物品，可能危及公路安全,是,110116,11000000001313767675
十支队-怀柔执法队,S308怀长路K17+100西四渡河隧道2,车辆装载物触地拖行、掉落、遗洒或者飘散，造成公路路面损坏、污染,否,110116,11000000001313767675
十支队-怀柔执法队,S308怀长路K17+250西四渡河隧道3,在公路上及公路用地范围内堆放物品,是,110116,
十支队-怀柔执法队,S308怀长路K17+250西四渡河隧道3,在公路上及公路用地范围内摆摊设点,否,110116,
十支队-怀柔执法队,S308怀长路K17+250西四渡河隧道3,在公路范围内擅自移动井盖,否,110116,
十支队-怀柔执法队,S308怀长路K17+250西四渡河隧道3,擅自占用、挖掘公路,是,110116,
十支队-怀柔执法队,S308怀长路K17+250西四渡河隧道3,在公路用地范围内设置公路标志以外的其他标志,否,110116,
十支队-怀柔执法队,S308怀长路K17+250西四渡河隧道3,遮挡公路附属设施或者利用公路附属设施架设管道、悬挂物品，可能危及公路安全,是,110116,
十支队-怀柔执法队,S308怀长路K17+250西四渡河隧道3,车辆装载物触地拖行、掉落、遗洒或者飘散，造成公路路面损坏、污染,否,110116,
十支队-怀柔执法队,S308怀长路K17+309西四渡河隧道出口,在公路上及公路用地范围内堆放物品,是,110116,11000000001312049244
十支队-怀柔执法队,S308怀长路K17+309西四渡河隧道出口,在公路上及公路用地范围内摆摊设点,否,110116,11000000001312049244
十支队-怀柔执法队,S308怀长路K17+309西四渡河隧道出口,在公路范围内擅自移动井盖,否,110116,11000000001312049244
十支队-怀柔执法队,S308怀长路K17+309西四渡河隧道出口,擅自占用、挖掘公路,是,110116,11000000001312049244
十支队-怀柔执法队,S308怀长路K17+309西四渡河隧道出口,在公路用地范围内设置公路标志以外的其他标志,否,110116,11000000001312049244
十支队-怀柔执法队,S308怀长路K17+309西四渡河隧道出口,遮挡公路附属设施或者利用公路附属设施架设管道、悬挂物品，可能危及公路安全,是,110116,11000000001312049244
十支队-怀柔执法队,S308怀长路K17+309西四渡河隧道出口,车辆装载物触地拖行、掉落、遗洒或者飘散，造成公路路面损坏、污染,否,110116,11000000001312049244
十支队-怀柔执法队,G111京漠线K76+200分水岭进京出口,在公路上及公路用地范围内堆放物品,是,110116,
十支队-怀柔执法队,G111京漠线K76+200分水岭进京出口,在公路上及公路用地范围内摆摊设点,否,110116,
十支队-怀柔执法队,G111京漠线K76+200分水岭进京出口,在公路范围内擅自移动井盖,否,110116,
十支队-怀柔执法队,G111京漠线K76+200分水岭进京出口,擅自占用、挖掘公路,是,110116,
十支队-怀柔执法队,G111京漠线K76+200分水岭进京出口,在公路用地范围内设置公路标志以外的其他标志,否,110116,
十支队-怀柔执法队,G111京漠线K76+200分水岭进京出口,遮挡公路附属设施或者利用公路附属设施架设管道、悬挂物品，可能危及公路安全,是,110116,
十支队-怀柔执法队,G111京漠线K76+200分水岭进京出口,车辆装载物触地拖行、掉落、遗洒或者飘散，造成公路路面损坏、污染,否,110116,
十支队-怀柔执法队,G111京漠线K76+474分水岭进京25,在公路上及公路用地范围内堆放物品,是,110116,11000000001311917763
十支队-怀柔执法队,G111京漠线K76+474分水岭进京25,在公路上及公路用地范围内摆摊设点,否,110116,11000000001311917763
十支队-怀柔执法队,G111京漠线K76+474分水岭进京25,在公路范围内擅自移动井盖,否,110116,11000000001311917763
十支队-怀柔执法队,G111京漠线K76+474分水岭进京25,擅自占用、挖掘公路,是,110116,11000000001311917763
十支队-怀柔执法队,G111京漠线K76+474分水岭进京25,在公路用地范围内设置公路标志以外的其他标志,否,110116,11000000001311917763
十支队-怀柔执法队,G111京漠线K76+474分水岭进京25,遮挡公路附属设施或者利用公路附属设施架设管道、悬挂物品，可能危及公路安全,是,110116,11000000001311917763
十支队-怀柔执法队,G111京漠线K76+474分水岭进京25,车辆装载物触地拖行、掉落、遗洒或者飘散，造成公路路面损坏、污染,否,110116,11000000001311917763
十支队-怀柔执法队,G111京漠线K76+481分水岭隧道出京进口球机,在公路上及公路用地范围内堆放物品,是,110116,
十支队-怀柔执法队,G111京漠线K76+481分水岭隧道出京进口球机,在公路上及公路用地范围内摆摊设点,否,110116,
十支队-怀柔执法队,G111京漠线K76+481分水岭隧道出京进口球机,在公路范围内擅自移动井盖,否,110116,
十支队-怀柔执法队,G111京漠线K76+481分水岭隧道出京进口球机,擅自占用、挖掘公路,是,110116,
十支队-怀柔执法队,G111京漠线K76+481分水岭隧道出京进口球机,在公路用地范围内设置公路标志以外的其他标志,否,110116,
十支队-怀柔执法队,G111京漠线K76+481分水岭隧道出京进口球机,遮挡公路附属设施或者利用公路附属设施架设管道、悬挂物品，可能危及公路安全,是,110116,
十支队-怀柔执法队,G111京漠线K76+481分水岭隧道出京进口球机,车辆装载物触地拖行、掉落、遗洒或者飘散，造成公路路面损坏、污染,否,110116,
十支队-怀柔执法队,G111京漠线K76+617分水岭进京24,在公路上及公路用地范围内堆放物品,是,110116,11000000001312095982
十支队-怀柔执法队,G111京漠线K76+617分水岭进京24,在公路上及公路用地范围内摆摊设点,否,110116,11000000001312095982
十支队-怀柔执法队,G111京漠线K76+617分水岭进京24,在公路范围内擅自移动井盖,否,110116,11000000001312095982
十支队-怀柔执法队,G111京漠线K76+617分水岭进京24,擅自占用、挖掘公路,是,110116,11000000001312095982
十支队-怀柔执法队,G111京漠线K76+617分水岭进京24,在公路用地范围内设置公路标志以外的其他标志,否,110116,11000000001312095982
十支队-怀柔执法队,G111京漠线K76+617分水岭进京24,遮挡公路附属设施或者利用公路附属设施架设管道、悬挂物品，可能危及公路安全,是,110116,11000000001312095982
十支队-怀柔执法队,G111京漠线K76+617分水岭进京24,车辆装载物触地拖行、掉落、遗洒或者飘散，造成公路路面损坏、污染,否,110116,11000000001312095982
十支队-怀柔执法队,G111京漠线K76+654分水岭出京1,在公路上及公路用地范围内堆放物品,是,110116,11000000001317429773
十支队-怀柔执法队,G111京漠线K76+654分水岭出京1,在公路上及公路用地范围内摆摊设点,否,110116,11000000001317429773
十支队-怀柔执法队,G111京漠线K76+654分水岭出京1,在公路范围内擅自移动井盖,否,110116,11000000001317429773
十支队-怀柔执法队,G111京漠线K76+654分水岭出京1,擅自占用、挖掘公路,是,110116,11000000001317429773
十支队-怀柔执法队,G111京漠线K76+654分水岭出京1,在公路用地范围内设置公路标志以外的其他标志,否,110116,11000000001317429773
十支队-怀柔执法队,G111京漠线K76+654分水岭出京1,遮挡公路附属设施或者利用公路附属设施架设管道、悬挂物品，可能危及公路安全,是,110116,11000000001317429773
十支队-怀柔执法队,G111京漠线K76+654分水岭出京1,车辆装载物触地拖行、掉落、遗洒或者飘散，造成公路路面损坏、污染,否,110116,11000000001317429773
十支队-怀柔执法队,G111京漠线K76+667分水岭进京人8,在公路上及公路用地范围内堆放物品,是,110116,
十支队-怀柔执法队,G111京漠线K76+667分水岭进京人8,在公路上及公路用地范围内摆摊设点,否,110116,
十支队-怀柔执法队,G111京漠线K76+667分水岭进京人8,在公路范围内擅自移动井盖,否,110116,
十支队-怀柔执法队,G111京漠线K76+667分水岭进京人8,擅自占用、挖掘公路,是,110116,
十支队-怀柔执法队,G111京漠线K76+667分水岭进京人8,在公路用地范围内设置公路标志以外的其他标志,否,110116,
十支队-怀柔执法队,G111京漠线K76+667分水岭进京人8,遮挡公路附属设施或者利用公路附属设施架设管道、悬挂物品，可能危及公路安全,是,110116,
十支队-怀柔执法队,G111京漠线K76+667分水岭进京人8,车辆装载物触地拖行、掉落、遗洒或者飘散，造成公路路面损坏、污染,否,110116,
十支队-怀柔执法队,G111京漠线K76+934分水岭进京车4,在公路上及公路用地范围内堆放物品,是,110116,
十支队-怀柔执法队,G111京漠线K76+934分水岭进京车4,在公路上及公路用地范围内摆摊设点,否,110116,
十支队-怀柔执法队,G111京漠线K76+934分水岭进京车4,在公路范围内擅自移动井盖,否,110116,
十支队-怀柔执法队,G111京漠线K76+934分水岭进京车4,擅自占用、挖掘公路,是,110116,
十支队-怀柔执法队,G111京漠线K76+934分水岭进京车4,在公路用地范围内设置公路标志以外的其他标志,否,110116,
十支队-怀柔执法队,G111京漠线K76+934分水岭进京车4,遮挡公路附属设施或者利用公路附属设施架设管道、悬挂物品，可能危及公路安全,是,110116,
十支队-怀柔执法队,G111京漠线K76+934分水岭进京车4,车辆装载物触地拖行、掉落、遗洒或者飘散，造成公路路面损坏、污染,否,110116,
十支队-怀柔执法队,G111京漠线K76+936分水岭进京22,在公路上及公路用地范围内堆放物品,是,110116,11000000001315581147
十支队-怀柔执法队,G111京漠线K76+936分水岭进京22,在公路上及公路用地范围内摆摊设点,否,110116,11000000001315581147
十支队-怀柔执法队,G111京漠线K76+936分水岭进京22,在公路范围内擅自移动井盖,否,110116,11000000001315581147
十支队-怀柔执法队,G111京漠线K76+936分水岭进京22,擅自占用、挖掘公路,是,110116,11000000001315581147
十支队-怀柔执法队,G111京漠线K76+936分水岭进京22,在公路用地范围内设置公路标志以外的其他标志,否,110116,11000000001315581147
十支队-怀柔执法队,G111京漠线K76+936分水岭进京22,遮挡公路附属设施或者利用公路附属设施架设管道、悬挂物品，可能危及公路安全,是,110116,11000000001315581147
十支队-怀柔执法队,G111京漠线K76+936分水岭进京22,车辆装载物触地拖行、掉落、遗洒或者飘散，造成公路路面损坏、污染,否,110116,11000000001315581147
十支队-怀柔执法队,G111京漠线K76+937分水岭出京人1,在公路上及公路用地范围内堆放物品,是,110116,
十支队-怀柔执法队,G111京漠线K76+937分水岭出京人1,在公路上及公路用地范围内摆摊设点,否,110116,
十支队-怀柔执法队,G111京漠线K76+937分水岭出京人1,在公路范围内擅自移动井盖,否,110116,
十支队-怀柔执法队,G111京漠线K76+937分水岭出京人1,擅自占用、挖掘公路,是,110116,
十支队-怀柔执法队,G111京漠线K76+937分水岭出京人1,在公路用地范围内设置公路标志以外的其他标志,否,110116,
十支队-怀柔执法队,G111京漠线K76+937分水岭出京人1,遮挡公路附属设施或者利用公路附属设施架设管道、悬挂物品，可能危及公路安全,是,110116,
十支队-怀柔执法队,G111京漠线K76+937分水岭出京人1,车辆装载物触地拖行、掉落、遗洒或者飘散，造成公路路面损坏、污染,否,110116,
十支队-怀柔执法队,G111京漠线K76+940分水岭出京3,在公路上及公路用地范围内堆放物品,是,110116,11000000001314225729
十支队-怀柔执法队,G111京漠线K76+940分水岭出京3,在公路上及公路用地范围内摆摊设点,否,110116,11000000001314225729
十支队-怀柔执法队,G111京漠线K76+940分水岭出京3,在公路范围内擅自移动井盖,否,110116,11000000001314225729
十支队-怀柔执法队,G111京漠线K76+940分水岭出京3,擅自占用、挖掘公路,是,110116,11000000001314225729
十支队-怀柔执法队,G111京漠线K76+940分水岭出京3,在公路用地范围内设置公路标志以外的其他标志,否,110116,11000000001314225729
十支队-怀柔执法队,G111京漠线K76+940分水岭出京3,遮挡公路附属设施或者利用公路附属设施架设管道、悬挂物品，可能危及公路安全,是,110116,11000000001314225729
十支队-怀柔执法队,G111京漠线K76+940分水岭出京3,车辆装载物触地拖行、掉落、遗洒或者飘散，造成公路路面损坏、污染,否,110116,11000000001314225729
十支队-怀柔执法队,G111京漠线K77+016分水岭进京停4,在公路上及公路用地范围内堆放物品,是,110116,11000000001319438003
十支队-怀柔执法队,G111京漠线K77+016分水岭进京停4,在公路上及公路用地范围内摆摊设点,否,110116,11000000001319438003
十支队-怀柔执法队,G111京漠线K77+016分水岭进京停4,在公路范围内擅自移动井盖,否,110116,11000000001319438003
十支队-怀柔执法队,G111京漠线K77+016分水岭进京停4,擅自占用、挖掘公路,是,110116,11000000001319438003
十支队-怀柔执法队,G111京漠线K77+016分水岭进京停4,在公路用地范围内设置公路标志以外的其他标志,否,110116,11000000001319438003
十支队-怀柔执法队,G111京漠线K77+016分水岭进京停4,遮挡公路附属设施或者利用公路附属设施架设管道、悬挂物品，可能危及公路安全,是,110116,11000000001319438003
十支队-怀柔执法队,G111京漠线K77+016分水岭进京停4,车辆装载物触地拖行、掉落、遗洒或者飘散，造成公路路面损坏、污染,否,110116,11000000001319438003
十支队-怀柔执法队,G111京漠线K77+075分水岭出京停1,在公路上及公路用地范围内堆放物品,是,110116,11000000001312100002
十支队-怀柔执法队,G111京漠线K77+075分水岭出京停1,在公路上及公路用地范围内摆摊设点,否,110116,11000000001312100002
十支队-怀柔执法队,G111京漠线K77+075分水岭出京停1,在公路范围内擅自移动井盖,否,110116,11000000001312100002
十支队-怀柔执法队,G111京漠线K77+075分水岭出京停1,擅自占用、挖掘公路,是,110116,11000000001312100002
十支队-怀柔执法队,G111京漠线K77+075分水岭出京停1,在公路用地范围内设置公路标志以外的其他标志,否,110116,11000000001312100002
十支队-怀柔执法队,G111京漠线K77+075分水岭出京停1,遮挡公路附属设施或者利用公路附属设施架设管道、悬挂物品，可能危及公路安全,是,110116,11000000001312100002
十支队-怀柔执法队,G111京漠线K77+075分水岭出京停1,车辆装载物触地拖行、掉落、遗洒或者飘散，造成公路路面损坏、污染,否,110116,11000000001312100002
十支队-怀柔执法队,G111京漠线K77+078分水岭进京20,在公路上及公路用地范围内堆放物品,是,110116,11000000001314078899
十支队-怀柔执法队,G111京漠线K77+078分水岭进京20,在公路上及公路用地范围内摆摊设点,否,110116,11000000001314078899
十支队-怀柔执法队,G111京漠线K77+078分水岭进京20,在公路范围内擅自移动井盖,否,110116,11000000001314078899
十支队-怀柔执法队,G111京漠线K77+078分水岭进京20,擅自占用、挖掘公路,是,110116,11000000001314078899
十支队-怀柔执法队,G111京漠线K77+078分水岭进京20,在公路用地范围内设置公路标志以外的其他标志,否,110116,11000000001314078899
十支队-怀柔执法队,G111京漠线K77+078分水岭进京20,遮挡公路附属设施或者利用公路附属设施架设管道、悬挂物品，可能危及公路安全,是,110116,11000000001314078899
十支队-怀柔执法队,G111京漠线K77+078分水岭进京20,车辆装载物触地拖行、掉落、遗洒或者飘散，造成公路路面损坏、污染,否,110116,11000000001314078899
十支队-怀柔执法队,G111京漠线K77+150分水岭出京车1,在公路上及公路用地范围内堆放物品,是,110116,
十支队-怀柔执法队,G111京漠线K77+150分水岭出京车1,在公路上及公路用地范围内摆摊设点,否,110116,
十支队-怀柔执法队,G111京漠线K77+150分水岭出京车1,在公路范围内擅自移动井盖,否,110116,
十支队-怀柔执法队,G111京漠线K77+150分水岭出京车1,擅自占用、挖掘公路,是,110116,
十支队-怀柔执法队,G111京漠线K77+150分水岭出京车1,在公路用地范围内设置公路标志以外的其他标志,否,110116,
十支队-怀柔执法队,G111京漠线K77+150分水岭出京车1,遮挡公路附属设施或者利用公路附属设施架设管道、悬挂物品，可能危及公路安全,是,110116,
十支队-怀柔执法队,G111京漠线K77+150分水岭出京车1,车辆装载物触地拖行、掉落、遗洒或者飘散，造成公路路面损坏、污染,否,110116,
十支队-怀柔执法队,G111京漠线K77+170分水岭出京5,在公路上及公路用地范围内堆放物品,是,110116,11000000001314425851
十支队-怀柔执法队,G111京漠线K77+170分水岭出京5,在公路上及公路用地范围内摆摊设点,否,110116,11000000001314425851
十支队-怀柔执法队,G111京漠线K77+170分水岭出京5,在公路范围内擅自移动井盖,否,110116,11000000001314425851
十支队-怀柔执法队,G111京漠线K77+170分水岭出京5,擅自占用、挖掘公路,是,110116,11000000001314425851
十支队-怀柔执法队,G111京漠线K77+170分水岭出京5,在公路用地范围内设置公路标志以外的其他标志,否,110116,11000000001314425851
十支队-怀柔执法队,G111京漠线K77+170分水岭出京5,遮挡公路附属设施或者利用公路附属设施架设管道、悬挂物品，可能危及公路安全,是,110116,11000000001314425851
十支队-怀柔执法队,G111京漠线K77+170分水岭出京5,车辆装载物触地拖行、掉落、遗洒或者飘散，造成公路路面损坏、污染,否,110116,11000000001314425851
十支队-怀柔执法队,G111京漠线K77+196分水岭进京人7,在公路上及公路用地范围内堆放物品,是,110116,
十支队-怀柔执法队,G111京漠线K77+196分水岭进京人7,在公路上及公路用地范围内摆摊设点,否,110116,
十支队-怀柔执法队,G111京漠线K77+196分水岭进京人7,在公路范围内擅自移动井盖,否,110116,
十支队-怀柔执法队,G111京漠线K77+196分水岭进京人7,擅自占用、挖掘公路,是,110116,
十支队-怀柔执法队,G111京漠线K77+196分水岭进京人7,在公路用地范围内设置公路标志以外的其他标志,否,110116,
十支队-怀柔执法队,G111京漠线K77+196分水岭进京人7,遮挡公路附属设施或者利用公路附属设施架设管道、悬挂物品，可能危及公路安全,是,110116,
十支队-怀柔执法队,G111京漠线K77+196分水岭进京人7,车辆装载物触地拖行、掉落、遗洒或者飘散，造成公路路面损坏、污染,否,110116,
十支队-怀柔执法队,G111京漠线K77+235分水岭进京18,在公路上及公路用地范围内堆放物品,是,110116,11000000001314754370
十支队-怀柔执法队,G111京漠线K77+235分水岭进京18,在公路上及公路用地范围内摆摊设点,否,110116,11000000001314754370
十支队-怀柔执法队,G111京漠线K77+235分水岭进京18,在公路范围内擅自移动井盖,否,110116,11000000001314754370
十支队-怀柔执法队,G111京漠线K77+235分水岭进京18,擅自占用、挖掘公路,是,110116,11000000001314754370
十支队-怀柔执法队,G111京漠线K77+235分水岭进京18,在公路用地范围内设置公路标志以外的其他标志,否,110116,11000000001314754370
十支队-怀柔执法队,G111京漠线K77+235分水岭进京18,遮挡公路附属设施或者利用公路附属设施架设管道、悬挂物品，可能危及公路安全,是,110116,11000000001314754370
十支队-怀柔执法队,G111京漠线K77+235分水岭进京18,车辆装载物触地拖行、掉落、遗洒或者飘散，造成公路路面损坏、污染,否,110116,11000000001314754370
十支队-怀柔执法队,G111京漠线K77+371分水岭出京7,在公路上及公路用地范围内堆放物品,是,110116,11000000001317223068
十支队-怀柔执法队,G111京漠线K77+371分水岭出京7,在公路上及公路用地范围内摆摊设点,否,110116,11000000001317223068
十支队-怀柔执法队,G111京漠线K77+371分水岭出京7,在公路范围内擅自移动井盖,否,110116,11000000001317223068
十支队-怀柔执法队,G111京漠线K77+371分水岭出京7,擅自占用、挖掘公路,是,110116,11000000001317223068
十支队-怀柔执法队,G111京漠线K77+371分水岭出京7,在公路用地范围内设置公路标志以外的其他标志,否,110116,11000000001317223068
十支队-怀柔执法队,G111京漠线K77+371分水岭出京7,遮挡公路附属设施或者利用公路附属设施架设管道、悬挂物品，可能危及公路安全,是,110116,11000000001317223068
十支队-怀柔执法队,G111京漠线K77+371分水岭出京7,车辆装载物触地拖行、掉落、遗洒或者飘散，造成公路路面损坏、污染,否,110116,11000000001317223068
十支队-怀柔执法队,G111京漠线K77+430分水岭进京人6,在公路上及公路用地范围内堆放物品,是,110116,
十支队-怀柔执法队,G111京漠线K77+430分水岭进京人6,在公路上及公路用地范围内摆摊设点,否,110116,
十支队-怀柔执法队,G111京漠线K77+430分水岭进京人6,在公路范围内擅自移动井盖,否,110116,
十支队-怀柔执法队,G111京漠线K77+430分水岭进京人6,擅自占用、挖掘公路,是,110116,
十支队-怀柔执法队,G111京漠线K77+430分水岭进京人6,在公路用地范围内设置公路标志以外的其他标志,否,110116,
十支队-怀柔执法队,G111京漠线K77+430分水岭进京人6,遮挡公路附属设施或者利用公路附属设施架设管道、悬挂物品，可能危及公路安全,是,110116,
十支队-怀柔执法队,G111京漠线K77+430分水岭进京人6,车辆装载物触地拖行、掉落、遗洒或者飘散，造成公路路面损坏、污染,否,110116,
十支队-怀柔执法队,G111京漠线K77+435分水岭出京人2,在公路上及公路用地范围内堆放物品,是,110116,
十支队-怀柔执法队,G111京漠线K77+435分水岭出京人2,在公路上及公路用地范围内摆摊设点,否,110116,
十支队-怀柔执法队,G111京漠线K77+435分水岭出京人2,在公路范围内擅自移动井盖,否,110116,
十支队-怀柔执法队,G111京漠线K77+435分水岭出京人2,擅自占用、挖掘公路,是,110116,
十支队-怀柔执法队,G111京漠线K77+435分水岭出京人2,在公路用地范围内设置公路标志以外的其他标志,否,110116,
十支队-怀柔执法队,G111京漠线K77+435分水岭出京人2,遮挡公路附属设施或者利用公路附属设施架设管道、悬挂物品，可能危及公路安全,是,110116,
十支队-怀柔执法队,G111京漠线K77+435分水岭出京人2,车辆装载物触地拖行、掉落、遗洒或者飘散，造成公路路面损坏、污染,否,110116,
十支队-怀柔执法队,G111京漠线K77+440分水岭出京8,在公路上及公路用地范围内堆放物品,是,110116,11000000001318828226
十支队-怀柔执法队,G111京漠线K77+440分水岭出京8,在公路上及公路用地范围内摆摊设点,否,110116,11000000001318828226
十支队-怀柔执法队,G111京漠线K77+440分水岭出京8,在公路范围内擅自移动井盖,否,110116,11000000001318828226
十支队-怀柔执法队,G111京漠线K77+440分水岭出京8,擅自占用、挖掘公路,是,110116,11000000001318828226
十支队-怀柔执法队,G111京漠线K77+440分水岭出京8,在公路用地范围内设置公路标志以外的其他标志,否,110116,11000000001318828226
十支队-怀柔执法队,G111京漠线K77+440分水岭出京8,遮挡公路附属设施或者利用公路附属设施架设管道、悬挂物品，可能危及公路安全,是,110116,11000000001318828226
十支队-怀柔执法队,G111京漠线K77+440分水岭出京8,车辆装载物触地拖行、掉落、遗洒或者飘散，造成公路路面损坏、污染,否,110116,11000000001318828226
十支队-怀柔执法队,G111京漠线K77+562分水岭进京16,在公路上及公路用地范围内堆放物品,是,110116,11000000001317842202
十支队-怀柔执法队,G111京漠线K77+562分水岭进京16,在公路上及公路用地范围内摆摊设点,否,110116,11000000001317842202
十支队-怀柔执法队,G111京漠线K77+562分水岭进京16,在公路范围内擅自移动井盖,否,110116,11000000001317842202
十支队-怀柔执法队,G111京漠线K77+562分水岭进京16,擅自占用、挖掘公路,是,110116,11000000001317842202
十支队-怀柔执法队,G111京漠线K77+562分水岭进京16,在公路用地范围内设置公路标志以外的其他标志,否,110116,11000000001317842202
十支队-怀柔执法队,G111京漠线K77+562分水岭进京16,遮挡公路附属设施或者利用公路附属设施架设管道、悬挂物品，可能危及公路安全,是,110116,11000000001317842202
十支队-怀柔执法队,G111京漠线K77+562分水岭进京16,车辆装载物触地拖行、掉落、遗洒或者飘散，造成公路路面损坏、污染,否,110116,11000000001317842202
十支队-怀柔执法队,G111京漠线K77+665分水岭出京人3,在公路上及公路用地范围内堆放物品,是,110116,
十支队-怀柔执法队,G111京漠线K77+665分水岭出京人3,在公路上及公路用地范围内摆摊设点,否,110116,
十支队-怀柔执法队,G111京漠线K77+665分水岭出京人3,在公路范围内擅自移动井盖,否,110116,
十支队-怀柔执法队,G111京漠线K77+665分水岭出京人3,擅自占用、挖掘公路,是,110116,
十支队-怀柔执法队,G111京漠线K77+665分水岭出京人3,在公路用地范围内设置公路标志以外的其他标志,否,110116,
十支队-怀柔执法队,G111京漠线K77+665分水岭出京人3,遮挡公路附属设施或者利用公路附属设施架设管道、悬挂物品，可能危及公路安全,是,110116,
十支队-怀柔执法队,G111京漠线K77+665分水岭出京人3,车辆装载物触地拖行、掉落、遗洒或者飘散，造成公路路面损坏、污染,否,110116,
十支队-怀柔执法队,G111京漠线K77+672分水岭出京10,在公路上及公路用地范围内堆放物品,是,110116,11000000001311105564
十支队-怀柔执法队,G111京漠线K77+672分水岭出京10,在公路上及公路用地范围内摆摊设点,否,110116,11000000001311105564
十支队-怀柔执法队,G111京漠线K77+672分水岭出京10,在公路范围内擅自移动井盖,否,110116,11000000001311105564
十支队-怀柔执法队,G111京漠线K77+672分水岭出京10,擅自占用、挖掘公路,是,110116,11000000001311105564
十支队-怀柔执法队,G111京漠线K77+672分水岭出京10,在公路用地范围内设置公路标志以外的其他标志,否,110116,11000000001311105564
十支队-怀柔执法队,G111京漠线K77+672分水岭出京10,遮挡公路附属设施或者利用公路附属设施架设管道、悬挂物品，可能危及公路安全,是,110116,11000000001311105564
十支队-怀柔执法队,G111京漠线K77+672分水岭出京10,车辆装载物触地拖行、掉落、遗洒或者飘散，造成公路路面损坏、污染,否,110116,11000000001311105564
十支队-怀柔执法队,G111京漠线K77+696分水岭进京车3,在公路上及公路用地范围内堆放物品,是,110116,11000000001313975730
十支队-怀柔执法队,G111京漠线K77+696分水岭进京车3,在公路上及公路用地范围内摆摊设点,否,110116,11000000001313975730
十支队-怀柔执法队,G111京漠线K77+696分水岭进京车3,在公路范围内擅自移动井盖,否,110116,11000000001313975730
十支队-怀柔执法队,G111京漠线K77+696分水岭进京车3,擅自占用、挖掘公路,是,110116,11000000001313975730
十支队-怀柔执法队,G111京漠线K77+696分水岭进京车3,在公路用地范围内设置公路标志以外的其他标志,否,110116,11000000001313975730
十支队-怀柔执法队,G111京漠线K77+696分水岭进京车3,遮挡公路附属设施或者利用公路附属设施架设管道、悬挂物品，可能危及公路安全,是,110116,11000000001313975730
十支队-怀柔执法队,G111京漠线K77+696分水岭进京车3,车辆装载物触地拖行、掉落、遗洒或者飘散，造成公路路面损坏、污染,否,110116,11000000001313975730
十支队-怀柔执法队,G111京漠线K77+775分水岭进京停3,在公路上及公路用地范围内堆放物品,是,110116,11000000001316253960
十支队-怀柔执法队,G111京漠线K77+775分水岭进京停3,在公路上及公路用地范围内摆摊设点,否,110116,11000000001316253960
十支队-怀柔执法队,G111京漠线K77+775分水岭进京停3,在公路范围内擅自移动井盖,否,110116,11000000001316253960
十支队-怀柔执法队,G111京漠线K77+775分水岭进京停3,擅自占用、挖掘公路,是,110116,11000000001316253960
十支队-怀柔执法队,G111京漠线K77+775分水岭进京停3,在公路用地范围内设置公路标志以外的其他标志,否,110116,11000000001316253960
十支队-怀柔执法队,G111京漠线K77+775分水岭进京停3,遮挡公路附属设施或者利用公路附属设施架设管道、悬挂物品，可能危及公路安全,是,110116,11000000001316253960
十支队-怀柔执法队,G111京漠线K77+775分水岭进京停3,车辆装载物触地拖行、掉落、遗洒或者飘散，造成公路路面损坏、污染,否,110116,11000000001316253960
十支队-怀柔执法队,G111京漠线K77+822分水岭出京停2,在公路上及公路用地范围内堆放物品,是,110116,11000000001317655430
十支队-怀柔执法队,G111京漠线K77+822分水岭出京停2,在公路上及公路用地范围内摆摊设点,否,110116,11000000001317655430
十支队-怀柔执法队,G111京漠线K77+822分水岭出京停2,在公路范围内擅自移动井盖,否,110116,11000000001317655430
十支队-怀柔执法队,G111京漠线K77+822分水岭出京停2,擅自占用、挖掘公路,是,110116,11000000001317655430
十支队-怀柔执法队,G111京漠线K77+822分水岭出京停2,在公路用地范围内设置公路标志以外的其他标志,否,110116,11000000001317655430
十支队-怀柔执法队,G111京漠线K77+822分水岭出京停2,遮挡公路附属设施或者利用公路附属设施架设管道、悬挂物品，可能危及公路安全,是,110116,11000000001317655430
十支队-怀柔执法队,G111京漠线K77+822分水岭出京停2,车辆装载物触地拖行、掉落、遗洒或者飘散，造成公路路面损坏、污染,否,110116,11000000001317655430
十支队-怀柔执法队,G111京漠线K77+836分水岭进京14,在公路上及公路用地范围内堆放物品,是,110116,11000000001315827053
十支队-怀柔执法队,G111京漠线K77+836分水岭进京14,在公路上及公路用地范围内摆摊设点,否,110116,11000000001315827053
十支队-怀柔执法队,G111京漠线K77+836分水岭进京14,在公路范围内擅自移动井盖,否,110116,11000000001315827053
十支队-怀柔执法队,G111京漠线K77+836分水岭进京14,擅自占用、挖掘公路,是,110116,11000000001315827053
十支队-怀柔执法队,G111京漠线K77+836分水岭进京14,在公路用地范围内设置公路标志以外的其他标志,否,110116,11000000001315827053
十支队-怀柔执法队,G111京漠线K77+836分水岭进京14,遮挡公路附属设施或者利用公路附属设施架设管道、悬挂物品，可能危及公路安全,是,110116,11000000001315827053
十支队-怀柔执法队,G111京漠线K77+836分水岭进京14,车辆装载物触地拖行、掉落、遗洒或者飘散，造成公路路面损坏、污染,否,110116,11000000001315827053
十支队-怀柔执法队,G111京漠线K77+902分水岭出京车2,在公路上及公路用地范围内堆放物品,是,110116,
十支队-怀柔执法队,G111京漠线K77+902分水岭出京车2,在公路上及公路用地范围内摆摊设点,否,110116,
十支队-怀柔执法队,G111京漠线K77+902分水岭出京车2,在公路范围内擅自移动井盖,否,110116,
十支队-怀柔执法队,G111京漠线K77+902分水岭出京车2,擅自占用、挖掘公路,是,110116,
十支队-怀柔执法队,G111京漠线K77+902分水岭出京车2,在公路用地范围内设置公路标志以外的其他标志,否,110116,
十支队-怀柔执法队,G111京漠线K77+902分水岭出京车2,遮挡公路附属设施或者利用公路附属设施架设管道、悬挂物品，可能危及公路安全,是,110116,
十支队-怀柔执法队,G111京漠线K77+902分水岭出京车2,车辆装载物触地拖行、掉落、遗洒或者飘散，造成公路路面损坏、污染,否,110116,
十支队-怀柔执法队,G111京漠线K77+927分水岭出京12,在公路上及公路用地范围内堆放物品,是,110116,11000000001311782729
十支队-怀柔执法队,G111京漠线K77+927分水岭出京12,在公路上及公路用地范围内摆摊设点,否,110116,11000000001311782729
十支队-怀柔执法队,G111京漠线K77+927分水岭出京12,在公路范围内擅自移动井盖,否,110116,11000000001311782729
十支队-怀柔执法队,G111京漠线K77+927分水岭出京12,擅自占用、挖掘公路,是,110116,11000000001311782729
十支队-怀柔执法队,G111京漠线K77+927分水岭出京12,在公路用地范围内设置公路标志以外的其他标志,否,110116,11000000001311782729
十支队-怀柔执法队,G111京漠线K77+927分水岭出京12,遮挡公路附属设施或者利用公路附属设施架设管道、悬挂物品，可能危及公路安全,是,110116,11000000001311782729
十支队-怀柔执法队,G111京漠线K77+927分水岭出京12,车辆装载物触地拖行、掉落、遗洒或者飘散，造成公路路面损坏、污染,否,110116,11000000001311782729
十支队-怀柔执法队,G111京漠线K77+935分水岭进京人5,在公路上及公路用地范围内堆放物品,是,110116,
十支队-怀柔执法队,G111京漠线K77+935分水岭进京人5,在公路上及公路用地范围内摆摊设点,否,110116,
十支队-怀柔执法队,G111京漠线K77+935分水岭进京人5,在公路范围内擅自移动井盖,否,110116,
十支队-怀柔执法队,G111京漠线K77+935分水岭进京人5,擅自占用、挖掘公路,是,110116,
十支队-怀柔执法队,G111京漠线K77+935分水岭进京人5,在公路用地范围内设置公路标志以外的其他标志,否,110116,
十支队-怀柔执法队,G111京漠线K77+935分水岭进京人5,遮挡公路附属设施或者利用公路附属设施架设管道、悬挂物品，可能危及公路安全,是,110116,
十支队-怀柔执法队,G111京漠线K77+935分水岭进京人5,车辆装载物触地拖行、掉落、遗洒或者飘散，造成公路路面损坏、污染,否,110116,
十支队-怀柔执法队,G111京漠线K78+142分水岭进京12,在公路上及公路用地范围内堆放物品,是,110116,11000000001311059264
十支队-怀柔执法队,G111京漠线K78+142分水岭进京12,在公路上及公路用地范围内摆摊设点,否,110116,11000000001311059264
十支队-怀柔执法队,G111京漠线K78+142分水岭进京12,在公路范围内擅自移动井盖,否,110116,11000000001311059264
十支队-怀柔执法队,G111京漠线K78+142分水岭进京12,擅自占用、挖掘公路,是,110116,11000000001311059264
十支队-怀柔执法队,G111京漠线K78+142分水岭进京12,在公路用地范围内设置公路标志以外的其他标志,否,110116,11000000001311059264
十支队-怀柔执法队,G111京漠线K78+142分水岭进京12,遮挡公路附属设施或者利用公路附属设施架设管道、悬挂物品，可能危及公路安全,是,110116,11000000001311059264
十支队-怀柔执法队,G111京漠线K78+142分水岭进京12,车辆装载物触地拖行、掉落、遗洒或者飘散，造成公路路面损坏、污染,否,110116,11000000001311059264
十支队-怀柔执法队,G111京漠线K78+169分水岭出京人4,在公路上及公路用地范围内堆放物品,是,110116,
十支队-怀柔执法队,G111京漠线K78+169分水岭出京人4,在公路上及公路用地范围内摆摊设点,否,110116,
十支队-怀柔执法队,G111京漠线K78+169分水岭出京人4,在公路范围内擅自移动井盖,否,110116,
十支队-怀柔执法队,G111京漠线K78+169分水岭出京人4,擅自占用、挖掘公路,是,110116,
十支队-怀柔执法队,G111京漠线K78+169分水岭出京人4,在公路用地范围内设置公路标志以外的其他标志,否,110116,
十支队-怀柔执法队,G111京漠线K78+169分水岭出京人4,遮挡公路附属设施或者利用公路附属设施架设管道、悬挂物品，可能危及公路安全,是,110116,
十支队-怀柔执法队,G111京漠线K78+169分水岭出京人4,车辆装载物触地拖行、掉落、遗洒或者飘散，造成公路路面损坏、污染,否,110116,
十支队-怀柔执法队,G111京漠线K78+181分水岭进京人4,在公路上及公路用地范围内堆放物品,是,110116,
十支队-怀柔执法队,G111京漠线K78+181分水岭进京人4,在公路上及公路用地范围内摆摊设点,否,110116,
十支队-怀柔执法队,G111京漠线K78+181分水岭进京人4,在公路范围内擅自移动井盖,否,110116,
十支队-怀柔执法队,G111京漠线K78+181分水岭进京人4,擅自占用、挖掘公路,是,110116,
十支队-怀柔执法队,G111京漠线K78+181分水岭进京人4,在公路用地范围内设置公路标志以外的其他标志,否,110116,
十支队-怀柔执法队,G111京漠线K78+181分水岭进京人4,遮挡公路附属设施或者利用公路附属设施架设管道、悬挂物品，可能危及公路安全,是,110116,
十支队-怀柔执法队,G111京漠线K78+181分水岭进京人4,车辆装载物触地拖行、掉落、遗洒或者飘散，造成公路路面损坏、污染,否,110116,
十支队-怀柔执法队,G111京漠线K78+271分水岭出京14,在公路上及公路用地范围内堆放物品,是,110116,11000000001315313700
十支队-怀柔执法队,G111京漠线K78+271分水岭出京14,在公路上及公路用地范围内摆摊设点,否,110116,11000000001315313700
十支队-怀柔执法队,G111京漠线K78+271分水岭出京14,在公路范围内擅自移动井盖,否,110116,11000000001315313700
十支队-怀柔执法队,G111京漠线K78+271分水岭出京14,擅自占用、挖掘公路,是,110116,11000000001315313700
十支队-怀柔执法队,G111京漠线K78+271分水岭出京14,在公路用地范围内设置公路标志以外的其他标志,否,110116,11000000001315313700
十支队-怀柔执法队,G111京漠线K78+271分水岭出京14,遮挡公路附属设施或者利用公路附属设施架设管道、悬挂物品，可能危及公路安全,是,110116,11000000001315313700
十支队-怀柔执法队,G111京漠线K78+271分水岭出京14,车辆装载物触地拖行、掉落、遗洒或者飘散，造成公路路面损坏、污染,否,110116,11000000001315313700
十支队-怀柔执法队,G111京漠线K78+403分水岭进京车2,在公路上及公路用地范围内堆放物品,是,110116,
十支队-怀柔执法队,G111京漠线K78+403分水岭进京车2,在公路上及公路用地范围内摆摊设点,否,110116,
十支队-怀柔执法队,G111京漠线K78+403分水岭进京车2,在公路范围内擅自移动井盖,否,110116,
十支队-怀柔执法队,G111京漠线K78+403分水岭进京车2,擅自占用、挖掘公路,是,110116,
十支队-怀柔执法队,G111京漠线K78+403分水岭进京车2,在公路用地范围内设置公路标志以外的其他标志,否,110116,
十支队-怀柔执法队,G111京漠线K78+403分水岭进京车2,遮挡公路附属设施或者利用公路附属设施架设管道、悬挂物品，可能危及公路安全,是,110116,
十支队-怀柔执法队,G111京漠线K78+403分水岭进京车2,车辆装载物触地拖行、掉落、遗洒或者飘散，造成公路路面损坏、污染,否,110116,
十支队-怀柔执法队,G111京漠线K78+410分水岭出京人5,在公路上及公路用地范围内堆放物品,是,110116,
十支队-怀柔执法队,G111京漠线K78+410分水岭出京人5,在公路上及公路用地范围内摆摊设点,否,110116,
十支队-怀柔执法队,G111京漠线K78+410分水岭出京人5,在公路范围内擅自移动井盖,否,110116,
十支队-怀柔执法队,G111京漠线K78+410分水岭出京人5,擅自占用、挖掘公路,是,110116,
十支队-怀柔执法队,G111京漠线K78+410分水岭出京人5,在公路用地范围内设置公路标志以外的其他标志,否,110116,
十支队-怀柔执法队,G111京漠线K78+410分水岭出京人5,遮挡公路附属设施或者利用公路附属设施架设管道、悬挂物品，可能危及公路安全,是,110116,
十支队-怀柔执法队,G111京漠线K78+410分水岭出京人5,车辆装载物触地拖行、掉落、遗洒或者飘散，造成公路路面损坏、污染,否,110116,
十支队-怀柔执法队,G111京漠线K78+413分水岭进京10,在公路上及公路用地范围内堆放物品,是,110116,11000000001319494877
十支队-怀柔执法队,G111京漠线K78+413分水岭进京10,在公路上及公路用地范围内摆摊设点,否,110116,11000000001319494877
十支队-怀柔执法队,G111京漠线K78+413分水岭进京10,在公路范围内擅自移动井盖,否,110116,11000000001319494877
十支队-怀柔执法队,G111京漠线K78+413分水岭进京10,擅自占用、挖掘公路,是,110116,11000000001319494877
十支队-怀柔执法队,G111京漠线K78+413分水岭进京10,在公路用地范围内设置公路标志以外的其他标志,否,110116,11000000001319494877
十支队-怀柔执法队,G111京漠线K78+413分水岭进京10,遮挡公路附属设施或者利用公路附属设施架设管道、悬挂物品，可能危及公路安全,是,110116,11000000001319494877
十支队-怀柔执法队,G111京漠线K78+413分水岭进京10,车辆装载物触地拖行、掉落、遗洒或者飘散，造成公路路面损坏、污染,否,110116,11000000001319494877
十支队-怀柔执法队,G111京漠线K78+535分水岭进京停2,在公路上及公路用地范围内堆放物品,是,110116,11000000001318168325
十支队-怀柔执法队,G111京漠线K78+535分水岭进京停2,在公路上及公路用地范围内摆摊设点,否,110116,11000000001318168325
十支队-怀柔执法队,G111京漠线K78+535分水岭进京停2,在公路范围内擅自移动井盖,否,110116,11000000001318168325
十支队-怀柔执法队,G111京漠线K78+535分水岭进京停2,擅自占用、挖掘公路,是,110116,11000000001318168325
十支队-怀柔执法队,G111京漠线K78+535分水岭进京停2,在公路用地范围内设置公路标志以外的其他标志,否,110116,11000000001318168325
十支队-怀柔执法队,G111京漠线K78+535分水岭进京停2,遮挡公路附属设施或者利用公路附属设施架设管道、悬挂物品，可能危及公路安全,是,110116,11000000001318168325
十支队-怀柔执法队,G111京漠线K78+535分水岭进京停2,车辆装载物触地拖行、掉落、遗洒或者飘散，造成公路路面损坏、污染,否,110116,11000000001318168325
十支队-怀柔执法队,G111京漠线K78+615分水岭出京车3,在公路上及公路用地范围内堆放物品,是,110116,
十支队-怀柔执法队,G111京漠线K78+615分水岭出京车3,在公路上及公路用地范围内摆摊设点,否,110116,
十支队-怀柔执法队,G111京漠线K78+615分水岭出京车3,在公路范围内擅自移动井盖,否,110116,
十支队-怀柔执法队,G111京漠线K78+615分水岭出京车3,擅自占用、挖掘公路,是,110116,
十支队-怀柔执法队,G111京漠线K78+615分水岭出京车3,在公路用地范围内设置公路标志以外的其他标志,否,110116,
十支队-怀柔执法队,G111京漠线K78+615分水岭出京车3,遮挡公路附属设施或者利用公路附属设施架设管道、悬挂物品，可能危及公路安全,是,110116,
十支队-怀柔执法队,G111京漠线K78+615分水岭出京车3,车辆装载物触地拖行、掉落、遗洒或者飘散，造成公路路面损坏、污染,否,110116,
十支队-通州执法队,G0121京秦高速道路K18+490平家疃桥西进京（可控）,在公路上及公路用地范围内堆放物品,是,110112,
十支队-通州执法队,G0121京秦高速道路K18+490平家疃桥西进京（可控）,在公路上及公路用地范围内摆摊设点,否,110112,
十支队-通州执法队,G0121京秦高速道路K18+490平家疃桥西进京（可控）,在公路范围内擅自移动井盖,否,110112,
十支队-通州执法队,G0121京秦高速道路K18+490平家疃桥西进京（可控）,擅自占用、挖掘公路,是,110112,
十支队-通州执法队,G0121京秦高速道路K18+490平家疃桥西进京（可控）,在公路用地范围内设置公路标志以外的其他标志,否,110112,
十支队-通州执法队,G0121京秦高速道路K18+490平家疃桥西进京（可控）,遮挡公路附属设施或者利用公路附属设施架设管道、悬挂物品，可能危及公路安全,是,110112,
十支队-通州执法队,G0121京秦高速道路K18+490平家疃桥西进京（可控）,车辆装载物触地拖行、掉落、遗洒或者飘散，造成公路路面损坏、污染,否,110112,
十支队-通州执法队,G102通燕路匝道K21+920耿庄进京出下行（固定）,在公路上及公路用地范围内堆放物品,是,110112,
十支队-通州执法队,G102通燕路匝道K21+920耿庄进京出下行（固定）,在公路上及公路用地范围内摆摊设点,否,110112,
十支队-通州执法队,G102通燕路匝道K21+920耿庄进京出下行（固定）,在公路范围内擅自移动井盖,否,110112,
十支队-通州执法队,G102通燕路匝道K21+920耿庄进京出下行（固定）,擅自占用、挖掘公路,是,110112,
十支队-通州执法队,G102通燕路匝道K21+920耿庄进京出下行（固定）,在公路用地范围内设置公路标志以外的其他标志,否,110112,
十支队-通州执法队,G102通燕路匝道K21+920耿庄进京出下行（固定）,遮挡公路附属设施或者利用公路附属设施架设管道、悬挂物品，可能危及公路安全,是,110112,
十支队-通州执法队,G102通燕路匝道K21+920耿庄进京出下行（固定）,车辆装载物触地拖行、掉落、遗洒或者飘散，造成公路路面损坏、污染,否,110112,
十支队-通州执法队,G102通燕路匝道K22+400耿庄出京出上行（固定）,在公路上及公路用地范围内堆放物品,是,110112,
十支队-通州执法队,G102通燕路匝道K22+400耿庄出京出上行（固定）,在公路上及公路用地范围内摆摊设点,否,110112,
十支队-通州执法队,G102通燕路匝道K22+400耿庄出京出上行（固定）,在公路范围内擅自移动井盖,否,110112,
十支队-通州执法队,G102通燕路匝道K22+400耿庄出京出上行（固定）,擅自占用、挖掘公路,是,110112,
十支队-通州执法队,G102通燕路匝道K22+400耿庄出京出上行（固定）,在公路用地范围内设置公路标志以外的其他标志,否,110112,
十支队-通州执法队,G102通燕路匝道K22+400耿庄出京出上行（固定）,遮挡公路附属设施或者利用公路附属设施架设管道、悬挂物品，可能危及公路安全,是,110112,
十支队-通州执法队,G102通燕路匝道K22+400耿庄出京出上行（固定）,车辆装载物触地拖行、掉落、遗洒或者飘散，造成公路路面损坏、污染,否,110112,
十支队-通州执法队,G102通燕路匝道K24+190三惠东桥进京入下行（固定）,在公路上及公路用地范围内堆放物品,是,110112,
十支队-通州执法队,G102通燕路匝道K24+190三惠东桥进京入下行（固定）,在公路上及公路用地范围内摆摊设点,否,110112,
十支队-通州执法队,G102通燕路匝道K24+190三惠东桥进京入下行（固定）,在公路范围内擅自移动井盖,否,110112,
十支队-通州执法队,G102通燕路匝道K24+190三惠东桥进京入下行（固定）,擅自占用、挖掘公路,是,110112,
十支队-通州执法队,G102通燕路匝道K24+190三惠东桥进京入下行（固定）,在公路用地范围内设置公路标志以外的其他标志,否,110112,
十支队-通州执法队,G102通燕路匝道K24+190三惠东桥进京入下行（固定）,遮挡公路附属设施或者利用公路附属设施架设管道、悬挂物品，可能危及公路安全,是,110112,
十支队-通州执法队,G102通燕路匝道K24+190三惠东桥进京入下行（固定）,车辆装载物触地拖行、掉落、遗洒或者飘散，造成公路路面损坏、污染,否,110112,
十支队-通州执法队,G102通燕路匝道K30+600潮白河大桥东（可控）,在公路上及公路用地范围内堆放物品,是,110112,
十支队-通州执法队,G102通燕路匝道K30+600潮白河大桥东（可控）,在公路上及公路用地范围内摆摊设点,否,110112,
十支队-通州执法队,G102通燕路匝道K30+600潮白河大桥东（可控）,在公路范围内擅自移动井盖,否,110112,
十支队-通州执法队,G102通燕路匝道K30+600潮白河大桥东（可控）,擅自占用、挖掘公路,是,110112,
十支队-通州执法队,G102通燕路匝道K30+600潮白河大桥东（可控）,在公路用地范围内设置公路标志以外的其他标志,否,110112,
十支队-通州执法队,G102通燕路匝道K30+600潮白河大桥东（可控）,遮挡公路附属设施或者利用公路附属设施架设管道、悬挂物品，可能危及公路安全,是,110112,
十支队-通州执法队,G102通燕路匝道K30+600潮白河大桥东（可控）,车辆装载物触地拖行、掉落、遗洒或者飘散，造成公路路面损坏、污染,否,110112,
十支队-通州执法队,G102通燕路道路K19+900北运河桥西上行（可控）,在公路上及公路用地范围内堆放物品,是,110112,
十支队-通州执法队,G102通燕路道路K19+900北运河桥西上行（可控）,在公路上及公路用地范围内摆摊设点,否,110112,
十支队-通州执法队,G102通燕路道路K19+900北运河桥西上行（可控）,在公路范围内擅自移动井盖,否,110112,
十支队-通州执法队,G102通燕路道路K19+900北运河桥西上行（可控）,擅自占用、挖掘公路,是,110112,
十支队-通州执法队,G102通燕路道路K19+900北运河桥西上行（可控）,在公路用地范围内设置公路标志以外的其他标志,否,110112,
十支队-通州执法队,G102通燕路道路K19+900北运河桥西上行（可控）,遮挡公路附属设施或者利用公路附属设施架设管道、悬挂物品，可能危及公路安全,是,110112,
十支队-通州执法队,G102通燕路道路K19+900北运河桥西上行（可控）,车辆装载物触地拖行、掉落、遗洒或者飘散，造成公路路面损坏、污染,否,110112,
十支队-通州执法队,G102通燕路道路K30+000白庙检查站东下行（可控）,在公路上及公路用地范围内堆放物品,是,110112,
十支队-通州执法队,G102通燕路道路K30+000白庙检查站东下行（可控）,在公路上及公路用地范围内摆摊设点,否,110112,
十支队-通州执法队,G102通燕路道路K30+000白庙检查站东下行（可控）,在公路范围内擅自移动井盖,否,110112,
十支队-通州执法队,G102通燕路道路K30+000白庙检查站东下行（可控）,擅自占用、挖掘公路,是,110112,
十支队-通州执法队,G102通燕路道路K30+000白庙检查站东下行（可控）,在公路用地范围内设置公路标志以外的其他标志,否,110112,
十支队-通州执法队,G102通燕路道路K30+000白庙检查站东下行（可控）,遮挡公路附属设施或者利用公路附属设施架设管道、悬挂物品，可能危及公路安全,是,110112,
十支队-通州执法队,G102通燕路道路K30+000白庙检查站东下行（可控）,车辆装载物触地拖行、掉落、遗洒或者飘散，造成公路路面损坏、污染,否,110112,
十支队-通州执法队,G103京通快速路K4+105大望桥出京,在公路上及公路用地范围内堆放物品,是,110112,
十支队-通州执法队,G103京通快速路K4+105大望桥出京,在公路上及公路用地范围内摆摊设点,否,110112,
十支队-通州执法队,G103京通快速路K4+105大望桥出京,在公路范围内擅自移动井盖,否,110112,
十支队-通州执法队,G103京通快速路K4+105大望桥出京,擅自占用、挖掘公路,是,110112,
十支队-通州执法队,G103京通快速路K4+105大望桥出京,在公路用地范围内设置公路标志以外的其他标志,否,110112,
十支队-通州执法队,G103京通快速路K4+105大望桥出京,遮挡公路附属设施或者利用公路附属设施架设管道、悬挂物品，可能危及公路安全,是,110112,
十支队-通州执法队,G103京通快速路K4+105大望桥出京,车辆装载物触地拖行、掉落、遗洒或者飘散，造成公路路面损坏、污染,否,110112,
十支队-通州执法队,S46京通快速路K2+19天成桥进京,在公路上及公路用地范围内堆放物品,是,110112,11011201071328040003
十支队-通州执法队,S46京通快速路K2+19天成桥进京,在公路上及公路用地范围内摆摊设点,否,110112,11011201071328040003
十支队-通州执法队,S46京通快速路K2+19天成桥进京,在公路范围内擅自移动井盖,否,110112,11011201071328040003
十支队-通州执法队,S46京通快速路K2+19天成桥进京,擅自占用、挖掘公路,是,110112,11011201071328040003
十支队-通州执法队,S46京通快速路K2+19天成桥进京,在公路用地范围内设置公路标志以外的其他标志,否,110112,11011201071328040003
十支队-通州执法队,S46京通快速路K2+19天成桥进京,遮挡公路附属设施或者利用公路附属设施架设管道、悬挂物品，可能危及公路安全,是,110112,11011201071328040003
十支队-通州执法队,S46京通快速路K2+19天成桥进京,车辆装载物触地拖行、掉落、遗洒或者飘散，造成公路路面损坏、污染,否,110112,11011201071328040003
十支队-通州执法队,G1京哈高速道路K13+050台湖收费站东进京（可控）,在公路上及公路用地范围内堆放物品,是,110112,
十支队-通州执法队,G1京哈高速道路K13+050台湖收费站东进京（可控）,在公路上及公路用地范围内摆摊设点,否,110112,
十支队-通州执法队,G1京哈高速道路K13+050台湖收费站东进京（可控）,在公路范围内擅自移动井盖,否,110112,
十支队-通州执法队,G1京哈高速道路K13+050台湖收费站东进京（可控）,擅自占用、挖掘公路,是,110112,
十支队-通州执法队,G1京哈高速道路K13+050台湖收费站东进京（可控）,在公路用地范围内设置公路标志以外的其他标志,否,110112,
十支队-通州执法队,G1京哈高速道路K13+050台湖收费站东进京（可控）,遮挡公路附属设施或者利用公路附属设施架设管道、悬挂物品，可能危及公路安全,是,110112,
十支队-通州执法队,G1京哈高速道路K13+050台湖收费站东进京（可控）,车辆装载物触地拖行、掉落、遗洒或者飘散，造成公路路面损坏、污染,否,110112,
十支队-通州执法队,G1京哈高速道路K13+800田家府收费站西进京（可控）,在公路上及公路用地范围内堆放物品,是,110112,
十支队-通州执法队,G1京哈高速道路K13+800田家府收费站西进京（可控）,在公路上及公路用地范围内摆摊设点,否,110112,
十支队-通州执法队,G1京哈高速道路K13+800田家府收费站西进京（可控）,在公路范围内擅自移动井盖,否,110112,
十支队-通州执法队,G1京哈高速道路K13+800田家府收费站西进京（可控）,擅自占用、挖掘公路,是,110112,
十支队-通州执法队,G1京哈高速道路K13+800田家府收费站西进京（可控）,在公路用地范围内设置公路标志以外的其他标志,否,110112,
十支队-通州执法队,G1京哈高速道路K13+800田家府收费站西进京（可控）,遮挡公路附属设施或者利用公路附属设施架设管道、悬挂物品，可能危及公路安全,是,110112,
十支队-通州执法队,G1京哈高速道路K13+800田家府收费站西进京（可控）,车辆装载物触地拖行、掉落、遗洒或者飘散，造成公路路面损坏、污染,否,110112,
十支队-通州执法队,G1京哈高速道路K17+274施园桥西进京（固定）,在公路上及公路用地范围内堆放物品,是,110112,
十支队-通州执法队,G1京哈高速道路K17+274施园桥西进京（固定）,在公路上及公路用地范围内摆摊设点,否,110112,
十支队-通州执法队,G1京哈高速道路K17+274施园桥西进京（固定）,在公路范围内擅自移动井盖,否,110112,
十支队-通州执法队,G1京哈高速道路K17+274施园桥西进京（固定）,擅自占用、挖掘公路,是,110112,
十支队-通州执法队,G1京哈高速道路K17+274施园桥西进京（固定）,在公路用地范围内设置公路标志以外的其他标志,否,110112,
十支队-通州执法队,G1京哈高速道路K17+274施园桥西进京（固定）,遮挡公路附属设施或者利用公路附属设施架设管道、悬挂物品，可能危及公路安全,是,110112,
十支队-通州执法队,G1京哈高速道路K17+274施园桥西进京（固定）,车辆装载物触地拖行、掉落、遗洒或者飘散，造成公路路面损坏、污染,否,110112,
十支队-通州执法队,G1京哈高速道路K24+680京塘路入口进京（可控）,在公路上及公路用地范围内堆放物品,是,110112,
十支队-通州执法队,G1京哈高速道路K24+680京塘路入口进京（可控）,在公路上及公路用地范围内摆摊设点,否,110112,
十支队-通州执法队,G1京哈高速道路K24+680京塘路入口进京（可控）,在公路范围内擅自移动井盖,否,110112,
十支队-通州执法队,G1京哈高速道路K24+680京塘路入口进京（可控）,擅自占用、挖掘公路,是,110112,
十支队-通州执法队,G1京哈高速道路K24+680京塘路入口进京（可控）,在公路用地范围内设置公路标志以外的其他标志,否,110112,
十支队-通州执法队,G1京哈高速道路K24+680京塘路入口进京（可控）,遮挡公路附属设施或者利用公路附属设施架设管道、悬挂物品，可能危及公路安全,是,110112,
十支队-通州执法队,G1京哈高速道路K24+680京塘路入口进京（可控）,车辆装载物触地拖行、掉落、遗洒或者飘散，造成公路路面损坏、污染,否,110112,
十支队-通州执法队,G1京哈高速道路K34+676通清路入口进京（可控）,在公路上及公路用地范围内堆放物品,是,110112,
十支队-通州执法队,G1京哈高速道路K34+676通清路入口进京（可控）,在公路上及公路用地范围内摆摊设点,否,110112,
十支队-通州执法队,G1京哈高速道路K34+676通清路入口进京（可控）,在公路范围内擅自移动井盖,否,110112,
十支队-通州执法队,G1京哈高速道路K34+676通清路入口进京（可控）,擅自占用、挖掘公路,是,110112,
十支队-通州执法队,G1京哈高速道路K34+676通清路入口进京（可控）,在公路用地范围内设置公路标志以外的其他标志,否,110112,
十支队-通州执法队,G1京哈高速道路K34+676通清路入口进京（可控）,遮挡公路附属设施或者利用公路附属设施架设管道、悬挂物品，可能危及公路安全,是,110112,
十支队-通州执法队,G1京哈高速道路K34+676通清路入口进京（可控）,车辆装载物触地拖行、掉落、遗洒或者飘散，造成公路路面损坏、污染,否,110112,
十支队-通州执法队,G1京哈高速道路K39+660市界进京（可控）,在公路上及公路用地范围内堆放物品,是,110112,
十支队-通州执法队,G1京哈高速道路K39+660市界进京（可控）,在公路上及公路用地范围内摆摊设点,否,110112,
十支队-通州执法队,G1京哈高速道路K39+660市界进京（可控）,在公路范围内擅自移动井盖,否,110112,
十支队-通州执法队,G1京哈高速道路K39+660市界进京（可控）,擅自占用、挖掘公路,是,110112,
十支队-通州执法队,G1京哈高速道路K39+660市界进京（可控）,在公路用地范围内设置公路标志以外的其他标志,否,110112,
十支队-通州执法队,G1京哈高速道路K39+660市界进京（可控）,遮挡公路附属设施或者利用公路附属设施架设管道、悬挂物品，可能危及公路安全,是,110112,
十支队-通州执法队,G1京哈高速道路K39+660市界进京（可控）,车辆装载物触地拖行、掉落、遗洒或者飘散，造成公路路面损坏、污染,否,110112,
十支队-通州执法队,G2京沪高速上行K10出京方向,在公路上及公路用地范围内堆放物品,是,110112,
十支队-通州执法队,G2京沪高速上行K10出京方向,在公路上及公路用地范围内摆摊设点,否,110112,
十支队-通州执法队,G2京沪高速上行K10出京方向,在公路范围内擅自移动井盖,否,110112,
十支队-通州执法队,G2京沪高速上行K10出京方向,擅自占用、挖掘公路,是,110112,
十支队-通州执法队,G2京沪高速上行K10出京方向,在公路用地范围内设置公路标志以外的其他标志,否,110112,
十支队-通州执法队,G2京沪高速上行K10出京方向,遮挡公路附属设施或者利用公路附属设施架设管道、悬挂物品，可能危及公路安全,是,110112,
十支队-通州执法队,G2京沪高速上行K10出京方向,车辆装载物触地拖行、掉落、遗洒或者飘散，造成公路路面损坏、污染,否,110112,
十支队-通州执法队,G2京沪高速上行K11出京凉水河桥,在公路上及公路用地范围内堆放物品,是,110112,
十支队-通州执法队,G2京沪高速上行K11出京凉水河桥,在公路上及公路用地范围内摆摊设点,否,110112,
十支队-通州执法队,G2京沪高速上行K11出京凉水河桥,在公路范围内擅自移动井盖,否,110112,
十支队-通州执法队,G2京沪高速上行K11出京凉水河桥,擅自占用、挖掘公路,是,110112,
十支队-通州执法队,G2京沪高速上行K11出京凉水河桥,在公路用地范围内设置公路标志以外的其他标志,否,110112,
十支队-通州执法队,G2京沪高速上行K11出京凉水河桥,遮挡公路附属设施或者利用公路附属设施架设管道、悬挂物品，可能危及公路安全,是,110112,
十支队-通州执法队,G2京沪高速上行K11出京凉水河桥,车辆装载物触地拖行、掉落、遗洒或者飘散，造成公路路面损坏、污染,否,110112,
十支队-通州执法队,G2京沪高速上行K19出京方向,在公路上及公路用地范围内堆放物品,是,110112,
十支队-通州执法队,G2京沪高速上行K19出京方向,在公路上及公路用地范围内摆摊设点,否,110112,
十支队-通州执法队,G2京沪高速上行K19出京方向,在公路范围内擅自移动井盖,否,110112,
十支队-通州执法队,G2京沪高速上行K19出京方向,擅自占用、挖掘公路,是,110112,
十支队-通州执法队,G2京沪高速上行K19出京方向,在公路用地范围内设置公路标志以外的其他标志,否,110112,
十支队-通州执法队,G2京沪高速上行K19出京方向,遮挡公路附属设施或者利用公路附属设施架设管道、悬挂物品，可能危及公路安全,是,110112,
十支队-通州执法队,G2京沪高速上行K19出京方向,车辆装载物触地拖行、掉落、遗洒或者飘散，造成公路路面损坏、污染,否,110112,
十支队-通州执法队,G2京沪高速上行K31出京应寺检查站附近,在公路上及公路用地范围内堆放物品,是,110112,
十支队-通州执法队,G2京沪高速上行K31出京应寺检查站附近,在公路上及公路用地范围内摆摊设点,否,110112,
十支队-通州执法队,G2京沪高速上行K31出京应寺检查站附近,在公路范围内擅自移动井盖,否,110112,
十支队-通州执法队,G2京沪高速上行K31出京应寺检查站附近,擅自占用、挖掘公路,是,110112,
十支队-通州执法队,G2京沪高速上行K31出京应寺检查站附近,在公路用地范围内设置公路标志以外的其他标志,否,110112,
十支队-通州执法队,G2京沪高速上行K31出京应寺检查站附近,遮挡公路附属设施或者利用公路附属设施架设管道、悬挂物品，可能危及公路安全,是,110112,
十支队-通州执法队,G2京沪高速上行K31出京应寺检查站附近,车辆装载物触地拖行、掉落、遗洒或者飘散，造成公路路面损坏、污染,否,110112,
十支队-通州执法队,G2京沪高速上行K12出京马驹桥服务区附近,在公路上及公路用地范围内堆放物品,是,110112,
十支队-通州执法队,G2京沪高速上行K12出京马驹桥服务区附近,在公路上及公路用地范围内摆摊设点,否,110112,
十支队-通州执法队,G2京沪高速上行K12出京马驹桥服务区附近,在公路范围内擅自移动井盖,否,110112,
十支队-通州执法队,G2京沪高速上行K12出京马驹桥服务区附近,擅自占用、挖掘公路,是,110112,
十支队-通州执法队,G2京沪高速上行K12出京马驹桥服务区附近,在公路用地范围内设置公路标志以外的其他标志,否,110112,
十支队-通州执法队,G2京沪高速上行K12出京马驹桥服务区附近,遮挡公路附属设施或者利用公路附属设施架设管道、悬挂物品，可能危及公路安全,是,110112,
十支队-通州执法队,G2京沪高速上行K12出京马驹桥服务区附近,车辆装载物触地拖行、掉落、遗洒或者飘散，造成公路路面损坏、污染,否,110112,
十支队-通州执法队,G2京沪高速上行K13出京马驹桥收费站附近,在公路上及公路用地范围内堆放物品,是,110112,
十支队-通州执法队,G2京沪高速上行K13出京马驹桥收费站附近,在公路上及公路用地范围内摆摊设点,否,110112,
十支队-通州执法队,G2京沪高速上行K13出京马驹桥收费站附近,在公路范围内擅自移动井盖,否,110112,
十支队-通州执法队,G2京沪高速上行K13出京马驹桥收费站附近,擅自占用、挖掘公路,是,110112,
十支队-通州执法队,G2京沪高速上行K13出京马驹桥收费站附近,在公路用地范围内设置公路标志以外的其他标志,否,110112,
十支队-通州执法队,G2京沪高速上行K13出京马驹桥收费站附近,遮挡公路附属设施或者利用公路附属设施架设管道、悬挂物品，可能危及公路安全,是,110112,
十支队-通州执法队,G2京沪高速上行K13出京马驹桥收费站附近,车辆装载物触地拖行、掉落、遗洒或者飘散，造成公路路面损坏、污染,否,110112,
十支队-通州执法队,G95首都环线高速k189+140北运河大桥外环（云）,在公路上及公路用地范围内堆放物品,是,110112,
十支队-通州执法队,G95首都环线高速k189+140北运河大桥外环（云）,在公路上及公路用地范围内摆摊设点,否,110112,
十支队-通州执法队,G95首都环线高速k189+140北运河大桥外环（云）,在公路范围内擅自移动井盖,否,110112,
十支队-通州执法队,G95首都环线高速k189+140北运河大桥外环（云）,擅自占用、挖掘公路,是,110112,
十支队-通州执法队,G95首都环线高速k189+140北运河大桥外环（云）,在公路用地范围内设置公路标志以外的其他标志,否,110112,
十支队-通州执法队,G95首都环线高速k189+140北运河大桥外环（云）,遮挡公路附属设施或者利用公路附属设施架设管道、悬挂物品，可能危及公路安全,是,110112,
十支队-通州执法队,G95首都环线高速k189+140北运河大桥外环（云）,车辆装载物触地拖行、掉落、遗洒或者飘散，造成公路路面损坏、污染,否,110112,
十支队-通州执法队,S15京津高速道路K7+060麦庄桥西进京（可控）,在公路上及公路用地范围内堆放物品,是,110112,
十支队-通州执法队,S15京津高速道路K7+060麦庄桥西进京（可控）,在公路上及公路用地范围内摆摊设点,否,110112,
十支队-通州执法队,S15京津高速道路K7+060麦庄桥西进京（可控）,在公路范围内擅自移动井盖,否,110112,
十支队-通州执法队,S15京津高速道路K7+060麦庄桥西进京（可控）,擅自占用、挖掘公路,是,110112,
十支队-通州执法队,S15京津高速道路K7+060麦庄桥西进京（可控）,在公路用地范围内设置公路标志以外的其他标志,否,110112,
十支队-通州执法队,S15京津高速道路K7+060麦庄桥西进京（可控）,遮挡公路附属设施或者利用公路附属设施架设管道、悬挂物品，可能危及公路安全,是,110112,
十支队-通州执法队,S15京津高速道路K7+060麦庄桥西进京（可控）,车辆装载物触地拖行、掉落、遗洒或者飘散，造成公路路面损坏、污染,否,110112,
十支队-通州执法队,S15京津高速道路K9+800徐庄桥进京（可控）,在公路上及公路用地范围内堆放物品,是,110112,
十支队-通州执法队,S15京津高速道路K9+800徐庄桥进京（可控）,在公路上及公路用地范围内摆摊设点,否,110112,
十支队-通州执法队,S15京津高速道路K9+800徐庄桥进京（可控）,在公路范围内擅自移动井盖,否,110112,
十支队-通州执法队,S15京津高速道路K9+800徐庄桥进京（可控）,擅自占用、挖掘公路,是,110112,
十支队-通州执法队,S15京津高速道路K9+800徐庄桥进京（可控）,在公路用地范围内设置公路标志以外的其他标志,否,110112,
十支队-通州执法队,S15京津高速道路K9+800徐庄桥进京（可控）,遮挡公路附属设施或者利用公路附属设施架设管道、悬挂物品，可能危及公路安全,是,110112,
十支队-通州执法队,S15京津高速道路K9+800徐庄桥进京（可控）,车辆装载物触地拖行、掉落、遗洒或者飘散，造成公路路面损坏、污染,否,110112,
十支队-通州执法队,S15京津高速道路K10+640祥田桥出京（可控）,在公路上及公路用地范围内堆放物品,是,110112,
十支队-通州执法队,S15京津高速道路K10+640祥田桥出京（可控）,在公路上及公路用地范围内摆摊设点,否,110112,
十支队-通州执法队,S15京津高速道路K10+640祥田桥出京（可控）,在公路范围内擅自移动井盖,否,110112,
十支队-通州执法队,S15京津高速道路K10+640祥田桥出京（可控）,擅自占用、挖掘公路,是,110112,
十支队-通州执法队,S15京津高速道路K10+640祥田桥出京（可控）,在公路用地范围内设置公路标志以外的其他标志,否,110112,
十支队-通州执法队,S15京津高速道路K10+640祥田桥出京（可控）,遮挡公路附属设施或者利用公路附属设施架设管道、悬挂物品，可能危及公路安全,是,110112,
十支队-通州执法队,S15京津高速道路K10+640祥田桥出京（可控）,车辆装载物触地拖行、掉落、遗洒或者飘散，造成公路路面损坏、污染,否,110112,
十支队-通州执法队,S15京津高速道路K16+800于家务西出京（可控）,在公路上及公路用地范围内堆放物品,是,110112,
十支队-通州执法队,S15京津高速道路K16+800于家务西出京（可控）,在公路上及公路用地范围内摆摊设点,否,110112,
十支队-通州执法队,S15京津高速道路K16+800于家务西出京（可控）,在公路范围内擅自移动井盖,否,110112,
十支队-通州执法队,S15京津高速道路K16+800于家务西出京（可控）,擅自占用、挖掘公路,是,110112,
十支队-通州执法队,S15京津高速道路K16+800于家务西出京（可控）,在公路用地范围内设置公路标志以外的其他标志,否,110112,
十支队-通州执法队,S15京津高速道路K16+800于家务西出京（可控）,遮挡公路附属设施或者利用公路附属设施架设管道、悬挂物品，可能危及公路安全,是,110112,
十支队-通州执法队,S15京津高速道路K16+800于家务西出京（可控）,车辆装载物触地拖行、掉落、遗洒或者飘散，造成公路路面损坏、污染,否,110112,
十支队-通州执法队,G4501东六环广场K27+000通顺路外环入口下行（可控）,在公路上及公路用地范围内堆放物品,是,110112,
十支队-通州执法队,G4501东六环广场K27+000通顺路外环入口下行（可控）,在公路上及公路用地范围内摆摊设点,否,110112,
十支队-通州执法队,G4501东六环广场K27+000通顺路外环入口下行（可控）,在公路范围内擅自移动井盖,否,110112,
十支队-通州执法队,G4501东六环广场K27+000通顺路外环入口下行（可控）,擅自占用、挖掘公路,是,110112,
十支队-通州执法队,G4501东六环广场K27+000通顺路外环入口下行（可控）,在公路用地范围内设置公路标志以外的其他标志,否,110112,
十支队-通州执法队,G4501东六环广场K27+000通顺路外环入口下行（可控）,遮挡公路附属设施或者利用公路附属设施架设管道、悬挂物品，可能危及公路安全,是,110112,
十支队-通州执法队,G4501东六环广场K27+000通顺路外环入口下行（可控）,车辆装载物触地拖行、掉落、遗洒或者飘散，造成公路路面损坏、污染,否,110112,
十支队-通州执法队,G4501东六环广场K27+000通顺路内环出口上行（可控）,在公路上及公路用地范围内堆放物品,是,110112,
十支队-通州执法队,G4501东六环广场K27+000通顺路内环出口上行（可控）,在公路上及公路用地范围内摆摊设点,否,110112,
十支队-通州执法队,G4501东六环广场K27+000通顺路内环出口上行（可控）,在公路范围内擅自移动井盖,否,110112,
十支队-通州执法队,G4501东六环广场K27+000通顺路内环出口上行（可控）,擅自占用、挖掘公路,是,110112,
十支队-通州执法队,G4501东六环广场K27+000通顺路内环出口上行（可控）,在公路用地范围内设置公路标志以外的其他标志,否,110112,
十支队-通州执法队,G4501东六环广场K27+000通顺路内环出口上行（可控）,遮挡公路附属设施或者利用公路附属设施架设管道、悬挂物品，可能危及公路安全,是,110112,
十支队-通州执法队,G4501东六环广场K27+000通顺路内环出口上行（可控）,车辆装载物触地拖行、掉落、遗洒或者飘散，造成公路路面损坏、污染,否,110112,
十支队-通州执法队,G4501东六环广场K31+000徐辛庄内环入口上行（可控）,在公路上及公路用地范围内堆放物品,是,110112,
十支队-通州执法队,G4501东六环广场K31+000徐辛庄内环入口上行（可控）,在公路上及公路用地范围内摆摊设点,否,110112,
十支队-通州执法队,G4501东六环广场K31+000徐辛庄内环入口上行（可控）,在公路范围内擅自移动井盖,否,110112,
十支队-通州执法队,G4501东六环广场K31+000徐辛庄内环入口上行（可控）,擅自占用、挖掘公路,是,110112,
十支队-通州执法队,G4501东六环广场K31+000徐辛庄内环入口上行（可控）,在公路用地范围内设置公路标志以外的其他标志,否,110112,
十支队-通州执法队,G4501东六环广场K31+000徐辛庄内环入口上行（可控）,遮挡公路附属设施或者利用公路附属设施架设管道、悬挂物品，可能危及公路安全,是,110112,
十支队-通州执法队,G4501东六环广场K31+000徐辛庄内环入口上行（可控）,车辆装载物触地拖行、掉落、遗洒或者飘散，造成公路路面损坏、污染,否,110112,
十支队-通州执法队,G4501东六环广场K37+000常屯双向入口（可控）,在公路上及公路用地范围内堆放物品,是,110112,
十支队-通州执法队,G4501东六环广场K37+000常屯双向入口（可控）,在公路上及公路用地范围内摆摊设点,否,110112,
十支队-通州执法队,G4501东六环广场K37+000常屯双向入口（可控）,在公路范围内擅自移动井盖,否,110112,
十支队-通州执法队,G4501东六环广场K37+000常屯双向入口（可控）,擅自占用、挖掘公路,是,110112,
十支队-通州执法队,G4501东六环广场K37+000常屯双向入口（可控）,在公路用地范围内设置公路标志以外的其他标志,否,110112,
十支队-通州执法队,G4501东六环广场K37+000常屯双向入口（可控）,遮挡公路附属设施或者利用公路附属设施架设管道、悬挂物品，可能危及公路安全,是,110112,
十支队-通州执法队,G4501东六环广场K37+000常屯双向入口（可控）,车辆装载物触地拖行、掉落、遗洒或者飘散，造成公路路面损坏、污染,否,110112,
十支队-通州执法队,G4501东六环广场K37+000常屯双向出口（可控）,在公路上及公路用地范围内堆放物品,是,110112,
十支队-通州执法队,G4501东六环广场K37+000常屯双向出口（可控）,在公路上及公路用地范围内摆摊设点,否,110112,
十支队-通州执法队,G4501东六环广场K37+000常屯双向出口（可控）,在公路范围内擅自移动井盖,否,110112,
十支队-通州执法队,G4501东六环广场K37+000常屯双向出口（可控）,擅自占用、挖掘公路,是,110112,
十支队-通州执法队,G4501东六环广场K37+000常屯双向出口（可控）,在公路用地范围内设置公路标志以外的其他标志,否,110112,
十支队-通州执法队,G4501东六环广场K37+000常屯双向出口（可控）,遮挡公路附属设施或者利用公路附属设施架设管道、悬挂物品，可能危及公路安全,是,110112,
十支队-通州执法队,G4501东六环广场K37+000常屯双向出口（可控）,车辆装载物触地拖行、掉落、遗洒或者飘散，造成公路路面损坏、污染,否,110112,
十支队-通州执法队,G4501东六环广场K42+200小圣庙内环入口上行（可控）,在公路上及公路用地范围内堆放物品,是,110112,
十支队-通州执法队,G4501东六环广场K42+200小圣庙内环入口上行（可控）,在公路上及公路用地范围内摆摊设点,否,110112,
十支队-通州执法队,G4501东六环广场K42+200小圣庙内环入口上行（可控）,在公路范围内擅自移动井盖,否,110112,
十支队-通州执法队,G4501东六环广场K42+200小圣庙内环入口上行（可控）,擅自占用、挖掘公路,是,110112,
十支队-通州执法队,G4501东六环广场K42+200小圣庙内环入口上行（可控）,在公路用地范围内设置公路标志以外的其他标志,否,110112,
十支队-通州执法队,G4501东六环广场K42+200小圣庙内环入口上行（可控）,遮挡公路附属设施或者利用公路附属设施架设管道、悬挂物品，可能危及公路安全,是,110112,
十支队-通州执法队,G4501东六环广场K42+200小圣庙内环入口上行（可控）,车辆装载物触地拖行、掉落、遗洒或者飘散，造成公路路面损坏、污染,否,110112,
十支队-通州执法队,G4501东六环广场K42+200小圣庙外环出口下行（可控）,在公路上及公路用地范围内堆放物品,是,110112,
十支队-通州执法队,G4501东六环广场K42+200小圣庙外环出口下行（可控）,在公路上及公路用地范围内摆摊设点,否,110112,
十支队-通州执法队,G4501东六环广场K42+200小圣庙外环出口下行（可控）,在公路范围内擅自移动井盖,否,110112,
十支队-通州执法队,G4501东六环广场K42+200小圣庙外环出口下行（可控）,擅自占用、挖掘公路,是,110112,
十支队-通州执法队,G4501东六环广场K42+200小圣庙外环出口下行（可控）,在公路用地范围内设置公路标志以外的其他标志,否,110112,
十支队-通州执法队,G4501东六环广场K42+200小圣庙外环出口下行（可控）,遮挡公路附属设施或者利用公路附属设施架设管道、悬挂物品，可能危及公路安全,是,110112,
十支队-通州执法队,G4501东六环广场K42+200小圣庙外环出口下行（可控）,车辆装载物触地拖行、掉落、遗洒或者飘散，造成公路路面损坏、污染,否,110112,
十支队-通州执法队,G95首都环线高速k181+240潮白河大桥内环（云）,在公路上及公路用地范围内堆放物品,是,110112,
十支队-通州执法队,G95首都环线高速k181+240潮白河大桥内环（云）,在公路上及公路用地范围内摆摊设点,否,110112,
十支队-通州执法队,G95首都环线高速k181+240潮白河大桥内环（云）,在公路范围内擅自移动井盖,否,110112,
十支队-通州执法队,G95首都环线高速k181+240潮白河大桥内环（云）,擅自占用、挖掘公路,是,110112,
十支队-通州执法队,G95首都环线高速k181+240潮白河大桥内环（云）,在公路用地范围内设置公路标志以外的其他标志,否,110112,
十支队-通州执法队,G95首都环线高速k181+240潮白河大桥内环（云）,遮挡公路附属设施或者利用公路附属设施架设管道、悬挂物品，可能危及公路安全,是,110112,
十支队-通州执法队,G95首都环线高速k181+240潮白河大桥内环（云）,车辆装载物触地拖行、掉落、遗洒或者飘散，造成公路路面损坏、污染,否,110112,
十支队-通州执法队,G95首都环线高速k182+245潮白河大桥外环（云）,在公路上及公路用地范围内堆放物品,是,110112,
十支队-通州执法队,G95首都环线高速k182+245潮白河大桥外环（云）,在公路上及公路用地范围内摆摊设点,否,110112,
十支队-通州执法队,G95首都环线高速k182+245潮白河大桥外环（云）,在公路范围内擅自移动井盖,否,110112,
十支队-通州执法队,G95首都环线高速k182+245潮白河大桥外环（云）,擅自占用、挖掘公路,是,110112,
十支队-通州执法队,G95首都环线高速k182+245潮白河大桥外环（云）,在公路用地范围内设置公路标志以外的其他标志,否,110112,
十支队-通州执法队,G95首都环线高速k182+245潮白河大桥外环（云）,遮挡公路附属设施或者利用公路附属设施架设管道、悬挂物品，可能危及公路安全,是,110112,
十支队-通州执法队,G95首都环线高速k182+245潮白河大桥外环（云）,车辆装载物触地拖行、掉落、遗洒或者飘散，造成公路路面损坏、污染,否,110112,
十支队-通州执法队,G95首都环线高速k184+445京哈主线桥外环（云）,在公路上及公路用地范围内堆放物品,是,110112,
十支队-通州执法队,G95首都环线高速k184+445京哈主线桥外环（云）,在公路上及公路用地范围内摆摊设点,否,110112,
十支队-通州执法队,G95首都环线高速k184+445京哈主线桥外环（云）,在公路范围内擅自移动井盖,否,110112,
十支队-通州执法队,G95首都环线高速k184+445京哈主线桥外环（云）,擅自占用、挖掘公路,是,110112,
十支队-通州执法队,G95首都环线高速k184+445京哈主线桥外环（云）,在公路用地范围内设置公路标志以外的其他标志,否,110112,
十支队-通州执法队,G95首都环线高速k184+445京哈主线桥外环（云）,遮挡公路附属设施或者利用公路附属设施架设管道、悬挂物品，可能危及公路安全,是,110112,
十支队-通州执法队,G95首都环线高速k184+445京哈主线桥外环（云）,车辆装载物触地拖行、掉落、遗洒或者飘散，造成公路路面损坏、污染,否,110112,
十支队-通州执法队,G95首都环线高速-k197+740-永乐店高架（云）,在公路上及公路用地范围内堆放物品,是,110112,
十支队-通州执法队,G95首都环线高速-k197+740-永乐店高架（云）,在公路上及公路用地范围内摆摊设点,否,110112,
十支队-通州执法队,G95首都环线高速-k197+740-永乐店高架（云）,在公路范围内擅自移动井盖,否,110112,
十支队-通州执法队,G95首都环线高速-k197+740-永乐店高架（云）,擅自占用、挖掘公路,是,110112,
十支队-通州执法队,G95首都环线高速-k197+740-永乐店高架（云）,在公路用地范围内设置公路标志以外的其他标志,否,110112,
十支队-通州执法队,G95首都环线高速-k197+740-永乐店高架（云）,遮挡公路附属设施或者利用公路附属设施架设管道、悬挂物品，可能危及公路安全,是,110112,
十支队-通州执法队,G95首都环线高速-k197+740-永乐店高架（云）,车辆装载物触地拖行、掉落、遗洒或者飘散，造成公路路面损坏、污染,否,110112,
十支队-通州执法队,G95首都环线高速-k200+190-永于路桥（云）,在公路上及公路用地范围内堆放物品,是,110112,
十支队-通州执法队,G95首都环线高速-k200+190-永于路桥（云）,在公路上及公路用地范围内摆摊设点,否,110112,
十支队-通州执法队,G95首都环线高速-k200+190-永于路桥（云）,在公路范围内擅自移动井盖,否,110112,
十支队-通州执法队,G95首都环线高速-k200+190-永于路桥（云）,擅自占用、挖掘公路,是,110112,
十支队-通州执法队,G95首都环线高速-k200+190-永于路桥（云）,在公路用地范围内设置公路标志以外的其他标志,否,110112,
十支队-通州执法队,G95首都环线高速-k200+190-永于路桥（云）,遮挡公路附属设施或者利用公路附属设施架设管道、悬挂物品，可能危及公路安全,是,110112,
十支队-通州执法队,G95首都环线高速-k200+190-永于路桥（云）,车辆装载物触地拖行、掉落、遗洒或者飘散，造成公路路面损坏、污染,否,110112,
十支队-通州执法队,G95首都环线高速-k201+860-三北路桥（云）,在公路上及公路用地范围内堆放物品,是,110112,
十支队-通州执法队,G95首都环线高速-k201+860-三北路桥（云）,在公路上及公路用地范围内摆摊设点,否,110112,
十支队-通州执法队,G95首都环线高速-k201+860-三北路桥（云）,在公路范围内擅自移动井盖,否,110112,
十支队-通州执法队,G95首都环线高速-k201+860-三北路桥（云）,擅自占用、挖掘公路,是,110112,
十支队-通州执法队,G95首都环线高速-k201+860-三北路桥（云）,在公路用地范围内设置公路标志以外的其他标志,否,110112,
十支队-通州执法队,G95首都环线高速-k201+860-三北路桥（云）,遮挡公路附属设施或者利用公路附属设施架设管道、悬挂物品，可能危及公路安全,是,110112,
十支队-通州执法队,G95首都环线高速-k201+860-三北路桥（云）,车辆装载物触地拖行、掉落、遗洒或者飘散，造成公路路面损坏、污染,否,110112,
十支队-通州执法队,G95首都环线高速-k204+690-张凤路桥（云）,在公路上及公路用地范围内堆放物品,是,110112,
十支队-通州执法队,G95首都环线高速-k204+690-张凤路桥（云）,在公路上及公路用地范围内摆摊设点,否,110112,
十支队-通州执法队,G95首都环线高速-k204+690-张凤路桥（云）,在公路范围内擅自移动井盖,否,110112,
十支队-通州执法队,G95首都环线高速-k204+690-张凤路桥（云）,擅自占用、挖掘公路,是,110112,
十支队-通州执法队,G95首都环线高速-k204+690-张凤路桥（云）,在公路用地范围内设置公路标志以外的其他标志,否,110112,
十支队-通州执法队,G95首都环线高速-k204+690-张凤路桥（云）,遮挡公路附属设施或者利用公路附属设施架设管道、悬挂物品，可能危及公路安全,是,110112,
十支队-通州执法队,G95首都环线高速-k204+690-张凤路桥（云）,车辆装载物触地拖行、掉落、遗洒或者飘散，造成公路路面损坏、污染,否,110112,
十支队-通州执法队,G95首都环线高速-k206+390-采于特大桥（云）,在公路上及公路用地范围内堆放物品,是,110112,
十支队-通州执法队,G95首都环线高速-k206+390-采于特大桥（云）,在公路上及公路用地范围内摆摊设点,否,110112,
十支队-通州执法队,G95首都环线高速-k206+390-采于特大桥（云）,在公路范围内擅自移动井盖,否,110112,
十支队-通州执法队,G95首都环线高速-k206+390-采于特大桥（云）,擅自占用、挖掘公路,是,110112,
十支队-通州执法队,G95首都环线高速-k206+390-采于特大桥（云）,在公路用地范围内设置公路标志以外的其他标志,否,110112,
十支队-通州执法队,G95首都环线高速-k206+390-采于特大桥（云）,遮挡公路附属设施或者利用公路附属设施架设管道、悬挂物品，可能危及公路安全,是,110112,
十支队-通州执法队,G95首都环线高速-k206+390-采于特大桥（云）,车辆装载物触地拖行、掉落、遗洒或者飘散，造成公路路面损坏、污染,否,110112,
